title,alternate_titles,region,country,publisher,developer,release_date,players,coop,genre,esrb_rating,description
"20th Century Video Almanac","","Region Not Set","","The Software Toolworks","","1993-01-01","1","No","Life Simulation","E - Everyone","An Encyclopedic look at the most important events of the century in over 100 Videos and 2000 Photos"
"3D Atlas","","Region Not Set","","EA Games","EA","1994-01-01","1","No","","E - Everyone","The World Isn't Flat. Why Should Your Atlas Be?

Multidimensional Imagery and Navigation
- 3D spinning globes
- Nine zoom levels of detail
- Thousands of satellite images
- 3D flights

Integrated Geographical Approach
- Environmental globe
- Physical globe
- Political globe

Interactive Multimedia Exhibits
- Satellite photos of major cities
- Dozens of video documentaries
- Time lapse photography
- Thousands of statistics

Examine our world in 3 different visual contexts - environmental, physical and political."
"3DO Action Pak","","Region Not Set","","The 3DO Company","","1995-01-01","1","No","Action","Not Rated","This is a four-game compilation pack that contains the following 3DO games:

    Slayer
    Shanghai: Triple-Threat
    Soccer Kid
    Dragon's Lair"
"3DO Buffet","","Region Not Set","","","","1995-04-27","1","No","Action","Not Rated","No overview is currently available for this title, please feel free to add one."
"3DO Game Guru","","Region Not Set","","","","1996-01-01","1","No","Action","Not Rated","No overview is currently available for this title, please feel free to add one."
"3DO Interactive Sampler 1","","Region Not Set","","","","1994-01-01","1","No","Action","Not Rated","No overview is currently available for this title, please feel free to add one."
"3DO Interactive Sampler 2","","Region Not Set","","","","1994-01-01","1","No","Action","Not Rated","No overview is currently available for this title, please feel free to add one."
"3DO Interactive Sampler 3","","Region Not Set","","","","1994-01-01","1","No","Action","Not Rated","No overview is currently available for this title, please feel free to add one."
"3DO Interactive Sampler 4","","Region Not Set","","","","1994-01-01","1","No","Action","Not Rated","No overview is currently available for this title, please feel free to add one."
"3DO Maniac Pack","","Region Not Set","","Interplay Entertainment Corp.","","1995-01-01","1","No","Action | Adventure | Horror","Not Rated","This is a four-game compilation pack that contains the following 3DO games:

    Alone In The Dark
    Battle Chess
    Out Of This World
    Way Of The Warrior"
"Advanced Dungeons & Dragons: DeathKeep","","Region Not Set","","Strategic Simulations, Inc.","Lion Entertainment","1995-11-01","1","No","Action | Role-Playing","T - Teen","Deathkeep is a first-person perspective single-player role-playing game with a touch of medieval AD&D gameplay in a full 3D environment.

Apparently, another hero is stuck in an underground cavern crawling with monsters. This time they have to defeat an evil Necromancer located somewhere in the lower levels. To get to him they have to fight through 25 dungeons (each 8 floors) filled with horrific monsters who never heard of dental care.

Three different characters can be chosen as the hero:
1. Dwarven male Fighter
2. Half-Elven male Fighter
3. Elven female Mage

These classes offer different combat capabilities:
The Dwarven Fighter focuses more on melee close combat with minimal (ax-throwing) ranged and almost no magical capabilities.
The Half-elven Fighter, or more precisely Ranger, focuses on non-magical ranged combat with his favorite bow. Possesses medium melee combat capabilities and some magical capabilities.
The Elven Mage focuses all her might in magical offense and defense. Spells may be found or learned as experience grows. Don't get too close to the enemy since a walking stick doesn't do much damage to bloodthirsty monsters!
Gameplay consists mostly of adventuring and flattening every living and non-living creature in your way. Destroying monsters allows the character to level up and become more powerful as well as gain new spells. The dungeons are filled with traps, streams, caverns, ledges, and every possible obstacle to cause the player to lose their way in this maze of mazes."
"Advanced Dungeons & Dragons: Slayer","","Region Not Set","","Strategic Designs Ltd.","Lion Entertainment","1994-01-01","1","No","Action | Role-Playing","Not Rated","Slayer is a first-person action RPG using the AD&D 2nd Edition license and rules. Choose from the usual assortment of AD&D character races and classes and venture into randomly generated dungeons, fighting monsters, and finding items. Dungeon parameters and difficulty are customizable."
"AI Shougi","","Region Not Set","","Taito Corporation","Taito Corporation","1995-09-14","1","No","Board","Not Rated","AI Shogi is a Miscellaneous game, developed and published by Taito Corporation, which was released in Japan in 1995."
"Akagi: Topaiten","","Region Not Set","","Micronet Co. Ltd.","Micronet Co. Ltd.","1996-01-13","1","No","Puzzle","E - Everyone","Akagi: Topaiten is a Board game, developed and published by Micronet, which was released in Japan in 1996."
"Alfred Hitchcock Presents","","Region Not Set","","","","1993-01-01","1","No","Action","Not Rated","Alfred Hitchcock Presents is a 3DO game that feeds of famous name of Alfred Hitchcock. Surprisingly though the game itself has little to do with a mystery/thriller theme we usually connect with master Hitchcock. The game is unoriginal take on the classic game Memory. You are overturning cards and try to match pairs. When you are successful, a clip of Alfred Hitchcock talking is revealed. Nothing more, nothing less. It was developed by Toyota, the car manufacturer. This leads me to believe the game was made somehow as a promotional effort but the connection is eluding me completely. Hitchcock, Toyota, Memory? It doesn’t make any sense! Maybe there is a hidden message that I cannot decipher as I do not speak Japanese or it is some sort of practical joke."
"Alone in the Dark","","Region Not Set","","Interplay Entertainment Corp.","Infogrames Europe SA","1994-08-03","1","No","Action | Adventure | Horror","Not Rated","Alone in the Dark is an action-adventure survival horror game. The action is displayed from a number of fixed viewpoints. The backgrounds are 2D painted images, while the player character, all items and monsters are rendered as 3D models.

To escape the mansion, you'll have to solve a number of puzzles. They usually involve finding an item and using it in a proper place. Apart from items necessary for the puzzles, you can also find books and documents that can be read, healing items which can be consumed to restore hit points, and weapons."
"Alone in the Dark 2","","Region Not Set","","Interplay Entertainment Corp.","Infogrames Europe SA","1995-09-08","1","No","Action | Adventure | Horror","T - Teen","Alone in the Dark 2 is an action-adventure game, similar to the original Alone in the Dark. Like its predecessor, the game uses hybrid 2D-3D graphics. Completing the game requires you to solve a lot of puzzles while fighting zombie pirates along the way. Some enemies can be killed with the numerous weapons at your disposal, while others need to be defeated via trickery."
"Aqua World: Umibi Monogatari","","NTSC-J","Japan","Mizuki","Mizuki","1995-10-13","1","No","Life Simulation","Not Rated","No overview is currently available for this title, please feel free to add one."
"Armageddon","","Region Not Set","","LG Electronics Inc.","LG Software","1996-01-01","1","No","Shooter","","Armageddon is an action game created to tie into the 1996 animated movie of the same name. You can switch between first and third-person viewpoints while piloting a space craft with the goal to drive back the invaders. The ship goes forward automatically and needs to avoid obstacles and destroy enemies in space.

In first-person mode, you move the ship to line-up the reticule and shoot incoming objects such as asteroids or enemies. In third-person view, you have a bit more control as you can move the reticule. Occasionally power-ups will appear giving numerous abilities like electro bombs."
"Autobahn Tokio","","Region Not Set","","Matsushita Electric Industrial Co., Ltd.","Sanai","1995-12-22","1","No","Racing","E - Everyone","Autobahn Tokio is a racing game released only in Japan for the 3DO. Players can select from four unnamed cars with different characteristics, loosely based on real car models. Three tracks are available - a city at night, a coastal highway, and a forest track. Players race against one CPU opponent, while trying to hit checkpoints in the quickest time possible. Both automatic and manual transmissions are available for each car. Cars cannot be tuned, and there is no two-player option. Despite being released only in Japan, all menus and game text is in English."
"Bakushou!! All Yoshimoto Quiz ou Ketteisen","","Region Not Set","","Yoshimoto Kogyo","Tose Co., Ltd.","1995-01-01","","No","","","Bakushou!! All Yoshimoto Quiz-Ou Ketteisen is a Miscellaneous game, developed by TOSE and published by Yoshimoto Kogyo, which was released in Japan in 1995."
"Ballz: The Director's Cut","","Region Not Set","","Panasonic Interactive Media","PF Magic","1995-01-01","2","No","Fighting","T - Teen","Ballz: The Director's Cut is an improved version of the Genesis and SNES game Ballz 3D: Fighting at its Ballziest. Like the original, it's a 3D fighting game where all the characters are made out of balls. Each character has its own moves animations and combos. In the single player mode you first have to fight against all the playable characters after which there are a variety of final bosses such as a tyrannosaurus, kangaroo, scorpion, ostrich and bull. Each boss has a unique fighting style and weak spot. In multiplayer you can fight against friends."
"Battery Navi","","NTSC-J","Japan","","","1995-01-01","1","No","Quiz","Not Rated","No overview is currently available for this title, please feel free to add one."
"Battle Chess","","NTSC-U","","Interplay Entertainment Corp.","Interplay Entertainment Corp.","1993-01-01","2","No","Strategy","Not Rated","Battle Chess is a quite typical chess game, but it comes with a twist: all pieces are represented by small, realistic figures that walk around on the chessboard, and when one piece takes another, they both take part in an animated battle. There is a different animation for each permutation, depending on which pieces are capturing or being captured. You can also play in 2D without animation. 

The game's opening library includes 30,000 different moves, ensuring a variety of games will unfold across the 10 skill levels. 

Multi-player support can be extended to modem and/or serial port play."
"Battle Pinball","","Region Not Set","","Matsushita Electric Industrial Co., Ltd.","Japan Dataworks","1994-11-25","2","No","Puzzle","Not Rated","Battle Pinball is a Japanese-only release where players play competitive pinball against the computer or another player. Players pick between one of four characters, each with their own dedicated pinball table. The game then moves to a split-screen view, where both players play their respective table and try to get a higher score than their opponent.

Other options include a 1-player ""story"" mode where the player selects a character and battles the other three. Winning here gives a character-specific CG victory movie. Players can also play against multiple opponents in a tournament mode (complete with brackets), though a maximum of two players will be playing at once. As with Real Pinball, the view angle is fixed and cannot be changed."
"Battlesport","","Region Not Set","","The 3DO Company","Cyclone Studios","1996-01-01","2","No","Action | Sports","Not Rated","Battlesport simulates the sport of the future. Choose your vehicle and enter the arena to face your computer opponents to see who scores the most goals before the clock runs out.

Scoring isn't easy. The ball constantly bounces over the arena, retrieved by a player constantly bombarded by opponents. A variety of weapons are available to shoot your competitor, and anyone that takes a hit while carrying the ball loses possession, sending the ball bouncing across the arena. Taking too many shots results in a temporary inability to take part in the action while your opponent happily scores goals.

Winning matches increases standing in the rankings and the acquisition of cash to purchase a better vehicle and enhanced offensive or defensive items."
"BC Racers","","Region Not Set","","LG Electronics Inc.","Core Design Ltd.","1995-01-01","2","No","Racing","","BC Racers is a kart racing game starring characters from the Core Design's Chuck Rock series of games.

Each of the racers in this game rides a prehistoric motorcycle with a side car. On each two-character team, one person drives the motorcycle, and the other fights off opponents using clubs, punches, kicks, etc.

Graphics in BC Racers consist of a flat landscape decorated with scaled sprites to compose the track and scenery."
"Belzerion","","Region Not Set","","Human Entertainment, Inc.","Human Entertainment, Inc.","1994-01-01","","No","","","No overview is currently available for this title, please feel free to add one."
"Biofury","","NTSC-U","United States of America","","","2024-01-27","1","No","Shooter | Unofficial","Not Rated","Developed by Retro Love Letter, Published by World Of Games, comes a brand new title for the 3DO! BioFury is an intense first person shooter that honors classics like Wolfenstein and Doom by bringing you 12 levels of non-stop action for your 3DO system! Multiple weapons and an engaging storyline make this a must own title for all retro fans!

Something has gone wrong in this secret underground research facility. Make your way to the surface and uncover the mystery as you fight through the infected.

BioFury is a 3DO homebrew programmed from scratch. This game was one of the first (if not the first) full feature 3DO homebrews released.

This game features:

12 Levels
4 weapons
5 enemy types
In-game journals to uncover the story
Classic FPS style gameplay"
"Bishoujo Senshi Sailor Moon S","美少女戦士セーラームーン S | Pretty Soldier Sailor Moon S | Sailor Moon S","Region Not Set","","Bandai Co., Ltd.","Angel","1995-03-17","2","No","Fighting","","Pretty Soldier Sailor Moon S is a 2D fighting game for the 3DO Interactive Multiplayer, featuring nine Sailor senshi (Sailor Saturn is not present) and based on Sailor Moon S season. Each Senshi has a set of special attacks. Virtual camera is zooming during battle, approaching the fighters and retreating from them. Opening intro combines sprite and 3D animation."
"Blade Force","","Region Not Set","","The 3DO Company","Studio 3DO","1995-04-05","1","No","Action | Shooter","T - Teen","In the year 2110, in the city of Meggagrid, once known as Los Angeles, you meet Dr. Grubert, a very prominent inventor who has been crippled by an explosion perpetrated by a crime family known as The Pitt Family. He gives a suit known as the Helipak Flight Suit to fight back and take down the criminals in the city and apprehend The Pitt Family and bring peace back to the city. With an arsenal of nine different weapons and twenty power-ups, the player flies around seven levels of the city with six degrees of freedom."
"Blonde Justice","","Region Not Set","","Vivid Interactive","Vivid Interactive","1994-05-25","1","No","Adventure","","Behind the scenes of a strip club, one dancer faces death threats. Is it a rival? An obsessed fan? An exciting blend of sex, intrigue and obsession."
"Blue Forest Story: Kaze no Fūin","Blue Forest Story: Kaze no Fuuijin","NTSC-J","","Right Stuff","RIGHT STUFF","1996-04-26","1","No","Role-Playing","Not Rated","Blue Forest Story is set in a medieval fantasy land, which is controlled by the powerful Empire. There are in fact two stories in the game, featuring two different characters, who live in different provinces of the Empire. The boy Wallace enjoys a peaceful life with his family in a quiet village; the girl Rakjit witnesses persecution and death of her mother, and joins a resistance movement that specializes in magics. The paths of the two young people will eventually lead to the same goal - liberation of the world; but when and how it will be achieved, remains unclear...

The game plays for the most part like a traditional Japanese-style top-down RPG. Both Wallace and Rakjit eventually gather a party, which roams the world, visiting various locations and advancing the story in a predominantly linear fashion. Appearance of random enemies triggers a battle screen, which is viewed from an isometric perspective. The battle system is rather old-fashioned, with physical and magical attacks; level progression is automatic, as in most games of the genre.

Sometimes the game prompts the player to choose an action or a response; while the flow of the story is rarely influenced by the player's decision, the game keeps track of these decisions, evaluating the player's attitude between chapters."
"Bodyconscious Digital Rave! Part 1: Shinjuku & Takashi","","NTSC-J","Japan","","Transpegasus","1994-12-23","1","No","Utility","Not Rated","No overview is currently available for this title, please feel free to add one."
"Bonogurashi","","NTSC-J","Japan","","Amuse","1995-04-21","1","No","Adventure","Not Rated","No overview is currently available for this title, please feel free to add one."
"Brain Dead 13","","Region Not Set","","ReadySoft Incorporated","ReadySoft Incorporated","1996-01-01","","No","Action","E10+ - Everyone 10+","In Braindead 13, the player takes on the role of a young computer expert who one day is called to fix a computer at some scary castle and in no time flat, finds himself in trouble.

It is up to the player to use the complex moves of an interactive movie to escape from the castle. This animated adventure is basically based on the player's judgment on which direction you think the character might go, and if the player guesses wrong, death."
"Burning Soldier","","NTSC","United States of America","Panasonic Interactive Media","Genki","1994-11-01","1","No","Shooter | Flight Simulator","T - Teen","A high-quality, 3-D animation shooting game that takes you right into a future space battle.

The TV screen becomes your cockpit!
You are the ace pilot of Earth Defense Force. The blood-chilling battle you will experience aboard Strike fighter, EDF's state-of-the-art fighter unit will be one of the most challenging missions you have ever known.

Smooth, fully automated navigation lets you focus on combat!
Strike fighter chooses its course of flight, so that the pilot can fully focus on combat.

Over 40.000 computer graphics create a super-real screen image!
The scenery zips by. The visual demonstration seen between the stages makes you hold your breath. You spin your head. It's intense. The music and the visual effects are overwhelming. The BURNING SOLDIER exprience is more real than a move can ever be!"
"Bust-A-Move","","Region Not Set","","Matsushita Electric Industrial Co., Ltd.","Taito Corporation","1995-01-01","2","No","Puzzle","E - Everyone","Bust-A-Move (also known as Puzzle Bobble) is a real-time puzzle game in which the player controls a device called ""pointer"" at the bottom of the screen, aiming and releasing randomly colored bubbles upwards. Depending on the aiming, the bubbles may float up directly or bounce off the walls, changing their trajectory. The goal is to aim the bubbles in such a way that they will touch identically colored ones. When such bubbles form a group of three or more, they pop and disappear from the screen."
"Cannon Fodder","","Region Not Set","","Virgin Interactive Entertainment, Inc.","Sensible Software","1994-01-01","1","No","Action | Strategy","E10+ - Everyone 10+","Guide a team of up to four soldiers through 72 levels of combat in this top-down action/strategy hybrid, best thought of as Lemmings crossed with Commando crossed with Dune 2. The characters are controlled indirectly using the mouse, as you activate each soldier or group of them by highlighting them, click the left button to move them to a particular spot, and the right button for them to fire guns at an enemy. You can also pick up grenades, which can be used to destroy groups of enemies or buildings (by pressing both buttons at once)."
"Captain Quazar","","Region Not Set","","3DO Company","Cyclone Studios","1996-02-01","2","Yes","Action","","The idea behind Captain Quazar is simple, from a 3/4 overhead view control the Captain, kill the bad guys and save the day. Everything in this huge galaxy can be blown away, but be careful where you lay waste, because you have to manage your resources to survive."
"Carrier: Fortress at Sea","","Region Not Set","","","","1995-01-01","1","No","Flight Simulator","E - Everyone","Enjoy a great Adventure with one of the greatest and most famous Nuclear-powered Aircrafts. The mount of information you get will be huge and also you will have fun big time."
"Casper","","Region Not Set","","Interplay Entertainment Corp.","Funcom","1996-01-01","1","No","Adventure","E - Everyone","Based on the Casper film, the game pits you in the role of the friendly ghost trying to make a friend and a second chance at life instead of scaring everyone away.

The plot centers around the ""spoiled, grasping inheritor of Whipstaff Manor"" - Carrigan Crittenden. She's after the treasure she thinks is hidden in the walls. Casper will need the help of Dr James Harvey - therapist to the dead - if he has any hope of succeeding in his adventures.

Casper will also have to deal with his uncles - Stretch, Stinkie and Fatso, who just love to scare ""Fleshies"" and thwart Casper's efforts. The gameplay is 3d - and is mostly puzzle solving, with Casper able to take a variety of forms and manipulating objects."
"Chiki Chiki Machine Mō Race: Kenken to Black Maō no Ijiwaru Daisakusen - Wacky Races","チキチキマシン猛レース -ケンケンとブラック魔王のイジワル大作戦-","NTSC-J","Japan","","","1994-03-01","1","No","Racing","Not Rated","Based on the classic Wacky Races cartoon, this game puts players in the role not of a racer but of a gambler. Players choose different races and gamble on the outcome. Players can pick two different drivers they expect to come out on top. The racing itself is presented via prerendered CG cutscenes with some branching, so players' guesses aren't purely a matter of memorizing the cutscenes. With the money players earn, they can take part in the ""trip"" mode where they travel through the world of Wacky Races collecting items."
"Chizu Monogatari: Sono 1","","NTSC-J","Japan","","","1995-10-27","1","No","Puzzle | Utility","Not Rated","No overview is currently available for this title, please feel free to add one."
"Civil War Generals 2 - Grant - Lee - Sherman","","NTSC","United States of America","","","1970-01-01","1","No","Strategy","M - Mature 17+","strategy"
"Club 3DO: Station Invasion","","Region Not Set","","Studio 3DO","Studio 3DO","1994-06-01","1","No","","","Club 3DO: Station Invasion is an educational game, presented as a game show and designed for children ages 7 to 14. Your job is to be the best producer at an all-kid television station. Choose from five hit shows: a sitcom, game show, talk show, soap opera and a mystery adventure. Solve the puzzles and challenges of each show to get higher ratings. The game provides a mix of computer graphics and live character video."
"Corpse Killer","","NTSC","United States of America","Digital Pictures, Inc.","Digital Pictures","1994-01-01","1","No","Shooter","M - Mature 17+","Corpse Killer is a full-motion video shoot-'em up. You play as an elite special forces soldier, who parachutes onto a remote tropical island. It seems the evil genius Dr. Hellman has found a way to raise the dead, and created an island of zombies. It's up to you to shoot your way through the undead hordes and stop Dr. Hellman.

The game is played from a first-person perspective. Various zombies pop up in front of a video background, and you shoot them down by moving a cursor on screen or by using a light gun. The Saturn version has a few different features including extra power-ups as well as added footage of enemies."
"Cowboy Casino","","Region Not Set","","IntelliPlay","Intellimedia Sports","1994-01-01","1","No","Strategy","Not Rated","Cowboy Casino: Interactive Poker for 3DO is a Casino game, developed by Intellimedia and published by Intelliplay, which was released in 1994. Learn the game of poker with five wisecracking card sharks."
"Crash 'n Burn","","Region Not Set","","Crystal Dynamics, Inc.","Crystal Dynamics, Inc.","1993-01-01","1","No","Action | Racing","T - Teen","Crash ‘n Burn is a racing game with vehicle-mounted guns and rockets. There is both a Rally mode and a Tournament mode to compete in. In the Rally Mode you race your way through up to 30 tracks with the goal of staying alive and destroying the other contenders while you try and finish in the top three. If you succeed then you advance to the next track."
"Crayon Shin-chan: Puzzle Daimaou no Nazo","クレヨンしんちゃん　～パズル大魔王の謎～","NTSC-J","Japan","Bandai Co., Ltd.","Tose Co., Ltd.","1995-03-10","2","No","Puzzle","E - Everyone","This game portrays Shin-chan's lifestyle and antics in the form of a mini-game match against his parents, classmates and others. The rules are very much like that of a classic falling block puzzle but with some differences. Two matching blocks will merge together into larger blocks and blocks of the same kind (small and large) in specific sized arrangements or a row of four will make them vanish. Two wildcard blocks will cause various things to happen such as spamming the opponent with rock blocks."
"Creature Shock","","Region Not Set","","Virgin Interactive Entertainment, Inc.","Argonaut Games","1996-03-19","1","No","Action | Horror","T - Teen","The earth is overpopulated and mankind must find a second home. The spaceship Amazon is sent to investigate Saturn and Jupiter for possible colonization. Near the end of its mission, all contact is lost with the ship except for a distress beacon. The player is part of the crew sent to the Amazon's last known location to find out what happened.

Creature Shock is a first-person shooter with Full Motion Video and arcade-like elements. Aliens of all sizes and types will try to destroy the team, but each one has a weak point that can be exploited. The fighting takes place on the surface of asteroids and within mazes of passageways underground. 

There are also two 3D sections where the player gets to pilot the ship."
"Crime Patrol","","Region Not Set","","American Laser Games, Inc.","American Laser Games, Inc.","1993-01-01","2","Yes","Action | Shooter","","Crime Patrol puts the player in the shoes of a police officer, who starts as a Rookie and has to work his way up to become a member of SWAT and eventually the Delta Force team. To do that, he has to complete missions, which involve taking down criminals in a variety of locations. Beginning with smaller-scale criminals (such as shoplifters), the hero will later have to face gangsters, drug lords, and eventually terrorists. For each set of missions, the player characters is being teamed up with another police officer. The gameplay is quite similar to any other of the large live-action laser-gun games found in the arcades - all the player has to do is take the gun (or the mouse in the computer version) and show those criminals who's the boss!"
"Cyberdillo","","Region Not Set","","Panasonic Interactive Media","Pixel Technologies","1996-11-01","1","No","Shooter","T - Teen","After being run over by a car, our hero Armadillo is brought back to life by an evil cyber-genetic company. He sets out to stop their evil plans in psychedelic 70's era levels when disco was king. Gather items such as bell bottoms, platform shoes, 8-track players, and lava lamps to keep your shield and funk levels up."
"Cyberia","","Region Not Set","","Interplay Entertainment Corp.","Xatrix Entertainment","1996-01-01","1","No","Shooter","T - Teen","In the year 2027 the world is controlled by two rival super-powers, the western-bloc Free World Alliance and the east-bloc Cartel. Transmissions from an FWA spy reveal the location of a secret multi-national laboratory deep within Siberia, the ""Cyberia Complex"", where a mysterious weapon is being developed. FWA leader Devlin frees a cyber-hacker named Zak from prison and sends him to infiltrate the complex and discover the true nature of the Cyberia weapon."
"D","D NO SHOKUTAKU","Region Not Set","","Acclaim Entertainment, Inc.","Warp Inc.","1995-04-01","1","No","Adventure","T - Teen","D is basically an adventure game in which the player controlled main character Laura Harris, who must find out why her father has gone on a murderous rampage and is holding hostages in a hospital. The game uses pre-generated computer graphics and full motion video to tell its story. The player has two hours to solve the mystery of why Laura's father went on his bloody maasacre. The player manipulates the Laura character from both a first person and third person perspectives.

The game has several endings, a time's up ending, a good and bad ending, and a 100% completion ending. The ending a player witnessed was based on their actions throughout the game. The 100% complete ending includes the good ending and the addition of the sounds of a newborn baby crying. Some players inexplicably concluded that this sound of a baby crying meant that the visibly not pregnant Laura gave birth at the end of the game, a storyline development that some misguidedly believed would lead directly into the sequel, D2."
"D no Shokutaku","","NTSC-J","Japan","","Warp Inc.","1994-04-01","1","No","Adventure | Puzzle | Horror","Not Rated","Live the nightmare of D as the horror begins in Los Angeles National Hospital. As Laura, you must find out why your father, Dr. Richter Harris, has lost his sanity, murdered some of the patients, and taken others hostage. Are you prepared to solve the deadly crime? Among other loathsome acts, you must remove a ring from a rotting hand, avoid being impaled on wall spikes, and get out of the room without doors! While the clock ticks, treachery awaits. Good luck... and sweet dreams!"
"D: THE GAME COLLECTOR'S EDITION","","NTSC-U","United States of America","Limited Run Games","Warp Inc.","2024-04-19","1","No","Action","T - Teen","The story begins in 1997. It's the dead of night in the city of Los Angeles, and there has been a mass murder at a general hospital on the outskirts of downtown. The perpetrator is the director of the hospital, Richter Harris. He has shut himself up in the hospital and taken a number of patients as hostages, leaving the police helpless and unable to move in. Richter's only daughter, Laura Harris, after hearing the situation, rushes to Los Angeles from San Francisco, and drives alone to the tragic scene at the hospital ground. Upon entering the hospital Laura finds herself transported to an old mansion, while the disembodied voice of her father pleads with her to leave. Nevertheless she must press forward to save her father and herself.

- 2-Disc Physical copy of D: The Game for the 3DO with 3-Disc Japanese Director's Cut and Soundtrack CD
- D: The Game Slipcover 
- Instruction Manual
- 18"" x 24"" Poster"
"Decathlon","","Region Not Set","","","","2007-01-01","1","No","Sports","Not Rated","No overview is currently available for this title, please feel free to add one."
"Defcon 5","","Region Not Set","","Multisoft","Millennium Interactive Ltd","1996-05-17","","No","Action","","The main game takes place in a first-person view inside the complex. Trams connect the maze-like living areas to a handful of manned turrets outside. You must shuttle between shooting down waves of fighters in the turrets, and scouring the base levels for card keys during the down time.

A third consideration is the ""Virtual Operating System"" controlling all major base functions. You use this interface to repair damage from attacks, monitor intruders, and place robot sentries to guard key passages. As you find more access keys, you can increase the software's efficiency to the point that you can command turrets remotely, or set them to auto-attack with a high degree of success.

As defending the base becomes more automated and efficient, you have more time to search the levels for keys. Your ultimate goal is to find the clearance to self-destruct the base, defend your escape shuttle, and get out alive."
"Demolition Man","","Region Not Set","","Virgin Interactive Entertainment, Inc.","Virgin Interactive Entertainment","1995-07-20","1","No","Action","M - Mature 17+","Finally! The power of 3DO. The action of a hit movie. The challenge of a video game. But deeper. And better. Because this time, you control the outcome of a real movie. With real stars Sylvester Stallone and Wesley Snipes, real suspense and real challenges that demand real skill. Actually control cinematic-quality live action footage of Stallone as the Demolition Man in a game that merges movie and video footage so smoothly you'll feel plunged into the movie itself. Contains never-before-seen footage of Stallone and Snipes filmed especially for this interactive adventure."
"Dennis Miller: That's News to Me","","Region Not Set","","","Sanctuary Woods Multimedia Corporation","1994-01-01","","No","","","Before the kids and the mortgage and the job that requires a tie, there was Saturday Night Live Weekend Update with Dennis Miller, the coolest newscaster to hit the airwaves. Well, he's back and this ain't no re-run. In fact, it's not like television at all (okay, the quality of the digital video is pretty much the same). It's interactive, it's entertaining, it doesn't have commercials. What it does have is more than 200 topics in 4 categories - world news, politics, sports and show biz - that you select from. Pick a month, pick a topic. Now sit back and watch Dennis lampoon and lambast everything from the bombing of the World Trade Center in New York City to the bombing of Arnold Schwarzenegger in ""Last Action Hero."" As Dennis says, ""It's a trip through the historical carnage that was."""
"Dennō Hyōryū: Multimedia Cruising","","NTSC-J","","","","1995-05-01","1","No","Utility","Not Rated","No overview is currently available for this title, please feel free to add one."
"Digital Dreamware","","Region Not Set","","","","1995-01-01","1","No","Action","Not Rated","No overview is currently available for this title, please feel free to add one."
"DinoPark Tycoon","","Region Not Set","","","","1994-01-01","1","No","","","The objective in DinoPark Tycoon is the successful administration of a dinosaur park. Players start off with a $5,000 loan in the retail version, or a $20,000 loan in the school version.  The money is used to pay for the land, dinosaurs, fencing, food and employees necessary to run the park and pay back the loan; failure to meet loan payments results in the park's foreclosure.  Once the loan is paid off, players may expand the park and earn profits. If players are confused, an animated dinosaur appears and guides the players through the game."
"Doctor Hauzer","クターハウザー","Region Not Set","","Matsushita Electric Industrial Co., Ltd.","River Hill Software","1994-04-29","1","No","Horror","","The genius archaeologist Professor Hauzer, winner of every academic award possible, and discoverer of historical artifacts.

Now, Doctor Hauzer is missing!

I started collecting information on Doctor Hauzer about 10 years ago.
I never thought the brilliant man I chased after this whole time would suddenly disappear...

But, I finally discovered his whereabouts.

An old mansion far away from the city..."
"Doom","","Region Not Set","","Art Data Interactive, Inc.","id Software","1996-01-01","1","No","Shooter","M - Mature 17+","The Union Aerospace Corporation has been experimenting with teleportation technology on Mars' moons Phobos and Deimos. After early successes, something goes wrong. It seems the scientists have opened a gateway straight to Hell. Phobos base is overrun with demonic creatures, and the whole of Deimos simply vanishes. A squad of marines is sent to Phobos, but all except one are quickly slaughtered. It falls to the surviving marine to grab some guns and strike back at the demons."
"DORAEMONS YUUJOU DENSETSU","","Region Not Set","","Shogakukan Productions Co., Ltd.","Shogakukan Productions Co., Ltd.","1995-04-07","1","No","Adventure","","Doraemon Yuujou Densetsu is an Adventure game, developed and published by Shogakukan, which was released in Japan in 1995."
"Dragon Lore","Dragon Lore: The Legend Begins","Region Not Set","","Mindscape, Inc.","Cryo Interactive Entertainment","1994-01-01","1","No","Action | Role-Playing","","You are Werner Von Wallenrod, an orphan living in a realm lost in time. You leave to travel across these lands and meet fantastically surreal characters who help you in your quest for truth. Your father was assassinated by the Devil's Horseman, Haagen Von Kiakonov, has vowed to destroy everything you know and love. Just before your father died, he was able to entrust you with a farmer in the kingdom, but now the hour has arrived for you to take up arms and defend your country.

Inexperienced in the art of combat, you must prove yourself all throughout the voyage that awaits you."
"Dragon Tycoon Edge","Dragon Tycoon Eiji","Region Not Set","","Sanyo Electric Co., Ltd.","Sara International","1995-02-24","1","No","Role-Playing | Strategy","","Dragon Tycoon Edge is a Strategy game, developed and published by Sara International, which was released in Japan in 1995."
"Dragon's Lair","","Region Not Set","","","","1994-01-01","","No","Action","","Dragon's Lair features the hero, Dirk the Daring, attempting to rescue Princess Daphne from the evil dragon Singe, who has locked Princess Daphne in the foul wizard Mordroc's castle. The screen shows animated cutscenes, and the player executes an action by selecting a direction or pressing the sword button with correct timing, requiring the player to memorize each scenario in order to clear each quick time event. The comedy aspects of the game stemmed not only from the bizarre looking creatures and humorous death scenes, but also the fact that while Dirk was a skilled knight, he was somewhat clumsy in his efforts, as well as being a reluctant hero, prone to shrieking and reacting in horror to the various dangers he encounters."
"Drug Wars","Crime Patrol 2: Drug Wars","NTSC-U","","American Laser Games, Inc.","American Laser Games, Inc.","1993-01-01","1","No","Shooter","M - Mature 17+","Crime Patrol 2: Drug Wars (also known just as Drug Wars) is a live-action laserdisc video game, released by American Laser Games in 1993. It was subsequently ported to the 3DO Interactive Multiplayer and CD-i. As the title implies, it is the sequel to the relatively popular arcade game Crime Patrol, with very similar gameplay, objectives and scenery. The game was re-released by Digital Leisure in 2002."
"Emit Vol. 1","","NTSC-J","","Koei Co., Ltd.","Koei","1994-01-01","1","No","Adventure","Not Rated","No overview is currently available for this title, please feel free to add one."
"Endlessly","","NTSC-U","","","","1995-01-01","1","No","Life Simulation","AO - Adult Only 18+","No overview is currently available for this title, please feel free to add one."
"Escape from Monster Manor","","Region Not Set","","Electronic Arts","Studio 3DO","1993-01-01","","No","Shooter","","The undead have been unleashed upon the world. Only a holy talisman can destroy them, but it has been broken into pieces and hidden in Monster Manor. Now you must venture into the cursed mansion and find the pieces so that humanity may be saved.

The game is a first-person-shooter where you have to destroy enemies like ghosts, skeletons and zombies using your only gun. Items scattered around the house include health packs, gun energy, treasure and keys that are used to open doors that block your way to the next talisman piece. The game has twelve levels."
"ESPN Baseball Interactive Hitting","","Region Not Set","","","","1994-07-15","1","No","Sports","Not Rated","No overview is currently available for this title, please feel free to add one."
"ESPN Golf Lower Your Score - Mental Messages","","Region Not Set","","","","1994-01-01","1","No","Sports","Not Rated","No overview is currently available for this title, please feel free to add one."
"ESPN Golf Lower Your Score - Shot Making","","Region Not Set","","","","1994-01-01","1","No","Sports","Not Rated","No overview is currently available for this title, please feel free to add one."
"ESPN Let's Go Skiing","","Region Not Set","","","","1994-01-01","1","No","Sports","Not Rated","No overview is currently available for this title, please feel free to add one."
"ESPN Let's Play Beach Volleyball","","Region Not Set","","","","1994-01-01","1","No","Sports","Not Rated","No overview is currently available for this title, please feel free to add one."
"ESPN Let's Play Soccer","","Region Not Set","","","","1994-01-01","1","No","Sports","Not Rated","No overview is currently available for this title, please feel free to add one."
"ESPN Let's Play Tennis","","Region Not Set","","","","1994-01-01","1","No","Sports","Not Rated","No overview is currently available for this title, please feel free to add one."
"ESPN Step Aerobics","","Region Not Set","","","","1994-01-01","1","No","Action","Not Rated","No overview is currently available for this title, please feel free to add one."
"Exmortis","","Other","United States of America","","?","2004-08-27","1","No","Action","AO - Adult Only 18+","You wake up in the woods with no memory of how you got there. Nightmares of blood and screams still echo through your mind. It's late and it's cold - unless you can find shelter fast, you won't last the night. You spot a house in a clearing up ahead and left with no choice - you decide to shelter there for the night. Soon afteryou begin to realise that death is a welcome choice compared to what lies waiting for you inside..."
"Eye of the Typhoon","極超豪拳 | 극초호권","Region Not Set","","LG Electronics Inc.","Viccom","1996-01-01","2","No","Fighting","","There was a mysterious fighting art called Kuk-Cho-Ho-Kwon which had been inherited since the Myoung Dynasty. However, it has disappeared and there is nothing left but a legend. Many years have passed and Asian nations such as China and Korea are in the state of chaos.Upon hearing about the mystery of Kuk-Cho-Ho-Kwon, the strong Western powers are desperately trying to recover it. Because of this, many innocent fighters have been destroyed and the secret book of Kuk-Cho-Ho-Kwon is beginning to reveal its real images...

Will Kuk-Cho-Ho-Kwon be resurrected? By whom...?"
"Family Feud","","Region Not Set","","GameTek, Inc.","Imagineering Inc.","1994-01-01","","No","Puzzle","","This game is based on the television game show, Family Feud. The game supports both single player and multiplayer. Contestants choose the best answers based on the questions asked by the virtual game show host. The game features families that are in full motion video and the host ask questions in a digitized voice. Besides having the regular rounds, the game also has the Bullseye Round and the Fast Money Round. There are 5 levels of computer intelligence to play against."
"Fatty Bear's Birthday Surprise","","Region Not Set","","","","1993-03-26","1","No","Action","Not Rated","No overview is currently available for this title, please feel free to add one."
"Fatty Bear's Funpack","","Region Not Set","","","","1994-08-06","1","No","Action","Not Rated","No overview is currently available for this title, please feel free to add one."
"FIFA International Soccer","","Region Not Set","","EA Sports","Extended Play Productions","1994-01-01","","No","Sports","","Based on international teams (with fictional player names), their abilities in each skill area rated out of 10 to give the player an overall impression of how good they are. The options available follow the standard set: fouls and offsides can be toggled on and off, the match length can be set, and if the timer operates continuously, or only while the ball is in play. Gameplay privileges quick runs, short passes and blistering shots outside the penalty box, and set pieces are controlled by moving a box into the target area for the ball, and then passed, lobbed or kicked directly. On the tactical side, formations can be selected, with 5 different strategies also available (although not all of these combinations make sense) as can the team Coverage - the areas which defenders, midfielders and strikers cover."
"Fire Ball !!","","Region Not Set","","Panasonic Interactive Media","Japan Dataworks","1994-01-01","1","No","Action","Not Rated","Pinball simulator."
"Flashback: The Quest for Identity","","Region Not Set","","Tiertex Design Studios","U.S. Gold Ltd.","1992-01-01","1","No","Adventure | Platform","","Flashback is a platform action adventure. You navigate Conrad over the platforms, performing various moves. You can simply jump or do a longer run-and-jump, run, climb, hang off ledges, and pick up objects lying on the ground. To defend yourself, you shoot enemies with your gun and also use various objects (such as stones) to harm or to distract them."
"Flying Nightmares","","Region Not Set","","Domark Group Ltd.","LifeLike Productions, Inc.","1994-01-01","","No","Flight Simulator","","Flying Nightmares is a 3-D flight-sim game that has the player take to the controls of the Harrier jet, flying in a series of missions with realistic controls and weapon systems against a horde of enemy planes and ground units.

The player can also fly alongside three computer wingmen that will help them out during missions, completing certain objectives such as destroying certain enemy units or protecting friendly units. There is a multitude of views to choose from (1st, 3rd and even a missiles POV) and features FMV sequences between missions that tell the story of the game."
"Foes of Ali","","Region Not Set","","EA Sports","Gray Matter","1995-01-01","","No","Sports","T - Teen","Foes of Ali is a 3-D boxing game with ten different boxers to choose from: George Chuvalo, Henry Cooper, Jimmy Ellis, Bob Foster, Joe Frazier, Sonny Liston, Ken Norton, Leon Spinks, Chuck Wepner and of course the games namesake Muhammad Ali.

There are three modes to choose from: Exhibition where the player can choose any boxer to fight another, or the player can choose any of Ali's historic fights to play, Tournament where a player fights a series of boxers in an 8 man tournament tree to become champion and Career Mode, where the player can only play as Muhammed Ali and fight the other boxers in order as he did in real life.

Players fight opponents with the basic punch moves, jabs, uppercuts and hooks along with defensive moves like blocking and grabbing. Fatigue is not simulated, but players can slow down their opponents after a series of large successful hits along with bruises, blooded and black eyes.

There are 21 different camera views to choose from, including first-person that will react to their fighters being hit (ex. if a player keeps getting hit in the eyes, the screen will start to blacken, simulating a swollen eye and if they take a hard enough punch they will actually see the game through double vision). Championship photos of each boxer is also show before a fight and commentary is provided by Tim Gammon."
"Fun 'n Games","","Region Not Set","","","","1995-03-28","1","No","Action","Not Rated","No overview is currently available for this title, please feel free to add one."
"Game no Tatsujin","Game Master","Region Not Set","","SUNSOFT","","1995-08-11","","No","","","A board game simulation game for the Super Famicom. It features modes for shogi, mahjong, gomoku and reversi."
"GEX","Gex | Gecko","Region Not Set","","Crystal Dynamics, Inc.","Crystal Dynamics, Inc.","1994-11-16","1","No","Action | Platform","","Enter your television to defeat the evil Rez by collecting remotes to open worlds inside your tv. You are a gecko with all the usual platform hero skills such as jump, fire and close range attack, but also suction cups to help you scale walls, a tongue to pick up those tricky to get power-ups and plenty of wise-cracks to keep you amused. Use them all to make your way through TV land searching for the remotes, collecting pickups, power-ups and killing TVs."
"Gridders","","Region Not Set","","3DO Company","Tetragon","1994-01-01","","No","Puzzle","","The player is cast as a boy named Zack, who's only goal is to reach the basement of an evil corporation in order to destroy it, but first he has to get through 36 levels of death in order to reach it."
"Guardian War","","Region Not Set","","Matsushita Electric Industrial Co., Ltd.","Micro Cabin Co.","1993-05-06","1","No","Role-Playing","E - Everyone","Welcome to GUARDIAN WAR.

This is a story about another world, another time. This was a beautiful world guarded by Goddess Erald. Darkness feared the Goddess Erald, and there was no way that Darkness could enter this beautiful world, until.....
GUARDIAN WAR’

-All combats take place with 3D animations.
-Gain experience and new powers.
-32,000 color 3D graphics.
-Fully animated 3D magic effects.
-55 3D computer graphic characters."
"Gunslinger Collection","","Region Not Set","","","","1995-10-01","1","No","Shooter","Not Rated","No overview is currently available for this title, please feel free to add one."
"Hell: A Cyberpunk Thriller","","Region Not Set","","GameTek, Inc.","Take-Two Interactive","1994-02-03","1","No","Adventure","","Beyond imagination, to the pits of man's fears, lies a new breed of evil. Hell: A Cyberpunk Thriller. A place where evil is right, and mercy is wrong. The year is 2095, the government controls the gates oh Hell and has declared you a fugitive for sins against the state. You must unlock the secrets of the underworld to prove your innocence as you battle demons amid a cyberworld of sinister deceit and ruthless evil. Lavish high-resolution graphics and full motion multi-media videos make this nightmare disturbingly real. Prepare for the horror... of Hell."
"Icebreaker","","Region Not Set","","Panasonic Interactive Media","Magnet Interactive Studios, Inc.","1995-01-01","","No","Puzzle | Shooter","","Icebreaker is a puzzle/shooter that has the player take control of a flying pyramid who has to navigate through 150 levels blasting other stationary pyramids. The stationary pyramids are either green, blue or red and can turn into each others colors throughout a level. The red pyramids can be destroyed by being shot, the blue pyramids are destroyed by being touched, and the green pyramids are destroyed by luring enemy pyramids into them.

Speaking of enemy pyramids, each enemy pyramid has their own abilities:
•Orange pyramids have the ability to morph
•Purple pyramids can dig pits that can trap the player
•Green pyramids are very smart and can outwit the player
•Yellow pyramids are very fast and maneuverable
There are also many different environments to play in such as ice fields, swamps, lava pits and bottomless pits, four different difficulty settings to choose from that range from easy to insane and eighteen different music tracks that can be changed during the game."
"Icebreaker 2","","Region Not Set","","","","1996-01-01","1","No","Action","Not Rated","No overview is currently available for this title, please feel free to add one."
"Immercenary","","Region Not Set","","EA Games","Five Miles Out","1995-01-01","","No","Action | Shooter","T - Teen","In the future, mankind has been enslaved in a virtual reality simulation known as Perfect. This simulation is controlled by an entity known as Perfect1 and it has to be destroyed in order to shut down the system. You are Immercenary Number Five, and it's your job to do it. 

From a secret lab you log into the simulation which sends you to a place in Perfect known as the Garden. Every entity in the game has a certain rank that determines its offensive and defensive capabilities. You start at 255, the lowest rank, and must rise in ranks to defeat Perfect1, who holds rank number 1. To do so, you destroy higher-ranked Rithms, as the other entities in the game are called. To pass beyond certain ranks, unique Rithms high in the Perfect hierarchy have to be destroyed.

Different weapons and power-ups can be collected and spent offensive and defensive energy can be recharged at energy spires. In the center of the Garden is a place called DOAsys, which functions as a neutral zone and healing center. There you can talk to other Rithms and ask for hints about combating special Rithms and where to find special items. These dialogue sequences take the form of live action clips of actors in elaborate costumes playing the Rithms.

When the player logs out of the simulation or is violently forced out, he returns to the lab where one may load and save a game and access detailed statistics on the trips to Perfect."
"Immortal Desire","","Region Not Set","","Vivid Interactive","Vivid Interactive","1970-01-01","1","No","Utility","AO - Adult Only 18+","No overview is currently available for this title, please feel free to add one."
"Insector War","","NTSC-J","Japan","Panasonic Interactive Media","River Hill Software","1994-01-01","1","No","Shooter","Not Rated","Insector War is an Action game, published by Riverhillsoft, which was released in Japan in 1994."
"Iron Angel of the Apocalypse","Tetsujin","Region Not Set","","Synergy Inc.","Synergy Inc.","1995-01-01","","No","Shooter","","You play a character known as Tetsujin. You are a cyborg/robot creation of an evil scientist. The scientist intended to use you to wipe out the human race, but instead you decided to turn against your maker and escape. The story unfolds as you fight your way to the top of a skyscraper to confront the mad scientist."
"Iron Angel of the Apocalypse: The Return","","Region Not Set","","Synergy Interactive Corp.","Synergy Inc.","1995-08-24","1","No","Action","","Tetsujin returns in this sequel to Iron Angel of the Apocalypse. The story picks up shortly after the events of the previous game. After his showdown with the Scientist and the Android, Tetsujin finds himself disembodied. A mysterious corporation known as SCR gives you a new body, but their plans for your are mysterious.

The format of this game is mostly similar to the first. This is a first person shooter that relies heavily on video cutscenes to tell a story. The graphics engine has been improved greatly, giving this game a much faster pace than it's predecessor. Whereas the original used a combination of live actors and CG, this one uses CG to depict the humans as well."
"Ishida Yoshio Kudan No Igo Seiha","","Region Not Set","","Electronic Arts Victor","Electronic Arts Victor","1995-01-27","2","No","Board","Not Rated","No overview is currently available for this title, please feel free to add one."
"J-League Virtual Stadium '95","Ｊﾘｰｸﾞﾊﾞｰﾁｬﾙｽﾀｼﾞｱﾑ95","Region Not Set","","Electronic Arts","Electronic Arts","1995-10-27","2","No","Sports","","Sports simulator of soccer of J-League Virtual Stadium for the game console Panasonic 3DO Interactive Multiplayer. Game is made on the same game engine as FIFA International Soccer. Actually it also is FIFA International Soccer but for the Japanese market with other name and a line-up of Japanese league."
"J. League Virtual Stadium","","Region Not Set","","Electronic Arts","Electronic Arts","1994-01-01","1","No","Action","Not Rated","No overview is currently available for this title, please feel free to add one."
"Jammit","","Region Not Set","","GTE Entertainment","GTE","1994-01-01","","No","Sports","","Whiners, better give this game a miss, 'cause Jammit's the closest thing you'll ever find to real street hoops. Don't even think of looking for an official--in this game, it's jam-or-be-jammed--and great D leaves the opposition gasping. In Intensive Care.

Step onto one of the five stylin' courts, and the air show begins. Revers jams. Fade-away jumpers. And way more attitude--and altitude--than you'll ever find in the so-called pros.

Get past our three asphalt warriors, and we'll send you to meet the Judge, and you'd better bring your license to drive. Put some money down, talk a little trash, then walk the walk. Or else you'll watch yourself getting faced on our exclusive Slam Cam...

These guys don't even know how to spell ""foul.""

Mastered one on one? There are six more game variations out there, chump.

When you go to the hoop, the Slam Cam zooms in on the action.
Reasons to lay down the cash:

-""The Slam Cam""--get up-close-and-impersonal as players drive the lane
-Over 700 frames of digitized animation
-Five graffiti covered basketball courts
-Side bets, 'cause only money really talks
-Enough digitized trash talk to dis the entire neighborhood
-Seven different streetball games: Sweat, 1-on-1, 2 Hot, Poison, Slams Only, in-2-it and Frenzy"
"John Madden Football","","Region Not Set","","Electronic Arts","Electronic Arts","1994-01-01","2","No","Sports","","John Madden and the NFL team up to create a new version of John Madden Football, designed specifically for the 3DO Interactive Multiplayer. You get the proven gameplay of the best selling 16-bit football game of all time, all new digitized graphics, CD quality sound and over 100 authentic video highlights from NFL Films. So, suit up and experience the only game that delivers real NFL action!"
"Johnny Bazookatone","","Region Not Set","","U.S. Gold Ltd.","Arc Developments","1995-01-01","","No","Platform","","The original guitar hero with the Elvis attitude and purple hair pompadour, Johnny Bazookatone, has been imprisoned in the year 2050 in Sin Sin Prison by El Diablo, the Lord of the Underworld, who is jealous of his talent and kidnaps other musical legends as well in this 3D side-scrolling platformer. Johnny's guitar Anita has been taken from him and he sets out to escape and vanquish foes on his way to be reunited with Anita."
"Jurassic Park Interactive","","Region Not Set","","Universal Interactive Inc.","Studio 3DO","1994-05-06","1","No","Action | Racing","","The power is out... The dinosaurs are loose... And only you stand between the guests and their certain demise! Take your place in the control room and use the computer systems and security cameras to locate those guests and help them to safety. But be careful... The jungle is crawling with Spitters ready to ambush you with their deadly venom. Can you zap them in time with your electro-stun gun? So prepare to enter a world of spectacular computer rendered graphics and live action video sequences including scenes from the most popular motion picture of all time - the world of Jurassic Park Interactive!"
"Killing Time","","Region Not Set","","3DO","Studio 3DO","1995-08-15","1","No","Action","M - Mature 17+","As a student of Egyptology searching for an ancient waterclock from the dynasty of the Pharaoh Ramses, you are the first person to walk onto the island of Matinicus, closed to visitors for more than 60 years. Meet young heiress Tess Conway, lost with her high society friends on the Summer Solstice, 1932. Tess was obsessed with the occult, and the water clock was rumored to grant everlasting life.

Can you find the secret of youth and still escape alive? You are trapped in a first-person passage through unspeakable evil. Surrounded by hosts of the undead, use your wits and your weapons to make your way to the heart of this terrible mystery. Creep through dark hallways into the dim rooms of the past, speak to the video-real shades of former residents, and kill or be killed until you solve the mystery of Matinicus Isle."
"Killing Time (Mail-In Disc)","Killing Time 1.1","NTSC-U","United States of America","","Studio 3DO","1995-11-01","1","No","Action | Shooter","M - Mature 17+","The game's original release came as a red CD. Players found a glitch in the game that happens in the clown stage. The screen becomes pixelated and obscures the view of the entire area. The publisher allowed purchasers to mail them their red copy for a fixed version of the game, which appears on a black disk. Since so few purchasers sent in copies, the red version remains fairly common, but the black version is rare."
"Kingdom: The Far Reaches","","Region Not Set","","Interplay Entertainment Corp.","Interplay Entertainment Corp.","1995-01-01","","No","","T - Teen","In this adventure game, step into the shoes of Lathan Kandor, a young boy, to defeat the evil Black Wizard. Lathan will find help from his mentor, the mighty magician Daelon. Explore the fantasy lands of the Far Reaches and retrieve three of the five pieces of the ancient relic called The Hand of Mobus. Talk to a variety of characters, collect objects and solve adventure type problems and puzzles.

Kingdom: Far Reaches features mouse control, video animations, cartoon-like graphics, an in-game travel map and original music which can be turned off if desired."
"Kurokishi no Kamen","","Region Not Set","","Humming Bird Soft","","1994-01-01","","No","","","Kurokishi no Kamen is a Role-Playing game, published by MMC Hummingbird Soft, which was released in Japan in 1994."
"Lemmings","","Region Not Set","","","","1994-01-01","1","No","Puzzle","E - Everyone","Your task is to rescue the Lemmings across 120 levels of fast-paced puzzling. These creatures simply walk blindly through the world in the hope of reaching safety at the end of the level - unfortunately these levels include steep drops, gaps in the ground, barriers and rivers amongst other hazards.

You are in control not of any individual Lemming, but of a cross-hair, which can be moved over any of the Lemmings. Along the bottom are a selection of functions which can be assigned to a Lemming, including climbing, floating and bashing. You must click to select the appropriate function, then click on the Lemming to activate it. Each level has a different range of skills on offer, a different amount of Lemmings, and a different percentage target in order to progress."
"Life Stage, Virtual House","","Region Not Set","","","","1993-03-01","1","No","Action","Not Rated","No overview is currently available for this title, please feel free to add one."
"Lost Eden","","Region Not Set","","Virgin Interactive Entertainment, Inc.","Cryo Interactive Entertainment","1995-01-01","","No","","","On another Earth, in another time, where dinosaurs speak and the air is charged with magic, the old ways have broken down. Where once was harmony, now are slavery and war. You must learn what's forgotten and unite the creatures of our continents against a tyrannical tyrannosaur and his carnivorous army. One chance stands between Eden and extinction: You must learn the secrets of the citadels."
"Love Bites","","NTSC","United States of America","Vivid Interactive","Vivid Interactive","1995-01-01","1","No","Life Simulation","AO - Adult Only 18+","Twelve drop dead gorgeous creatures that are hungry driven by animal instinct with only one desire, to quench their thirst."
"Lucienne's Quest","","Region Not Set","","Panasonic Interactive Media","Micro Cabin Co.","1995-09-14","1","No","Role-Playing","E - Everyone","A legendary story from unknown worlds beyond our time. The adventures of little sorceress Lucienne is a tale in the making...your own making. Work with Lucienne and her friends to defeat Death Shadow. Their fate is in your hands...Let the adventure begin..."
"Macaroni Houren Shou Interactive","","Region Not Set","","","Toshiba EMI","1995-01-13","1","No","Action","Not Rated","Macaroni Houren Shou Interactive is an adventure game developed by Toshiba EMI and released on 3DO."
"Mad Dog II: The Lost Gold","","Region Not Set","","American Laser Games, Inc.","American Laser Games, Inc.","1994-06-24","","No","Shooter","","The sequel to American Laser Game's original Mad Dog McCree, with pretty much the same gameplay and motion capture graphics. This PC conversion seems to have been tweaked a bit to be more stable than the original Mad Dog. There's also somewhat limited replay value as you can choose from 3 different guides for 3 different routes through the game."
"Mad Dog McCree","","Region Not Set","","Crystal Dynamics, Inc.","American Laser Games, Inc.","1994-01-01","","No","Shooter","","Mag Dog McCree and his gang have kidnapped the Mayor and his daughter, and its up to you to rescue them. You must blast through bars and bank robberies to take the gang out and save everything you regard as good and true. Where the game differed from other Operation Wolf-influenced shoot 'em ups was in the use of live video, with real people appearing on the screen before you shoot them down. You have unlimited continues with which to reach the end, so the actors will have their screen deaths seen by as many people as they would had they starred in a film."
"Mahjong Kuru Jidai - Ko Gal Hokagohen","","Region Not Set","","","","1995-10-18","1","Yes","Board","Not Rated","No overview is currently available for this title, please feel free to add one."
"Mahjong Kyou Jidai - AV Gal Seifuku Hen","","Region Not Set","","","","1994-01-01","1","No","Board","Not Rated","No overview is currently available for this title, please feel free to add one."
"Mathemagics, An Interactive Learning Cube","","Region Not Set","","","","1994-01-01","1","No","Action","Not Rated","No overview is currently available for this title, please feel free to add one."
"Mazer","","Region Not Set","","American Laser Games, Inc.","American Laser Games, Inc.","1995-01-01","","No","Action","","In Mazer, the player can choose from one of four soldiers tasked with freeing Earth from the oppressive rule of an alien race known as the Semag-Resal, who have a network of bases located all over Earth. To make matters worse, they have developed cyborgs that can perfectly mimic human beings that can infiltrate their rebel hideouts and exterminate them."
"MegaRace","","Region Not Set","","Mindscape, Inc.","Cryo Interactive Entertainment","1994-01-01","","No","Racing","","Virtual Television has given us a chance to do the things that we can't make real in everyday life: Race through 14 great tracks in 5 different environments in a totally virtual place where you can kill each other quite easily with sidekicks or guns. In every track you will see some symbols that can make your car speed up, slow up or even blow up, like your mega-host Lance Boyle says, ""Who knows; who cares!"" Everything you see in MegaRace is virtual and no one really dies there. So have fun!"
"Microcosm","","Region Not Set","","Psygnosis Limited","Psygnosis Limited","1994-03-14","","No","","","Microcosm is a 3D action shooter, similar to Descent, that takes place entirely within the human body. The concept was inspired by the 1966 movie Fantastic Voyage. The player pilots his way through various parts of the anatomy, blasting virii and enemy ships, while gaining power-ups and faster, stronger craft. The goal of the game is to eventually reach the brain to stop Grey M, the entity that controls Korsby's body.

Microcosm makes heavy use of full-motion video and features high-resolution fractal graphics (to simulate the walls of veins and arteries), digital music and sound effects."
"Mind Teazzer","","Region Not Set","","","","1994-01-01","1","No","Puzzle","Not Rated","The game is broken down into three types of puzzle games. First the player chooses from one of nine female pornstars. Each porn actress has a picture and a video clip related to her. This picture can either be made into a jigsaw puzzle, a slider puzzle, or a memory match game where when each card is matched and disappears more of the background picture is revealed. Completing any of these three puzzles unlocks a softcore pornographic clip from a Vivid Video movie."
"Mortal Kombat II","","NTSC","","","","2025-06-08","2","No","Fighting","M - Mature 17+","A Champion Emerges
Enter Shaun Nicholson from 3DO HD. In September 2023 he began showcasing a Mortal Kombat II conversion for 3DO on his YouTube channel.  Progress updates revealed stunning character models and levels.  Finally, in January 2025, Shaun released a breathtakingly good Beta version and in June 2025 released the full version. While not totally arcade-perfect,  it’s an amazing  3DO exclusive, a unique hybrid experience that’s immensely enjoyable.

The Ultimate Port?
This version is visually stunning, and in my opinion the best-looking home console port of MKII to date.  The characters are massive and vibrant, the special moves are all present, and the backgrounds feature gorgeous, multi-layered parallax scrolling.  New 3DO-exclusive levels and optional background scenes (visible via the Arena Tour menu) add to the package, and we even have Trip and others popping up to give us a Toasty!

A Victorious Finishing move
Shaun has finally completed the full version of MK2 on 3DO and has now added  Fatalities, Friendships, and bespoke Babalities. This version is now available at the link below. 

In my opinion, this is the most impressive homebrew game I’ve ever seen on the 3DO.  Arcade purists will have major quibbles, but the dedication and skill of this small team are undeniable. The SNES version has finally been dethroned."
"Myst","","Region Not Set","","Panasonic Interactive Media","Cyan","1995-01-01","","No","Adventure","","You have just stumbled upon a most intriguing book, a book titled Myst. You have no idea where it came from, who wrote it, or how old it is. Reading through its pages provides you with only a description of an island world. But it's just a book, isn't it? As you reach the end of the book, you lay your hand on a page. Suddenly your own world dissolves into blackness, replaced with the island world the pages described. Now you're here, wherever here is, with no option but to explore.

Myst is a first-person point-and-click adventure where the player controls a character known as The Stranger. Magically transported into the world described in the book, he needs to explore Myst Island and solve its mysteries. The game is presented as a series of static scenes where the player acts with the environment by clicking and manipulating objects. There are no enemies and it is not possible to die. Through Myst Island, the game is further divided into mini-worlds set in different ages accessed through different books. 

The game's interface is reduced to a single cursor for navigation and interaction. Rather than collecting items and using them to solve puzzles, the player must gather subtly placed clues and manipulate complex mechanical devices in order to advance in the game. The world of Myst is mostly uninhabited, and the game has very few live-action scenes with characters and dialogue.

Both the PSP version and the DS version include the Rime Age, which was first added in the Real Myst version. The PSP version includes widescreen support. The DS version includes a code rewrite, new and re-mastered sound effects and video clips."
"N.O.B.: Neo Organic Bioform","","Region Not Set","","Sanyo Electric Co., Ltd.","Sanyo","1995-01-01","1","No","Role-Playing","Not Rated","Captured by a corrupt organization, the player has been subjected to tests which mutated them into a ghastly new form. To reclaim their human form, the player must explore the research facility and fight other mutants - ""Neo Organic Bioforms""."
"NeuroDancer: Journey into the NeuroNET","","Region Not Set","","Pixis","Electric Dreams Software","1994-01-01","1","No","Adventure","","Want to see some naked women? Then you are part of the target audience of this game. The premise: the NeuroNET features three NeuroDancers who are eager to remove their clothes for you. But like in real life they want to see credits for it. To earn these credits you have to hack the NeuroNET by solving a 3D maze. But when you achieved your goal the interactivity doesn't stop! No, you can use a virtual hand to click her shirt off even faster!"
"NFL Madden Football","NFL マッデン フットボール - | John Madden Football","NTSC-J","Japan","Electronic Arts","High Score Productions","1994-05-28","2","No","Sports","E - Everyone","The Madden series makes its way onto the 3DO. This NFL-licensed football game now sports digitized player animations and 3D rendered stadiums. The game features 38 teams which include the 28 1993 NFL teams, eight all-time great teams since 1972, and the All-Madden & Madden Greats teams. Modes include preseason, regular season, playoffs, and all-time playoffs.

The game also features over 100 video clips of memorable NFL team moments which can be viewed while examining a teams scouting report. Short video clips also appear during a game, such as when a referee makes a call or when a team scores a touchdown.

Options include choosing the quarter length (5, 10, or 15 minutes), whether to play on grass, turf, or in a domed stadium, and whether the weather is fair, windy, rainy, snowy, or has variability."
"Night Trap","","NTSC","United States of America","Virgin Interactive Entertainment, Inc.","Digital Pictures","1994-01-01","1","No","Puzzle | Horror","Not Rated","Five girls go to a party to a nice house on a lakeside. Five girls disappear without a trace... Now another five girls go there, in order to spend the vacation with the Martins, the owners of the house, in particular with the lovely Ms. Martin. This time, you should not let them die a gruesome death! Because ""nice people"" can sometimes turn out to be... yes, that's right - vampires. The whole house is full of traps, that are intended to catch the poor innocent girls, so that the vampires can suck their blood... ugh. Luckily, the brave adventurer is there in order to cease to be hunted and to become a hunter instead! Set the traps so that they will capture the villains themselves, using precise timing and good organization."
"Novastorm","","NTSC-U","","","","1994-01-01","1","No","Shooter","Not Rated","No overview is currently available for this title, please feel free to add one."
"Oceans Below","","Region Not Set","","","","1995-07-21","1","No","Action","Not Rated","No overview is currently available for this title, please feel free to add one."
"Off-World Interceptor","","Region Not Set","","Crystal Dynamics, Inc.","Crystal Dynamics, Inc.","1994-01-01","","No","Racing","M - Mature 17+","You play a Trashman, a bounty hunter paid to capture criminal scum hiding on harsh alien worlds.

Your job is to race the enemy crime boss to the finish, blasting his goons along the way. Get blown up or drive too slowly and the boss gets away. But if you make it to the check point in time, you block the boss' escape and trap him on the planet.

You can upgrade your vehicle with the cash from your bounties. You can also go up against a buddy in the vertical split-screen deathmatch mode.

Off-World Interceptor's most unique feature is the storyline, told in full-motion video. Standard for the time. But OWIE's FMV is mocked by a couple of guys sitting in chairs, a la Mystery Science Theater 3000."
"Olympic Soccer","","Region Not Set","","Panasonic Interactive Media","Silicon Dreams Studio","1995-04-26","","No","Sports","","While the soccer tournament is often downplayed not only inside the Olympic movement, but also by the soccer-following community, in 1996, by the occasion of the Games of the XXVI Olympiad in Atlanta, US Gold decided to release a game representing the tournament."
"Olympic Summer Games","","Region Not Set","","U.S. Gold Ltd.","Silicon Dreams Studio","1996-06-07","4","No","Sports","E - Everyone","After years of training, you've finally got the chance to grab a hold of the gold with Olympic Summer Games! Get ready to compete in the world's most spectacular sporting event-

The 1996 Atlanta Olympic Games.
Show your stuff in the most challenging range of Olympic events. With the world watching your every move, you will run swifter, jump higher and be stronger than ever before!"
"Onside Soccer","","Region Not Set","","","","2007-08-01","1","No","Sports","Not Rated","No overview is currently available for this title, please feel free to add one."
"Oukoku no Grand Chef","Cooking Fantasy RPG","NTSC-J","Japan","","Sara International","1996-05-01","1","No","Role-Playing","E - Everyone","The protagonist of this role-playing game is Falmouth, who embarks on a journey to give back the flavor to the inhabitants of a kingdom.

The player, like Falmouth, will have to face enemies and get the ingredients and utensils needed to prepare the dishes that the inhabitants of the kingdom need. So, when people are satisfied with the elaborate dishes, they will have to travel to a new country."
"Out of This World","Another World | Outer World","Region Not Set","","Interplay Entertainment Corp.","Delphine Software International","1994-01-01","1","No","Puzzle | Platform","E10+ - Everyone 10+","Another World (Out of This World in the US) combines shooting, platforming, and puzzle-solving elements. The game is divided into stages; some of them are straightforward and can only be accessed one time, while others are connected to each other, constituting a larger environment. Exploration and problem-solving are emphasized. Many levels include challenges not seen in the previous ones. Tasks may involve environmental puzzles, timed sequences, precise jumping, and combat.

Typically, enemies are defeated by using an energy gun found in an early stage. The gun's regular function is shooting energy projectiles. By pressing down and holding the fire button the player can activate an energy shield which protects Lester from regular attacks, allowing him to fire from relative safety until it evaporates. Finally, by holding the fire button even longer the player creates powerful bombs which can disrupt shields. Most enemies are equipped with similar guns and are able to perform the same actions as Lester. Fighting enemies therefore requires tactical usage of regular attacks, shields, and bombs, as well as learning enemy patterns."
"Paddock Note ‘95","","NTSC-J","Japan","3DO","Fuji Television Network","1995-01-01","1","No","Sports","Not Rated","Horse racing simulator"
"Panasonic Photo CD Sampler","","Region Not Set","","","","1994-01-01","1","No","Utility","Not Rated","No overview is currently available for this title, please feel free to add one."
"Panasonic Real 3DO Interactive Multiplayer Demonstration CD","","Region Not Set","","","","1993-10-04","1","No","Action","Not Rated","No overview is currently available for this title, please feel free to add one."
"Panasonic REAL 3DO Interactive Multiplayer Sampler CD","","Region Not Set","","","","1994-01-01","1","No","Action","Not Rated","No overview is currently available for this title, please feel free to add one."
"Panzer General","","Region Not Set","","Strategic Simulations, Inc.","Strategic Simulations, Inc.","1995-01-01","","No","Strategy","","The time for resurrecting historical events has come. Panzer General was one of the first games (if not the first) that actually gave you the ability to play for the Nazis, and yet succeed where Hitler failed. Having total and complete control over land, sea and air units, you must defeat the Allied dogs as fast as you can (to get a major victory), or slower than in history (to get the minor victory)."
"Pataank","","Region Not Set","","PF Magic","PF Magic","1994-01-01","","No","Action","","If you've ever thought of what it feels like to be the ball in a pinball machine, playing PaTaank might give you some idea. Instead of flapping the flippers, the player controls the ball, or in PaTaank, a UFO-shaped puck around the three different tables. The tables are named Surf Room, Luv Room, and Disaster Room and they are connected to each other via Nexus. Player can choose to play one room or in the MetaGame mode, all of them in sequence. Each room has an objective and in the MetaGame mode, player must reach that objective to advance into the next room via the Nexus.

Like any pinball, there are targets, tunnels, blocks, and all sorts of flashing things that increase the score, light up letters, or grant bonus items. In addition to inertial control of the puck, player can apply thrust, which is limited, and activate magnetos, which are scattered around the room."
"Pebble Beach Golf Links","","NTSC-U","","","","1994-01-01","6","No","Sports","Not Rated","No overview is currently available for this title, please feel free to add one."
"PGA Tour 96","","Region Not Set","","","","1995-01-01","","No","Sports","E - Everyone","This game takes place during the 1995 PGA Tour season. The game features many professional golfing stars and various modes from stroke play to match play and even tournament mode. Golf clubs are assigned automatically by the caddy as the computer deems suitable for every lie and every situation."
"Phoenix 3","","Region Not Set","","Studio 3DO","Gray Matter","1995-03-17","1","No","Action","","Space has a new shooting star.

Exclusively on 3DO, Phoenix 3 combines the best of the flight, shooting and scrolling genres to deliver a knockout punch; space combat that is unsurpassed by anything on the market. As hero Derek Freeman, you most secure starships and brave pilots to help light a bloodthirsty alien army. One that will stop at nothing to invade and enslave the peaceful planet of Galearth. Your objective? Locate and incinerate the alien horde. Lock. load and fire."
"Plumbers Don't Wear Ties","","Region Not Set","","Kirin Entertainment","Kirin Entertainment","1994-01-01","1","No","Adventure","M - Mature 17+","He's a plumber, she's a daddy's girl. Only you can get them together, or tear them apart! Plumbers have everything: Greed, sex, spirituality, white-knuckle chases, shameful propositions, a nun, humor, true love, jaded love, jealousy, taut action, comedy, a bad guy, a good guy, a hero, spine-tingling suspense, a hot babe, brazen bravado, a damsel in distress, and a Hollywood ending! Plays like a game... feels like a movie!"
"PO'ed","","Region Not Set","","Accolade, Inc.","Any Channel","1997-11-17","1","No","Shooter","M - Mature 17+","PO'ed is a first-person shooter with two simple objectives: escape the alien homeworld and kick lots of butt! There are 25 levels in all, each with a challenging array of horrific aliens to destroy, switch puzzles to solve, and platforming elements. Ox can either walk throughout the levels or utilize an ultra-powerful jetpack; use the latter in moderation as it's an important, yet limited tool."
"Policenauts","","Region Not Set","","Konami","Konami","1994-07-29","1","No","Adventure","","Policenauts is a Japanese-style adventure with action elements, similar in many ways to Snatcher. The player interacts with the environment in a point-and-click fashion: positioning a cursor over an object allows the player character to examine it or perform other context-dependent actions. There are a few puzzles in the game, but most of the time the story is advanced by visiting various locations, examining objects, and talking to characters. Conversations usually include a selection of topics."
"Policenauts Pilot Disk","","Region Not Set","","","","1995-04-21","1","No","Adventure","Not Rated","No overview is currently available for this title, please feel free to add one."
"Powerslide","","Region Not Set","","","","2007-07-01","1","No","Racing","Not Rated","No overview is currently available for this title, please feel free to add one."
"Primal Rage","","Region Not Set","","Time Warner Interactive, Inc.","Atari","1995-01-01","","No","Fighting","T - Teen","A meteor struck the Earth, and caused great chaos. Seven gods from ancient times awoke, and are now attempting to take control of the post-apocalyptic world.

Primal Rage is a one-on-one fighting game featuring dinosaurs and giant apes as the fighters. The graphics are done with digitized stop-motion animation. Gameplay is similar to Mortal Kombat in that it is viewed from a side perspective, and features deadly finishing moves at the end of the match."
"Psychic Detective","","Region Not Set","","EA Games","Colossal Pictures","1996-01-01","","No","Adventure","M - Mature 17+","This game is an innovative slant on the interactive movie. You're Eric Fox, a psychic detective who can transmit his psychic self to others, to see through their eyes and hear through their ears. That way you can find out things about the case you couldn't otherwise. The game has many different conclusions. It's a dark story though, and most people might not want to play through again."
"Putt-Putt Goes To The Moon","","Region Not Set","","","","1994-01-01","1","No","Action","Not Rated","No overview is currently available for this title, please feel free to add one."
"Putt-Putt Joins The Parade","","Region Not Set","","","","1993-01-01","1","No","Action","Not Rated","No overview is currently available for this title, please feel free to add one."
"Putt-Putt's Fun Pack","","Region Not Set","","","","1994-01-01","1","No","Action","Not Rated","No overview is currently available for this title, please feel free to add one."
"Puzzle Bobble","Bust-A-Move","NTSC-J","Japan","Taito Corporation","Taito Corporation","1994-06-01","2","No","Puzzle","Not Rated","Puzzle Bobble (パズルボブル, Pazuru Boburu), also known as Bust-A-Move, is an arcade game developed by Taito. It is the first game in the Puzzle Bobble (series). Puzzle Bobble is a puzzle spin-off of the Bubble Bobble series. The game is a tile-matching puzzle game, in which Bub and Bob must shoot bubbles into pairs of three."
"Pyramid Intruder","","Region Not Set","","Taito Corporation","Taito Corporation","1995-08-11","1","No","Shooter","E - Everyone","No overview is currently available for this title, please feel free to add one."
"Quarantine","","Region Not Set","","GameTek, Inc.","Imagexcel","1994-01-01","","No","Action | Racing","M - Mature 17+","In Quarantine, you play the part of a taxi driver, desperate to escape from the violent prison city of Kemo. Deliver passengers to their destinations, so you can earn money to upgrade your cab, and take on undercover missions in the hope that somehow you can find a way out. An impressive array of cab-mounted weaponry will help you to survive."
"Quarterback Attack with Mike Ditka","","Region Not Set","","Digital Pictures, Inc.","Digital Pictures","1996-01-01","","No","Sports","E10+ - Everyone 10+","In this semi-fmv game you play a rookie facing his first game as starting quarterback on a fictional team, and this just happens to be The Big Game.

The entire game consists of this confrontation, upon start of the game you watch a video of a kickoff and return, and then you get to select among 110 plays (100 passing and 10 running) and assing a snap count. The meat of the game is on the passing plays, were you are switched to a 3rd person behind-the-quarterback view from which you can see oncoming rushers as well as zoom in on any receiver and via a targeting cursor make passes, or scramble if you don't find any open man, etc."
"Real Pinball","","Region Not Set","","Panasonic Interactive Media","Japan Dataworks","1994-01-01","","No","","","Real Pinball is the standard video game conversion of the actual machines with five different tables to choose from with the main goal being to gain as many points as possible by using the game controller to control the flippers of the machine. The game features realistic graphics made to resemble an actual machine."
"Return Fire","","Region Not Set","","Prolific Publishing, Inc.","Silent Software","1995-01-01","","No","Action","","Return Fire is the spiritual successor to Fire Power and it fits in both the strategy and action genres. You can take control of one of 4 vehicles, a jeep, helicopter, tank and a missile launching vehicle (but actually called The Armoured Support Vehicle (ASV).

There are are two ways to win, the easier one would be to capture the enemy's flag by bringing it to your bunker with the frail Jeep. This is the main objective. The other way to win is to destroy your enemy, a secondary objective."
"Return Fire Maps O' Death","","Region Not Set","","","","1995-01-01","1","No","Action","Not Rated","No overview is currently available for this title, please feel free to add one."
"Rise of the Robots","","Region Not Set","","Absolute Entertainment","Mirage","1995-01-01","2","No","Fighting","","A revolution in combat games - featuring a unique combat intelligence system that adapts to and learns your style of play! The first game with film-quality, controllable 3D graphics. Robot attack routines choreographed by a martial arts expert. Witness the first ever morphing character to appear in a computer game! Awesome cinematic link sequences."
"Road Rash","","NTSC","United States of America","EA Games","Monkey Do Productions","1994-01-01","1","No","Action | Racing","Not Rated","This is a remake of the original Road Rash from the early nineties. For those who have not played the original, you are competing against thirteen other ""Road Rashers"" who will stop at nothing to win 1st, 2nd, or 3rd place. During the race, you have two options available to you: you can either do your best to cross the finish line, or use your weapon to bring the Rashers to the ground if they are giving you trouble. If you do the latter, your opponents will do the same to you during the next race that takes place. 

There are five circuits to race: The City, The Peninsula, Pacific Highway, Sierra Nevada, and Napa Valley. Some of these circuits are dangerous. As well as the obstacles and traffic that you encounter along the way, there are also cops driving on bikes who will arrest you if you happen to crash or stop your bike near them, and you have to pay a fine in order to get in any more races. Your bike will be wrecked if you crash too many times, and you have to pay for damages, but the amount you have to pay depends on the bike that you are riding. Once you have completed the first five circuits, you have to race them again another four times - but at a much more difficult level. Manage to win all five circuits on all levels, and you win the Road Rash cup.

There are about five bikes to choose from, which are divided into three groups. Rat, Sport, and Super. You start the first level with a Rat bike, but as you proceed through the levels, it is important to pick bikes from a different bike class.

If you have no plans to win the Road Rash cup, you can choose the game's Thrash mode. The difference between this and the other mode is that there is no money involved (ie: you are not allowed to buy bikes), and you are competing against fourteen opponents. And if you wreck your bike or you get busted, you have to start all over again. Regardless of the mode you pick, you will always start in the last place.

The remake also contains FMV movies that usually depict the outcome of the races, as well as limited songs performed by various recording artists, including Soundgarden, Therapy?, Monster Magnet, and Swervedriver. These songs can be changed on-the-fly via the game's options menu."
"Road Rash (JP)","","NTSC-J","Japan","Electronic Arts","Buzz Puppet | 																Monkey Do Productions","1970-01-01","1","No","Action | Racing","Not Rated","No overview is currently available for this title, please feel free to add one."
"Robinson's Requiem","","Region Not Set","","ReadySoft Incorporated","Silmarils","1996-01-01","","No","Adventure | Role-Playing","","You play one of these Robinsons who gets stranded on a mysterious alien planet on which a telepathic woman is also stranded. As it turns out she knows a way to get off the planet, but she needs your help to escape.

Gameplay consists of first person roleplaying with the emphasis placed on character modeling and survival. Take a dip when it's cold and you'll sure catch the flu, don't treat an infected injury and amputation is on the way, etc. You must fashion your own tools from whatever you can find on the planet and the game uses pre-rendered sprites over voxel technology terrain for graphics."
"Royal Pro Wrestling: Jikkyou Live!!","ロイヤルプロレスリング 実況ライブ！！","NTSC-J","","Natsume","Natsume","1996-02-26","2","No","Fighting | Sports","Not Rated","With over 30 pro wrestlers available to choose, Natsume brings the most action packed wrestling experience ever to the 3DO with Royal Pro Wrestling!"
"Sample This!","","Region Not Set","","","","1994-01-01","1","No","Action","Not Rated","No overview is currently available for this title, please feel free to add one."
"Samurai Shodown","","Region Not Set","","Crystal Dynamics, Inc.","SNK","1993-01-01","","No","Action | Fighting","T - Teen","In early Japan, a man named Shiro Tokisada Amakusa preaches a heretic religion. Little does anyone know that Amakusa is really a servant of the evil Ambrosia, who took over Amakusa's body. Ambrosia wishes to shroud the world in darkness. Now, choose between 12 warriors (and 3 bonus characters) to fight for the honor of destroying Amakusa, and fulfilling a mission."
"Scramble Cobra","","Region Not Set","","Panasonic Interactive Media","Genki","1995-01-01","","No","","E - Everyone","Scramble Cobra is a 3-D helicopter action game, where the player takes command of a Cobra helicopter gunship, flying through various battlefields, using their Vulcan machine guns and hydra rockets to destroy enemy tanks, helicopters and other assorted units.

There are ten missions in all to play through. The player has to complete each mission in an allotted amount of time. The missions mainly consist of search and destroy objectives. It also has live-action videos to tell the story and is played from the view of the helicopters cockpit."
"Seal of the Pharaoh","","Region Not Set","","","","1994-06-25","1","No","Role-Playing","Not Rated","No overview is currently available for this title, please feel free to add one."
"Sesame Street Numbers","","Region Not Set","","","","1994-01-01","1","No","Action","Not Rated","No overview is currently available for this title, please feel free to add one."
"Sewer Shark","","Region Not Set","","Sony","Digital Pictures","1994-01-01","","No","Shooter","","Sewer Shark is an FMV-based shooter, and one of the first games released for the Sega CD. You move a crosshair around the screen and shoot targets. Occasionally, you can also choose to change directions at fixed points.

Of course the real attraction in a game like this is the story. In the future, maybe in the year 2000, people will be forced to move underground and live in tunnels. Unfortunately, these tunnels are infested with mutated rat / alligator creatures known as ""ratigators."" You are pilot of a Sewer Shark, a craft designed to navigate the Sewers and rid them of ratigators. It's a dangerous job, but if you clear out enough vermin you can win a one-way trip to Solar City and sunny beaches."
"Sex","","Region Not Set","","Vivid Interactive","Vivid Interactive","1994-05-25","1","No","Adventure","","How do office politics and sex mix? Let Nikki Dial, P.J. Sparxx, and Crystal Wilder show you how they got ahead in a man's world."
"Shadow: War of Succession","","Region Not Set","","3DO","Tribeca Interactive","1994-01-01","2","No","Fighting","","The leader of S.H.A.D.O.W., the world's largest criminal organization, has just been brutally murdered. From around his vast criminal empire they have come to do battle, seven of the Shadow King's best lieutenants. To the winner will go the ultimate prize: the right to be named the next Shadow King. To the losers, there is only death. SHADOW: War of Succession is a fast-paced fighting game that features live, full-sized, digitized actors. The characters possess their own distinct special moves and weapons. This game uses photo-realistic 3D rendered backgrounds. Full cinematic scenes and hundreds of digitized sound effects and real voices intensify the furious fighting action!"
"Shanghai: Triple-Threat","","Region Not Set","","Activision","Activision","1994-01-01","","No","Puzzle","","Another version of the ancient game of Mah-Jong. The player is presented with an arrangement of tiles, lined up together and stacked, with either 2 or 4 of each of an array of patterns. These must be removed by matching pairs, but only tiles which are visible and have a space to the left or right can be removed.

This release in the Activision's Shanghai series includes three games along with the Classic Shanghai. In The Great Wall, the tiles are stacked vertically, and fall when lower tiles are removed, a lá Tetris. In Beijing, gaps are created to slide groups of tiles along. The Golden Tile sees two players attempt to clear a set layout at once. The Triple-theme continues with three game modes: Solitaire, 2-player ""Pandamonium"", and Arcade. Three themed tile sets complete the ""Triple Threat""."
"Shelly Duvall's It's A Bird's Life","","Region Not Set","","","","1994-05-01","1","No","Action","Not Rated","No overview is currently available for this title, please feel free to add one."
"Shock Wave","","NTSC-U","","Electronic Arts","Electronic Arts","1994-06-27","1","No","Shooter","Not Rated","The year is 2019 and the alien invasion is here. In a surprise attack, the aliens decimate Earth's military forces. Mankind's only hope is the surviving orbital space carrier Omaha and its squadron of F-177 pilots. As the young and unexperienced member of the squadron, it is your job to drive the aliens from the planet.

From the cockpit of your F-177 fighter, you can destroy the aliens who attack in vehicles like large walkers or quick and small aircraft. Use your lasers or missiles, but watch your ammunition and fuel and refill them from a supply depot if needed. The ten missions take you all over the globe, from Cairo to Los Angeles to the Congo. Between missions, live-action cutscenes continue the story."
"Shock Wave 2: Beyond the Gate","","Region Not Set","","Electronic Arts","Electronic Arts","1995-01-01","","No","","E - Everyone","It has been twenty years since the invading aliens have been driven back through the jumpgate. On a planet close to the dormant gate, an alien artifact is found. When unknown aliens steal the artifact, privateer Captain Flint of the spaceship Cortez and his crew follow their ship through the jumpgate, which leaves them stranded in an unknown star system. To find their way back, they have to find the artifact and the aliens.

You take control of Flint. Aboard the Cortez, you can receive messages from your crew members, scan the planets in the system for possible mission sites and select suitable weapons and equipment for the next mission. Three different craft are available for the missions: a fighter, a hovercraft and a stationary turret used to give cover to your crew mates when they are on a mission.

After completed missions, the wreckage from destroyed aliens is analyzed and used to produce better weapons and equipment. The storyline will take you through six different systems, each with a variety of missions to complete. Live-action cut-scenes continue the story."
"Shock Wave: Operation JumpGate","","NTSC-U","","Electronic Arts","Electronic Arts","1995-01-01","1","No","Shooter","Not Rated","It has been 7 years since the alien attack on Earth has been repelled. Now, signs of the aliens have been detected within the solar system. It's again up to you to lead the assault before the aliens launch their second wave.

This add-on to Shock Wave takes you to places in the solar system like Mars, the moons of Jupiter and Saturn and the asteroid belt in 5 new missions that feature new enemies. The story is again told through live-action cutscenes."
"Sid Meier's C.P.U. Bach","","Region Not Set","","","","1994-01-01","1","No","Music","Not Rated","No overview is currently available for this title, please feel free to add one."
"Slam 'N Jam '95","","NTSC","","Crystal Dynamics, Inc.","Left Field Productions","1995-01-01","1","No","Sports","Not Rated","Slam 'N Jam '95 is a game similar in style to the arcade game Run & Gun and NBA Jam, with a five-on-five team game in a 3-D style perspective. The gameplay is geared towards more of an arcade feel rather than simulation and does not feature any NBA license but resembles actual teams and modeled after top players of the time.

It also features the obligatory modes such as Exhibition, Playoffs and Season and the ability to let friends go head-to-head. Then CNN sportscaster Van Earl Wright lends his voice talents to the game for in game commentary."
"Slopestyle","","Region Not Set","","","","1994-04-04","1","No","Action","Not Rated","No overview is currently available for this title, please feel free to add one."
"Snow Job","","Region Not Set","","The 3DO Company","Studio 3DO","1995-01-01","","No","","","Murder. Drugs. Sex. Gangs. Guns. Welcome to the Big Apple. Your name is Jock LaMonte, a retired New York Cop. You are living peacefully in New Mexico when you find out your ex girlfriend, Lara Calabreze, assistant DA of the city, is on the hit list on a notorious mob boss who goes only by the name Snow Man. It is up to you to use your wits, guts, and charm to save Lara and put away the evil of New York City.

Snow Job is a point-and-click adventure and is played in the first-person, with the ability to see 360 degrees in a photorealistic world with FMV video. You must solve puzzles, converse with many characters, and fight your way through mini games. Gameplay consists of three screens, one to explore the environment in different directions from a fixed position, an inventory and also a map where new locations appear."
"Soccer Kid","","Region Not Set","","Studio 3DO","","1994-05-02","","No","","E - Everyone","Aliens attempting to steal the World Cup have crashed as they tried to flee, and the Cup has been broken, its pieces scattered around the globe. As Soccer Kid, you must retrieve it. During your journey you will visit Britain, Italy, Russia, Japan, and finally the States.

Soccer Kid is a platform game with some unique elements. As the name implies, you have to kill your enemies with your ball. Football-style tricks of keeping the ball in the air and under control are especially useful - headers and overhead kicks can be played with practice. You gain access to the pieces by collecting 11 Player Cards across each world."
"Space Ace","","Region Not Set","","ReadySoft Incorporated","ReadySoft Incorporated","1995-01-01","","No","Adventure","","Following the successful gameplay of Dragon's Lair, Don Bluth released this second conversion of his Laserdisc games series.

You're playing Dexter, a guy fighting the evil madman Borf who has kidnapped your girlfriend Kimberly and is now threatening the world with his dreaded weapon, the ""Infanto Ray"" which turns adults into small children.

The game plays like a comic strip - visuals are similar to many cartoon movies. In each scene you only have to decide which direction of the keyboard has to be hit in order to avoid one of the countless death screens and to advance to the next screen..."
"Space Hulk: Vengeance of the Blood Angels","Space Hulk 2","Region Not Set","","Electronic Arts","Key Game","1996-01-01","","No","","T - Teen","Space Hulk: Vengeance of the Blood Angels is a mix of a First-Person-Shooter and a tactical fighting game. It is placed in the Warhammer 40k background of the Games Workshop table top games. It is the successor of the PC game Space Hulk from 1993 and it tells of the fight between the imperial Terminator Chapters and the Tyranid Gene Stealers.

You control up to ten Terminators. You give them orders in a tactical screen and/or take over one of them and then move in a 3D environment and fight the Gene Stealers just as in a First- Person-Shooter. So the game includes tactical planning and fighting in a good balance."
"Space Pirates","","Region Not Set","","American Laser Games, Inc.","American Laser Games, Inc.","1994-01-01","","No","Action","","Another in the series of slugfest games by American Laser Games is Space Pirates. While it resembles The Last Bounty Hunter and Drug Wars, it is science-fiction oriented and presents a space theme."
"Space Shuttle","","Region Not Set","","","","1994-01-01","1","No","Shooter","Not Rated","No overview is currently available for this title, please feel free to add one."
"Star Control II","","Region Not Set","","Crystal Dynamics, Inc.","Toys for Bob","1993-10-28","1","No","Adventure | Strategy","","Overthrow the Ur-Quan masters! Prepare yourself for an epic adventure that spans the extremes of space. Struggle to liberate Earth from alien imperialism. Star Control II is now enhanced with CD quality music, voice and sound effects! Stunning 3D full motion animations created on Silicon Graphics workstations. Trade insults with 18 alien races as you wheel and deal your way through space. Explore over 3,000 planets in 500 different star systems. Customize your flagship into the ultimate battleship!"
"Star Fighter","","Region Not Set","","Studio 3DO","The World Federation Entertainments Network","1996-01-01","","No","","","3037. FedNet is now in control of the federation, and at an attempt to gain trust of the population following decades of corruption and warfare, the FedNet Space Corps were sent to the outermost planets to crush the small-time warlords still running the show there. After being ""convinced"" to join them in a tour of duty, he is assigned to an elite flight group with the only purpose of testing the most cutting edge technology.

A remake of the original game of the same title released a few years before for the Acorn Archimedes platform, Starfighter 3000 features more detailed graphics (now all surfaces are texture-mapped and a fogging filter reduces clipping). Featuring 15 levels in 4 worlds, the player controls the Predator Mark-IV, a fighter ship capable of space and atmospheric flight. However, other than the handy boost button, the player has no control over the throttle, (unless he uses a flight stick with thrust controls such as 3DO's CH Pro stick) and must keep moving at all times."
"Star Wars - Rebel Assault","","NTSC-U","","","","1995-01-01","1","No","Shooter","Not Rated","No overview is currently available for this title, please feel free to add one."
"Star Wars: Rebel Assault","","Region Not Set","","LucasArts Entertainment Company LLC","LucasArts Entertainment Company LLC","1995-01-01","","No","Action","","You play a Rebel space cadet and have various missions to complete: Flying starships, destroying Walkers, infiltrating an enemy base etc. All viewpoints and gameplay is through the use of motion video backdrops."
"StarBlade","","Region Not Set","","Panasonic Interactive Media","Namco","1995-01-01","","No","","","Sitting in the gunner position of a ""GeoSword"" fightercraft, you must shoot your way through the enemy armada and bring the fight to their base planet, Redeye. Altogether you'll have around 10 missions to get through before the galaxy is safe and your wingmen will help you along the way. And during those missions, you'll be expected to shoot out the sides of huge enemy battlecruisers, travel inside of enemy carriers and travel through the canyons of Redeye to deliver your payload.

The PlayStation and the 3DO versions offer the choice between an arcade mode and an enhanced mode. In the enhanced modes that flat polygons are remade in fully textured polygons and the black bars on the sides have been removed to turn the image into a fullscreen view."
"Stellar 7: Draxon's Revenge","","Region Not Set","","Dynamix, Inc.","Dynamix, Inc.","1993-04-02","1","No","Action","","Gir Draxon's back!! Two thousand years in the future, mankind fights against an ancient enemy. Gir Draxon, Overlord of the Arcturan Empire, has returned with a mysterious Warplink capable of funneling his Death Cruisers from distant worlds. You and a prototype heavy assault vehicle, code-named Raven, are all that stand between the Arcturan invasion fleet and the certain destruction of Terran command."
"Strahl","","Region Not Set","","Panasonic Interactive Media","Media Entertainment","1995-01-01","","No","Action","","In Strahl, the story takes place in a world where magic and monsters roam the land, terrorizing innocent villagers. The player takes control of a young warrior who sets out to root out the source of evil and bring peace and tranquility back to the land.

The gameplay is the same as Space Ace, Dragon's Lair and Time Gal where the player presses buttons at a certain time to either avoid obstacles or fight enemies in order to advance to the next screen. As the game progresses, the changes in the world are shown throughout the game depending on the actions of the player."
"Striker: World Cup Special","","Region Not Set","","","","1995-01-01","","No","Sports","","World Cup Tournament action with teams from 24 countries. You can do pass, trap, sliding tackle and more as a player. Six parameters for each player give them realistic character."
"Super Street Fighter II Turbo","","Region Not Set","","Matsushita Electric Industrial Co., Ltd.","Capcom","1994-05-18","1","No","Fighting","","Experience the ultimate arcade action in your home. Super Move! If you're not addicted to Super Move after playing Super Street Fighter 2 Turbo, you will definitely not be excited by whatever game you play! By using the regular special moves, charge up the Super Move gauge. Input the Super Move Command, then let it soar! Experience the ultimate power!"
"Super Street Fighter II X Grand Master Challenge","","Other","","Capcom","Capcom","1994-11-18","2","No","Fighting | Unofficial","T - Teen","Fighting game ported from the classic and wildly popular ""Street Fighter 2"" franchise. Choose from a variety of characters and use their fighting skills to beat opponents and become the world champion fighter.Advantages over the original Street Fighter 2 include faster fighting speed, 4 new characters, new locations, and more balanced/streamlined moves for the original characters."
"Super Wing Commander","","Region Not Set","","EA Games","Origin Systems","1994-01-01","","No","Flight Simulator","","Super Wing Commander is a remake of the first Wing Commander with new graphics and sound.

As in the original game, the player takes control of a young pilot on the carrier TCS Tiger's Claw to fly missions in the war against the Kilrathi.

The game includes the Vega campaign from the original game and the first Secret Missions add-on campaign. Secret Missions 2 is replaced with a new campaign in which the Tiger's Claw must find and destroy the base where the Sivar dreadnought from Secret Missions 1 was developed.

The look of the original game has been completely redesigned, with ships and people looking completely different from the original. All dialogue is now heard through digitized speech."
"SuperModels Go Wild","","Region Not Set","","Vivid Interactive","Vivid Interactive","1994-01-01","1","No","Utility","AO - Adult Only 18+","No overview is currently available for this title, please feel free to add one."
"Supreme Warrior","","Region Not Set","","Digital Pictures, Inc.","Digital Pictures","1994-11-01","1","No","Fighting","","Supreme Warrior is a full-motion video fighting game. The game, or interactive movie, is set in China hundreds of years ago. You are tasked with protecting half of a magical mask. The wearer of the mask will be granted untold power. Unfortunately, the villanous Wang Tu has the other half of the mask, and wants your half badly. So, you must fight off Wang Tu's minions, and eventually Fang Tu himself.

The gameplay in Supreme Warrior consists of digitized video with interactive elements. At many points during the video, you can unleash a punch, kick, or block. If your timing is correct, you inflict damage on your opponent. If you timing is off, your opponent hurts you."
"Syndicate","","Region Not Set","","EA Games","Bullfrog Productions","1995-01-01","","No","Action","","In the future, the world is controlled by a handful of global corporations (syndicates). You are the Marketing director (hit man) for one of these companies. It is your job to take control away from the competitors. The job is not one of diplomacy, but one of brute force and physical control. Advance your way to the top of the corporation by successfully completing your missions and managing the money you make from your territories.

The gameplay is visually reminiscent of X-Com, with an angled top-down perspective, but it is real time rather than turn based. You have missions ranging from infiltrate and capture, to seek and destroy. In each of these you direct a team of four agents as they move through the world shooting at anything that gets in their way.

You can upgrade and modify your agents, as well as equip them with tools you have researched or liberated from opposing syndicates. As you complete missions, you gain more funds to use for purchasing agents or researching upgrades and equipment."
"Tetsujin","","NTSC-J","Japan","Panasonic Interactive Media","Synergy Inc.","1994-05-01","1","No","Action | Shooter","Not Rated","In a tower rising high above a desolate city, a mad-genius scientist pursues his experiments. His mission: to create the ultimate killing machine and purge the world! The means of achieving his wild ambition will soon be set in motion. All that remains is the last piece of equipment for Tetsujin... and YOU have been chosen. The assimilation process is underway. The scientist awaits you. Head for the top floor of the tower!"
"The 3DO Multi Game Sampler","","PAL","","3DO","","1970-01-01","1","No","Action | Puzzle | Racing | Shooter | Sports | Flight Simulator | Platform | Family | Quiz","E10+ - Everyone 10+","Playable demos of Flying Nightmares, PaTaank, Club 3DO Station Invasion, PO'ed, Megarace, Gex, Shanghai, Triple Threat, Slopestyle.

 Also has viewable demos of Return Fire, Slam 'n Jam '95, and Wing Commander III"
"The Animals! San Diego Zoo","The San Diego Zoo Presents: The Animals!","NTSC","","","","1994-01-01","1","No","Action | Adventure | Utility","Not Rated","Breakthrough video-with-sound technology in The Animals! lets you see and hear over 200 exotic mammals, birds, and reptiles in over 60 minutes of video clips. Using movies, sounds and stories, The Animals! also brings you the most complete and up-to-date information about our animal neighbors from experts at the world-renowned San Diego Zoo. If you love animals, you'll love The Animals! It's fun and easy for children and adults to explore the vast resources of The Animals!"
"The Coven","","Region Not Set","","Vivid Interactive","Vivid Interactive","1994-05-25","1","No","Adventure","","It's about a spirit who's been blessed by the moon and the lovers who deserve her. It's about Janine..."
"The Daedalus Encounter","Daedalus Episode 1: Nanpasen no Alien","Region Not Set","","Matsushita Electric Industrial Co., Ltd.","Mechadeus","1995-01-01","","No","Adventure","","The interstellar war is over, leaving you, a casualty, as a disembodied brain inside a life support system. Your buddies rescue you from the lab so that you can go exploring - scavenging the galaxy for wreckage and artifacts left over from the war. In due course you stumble literally into an alien craft. With your own craft disabled, and the alien ship on a collision course, you must explore it to find out what has gone wrong and to make a course correction. 

Gameplay consists of conversations with your colleagues (displayed as live action video), animated exploration sequences, as well as puzzle-solving that mostly involves figuring out how to operate alien mechanisms. There is also a maze sequence and sporadic action-based tasks. There is no inventory to speak of, because, being a brain in a box. you have no pockets.

All the action takes place in an in-game window that is your view of the world. It takes up only a small part of the screen and the rest of the screen is taken up with a kind of fleshy 'inside of your head' background that is there to remind you that you are inside a machine. Three difficulty settings, in-game instruction and assistance, as well as a few extras (such as high-resolution pictures) are included."
"The Horde","","Region Not Set","","Crystal Dynamics, Inc.","Toys for Bob","1994-01-01","","No","Action | Strategy","","You are Chauncey, a serving lad who saves his monarch from choking on his meal. The King rewards you with his magical sword, Grimthwacker, and a village, and the mission to go forth and prosper by felling waves of Hordlings, who are bent on eating everything in the province. The better you get at defending villagers, crops, and cows from Hordlings, the better equipped you become. Success wins you further favor from the King, along with bigger challenges and more enmity from the evil High Chancellor. There are several types of Hordlings, each with their peculiar style of picking through the edibles under your care. Success is measured by how many villagers and crops survive each season's gluttonous attacks."
"The Incredible Machine","","Region Not Set","","Dynamix, Inc.","Dynamix, Inc.","1994-01-01","1","No","Puzzle","","The Incredible Machine is a puzzle game where the player has to assemble a Rube Goldberg-type contraption to solve a simple puzzle. 

The game consists of a series of puzzles, each having a simple objective, such as ""put the baseball into the basket"" or ""turn on the fan"". To achieve this, the player is given a number of parts such as: balls, girders, rope, balloons, seesaws, cats or monkeys, and his job is to arrange and connect them on the playfield, so that, upon clicking the ""start puzzle"" button, the whole contraption activates and achieves the objective. 

For added difficulty, some puzzles have different gravity or air pressure from that of Earth. 

There is also a freeform mode where the player is given an unlimited number of parts to construct a machine of his own invention. The machines created this way can be saved to disk."
"The Last Bounty Hunter","","Region Not Set","","American Laser Games, Inc.","American Laser Games, Inc.","1995-11-01","","No","Shooter","T - Teen","The Last Bounty Hunter is a simple shooter in the tradition of American Laser Games's Mad Dog McCree. Fairly simple in design, it features a video background with which you interact - you use your mouse or a light gun to literally shoot your foes and protect the innocent.

The story is this: you're a bounty hunter, one of the last, who come to a crime-infested Wild Western town to aid its Sheriff in getting rid of the criminals."
"The Lost Files of Sherlock Holmes","","Region Not Set","","","Mythos Software, Inc.","1994-01-01","1","No","","","London. In the year of our Lord, 1888. A young actress has been brutally murdered in the alley behind the Regency Theatre. Jack the Ripper appears to have struck again. Inspector Lestrade turns to London's most famous detective to provide the proof. He turns to you, Sherlock Holmes."
"The Need for Speed","Road & Track Presents: Over Drivin' | Road & Track Presents: The Need for Speed","PAL","United Kingdom of Great Britain and Northern Ireland","EA Games","EA","1994-01-01","2","No","Racing","E - Everyone","Drive some of your favourite sports cars through wild and fast tracks, including the Dodge Viper, Lamborghini, Ferrari, Porshe, Corvette, Mazda RX7, Toyota Supra Turbo, and Acura NSX. Some of the tracks are open road, meaning you simply fly down a huge highway, with cops following in hot pursuit. One of the options in the game allows you to pick which time of the day to race in."
"The Perfect General","","Region Not Set","","Kirin Entertainment","Game Guild","1996-01-01","","No","Strategy","","This military strategy game involves the Blue Army fighting the Red Army. The game contains both a Campaign mode and a Tournament mode. In the Campaign mode, the player fights through various maps completing missions. The player is giving a certain amount of funds to be spent on purchasing troops and vehicles. Once the units are placed on the map, the player is given a turn where they can move their units and fire on any opposing forces. Movement is done on a hex based grid.

The Tournament mode is the equivalent of an exhibition mode. The player can choose to play against the computer, another player, or even just watch the computer play itself. In this mode, the player is also given the option to set certain parameters and choose what map to fight on.

There is also a bonus game which is like an 8-player version of Bomberman with tanks."
"Theme Park","","Region Not Set","","EA Games","Bullfrog Productions","1994-01-01","","No","Strategy","","Dominating the exciting world of Theme Park ownership is your goal in this strategy game from Bullfrog. The first task is to set up your rides within the available land, structuring convenient paths and queues and ideally leaving some space for bigger rides once they become available, and include some lakes and trees to increase the park's allure. Rides range from Teacups and Haunted Houses to the biggest most elaborate roller-coaster you can design, and water rides that loop around other rides.

Shops must also be included, so that the visitors can buy food, drinks and souvenirs - the cunning player will combine salt, sugar and caffeine settings to maximize consumer interest. Staff must be hired to keep everything running smoothly, and they will only work for what they consider a fair rate of pay.

You are competing against other Theme Parks, so don't let them get an advantage over you - monitor your success in attracting customers and financial viability closely using the supplied statistics pages. More important, ensure that research is adequately funded to produce new rides.

It can be played in three modes - Sandbox level lets you concentrate on the park design elements, while Sim and Full add more strategic features."
"ToonTime... In the Classroom","","Region Not Set","","","","1994-01-01","1","No","Action","Not Rated","No overview is currently available for this title, please feel free to add one."
"Total Eclipse","","Region Not Set","","Crystal Dynamics, Inc.","Crystal Dynamics, Inc.","1995-08-29","1","No","Action | Shooter","","It's the Earth's Stellar Guard against the alien Drak-sai. Now's the time to strap in and set the skies on fire! Blistering bombs explode; shields buckle but hold. Your reflexes better be faster than theirs; 'cause there's trouble over every mountain and in every tunnel. Bury the stick in a snap roll. Scream through 20 rounds of non-stop destruction and killer 3D texture-mapped terrains. Save Game feature allows time for refueling. Space sickness bags not included."
"Trip'd","","Region Not Set","","Panasonic Interactive Media","Warp Inc.","1995-01-01","","No","Puzzle","E - Everyone","Trip'd is a falling block puzzle game similar to Puyo Puyo. Instead of blocks, alien eggs of multiple colors fall down and the player must arrange them in a line of four of the same color in order to dispose of them. However, if eggs of the same color are arranged into a square, they will hatch and form a giant alien that can instantly end the game for the player. Players must complete the stage within a certain time limit or prevent the eggs to reach the top of the screen or else their game will end. They also have the option to either play solo, against the computer or against a friend."
"Twinkle Knights","","Region Not Set","","Intarus","Axes Art Amuse","1995-01-01","","No","","","If you want to actually fight with girls to get their clothes off, you can go the AV Idol Mahjong route to play against, or the simple, but tricky real-life action found in Twinkle Knights. As for Twinkle Knights, it’s a card-based fighting game where your female opponents just happen to lose their clothes bit by bit if you win a round. The game extends its life by making each fight 5 rounds, and the computer manages to pull some good cards on you when you least expect it, extending its lifespan a bit."
"Twisted: The Game Show","","Region Not Set","","EA Games","Studio 3DO","1993-01-01","","No","Puzzle","","Similar to the You Don't Know Jack series of games, Twisted: The Game Show is a trivia challenge game for up to 4 players. The game offers a humorous mix of live character video and computer graphics.

After an introduction by the host Twink Fizzdale, you can select your personality by viewing video clips of the various characters egging you on to select them. You advance or retreat through the game board based on your responses to various puzzles, mini-games and trivia questions."
"Ultraman Powered","","Region Not Set","","Bandai Co., Ltd.","Bandai Co., Ltd.","1994-03-20","1","No","Shooter | Fighting","Not Rated","No overview is currently available for this title, please feel free to add one."
"V-Goal Soccer '96","Vゴールサッカー'96","Region Not Set","","Tecmo","Tecmo","1996-03-22","1","No","Sports","","6 leagues, 42 teams, get ready for the greatest soccer matchup of your life. Tecmo brings the most lifelike and action packed soccer game right to you! Go for the hat-trick and get the crowd excited!"
"Virtual Horror: Norowarate Yakata","Escape From Monster Manor","NTSC-J","Japan","","Electronic Arts","1994-03-26","1","No","Action | Adventure | Shooter","Not Rated","Escape from Monster Manor (known in Japan as Virtual Horror: Norowarate Yakata, the sub-title loosely translated to ""Cursed Mansion"") is a horror-themed first-person shooter developed by Studio 3DO and published by Electronic Arts for the 3DO Interactive Multiplayer in 1994."
"Virtual Quest: Pharaoh No Fuuin","","NTSC-J","Japan","ASK Co. Ltd.","System Sacom","1994-01-01","1","No","Role-Playing","Not Rated","Adventure is now a reality. It is just the beginning of a whole new virtual experience of 3DO.

It's a thrilling ride. An exciting sound and 3D graphics adventure.
First person perspective screen with smooth movement and dazzling sound effects! Monsters in the machine will attack you!
No text - just play it! This game is composed of sound and images only. Messages are all spoken and map and icons can be brought to the screen when necessary. So you can concentrate on the actual game!
Mysteries, traps and real-time combat await you in the Egyptian depths!
Prophecy and the ciphers are the keys. Hidden routes exist - deep down inside dark dungeons. Exciting combat and mysteries take you to an enchanted land of adventure."
"Virtual Vivid Sampler","","NTSC-U","","","","1994-01-01","1","No","Life Simulation","AO - Adult Only 18+","No overview is currently available for this title, please feel free to add one."
"Virtuoso","","Region Not Set","","Data East Corporation","Movietime","1995-08-16","1","No","Action","","Music and Virtual Reality are your only escapes in a world gone mad. Transform into a rock superstar on a 3D virtual quest where the Angry Red Planet, Mars, awaits your invasion. Or enter an eerie Haunted House with a few spectres of its own. Submerge yourself in our underwater biosphere, but beware, the reefs ahead hold many dangers. Music Video Clips and a hard rock soundtrack set the stage in this head-banging cyberfantasy adventure!"
"VR Stalker","","Region Not Set","","American Laser Games, Inc.","Morpheus","1994-01-01","","No","","","Sometime in the near future, the United States has come under attack by a mysterious threat. After New York and Los Angeles are destroyed, many Americans have formed an underground resistance to fight off the attackers using a VR Simulator to control their planes to keep their fighters alive. The player has been recruited and is codenamed ""Stalker"" to defend the U.S. and bring back peace and order.

There are 15 missions in all, where the player has to complete certain objectives, such as destroy a certain amount of enemies or defend certain targets. The planes are mostly modern age such as the A-10 Warthog. The player can choose to use either the plane's machine guns or missiles to bring down enemy targets."
"Waialae Country Club","True Golf Classics: Waialae Country Club | Waialae no Kiseki","Region Not Set","","Panasonic Interactive Media","T&E Soft, Inc.","1994-01-01","","No","Sports","","Grab your clubs and head for the first tee. This golf sim recreates the world famous Hawaiian Waialae Golf Course, noted for lots of bunkers and very fast greens. You can choose your golfer, assign him a caddy, pick your set of clubs and adjust the power, putting, technical, recovery and wind game stats to suit your personal preference. The game offers a practice training mode, a tournament mode and the ability to challenge your friends in a stroke match. Oddly, this game was not sanctioned by the PGA and assumes that the golfer is always male."
"Way of the Warrior","","Region Not Set","","Universal Interactive Inc.","Naughty Dog Software","1995-05-11","2","No","Fighting","M - Mature 17+","The planet's greatest warriors have been assembled in a citadel, high atop the Himalayan mountains. It is here that only one challenger will survive and have his name etched with magical blood into the Book of Warriors. The tournament will bring together good, evil, mortal, and immortal. The outcome will lie in the hands of one... you! Find the way, noble challenger, find the Way of the Warrior!"
"Who Shot Johnny Rock?","","Region Not Set","","American Laser Games, Inc.","American Laser Games, Inc.","1995-01-01","","No","","","Another live-actor arcade shooter by American Laser Games (makers of Mad Dog McCree and Crime Patrol), Who Shot Johnny Rock is set in the classic 1920's style gangster era.

As the title suggests, you're supposed to find out who shot singer Johnny Rock (or at least who hired the guys who shot him) and put them behind bars.

There are some differences between this game and previous American Laser Games shooters. Instead of a wimpy pistol, you get a tommy gun (which doesn't need to be reloaded). Unfortunately, you also have limited ammo and need to buy more at times. Instead of lives you have a fixed supply of money, and each time you die you lose some cash. Lose it all and it's game over."
"Wicked 18","True Golf Classics: Wicked 18","Region Not Set","","Panasonic Interactive Media","T&E Soft, Inc.","1995-01-01","","No","Sports","","Wicked 18 is a golf game with a twist. The player takes control of a golfer on the most extreme 18 holes of golf with tall mountains, canyons and various objects and obstacles ready to stop the player at any time.

There are four different game modes to choose from: Stroke, Match, Skin and Tournament with the ability to play against three other friends in a heated match. There is also a battery back-up that saves the players progress after each hole is completed."
"Wing Commander III: Heart of the Tiger","","Region Not Set","","Origin Systems","Origin Systems","1995-01-01","","No","Action","T - Teen","The war against the Kilrathi is going badly for the Confederation. Its flagship, the Concordia, has been destroyed, battles are lost on all fronts. War hero Colonel Christopher Blair is transferred to the old carrier Victory. Take the role of Blair and ensure the success of the Confederation's last-ditch attempt for victory: the destruction of the Kilrathi homeworld.

Wing Commander III has the usual mix of space battles and cinematic storytelling. Changes from the first two games include SVGA graphics, the use of texture-mapped polygons instead of bitmaps for spaceflight sequences and real Hollywood actors appearing in the cinematic scenes."
"Winning Post","","Region Not Set","","Koei Co., Ltd.","Koei","1994-09-16","1","No","Strategy | Sports","","Winning Post lets the player take control of a stable of horse, breeding and training them for the ultimate goal, to win the French Grand Prix.

The player can hire breeders, trainers and jockeys and race in over 240 different races to earn more money to buy even better personnel and breed faster and stronger horses as well as keeping their horses healthy. Players can also bet on races as well.

The gameplay consists of choosing options before races, such as choosing which horses to train and what regiment they undertake, view stats, hire personnel and place bets. However the player has no controls over races and cannot participate and only view as a spectator."
"Wolfenstein 3D","","Region Not Set","","Interplay Entertainment Corp.","id Software","1995-10-19","1","No","Shooter","M - Mature 17+","This release of Wolfenstein 3D includes 90 levels:

The 30 levels of the SNES/Jaguar version (called the ""Second Encounter"" on the Macintosh, the ""Original Encounter"" on the 3DO and Apple IIgs).
The 60 levels of the original PC version (called the ""Third Encounter"" on the Macintosh). 

The two Macintosh ""Encounter"" versions had been previously available on their own via mail order."
"Woody Woodpecker and Friends Volume 1","","Region Not Set","","","","1994-04-04","1","No","Action","Not Rated","No overview is currently available for this title, please feel free to add one."
"Woody Woodpecker and Friends Volume 2","","NTSC-U","","","","1994-01-01","1","No","Action","Not Rated","No overview is currently available for this title, please feel free to add one."
"Woody Woodpecker and Friends Volume 3","","Region Not Set","","","","1994-04-04","1","No","Action","Not Rated","No overview is currently available for this title, please feel free to add one."
"World Cup Golf: Hyatt Dorado Beach","","Region Not Set","","U.S. Gold Ltd.","Arc Developments","1994-01-01","2","No","Sports","E - Everyone","World Cup Golf takes the player to Puerto Rico's own Hyatt Dorado Beach Golf Course as they can choose from a bevy of fictional golfers or create their own in 18 rounds of golf. There are 15 types of tournaments to choose from including skins, medal and stableford to name a few. Players can also practice their swing on the driving range.

Players can also customize weather conditions as well as choose from a plethora of camera shots including the ""Ball Cam"" that follows the ball to its location. Like many golf games, a meter is used to determine the accuracy and the power of the players swing and also features in-game commentary."
"Yuu Yuu Hakusho","幽☆遊☆白書 | Yu Yu Hakusho","Region Not Set","","Tomy","Hudson Entertainment, Inc.","1994-12-23","2","No","Fighting","E - Everyone","This game was released only in Japan."
"Zhadnost: The People's Party","","Region Not Set","","Studio 3DO","Studio 3DO","1995-03-02","4","No","Action","","Welcome to Zhadnost, the ""most popular game on Bizzarnian state run television""! Bizzarnia, a small communist nation has kidnapped contestants for this its favourite game show and is playing them against each other to compete for their freedom.

In this party game for two to four people you will be in near constant action. You will play mini-games with such names as Propaganda, and Eye Spy. Try to force your opponents into harder games and uncover secrets about their characters. All characters are live action including the host."
"Advanced Dungeons &amp; Dragons: Slayer","","Region Not Set","","Strategic Designs Ltd.","Lion Entertainment","1994-01-01","1","No","Action | Role-Playing","Not Rated","Slayer is a first-person action RPG using the AD&amp;D 2nd Edition license and rules. Choose from the usual assortment of AD&amp;D character races and classes and venture into randomly generated dungeons, fighting monsters, and finding items. Dungeon parameters and difficulty are customizable. ESRB Rating: Not Rated Genre(s): Action | Role-Playing"
"Advanced Dungeons &amp; Dragons: DeathKeep","","Region Not Set","","Strategic Simulations, Inc.","Lion Entertainment","1995-11-01","1","No","Action | Role-Playing","T - Teen","Deathkeep is a first-person perspective single-player role-playing game with a touch of medieval AD&amp;D gameplay in a full 3D environment. Apparently, another hero is stuck in an underground cavern crawling with monsters. This time they have to defeat an evil Necromancer located somewhere in the lower levels. To get to him they have to fight through 25 dungeons (each 8 floors) filled with horrific monsters who never heard of dental care. Three different characters can be chosen as the hero: 1. Dwarven male Fighter 2. Half-Elven male Fighter 3. Elven female Mage These classes offer different combat capabilities: The Dwarven Fighter focuses more on melee close combat with minimal (ax-throwing) ranged and almost no magical capabilities. The Half-elven Fighter, or more precisely Ranger, focuses on non-magical ranged combat with his favorite bow. Possesses medium melee combat capabilities and some magical capabilities. The Elven Mage focuses all her might in magical offense and defense. Spells may be found or learned as experience grows. Don't get too close to the enemy since a walking stick doesn't do much damage to bloodthirsty monsters! Gameplay consists mostly of adventuring and flattening every living and non-living creature in your way. Destroying monsters allows the character to level up and become more powerful as well as gain new spells. The dungeons are filled with traps, streams, caverns, ledges, and every possible obstacle to cause the player to lose their way in this maze of mazes. ESRB Rating: T - Teen Genre(s): Action | Role-Playing"
"Bodyconscious Digital Rave! Part 1: Shinjuku &amp; Takashi","","NTSC-J","Japan","","Transpegasus","1994-12-23","1","No","Utility","Not Rated","No overview is currently available for this title, please feel free to add one. ESRB Rating: Not Rated Genre(s): Utility"
"D: THE GAME COLLECTOR&#039;S EDITION","","NTSC-U","United States of America","Limited Run Games","Warp Inc.","2024-04-19","1","No","Action","T - Teen","The story begins in 1997. It&#039;s the dead of night in the city of Los Angeles, and there has been a mass murder at a general hospital on the outskirts of downtown. The perpetrator is the director of the hospital, Richter Harris. He has shut himself up in the hospital and taken a number of patients as hostages, leaving the police helpless and unable to move in. Richter&#039;s only daughter, Laura Harris, after hearing the situation, rushes to Los Angeles from San Francisco, and drives alone to the tragic scene at the hospital ground. Upon entering the hospital Laura finds herself transported to an old mansion, while the disembodied voice of her father pleads with her to leave. Nevertheless she must press forward to save her father and herself. - 2-Disc Physical copy of D: The Game for the 3DO with 3-Disc Japanese Director&#039;s Cut and Soundtrack CD - D: The Game Slipcover - Instruction Manual - 18&quot; x 24&quot; Poster ESRB Rating: T - Teen Genre(s): Action"
