title,alternate_titles,region,country,publisher,developer,release_date,players,coop,genre,esrb_rating,description
"10 Games in 1","10 Games in 1 Cartridge - Atari 2600","NTSC","United States of America","Atari, Inc.","Atari","2023-11-17","1","Yes","Action | Puzzle | Shooter | Sports","E - Everyone","Games included:
Adventure
Combat
Dodge 'Em
Haunted House
Maze Craze
Missile Command
RealSports Volleyball
Surround
Video Pinball
Yar's Revenge"
"1775","","NTSC","United States of America","","","2007-07-02","1","No","Action | Shooter | Unofficial","T - Teen","Claim your independence and join the Revolution in this simple shooter. Survive through 1781 to win!

Homebrew Author: David Weavil (a.k.a. s0c7)
NTSC V1 Released: 2007.07.02
PAL V1 Released: 2010.12.13
NTSC & PAL 12 Released: 2014.06.15"
"1943","","NTSC","","","","2008-08-31","1","No","Action | Shooter","Not Rated","You are a Anti-Aircraft commander in WW2 and your mission is to shoot down enemy airplanes. you have 51 shots. Have fun!"
"1945: V1 over London","","NTSC","","","","2010-01-01","1","No","Shooter","Not Rated","1945: V1 over London is a Blitz clone for the Atari 2600. You play as a German WWII pilot during the London Blitz."
"2 in 1 - Space UFO / River Raid","","PAL","Australia","","","1981-01-01","2","No","Action","Not Rated","No overview is currently available for this title, please feel free to add one."
"2 Pak Special - Cavern Blast, City War","","Region Not Set","","Neckermann / HES","Apollo, Inc.","1992-01-01","1","No","Action","Not Rated","Another entry in HES's extensive line of ""2 pak specials"". This cartridge contains two reissued games from Imagic: Cavern Blaster and City War.

Cavern Blaster is a retitled version of the side-scrolling shoot-em-up Laser Gates; while City War is actually the classic game Atlantis, also saddled with a new title. As with the other multicarts in this series, the desired game is chosen via joystick from a startup menu."
"2 Pak Special - Challenge, Surfing","","Region Not Set","","HES Interactive | 																Otto Versand","Video Gems | 																Zellers","1990-04-01","1","No","Sports","Not Rated","A 2 Pak Special of the games challenge and Surfing."
"2 Pak Special - Dolphin, Pigs'n wolf","","Region Not Set","","HES Interactive | 																Otto Versand","Activision | 																HES","1990-01-01","1","No","Adventure","Not Rated","2 Pak Special: Dolphin + Pig 'n Wolf"
"2 Pak Special - Dungeon Master, Creature Strike","","Region Not Set","","HES Interactive | 																Otto Versand","Victor Interactive Software, Inc.","1992-01-01","1","No","Adventure","Not Rated","A 2 Pak Special of Dungeon Master and Creature Strike."
"2 Pak Special - Motocross, Boom Bang","","Region Not Set","","Neckermann / HES","Activision | 																Taiwain Cooper","1990-01-01","2","No","Action | Sports","Not Rated","A 2 Pak Special of Motocross and Boom Bang."
"2 Pak Special - Planet Patrol, Wall Defender","","Region Not Set","","Neckermann / HES","Bomb | 																Spectravision","1990-01-01","1","No","Action","Not Rated","A 2 Pak Special of Planet Patrol and Wall Defender."
"2 Pak Special - Space Voyage, Fire Alert","","Region Not Set","","Neckermann / HES","HES","1992-01-01","1","No","Action","Not Rated","A 2 Pak Special of Space Voyage and Fire Alert."
"2 Pak Special - Star Warrior, Frogger","","Region Not Set","","Neckermann / HES","Konami","1990-01-01","1","No","Action | Strategy","Not Rated","A 2 Pak Special of Star Warrior and Frogger."
"2 Pak Special Alien Force, Hoppy","","Region Not Set","","Neckermann / HES","Imagic","1992-01-01","1","No","Action","Not Rated","2 Games in one. Select which game using initial menu. Game 1 is Alien Force (Cosmic Ark) and game 2 is hoppy. In hoppy it appears you try to outsmart the other rabbit and make it to the top of your warren."
"2005 Minigame Multicart","","Region Not Set","","Self-Published","Self-Published","2005-01-01","1","No","Action","Not Rated","Atari 2600 fans Chris Walton (cd-w), Fred Quimby (batari), Bob Montgomery (vdub_bobby), and Zach Matley (Zach) submitted several 1K entries for the 2005 Minigame Competition. They have now teamed up to release their seven 1K games in a single 2005 Minigame Multicart, complete with an on-screen menu that allows easy selection of the games as well as instructions.

The included games are: Hunchy, Jetman, Nightrider, Zirconium, Rocket Command, M-4, and Marble Jumper"
"2048","","NTSC","United States of America","","","2014-01-01","1","No","Puzzle | Unofficial","E - Everyone","A port of the 2048 game to the Atari 2600.

There are two modes: one-player and two-player. You can use GAME SELECT to switch between them (the selected game will auto-start).
On the title screen, the left joystick button will start a single-player game, and the right joystick button will start a two-player game. When a game is over, the buttons restart the game appropriately.

Author and License

© 2014 by Carlos Duarte do Nascimento (Chester)
Portions contributed and © by their respective authors, see below.
Cartridge Art © 2014 by Jenn Harrison
Based on the original 2048 game by Gabriele Cirulli, which is based on 1024 by Veewo Studio and conceptually similar to Threes by Asher Vollmer."
"2600 Diagnostic Cartridge","","NTSC","United States of America","Unknown","","1977-09-01","1","No","Utility","Not Rated","No overview is currently available for this title, please feel free to add one."
"27 Tele-Games","","NTSC","United States of America","Sears, Roebuck and Co.","Sears Roebuck and Co.","1977-07-08","4","Yes","Adventure | Racing | Shooter | Sandbox | Flight Simulator","E - Everyone","27 Tele-Games in one for the ultimate family experience!"
"27 TELE-GAMES (JET PLANE, AUTO RACING, SLALOM SKIER)","","Other","","Sears, Roebuck and Co.","Atari","1977-01-01","2","No","Action | Adventure | Racing","Not Rated","No overview is currently available for this title, please feel free to add one."
"27 TELE-GAMES (shooting gallery, planes, submarines, ships)","","Region Not Set","","Telegames USA","Atari","1977-01-01","2","No","Action | Adventure | Shooter","Not Rated","27 games in one cartridge"
"3-D Genesis","","Region Not Set","","Video","Amiga","1983-01-01","2","No","Shooter | Flight Simulator","E - Everyone","PEACE THROUGH SUPERIOR FIREPOWER!

In the far future, the planet is overrun with enormous, super insects, who fiercely battle each other for survival. You've chosen a side to fight for, and the enemy has been funneled into a deep crevice, but now you're outnumbered. You put their numbers to the test. They saythe meek shall inherit the Earth, but how long can you defend it?"
"3-D Havoc","","Region Not Set","","Video","Videosoft","1983-10-01","1","No","Shooter","","3-D Havoc is an Action game, developed and published by Amiga, which was cancelled before it was released.

Your stellar cruiser begins to shudder as the hyperwarp drive suddenly cuts out. Slowing down, you realize you've entered an asteroids field. A BIG asteroid field. You bolt for the high-density laser-pulse inverter. Your only chance is to blast your way out. And you better start now..."
"3-D Tic-Tac-Toe","3D Tic Tac Toe | TicTacToe","Region Not Set","","Atari, Inc.","Atari","1978-03-22","2","No","Strategy","","Modeled after the game ""Qubic"". Atari released a graphical version of the game for the Atari 2600 console and Atari 8-bit computers in 1978. The program was written by Carol Shaw, who went on to greater fame as the creator of Activision's River Raid. It uses the standard joystick controller. It can be played by two players against each other, or one player can play against the program on one of eight different difficulty settings."
"32 in 1","","Region Not Set","","Atari, Inc.","Atari","1988-01-01","2","No","Action | Puzzle | Strategy | Racing | Shooter | Fighting | Sports | Flight Simulator","Not Rated","32 games in 1 cartridge was 1988 released and is highly common in Europe. Popular Atari 2600 games of the sports- and shootergenre was put into one cartridge. This was a cart that was released in PAL format in Europe, Australia and New Zealand. Most were the pack in game with the Atari 2600 in the UK and Atari 7800 in Australia and New Zealand but it was also released as a boxed separate game for the Atari 2600. A different game was selected every time the Atari 2600 or Atari 7800 was turned on."
"34 Tele-Games","","Region Not Set","","Sears, Roebuck and Co.","Sears Roebuck and Co.","1981-01-01","2","No","Action","Not Rated","No overview is currently available for this title, please feel free to add one."
"3D Ghost Attack!","","Region Not Set","","","Videosoft","1983-01-01","1","No","Action","","""They say the mansion is haunted, But nobody really knows for sure. And you've just got to find out. Armed with yourphotobeam, you begin your search. Suddenly, there's a flash of light. Then another. And another. They're all around you coming from walls, doors, windows, everywhere. You reach for your trusty photobeam. Now somebody knows for sure..."""
"3D Tic-Tac-Toe ( Sears Telegames )","","Region Not Set","","Sears, Roebuck and Co.","Sears Roebuck and Co.","1980-01-01","1","No","Strategy","Not Rated","Modeled after the game ""Qubic"". Atari released a graphical version of the game for the Atari 2600 console and Atari 8-bit computers in 1978. The program was written by Carol Shaw, who went on to greater fame as the creator of Activision's River Raid. It uses the standard joystick controller. It can be played by two players against each other, or one player can play against the program on one of eight different difficulty settings. Unlike many of the Sears Telegames titles, this game used the same name as the Atari release."
"3D TicTacToe","3D Tic-Tac-Toe | 3-d Tic-Tac-Toe | 3D Tic Tac Toe","Region Not Set","","Atari, Inc.","Atari","1978-01-01","2","No","Puzzle","","Unlike traditional Tic-Tac-Toe, 3-D Tic-Tac-Toe is played on four stacked 4x4 grids. Players alternate turns placing an 'X' or 'O' and must align 4 of their own symbols in a row vertically, horizontally, or diagonally to win, similar to Milton Bradley's board game Qubic. The game features simple graphics with white grids on a bright blue background. The game can be played either against a human opponent or AI which features 8 different skill levels; however, the AI can take a very long time to make a move on high difficulty levels, in late-game states."
"66 Tele-Games","","NTSC-U","United States of America","Sears, Roebuck and Co.","Atari","1981-01-01","2","No","Action | Shooter","E - Everyone","No overview is currently available for this title, please feel free to add one."
"9 IN 1 MULTIGAME","","Region Not Set","","","","1977-01-01","1","No","Action | Racing | Fighting","E - Everyone","GAMES:
A846
CAR RACING
BI BI
TENNIS
PAC MAN
PAC KONG
FOOT BALL
BOXING
CHOPLIFTER"
"A Game of Concentration (Memory Match)","","Region Not Set","","Atari, Inc.","Atari","1978-04-01","2","No","Puzzle","","Game of Concentration (also known simply as Concentration and Hunt & Score) is a video game produced by Atari, Inc. and released in 1978 for its Atari 2600 video game system. The game was programmed by Jim Huether, and is a video version of the classic memory game. It was one of a handful of games that used Atari's keypad controllers."
"A Knight On The Town","","Region Not Set","","","Playaround","1982-05-01","","No","Life Simulation","","The object of the game is to save the lovely princess, held captive in the castle tower, and become the object of her affections in the least possible time. You accomplish this by maneuvering your knight (who's not in shining armor) to build a bridge across the moat, avoiding the dangers of the beast, a crocodile, and in the more difficult version a flying dragon who drops fireballs."
"A Mysterious Thief","A Misterious Thief","Region Not Set","","Vidco","Vidco","1983-01-01","1","No","Action","","Your goal is to steal as many items from the building before the timer expires.  To accomplish this task you're going to have to sneaky, because as we all know a clumsy thief is a dead thief.  Unfortunately you're not alone, killer guard dogs and the local security man have been alerted to your presence and are out to put and end to your one man crime spree.  
 
Within a platform system, the player must reach the purple line to be able to go up or down the floors. But beware, as several enemies will appear to disrupt you. 

The Mysterious Thief was canceled before its release, being possible to play only the NTSC prototype version. A PAL version of this game called Criminal Pursuit was later released by Suntek."
"A Roach In Space","","NTSC","","AtariAge","","2019-07-14","1","No","Action | Shooter | Unofficial","E10+ - Everyone 10+","As part of an experiment, a roach was sent into space. But the ship was trapped in a cosmic ray storm and exploded!

The roach miraculously survived, losing two legs in the explosion, but also acquired the ability to fly through space and shoot energy blasts from his antennae! Your mission is to guide the stranded insect back to earth through a perilous journey infested with all kinds of evil space creatures.

How to Play

The road back home is plagued with evil creatures that will attack our hero using different patterns. When enough enemies are destroyed (11 in Normal Mode, 15 in Hard Mode), a new wave of enemies will take their place.

In addition to the regular enemies, there are four mid bosses and one final boss, each with their own attack patterns and several health points. Every time a mid boss is defeated, a heart item will appear. Catch it to recover six health points. Our hero can have a maximum of eight health points.

Developer: Vladimir Zúñiga"
"A-VCS-tec Challenge","","Region Not Set","","AtariAge","Simon Quernhorst","2006-07-10","1","No","Action","","1475. Tenochtitlán is ruled by the Aztec sovereign Axayacatl, son of Motecuhzoma. Even as he was being defeated by the Tarascans, Axayacatl was expanding his realm by conquering the Mixtecs and Zapotecs.

You, being a warrior of the Zapotecs, managed to escape the battlefield together with two of your brothers, but unfortunately your party was trapped afterwards. Axayacatl offers you the only chance to survive by reaching the coast and leaving the country by boat. He challenges you with spear throwing warriors along your path and stone rolling priests on the pyramids. Reaching the pyramids safe inside allows your team to relax for a short time and prepare for the next trail.

Simon Quernhorst, author of the Atari 2600 homebrew game Mental Kombat, has programmed a new 2600 game: A-VCS-tec Challenge. A-VCS-tec Challenge is a conversion of the popular Aztec Challenge on the Commodore 64. The Atari 2600 version of the game includes the original game's arcade-like first level, called ""The Gauntlet"", as well as a second level where you must race up the stairs to the top of the pyramid while avoiding large stones being thrown down from the top! A-VCS-tec Challenge features the memorable soundtrack from the Commodore 64 version, composed by Paul Slocum, author of the Synthcart and Marble Craze for the 2600."
"Aardvark","","NTSC","","AtariAge","","2020-01-01","1","No","Action","Not Rated","Welcome to nature! Guide Oscar the Aardvark in his quest for tasty ant eggs and the most delicious ants hidden deep below ground. But be careful with your tongue, you could get an unexpected bite!"
"Abfahrtslauf","Ski Run","Region Not Set","","Hertie","Home Vision","1983-04-01","1","No","Sports","","Abfahrtslauf is a re-make of Home Vision's Ski Run originally published in Tiawain in 1983."
"Abyss of Chernobyl","","Other","","","","2020-03-20","1","No","Action | Unofficial","E10+ - Everyone 10+","1986.04.26 01:23:47 In this second, something happened to mankind that was never seen before. Many countries were in grave danger and a huge part of Europe witnessed polution and radiation. Many sacrificed their own lives so others can survive. In their place, how far could you progress?
After the incident, Valery Legasov and Boris Shcherbina had to make fast decisions to stop futher tragedies. The fireman of the first night, the helicopter pilots, the three plungers of suicide squad, the coal miners, the liquidators, the soldiers on the roof provide superhuman braveness. In this game, you can find five games with five important episodes of the story.
1. AZ-5
2. HELLGATE
3. SUICIDE SQUAD
4. BLACK RAVEN
5. 90 SECONDS

Homebrew Author: ""Atarian""
Most recent release: v0.81 (WIP)"
"Acid Drop","","Region Not Set","","Salu Ltd.","Salu","1992-01-01","1","No","Strategy","","A falling block game similar to Columns. The object of the game is to create a horizontal or vertical line of three or more blocks of the same color, which will then disappear. The remaining blocks will fall down, but won't disappear if they form another line. Every 10,000 points a special block will appear (the Acid Drop) which removes three columns of blocks and marks the beginning of the next level."
"Acid Fish","","NTSC","","","","2008-10-31","1","No","Action | Unofficial","E - Everyone","Some hippies were partying for labor day weekend on their boat. Some drugs fell into the ocean and this little fishy has eaten one. He thinks everyone is out to get him, including the coral!
Guide your fish through murky waters and don't touch anything. The game gets faster every 50 points until you finally enter a pure panic.

Author: ""yuppicide""
Released: 2008"
"Action Force","Cobra Strike | Cobra Strikes | G.I. Joe: Cobra Strike","PAL","United Kingdom of Great Britain and Northern Ireland","Parker Brothers","Parker Brothers","1983-02-01","3","Yes","Action","Not Rated","The headquarters of the G.I. Joe Special Mission Forces is under siege by the archenemy COBRA! An evil organization determined to take over the world, COBRA has appeared in the form of a giant cobra snake. Right now, it looms over the camp threatening disaster. So on the double! Man your positions! Defend the camp! Destroy the villain before it's too late!"
"Action Pak","","Region Not Set","","Atari, Inc.","Atari","1981-01-01","4","No","Strategy | Board | Family","Not Rated","This package contains Breakout, Othello, and Dodge 'Em, originally sold at a value price. There is a large blue outer box that contains the three games inside, each in its own generic white box. Some of these white boxes also showed up at Federated Electronics, an electronics outlet store that Atari purchased in the 1980s."
"Actionauts (Prototype)","","Region Not Set","","","Rob Fulop","1984-01-01","","No","Puzzle","","Prototype for Atari 2600.  

If you were around in the early 80's, you'll undoubtedly remember the robot craze.  From Transformer to Gobots to Tranzor Z, giant robots were in and just about everything else was out.  Atari 2600/8-bit programming veteran Rob Fulop saw the potential of this robot craze to make a great video game and set out to make the ultimate robot game for the Atari 2600.

Rather than make the obligatory giant robot shooter (as was the current style in Japanese video games), Rob decided to take a different route.  Instead, Rob created a unique puzzle featuring a peaceful programmable robot whose only goal in life was to find his cheese.  Because we all know that if there's one thing all robots want in this world, it's cheese!"
"Activision Hot Action Pak","","Region Not Set","","HES Interactive","Activision","1990-01-01","1","No","Action","E - Everyone","A pak of the four activision titles Ghostbusters, River Raid, Tennis and plaque Attack."
"Activision Rad Action Pak","","Region Not Set","","","","1990-04-23","1","Yes","Action","E - Everyone","Rad Action Pack is a Miscellaneous game, developed by Atari, which was cancelled before it was released. Chopper Command was included as a separate cartridge."
"Activision Sports Action Pak","","Other","","Activision","Activision","1988-01-01","1","No","Sports","Not Rated","No overview is currently available for this title, please feel free to add one."
"Adventure","","NTSC-U","United States of America","Atari, Inc.","Atari","1980-03-14","1","No","Action | Adventure","E - Everyone","Adventure is a 1980 Atari 2600 video game developed and released by Atari in the USA on March 14, 1980.

In Adventure, the player's goal is to recover the Enchanted Chalice that an evil magician has stolen and hidden in the kingdom and return it to the Golden Castle. The kingdom is made of a total of thirty rooms, with various obstacles, enemies, and mazes located in and around the Golden, White, and Black Castles. The kingdom is guarded by three dragons—the yellow Yorgle, the green Grundle, and the red Rhindle—that protect or flee from various items and attack the player's avatar. An enemy bat can roam the kingdom freely, carrying an item or a dragon around; the bat was to be named Knubberrub but the name is not in the manual. The bat's two states are agitation and non-agitation. When in the agitated state, the bat will either pick up or swap what it currently carries with an object in the present room, eventually returning to the non-agitated state where it will not pick up an object. The bat continues to fly around even offscreen, swapping objects.

The player's avatar is a simple square shape that can move within and between rooms, each represented by a single screen. Helpful objects include keys that open the castles, a magnet that pulls items towards the player, a magic bridge that the player can use to cross certain obstacles, and a sword which can be used to defeat the dragons. The player may only carry one object at a time. If eaten by a dragon, the player can then opt to resurrect the dead avatar instead of completely restarting the game. The avatar reappears at the Golden Castle and all objects remain at their latest location, but all slain dragons are resurrected. The ability to resurrect the avatar without resetting the entire game is considered one of the earliest examples of a ""continue game"" option in video games.

The game offers three different skill levels. Level 1 is the easiest, as it uses a simplified room layout and doesn't include the White Castle, bat, Rhindle, nor invisible mazes. Level 2 is the full version of the game, with the various objects appearing in set positions at the start. Level 3 is similar to Level 2, but the location of the objects is randomized for a greater challenge. The player can use the difficulty switches on the Atari 2600 to further control the game's difficulty; one switch controls the dragons' bite speed, and one causes them to flee when the player carries the sword."
"Adventure - 50th Anniversary Limited Edition","","NTSC","","Atari, Inc.","Warren Robinett","2022-08-01","1","No","Adventure","Not Rated","This Limited Edition includes:

- Premium 50th Anniversary game box with a cutout that allows you to see the front of the cartridge

- A newly manufactured Atari 2600 cartridge with custom artwork and an acrylic top that lights up when being played

- Color instruction manual 

- Hard enamel collectible pin with black nickel plating

- Polyester blend, twill-woven embroidered collectible patch

- Custom acrylic cartridge stand"
"Adventure ( Sears Telegames )","","Region Not Set","","Sears, Roebuck and Co.","Atari","1978-01-01","2","No","Action","E - Everyone","No overview is currently available for this title, please feel free to add one."
"Adventure II","","NTSC","United States of America","Atari, Inc.","Atari","2005-08-01","1","No","Action | Adventure","Not Rated","Adventure II is a action-adventure game developed by Curt Vendel and published by Atari on the Atari Flashback 2 in 2005. It is a modern sequel to the first adventure game ever"
"Adventure Plus","","Region Not Set","","","","1978-01-01","1","No","Adventure","Not Rated","No overview is currently available for this title, please feel free to add one."
"Adventures of TRON","","Region Not Set","","Mattel Electronics","M Network","1982-01-01","1","No","Action","Not Rated","Adventures of TRON is based on the motion picture TRON from Walt Disney Productions.

The game environment consists of 4 floors, each with flying ""bits"" as well as enemy MCP attackers. The objective of the game is to control TRON (you) in a maze of platforms and elevators while trying to intercept the flying bits (intercepting bits on higher floors are awarded higher points).

Dodge enemy MCP attackers by jumping, using elevators and hitching a ride on the Silver Sailor. Capturing all 7 ""bits"" will take you to the next level, with added speed and difficulty."
"Adventures on GX-12","","Region Not Set","","","","1988-01-01","1","No","Platform","Not Rated","This is the same game as Adventures of TRON, but it was released after the license with Walt Disney had expired so the name was changed. The title screen was also removed."
"AIR BONE ASSAULT","","Region Not Set","","","","1976-01-01","1","No","Action","E - Everyone","No overview is currently available for this title, please feel free to add one."
"Air patrol","","Region Not Set","","","","1983-01-01","1","No","Action","E - Everyone","No overview is currently available for this title, please feel free to add one."
"Air Raid","","Region Not Set","","MenAvision","Men-A-Vision","1982-01-01","1","No","Action","Not Rated","The quiet pre-dawn sky is suddenly filled with enemy bombers. Can you save Manhattan from your loan command post? You watch as the sky scrapers around you are reduced by each hit until, after 12 hits, nothing but rubble remains. You fire fast and furiously to protect the falling city. Can you withstand the deadly on slaught? With 8 variations of play this debut thrill packed action game by Men-A-Vision, will bring many hours of exciting challenging play."
"Air Raiders","Air Battle | Top Gun","Region Not Set","","Mattel Electronics","M Network","1982-01-01","1","No","Shooter","Not Rated","Start with lots of ammo and your fuel tank full! Shoot down enemy planes. Dodge enemy ground shells. Get hit and you lose altitude! Watch your gauges. Don't crash! Land to refuel after you make ten hits! Take off again... Game ends when you run out of ammo or crash!"
"Air-Sea Battle","","Region Not Set","","Atari, Inc.","Atari","1978-03-24","2","Yes","Action","Not Rated","There are six basic types of game available in Air-Sea Battle, and for each type, there are one or two groups of three games, for a total of twenty-seven game variants. Within each group, variant one is the standard game, variant two features guided missiles which can be directed left or right after being fired, and variant three pits a single player (using the right gun) against a computer opponent, which simply fires continuously at the default angle or speed. In every game, players shoot targets (enemy planes or ships, shooting gallery targets, or each other, depending on the game chosen) competing to get a higher score. Each round lasts two minutes and sixteen seconds; the player with the higher score after time expires is the winner, unless one player wins (and ends the game) by reaching 99 points before the time is up."
"Airlock","","Region Not Set","","Data Age, Inc.","Data Age","1982-01-01","2","No","Action","","The player is trapped in a crashed nuclear submarine which has begun taking on water. They need to escape by making their way up the levels of the submarine one at a time. Each floor has two hatch keys that need to be collected in order to unlock the elevator to the next level. There is a time limit, though; if you take too long the floor will flood and you'll be unable to escape. Due to the crash, the torpedoes on board the submarine are now loose and wander across the floor as the boat shakes. The player will need to jump over any torpedoes that cross their path, or they will be stunned momentarily and lose precious time."
"Alfred Challenge","","Region Not Set","","Ebivision","Ebivision","1998-01-01","1","No","Platform","","Run, jump and climb to reach the keys opening doors to the next level. Take care of the Tazniak and the Bukoï which have only one idea: Kill you!

Alfred had been anticipating this day for most of his life and trained intensely for it during the past year. Nobody knew why a passage appeared at the base of Mount Zepithar every eleven years, but everyone did know that once you entered the passage, you were caught in a universe of strange and hostile creatures seemingly from another world. Alone, Alfred would face the ultimate challenge, and should he succeed in his quest, he would become the next village chief. Can you help Alfred realize his goal and safely guide him through the maze of ladders, ropes, platforms and monsters?

Alfred Challenge is Ebivision's first game, written by Eric Bacher. This new release of Alfred Challenge features a professionaly printed label and manual, and all five Ebivision games sold through AtariAge feature a uniform label and manual design."
"Alien","","Region Not Set","","Fox Interactive","Fox Video Games, Inc.","1982-01-01","1","No","Action","","In this game based, loosely, on the movie of the same name, you have to move through a maze (the halls of your ship in the manual), ala Pac-Man, collecting dots (destroying alien eggs).

If you collect the power dot (pulsar), you can kill any of the three aliens, for a short time. There are only three enemies in the maze at a time, there is a bonus item at times and only one power dot (pulsar) at a time. When you grab the pulsar, it will next appear in one of two other spots.

After you clear one level, you get a bonus game. You have to move up the screen to the prize at the top past several aliens, reminiscent of Freeway. You do not lose a man if you fail but you only have eight seconds to do it then you are off the the next, harder level."
"Alien Abduction!","","NTSC","","AtariAge","","2016-07-20","1","No","Action | Puzzle | Platform","Not Rated","No overview is currently available for this title, please feel free to add one."
"Alien Attack","","Other","","","","2018-04-01","1","No","Action | Unofficial","E10+ - Everyone 10+","You are defending the colony from Alien Attack.
You must defeat 16 waves of 6 aliens to save the colony, and win 3 mother ship battles (every 6th level). The aliens will try to knock out your laser cannon and your laser cannon energy batteries.
Your laser cannon power supply will only last for a count of 60, so each wave must be defeated within that time so that the power supply can recharge between waves, or else your laser cannon will be rendered useless.
You have a shield which can be activated by pulling down on the joystick.
The shield will last for 1 second, but cannot be activated again for 4 seconds. The shield also puts a higher drain on your power (5 units).
Can you defeat the aliens and save the colony?

Author: Edward A. Smith
Released: 2019"
"Alien Force","","NTSC","","HomeBrew Software","","1998-01-01","1","No","Action","Not Rated","Year of publication of the game: 1998, Company Nova32, Programmer Rolando Fernández Benavidez.

Are you a nostalgic 8-bit games for Atari 2600?? 

Yes, the answer is yes, this may interest you.

Simple 8-bits Arcade in 2D console game Atari 2600, low-screen resolution game, example of a project to be performed in the video game programming workshop taught on NAS (Nova32 Animation Studios) for beginners and people with little hardware programming knowledge and Assembler of cpu MOS-6502.

""You can play it on the ATARI Flashback Portable console or the Windows, Mac, Linux and Android-compatible Stella 5.13 emulator.""

The graphics are 2D at a native resolution of 160x190 pixels. Example of project for beginners, and lovers of 8-bit style games. Atari BASIC and Assembler Language are used to program. Not recommended for Gamers or Professional Developers; this game is for people who start programming 8-bit systems. Contains 10 levels. Very complete study project for the first basic level course in Atari 2600."
"Alien Greed","","Region Not Set","","Chris Read","Chris Read","2007-07-01","1","No","Action | Adventure","","You were one of the first ones to reach Earth when you heard about the cool new LIMITED EDITION release of ALIEN GREED. Actually you got here a little too fast. I guess that braking thing wasn't such a waste of time after all. Well, You are here in one piece but you can't say the same about your ship. Pieces is more like it. Time to go round up all of those shiny new cartridges before your rivals get here. 

Oh no!! It can't be! They are here! And they took the time to slow down! That means they can use their transporters. Hurry up and grab those carts before they beam them away! Oh, And watch out for the Bees!!"
"Alien Greed 3","","Region Not Set","","Neo Games","Chris Read","2010-08-01","1","No","Action | Adventure","","The final showdown has begun between the Alien Collector and Atari Charles for possession of the E.T. Prototype cartridge. Look for cartridges hidden in the nearby forest but watch out for Mr. Detective (an avid Atari fan), who is investigating the area trying to locate a mythical Atari cartridge stash! There seems to be pits all over the forest. Be careful you don't fall into one on your journey. Keep on your toes while collecting and beware of the dread Atari Charles who may be lurking in the area after having been turned into a mutated E.T. monster by his obsession with the E.T. Prototype cartridge. YOU MUST COLLECT THEM ALL!"
"Alien Greed 4","","Other","","","","2012-07-01","1","No","Action | Adventure | Unofficial","Not Rated","After a two-year rest on your home planet, it is time to find some more Atari 2600 cartridges. It is time to enter a new world! 
What your elders failed to tell you is that this new world is filled with vicious, blood thirsty ducks! 
OK, they are really dragons, but they sure do look like ducks! 
These dragons are protecting and defending the Atari 2600 cartridges."
"Alien Greed II","","Region Not Set","","Neo Games","Scott Dayton","2008-06-01","1","No","Action | Adventure","","The moment of triumph has gone terribly wrong. Upon obtaining the priceless E.T. Prototype, Atari Charles has horribly mutated into that which he had coveted. He is doomed to spend his life protecting his ""Precious"" E.T. Prototype. And as if the waves of collectors and re-sellers isn't enough, Now THEY have come! The Aliens have found out what Charles is protecting. They will never stop until it has become part of their cosmic collection."
"Alien Holocaust","","Other","Brazil","","","2022-10-12","1","No","Action | Adventure","E10+ - Everyone 10+","O ano é 1960. Bruce tem sua vidinha comum, seu emprego, sua familia.... Mas algo extraordinário está prestes a acontecer...

Em Holocausto Alienígena você controla Bruce, que esta sendo perseguido por extraterrestres. São 4 fases distintas com jogabilidade diferente em cada. 

- The Road
Bruce está voltando do trabalho na estrada escura quando avista uma luz no céu. O que seria esse brilho?

- The Woods
No ultimo instante, Bruce consegue pular do carro abduzido e cai na floresta. 

- The Cabin
Uma vez dentro do chalé, Bruce achava que estava salvo, mas nem imaginava que coisas estranhas iriam começar a acontecer ali.

- A Viagem
o OVNI decola e leva Bruce abduzido para mais experimentos."
"Alien Planet","","Region Not Set","","","","1970-01-01","1","No","Adventure","Not Rated","No overview is currently available for this title, please feel free to add one."
"Alien Revenge","","NTSC","United States of America","","","2018-07-18","1","No","Action | Unofficial","E10+ - Everyone 10+","The Aliens are back and this time they are pissed!
Since the last attack, you have constructed a planetary shield defense, but hey have discovered the orbiting power station that controls your planet's shield.

You control the power station's lasers that will defend the station. You can fire in 8 directions with joystick.
Once again time is important, you must defeat each wave within 40 /25 seconds because your station must recharge its power supply . Also , your station cannot withstand more than 10/5 hits per wave .

Defend the station by destroying the aliens . You can also shoot alien missiles. You have a shield which can be activated every 4 seconds by pressing the button.

Author: Edward A. Smith
Released: 2018"
"Alien's Return","E.T. Go Home | Go Home Monster","Region Not Set","","Home Vision | 																VDI","","1983-03-03","1","No","Puzzle","","Alien's Return (also known as Col 'N', E.T. Go Home and Go Go Home Monster) is a video game released in 1983 by ITT Family Games for the Atari 2600. An alien crashed on Earth and to get back to his planet he must find the four pieces of his spacecraft. Go into the several rooms and press the button. Hopefully, a piece of the ship will show on a corner of the screen. Pick it up and repeat the procedure until you can go back home. Beware of the guardians, though, as they would follow you to trap you.The European version of the game was released with the title UFI und sein gefährlicher Einsatz, also known as E.T. Go Come."
"Allia Quest","","Region Not Set","","Ebivision","AtariAge","2001-08-11","1","No","Shooter","","Fly through the space and destroy the Aliens before they desroy you! You must learn how the eight different Alien races move and attack. Plan you own strategy to get the next level. You must Kill'em all! It's the only way to complete your quest for the mother ship Allia...

It was a simple enough mission, return the ceremonial pants that the Prince of the Agrob system had left behind on his latest diplomatic mission to your home world. The journey to planet G45 was a pretty boring affair. Or so you thought! Not far into your mission, a squadron of ships appears on your radar, but it's not a welcoming committee! After the surprise of shots echoing against your hull, you scramble to get the ship into combat mode, knowing that your simple delivery mission has now turned into a fight for your life!

Allia Quest is Ebivision's second game, written by Igor Barzilai. This new release of Allia Quest features a professionaly printed label and manual, and all five Ebivision games sold through AtariAge feature a uniform label and manual design."
"Alpha Beam With Ernie","","Region Not Set","","Atari, Inc.","Atari","1983-01-01","1","No","Puzzle","","The object of Alpha Beam is to help Sesame Street's Ernie pilot a small shuttle, collect fuel tanks (marked by a letter of the alphabet), and return them to his space ship so that he can return to Earth.

The game was marketed as a family-friendly game that could teach children pre-reading skills such as identifying and matching letters. Alpha Beam was compatible with the Atari Kid's Controller, which was sold separately, although the regular keyboard controller is also compatible"
"Amidar","","Region Not Set","","Parker Brothers","Parker Brothers","1982-01-01","1","No","Action","Not Rated","As a paintbush, run over the borders of each rectangle to color them in in order to complete the level, while avoiding enemies. You can force them to jump to help you if they get in your way."
"Amoeba Jump","","NTSC","","AtariAge","","2019-12-08","1","No","Platform","E - Everyone","Amoeba Jump is a vertical jumping game for the Atari 2600 where your objective is to guide an amoeba (a single-celled creature) up a never-ending series of platforms without falling. The higher you get, the higher your score will be!"
"Amphibious War","","Region Not Set","","CCE","CCE","1988-01-01","1","No","Action","E - Everyone","No overview is currently available for this title, please feel free to add one."
"AndroMan on the Moon","","Region Not Set","","Atari, Inc.","Western Technologies Inc.","1984-01-01","1","No","Action","E - Everyone","Androman on the Moon was one of several planned games for the unreleased Androman robot.  Although a few of the games were rumored to have been programmed, Androman on the Moon is the first one to actually surface.  Although the game itself may not look like much, one has to remember that it was only part of the package.  The real magic was with Androman himself.
So what exactly was Androman?  Androman was a small white robot that would scurry about on a floor mat while the player controlled him using the Atari 2600.  Androman also had a barcode scanner in his bottom that would read barcodes placed on the map so the 2600 (and the robot) knew where he was.  Using a combination of the joystick and barcodes, the player could guide Androman around the floor mat and play various games.  One of those games being Androman on the Moon."
"Angriff der Luftflotten","","Region Not Set","","Starsoft Development Laboratories","Quelle","1982-10-01","1","No","Action","","Title translates to ""Attack of the Air Armada"". Also released under the name ""Paris Attack""."
"Angry Video Game Nerd - KO Boxing","","Region Not Set","","","","2009-01-01","1","No","Sports","Not Rated","No overview is currently available for this title, please feel free to add one."
"Anguna","","NTSC","United States of America","AtariAge","","2020-01-01","1","No","Adventure","Not Rated","No overview is currently available for this title, please feel free to add one."
"Another Adventure","","Region Not Set","","","","2011-01-01","1","No","Adventure","Not Rated","No overview is currently available for this title, please feel free to add one."
"Anteater","","NTSC-U","","M Network","M Network","1970-01-01","1","No","Action","Not Rated","No overview is currently available for this title, please feel free to add one."
"Ants 2K","","NTSC","","","Chris Read","1970-01-01","1","No","Action","Not Rated","You press the reset switch to start and you touch the ants to make them go away, then more ants pop up. At the 'game over' screen, press fire to go back to the title screen and you can play again by pressing the reset switch."
"Apples and Dolls","Teddy Apple | Open | Teddy Perdido | I Want my Mommy | Seasame!","Region Not Set","","Tron Software","Tron Software","1983-01-01","1","No","Puzzle","Not Rated","In Apples and Dolls, you must construct ladders to get to the apple at the top of the screen and advance to the next level. Catch the magic dot that flies around the screen to knock out the enemies."
"Aquaventure","","Region Not Set","","","Gary Shannon & Tod Frye","1983-01-01","1","No","Action","Not Rated","Aquaventure is a bit of a mystery in the prototype world. It was never mentioned in any Atari press releases nor does it show up on any internal part lists.  Aquaventure seems to have popped out of the woodwork one day without any public fanfare nor any history behind its mysterious origins.  In any case, Aquaventure seems to be complete and ready for release, we can only speculate as to why it was shelved."
"Arcade Golf","","Region Not Set","","Sears, Roebuck and Co.","Atari","1981-01-01","2","No","Sports","Not Rated","No overview is currently available for this title, please feel free to add one."
"Arcade Pinball","","Region Not Set","","Sears, Roebuck and Co.","Atari","1980-01-01","2","No","Sports","E - Everyone","Arcade Pinball featured actual simulations of a pinball machine ball shooter, flippers, bumpers and spinners. The game also implemented a simulation of a real ball's actual physics. The game also features a unique rollover bonus with an Atari Inc. logo on the playfield; hitting the logo four times results in an extra ball.

Most of the game play involves learning how to perform specific functions, such as launching the ball or activating the flippers, with the Atari 2600 joystick. Moving the joystick controller down pulls the pinball machine plunger back while pressing the joystick button shoots the ball into the playfield. The left and right flippers are activated by moving the joystick controller left or right. The ball can be nudged (as in nudging a table gently in real life) by holding down the joystick button and moving the controller in a particular direction."
"Arcade Pong (Flashback 2 Version)","Pong","NTSC-U","United States of America","Atari, Inc.","Atari","2005-01-01","2","No","Sports","Not Rated","A version of Pong which can use paddle controllers if attached.

Released on The Atari Flashback 2, the successor to the original Atari Flashback console, which was released in 2005."
"Arkyology","","NTSC","United States of America","","","2018-08-31","1","No","Action | Unofficial","E - Everyone","Poor Noah! He's on his ark surrounded by the water of the great flood with all these hungry animals to feed! Then, on the first day on the ark, a petrified porcupine gets loose and starts shooting quills at everyone from the roof, a crazed snapping turtle and angry Crane also get loose and start terrorizing everyone. Now Noah is the only one on the ark brave enough to keep all the animals fed. You can help him get the job done and avoid all these dangerous critters. However, just when you think you’re getting the situation under control, alligators are finding their way onto the floors of the ark and the other loose varmints become even more frenzied!

guide Noah to feed all twelve animals by making him jump, so that his hand comes as close to their mouth as possible, while avoiding all the same obstacles as before. The animals appear for feeding at their pen door one at a time and will change to another animal at another location if Noah does not reach it quickly enough. When an animal has been successfully fed, its feeding door will close, changing from black to tan.

Authors: Paul Walters & George Hefner
Released: 2018"
"Armor Ambush","Armour Ambush","Region Not Set","","Mattel Electronics","M Network","1982-01-01","2","No","Shooter","Not Rated","Each player has two tanks per battle. You'll fight one at a time, but you can switch command from tank to tank. Battlefields keep changing. Tanks move fast on roads, slower through trees, slowest through water. Simulated battle sounds and visuals - ""cannon"" fire, tanks ""explode"" after three direct hits, and more!"
"Artillery Duel","","Region Not Set","","Xonox","Action Graphics","1983-01-01","1","No","Strategy","","A two player game of skill and strategy as you try to knock out your enemy's gun emplacement. New random terrains in each battle!"
"Artillery Duel & Chuck Norris Superkicks","","NTSC-U","","Xonox","Xonox","1983-01-01","1","No","Action","E - Everyone","No overview is currently available for this title, please feel free to add one."
"Artillery duel/Ghost Manor","","Region Not Set","","","","1970-01-01","2","No","Action | Shooter","Not Rated","No overview is currently available for this title, please feel free to add one."
"Artillery Duel/Spike's Peak","","Region Not Set","","Xonox","","1983-01-01","1","No","Shooter","E - Everyone","No overview is currently available for this title, please feel free to add one."
"Assault","","Region Not Set","","Bomb","Bomb","1983-01-01","1","No","Shooter","E - Everyone","Assault is an Action game, developed and published by Bomb, which was released in 1983."
"Assembloids 2600","","Region Not Set","","AtariAge","","2017-01-01","1","No","Puzzle","Not Rated","No overview is currently available for this title, please feel free to add one."
"AStar","","Region Not Set","","","AtariVox","2006-06-10","1","No","Puzzle","Not Rated","AStar is a new puzzle game for the Atari 2600 by Aaron Curtis, whose first homebrew endeavor was the highly popular Fall Down. AStar is inspired by an old calculator game called DStar. The basic idea is to collect all the items (cherries on the first level), but it's not as easy as it may seem at first! You can only move in a straight line until you hit something. You can then change your direction and again move forward until you hit a wall. You also have control of a small block to that you can use to help you navigate the level.

The number of moves you've made is shown at the bottom of the screen. Each level has a minimum number of moves required to complete it, and if you go over this the display will change color. Completing every level in the minimum number of moves (no easy task!) wins the game!

Includes cartridge and full-color manual. Available in NTSC and PAL television formats, please specify above when ordering."
"Asterix","","Region Not Set","","Atari, Inc.","Atari","1983-01-01","1","No","Action","","Join your two favorite Gauls-Asterix and Obelix-on a fast-paced treasure hunt for Roman bounty. You'll need quick reflexes to grab the treasure while avoiding the deadly lyres of Cacofonix, the village bard. And watch out! The longer you play, the faster the lyres speed toward you!"
"Asteroid Belt","","Region Not Set","","Suntek","Suntek","1983-01-01","","No","Shooter","","Classical Atari 2600 game! In Asteroid Belt you are flying - guess what -  through an asteroid belt. Typical for Atari is the lack of and ending, so you´re shooting asteroids for points. You can fly and also shoot in four different directions and even control your speed. Sometimes there is a giant UFO trying to catch and kill you, so the fast speed is comming in handy, although you have to avoid the asteroids and flee from the giant UFO. 

This is one of the few non-popular Atari games amongst the universe of Atari Space-games that is really good."
"Asteroid Fire","","Region Not Set","","Homevision","","1983-01-01","1","No","Shooter","","Asteroid Fire is a space-shooter for the Atari 2600 that was released in Europe."
"Asteroids","","NTSC","United States of America","Atari, Inc.","Atari","1981-08-01","2","No","Action | Shooter","E - Everyone","Asteroids is a 1981 Atari 2600 video game developed and released by Atari in the USA on August 1, 1981.

The objective of Asteroids is to score as many points as possible by destroying asteroids and flying saucers. The player controls a triangular-shaped ship that can rotate left and right, fire shots straight forward, and thrust forward. As the ship moves, momentum is not conserved — the ship eventually comes to a stop again when not thrusting. The player can also send their ship into hyperspace, causing it to disappear and reappear in a random location on the screen (with the risk of self-destructing or appearing on top of an asteroid)."
"Asteroids ( Sears Telegames )","","Region Not Set","","Sears, Roebuck and Co.","Atari","1979-08-01","2","No","Shooter","E - Everyone","The objective of Asteroids is to score as many points as possible by destroying asteroids and flying saucers. The player controls a triangular-shaped ship that can rotate left and right, fire shots straight forward, and thrust forward. As the ship moves, momentum is not conserved — the ship eventually comes to a stop again when not thrusting. The player can also send their ship into hyperspace, causing it to disappear and reappear in a random location on the screen (with the risk of self-destructing or appearing on top of an asteroid)."
"Asteroids Arcade","","Region Not Set","","","","2005-01-01","2","No","Shooter","Not Rated","No overview is currently available for this title, please feel free to add one."
"Asteroids Deluxe","","NTSC","United States of America","Atari, Inc.","Atari","2005-08-01","1","No","Shooter","Not Rated","Now for the first time, play the smash follow-up to ATARI’s hit Asteroids, Asteroids Deluxe! Use your ship’s photon cannon to blast asteroids, and enemy Zylor saucers including the deadly Killer Satellite.

     This time around you’re also outfitted with just your shields, which can be accessed by pressing your joystick down. This game also has a high score feature that remains until you turn off your Atari Game Console."
"Astro Attack","Fire Fox | Time Race | Time Warp","Region Not Set","","Goliath","Goliath","1983-01-01","","No","Shooter","","Astro Attack is a Shoot-'Em-Up game, developed and published by Amsoft, which was released in Europe in 1984."
"Astroblast","Astro Blast | Astroblast - Explosion d'Étoile","Region Not Set","","Mattel Electronics","M Network","1982-01-01","1","No","Shooter","Not Rated","Shoot down a variety of fast-moving targets: falling meteors, spinning bombs, guided missiles - even a bomb-dropping UFO! The computer keeps score, and gives you more challenging game action the higher you go!"
"Astronomer","","NTSC","United States of America","","","2017-09-24","1","No","Action | Unofficial","E - Everyone","A simulation game of sorts that allows the player to get into the shoes of an astronomer and observe stars with the world's largest telescope. The aim of the game is to aim the telescope beam at a star and observe it throughout the night. This is achieved by filling up an 'observing bar'. However if the astronomer takes pictures of clouds while observing a star, the entire observation will be ruined and the astronomer will have to start over. This can make his or her life difficult as there is only a certain amount of time allocated to this one observer. Once this time is up, the game is over. Just like in real life, the observer who can do the most with their time will be considered the best, but this always will partially rest on luck.

You are an astronomer and you are working at a telescope. You are tasked to observe a certain star for your research project. Point your telescope at the star and observe! But look out for clouds, as they ruin your observations. Other astronomers also want to use the telescope, so make sure to finish your observations before the time runs out. Otherwise you will be banned for wasting time.

Goals:
*Fill the healthbar before the score reaches 0
*Don't observe clouds

Author: Alex Pietrow (a.k.a. ""Coolcrab"")
Beat Released: 2017
v1.2 Released: 2018"
"Astrowar","Meteor Defense | Astro War | Astro-War | Dead-Ray | Missle War | Kampf im Asteroiden-Gurtel | Sternkrieg","Region Not Set","","Artic Computing","Starsoft","1983-01-01","1","No","Shooter","E - Everyone","Astrowar is an Action game, developed by Starsoft and published by Artic, which was cancelled before it was released."
"Atari Video Cube","Rubik's Cube | Video Cube","Region Not Set","","Atari, Inc.","Atari","1982-01-01","","No","Puzzle","","Help Hubie the Cube Master solve the magical Atari Video Cube. He picks up and drops colors at your command - and you have billions of possible combinations! Atari Video Cube is fast-paced fun for the whole family!"
"AtariAge Holiday Greetings 2003","","NTSC","United States of America","AtariAge","","2003-01-01","1","No","Utility","Not Rated","The 2003 Holiday GreetingCart was part of a promotion in the AtariAge Store during the 2003 holiday sale. The Holiday GreetingCart is an Atari 2600 cartridge with a unique, holiday-themed label created by artist Dave Exton. When plugged into an Atari 2600, the cartridge displays a rendition of the same image, courtesy of Interleaved ChronoColour(tm) technology. These carts were individually numbered and there were only two ways of getting one: By placing an order of $50 or more in the AtariAge Store, or by participating in the 2003 AtariAge Holiday GreetingCart Contest and winning one for free!"
"Atlantis","","Region Not Set","","Imagic","Imagic","1982-01-01","","No","Action","","The lost city of Atlantis is under attack! Wave after wave of Gorgon vessels are approaching, each armed with weapons capable of destroying a part of the city. You are in charge of the command posts at the edges of the city and need to defend it from the invaders. The various gorgon craft will keep flying by on the screen in varying numbers and in different flight patterns. At first they fly high in the sky but then progressively lower. If an enemy makes it low enough before you destroy it, it will use it's weapons and destroy one of the buildings in Atlantis. As you progress in the game, the enemy craft will keep increasing in speed. The game ends when all remaining buildings in the city have been destroyed."
"Atlantis ( Blue Label )","","Region Not Set","","","","1970-01-01","2","No","Action","E - Everyone","No overview is currently available for this title, please feel free to add one."
"Atlantis (Night Scene)","","NTSC-U","","Imagic","Imagic","1982-01-01","2","No","Action","E - Everyone","The lost city of Atlantis is under attack! Wave after wave of Gorgon vessels are approaching, each armed with weapons capable of destroying a part of the city. You are in charge of the command posts at the edges of the city and need to defend it from the invaders. The various gorgon craft will keep flying by on the screen in varying numbers and in different flight patterns. At first they fly high in the sky but then progressively lower. If an enemy makes it low enough before you destroy it, it will use it's weapons and destroy one of the buildings in Atlantis. As you progress in the game, the enemy craft will keep increasing in speed. The game ends when all remaining buildings in the city have been destroyed."
"Atlantis (Text)","","NTSC-U","","Imagic","Imagic","1982-01-01","2","No","Action","E - Everyone","The lost city of Atlantis is under attack! Wave after wave of Gorgon vessels are approaching, each armed with weapons capable of destroying a part of the city. You are in charge of the command posts at the edges of the city and need to defend it from the invaders. The various gorgon craft will keep flying by on the screen in varying numbers and in different flight patterns. At first they fly high in the sky but then progressively lower. If an enemy makes it low enough before you destroy it, it will use it's weapons and destroy one of the buildings in Atlantis. As you progress in the game, the enemy craft will keep increasing in speed. The game ends when all remaining buildings in the city have been destroyed."
"Atlantis II","","Region Not Set","","","Imagic","1982-05-03","","No","Adventure","","Many game companies in the 1980's held contests in an attempt to boost sales of their games and give their fans something fun to compete for. For example, there is Activision's Enduro: Race for Riches, Data Age's Bermuda Triangle Replica Artifact, and Parker Brothers' Super Cobra Flight Jacket. Not surprisingly, Imagic also held several contests, one of which is ""Defend Atlantis"". Unfortunately for Imagic, there were a lot of good Atlantis players. In fact, more than four individuals maxed out the score, so Imagic had to figure out a way to decide who the top four would be. They created a special contest version of Atlantis, that they called Atlantis II, that these top scorers would use for a tie-breaker. Atlantis II is basically the same as Atlantis, except that it's faster, harder, and lower scoring. Contestants were sent a letter telling them that they qualified for this shoot off. They were to recieve in the mail the Atlantis II cartridge, along with the snorkeling set and t-shirt. According to Imagic, ""We've designed this contest version of Atlantis just for you experts. Those tricky Gorgons will still thwart you at every turn, but now the battle will be more fierce and the points scored for direct hits will be less. Are you expert enough to meet this challenge and save Atlantis from the dreaded Gorgon death ray? If you're brave enough, read on."" Contestants were to play the game for only two days and then send in their high scores."
"Atom Smasher (Prototype)","","Region Not Set","","Video","Video Soft","1983-01-01","1","No","Shooter","","This was to be the first game under the Video Soft label, but it never saw a release. 

Catalog description: A battle to the last atom! The Atomic Arena is where all sorts of nasty, burly life-forms come to contest each other in the galaxy's deadliest game! Armed with a regulation Atom Smasher Blaster, you must blast unstable atomic particles past your opponent and out of the arena, but if one hits you, it degrades your very atomic structure, and the results aren't pretty. But remember, someone else has the same goal…"
"Ature","","NTSC","","","","2010-07-08","1","No","Adventure | Role-Playing","Not Rated","Ature is an adventure game with RPG elements, it's an attempt to create a scaled down Zelda-like game on the 2600. It was developed by Beoran. The game is free to download in digital format, but there was a limited physical release as well."
"Auto Racing","","Region Not Set","","Atari, Inc.","Sears Roebuck and Co.","1977-01-01","4","Yes","Racing | Sports | Flight Simulator","Not Rated","No overview is currently available for this title, please feel free to add one."
"Autorennen","","Region Not Set","","Ariolasoft","Ariolasoft","1982-01-01","1","No","Racing","Not Rated","Published by Ariola in Europe. Appears to be very similar to Activision's 2600 game ""Grand Prix""."
"Avalanche","","NTSC","United States of America","AtariAge","","2020-01-01","2","No","Action","Not Rated","No overview is currently available for this title, please feel free to add one."
"AVGN KO Boxing","","Region Not Set","","","","2009-08-19","1","No","Sports","","A homebrew Atari 2600 game starring James ""AVGN"" Rolfe and his friends including Super Nerd, Shit Pickle, Joker, and Bugs Bunny. It's a great game and better than piece of anal fucking monkey diarrhea."
"Bachelor Party","","NTSC","United States of America","PlayAround","Mystic Software","1982-02-01","1","No","Action","AO - Adult Only 18+","This was a double-ended cartridge that contained Bachelor Party on one end and a new game, Gigolo, on the other.

In Gigolo, men will leave the jail and head to various houses. The player, controlling a female, must collect some money from the bank and then make their way to the houses for sex she pays these men for. Once the money is in hand, the player has to avoid the thief who is out to rob all that cash. The game will end if the thief succeeds.

After the woman is finished having intercourse with a man, she has to try to avoid or outrun the police. If she is arrested three times, the game is over. To run, move while holding down the button. It's best the player doesn't make her run everywhere or the police will chase you, thinking she is up to something.

The lady earns one point for each pelvic thrust she experiences from a male."
"Bachelorette Party","","Region Not Set","","Mystique","Mystique","1982-01-01","1","No","Life Simulation","M - Mature 17+","Rescue a damsel in distress from being burned alive by moving around in your helicopter and putting out the flame with your fire hose. Meanwhile, avoid the rocks being thrown at you by the bad dudes. When you've nearly extinguished the flames, the woman will begin jumping up and down. If you swoop down, she'll latch on to your ""joystick"" with her mouth, and you can fly her off to safety before the flames move in on her. If you save her, you will be rewarded with a dirty little animation. The male and female roles of this game are switched in Jungle Fever.

Bachelorette Party is an ""x-rated"" version of Breakout. Move the Spanish fly so that the woman comes in contact with it. She will then ricochet toward the men and ""score"" with each one she touches. She will then bounce back toward the fly. If you miss her, you lose a turn. The fun part is watching the men's willies go up and down as she flies toward them. The roles of the men and women are switched in Bachelor Party."
"Back to School Pak","","Region Not Set","","Atari, Inc.","Atari","1978-01-01","1","No","Puzzle | Education","Not Rated","This was a package that contained Brain Games, Atari's non-gaming cartridge Basic Programming, and a pair of keypad controllers, sold at a value price.

Each cartridge and the controllers were inside individual, white, generic boxes that were packaged on an orange outer box, rather like the Action Pak and the Racing Pak."
"Backfire","","Region Not Set","","AtariAge","AtariAge","2003-01-01","1","No","Shooter","","The year is 2947. Earth is being invaded by the evil K’caj clan from the Yenrut galaxy. You are Galactic Commander Frank Drexor. The United States Space Guard has commissioned you with the task of defending the most important sector of the galaxy from the invaders. K’caj technology is much more advanced than the technology of Earth. Some of the ships have tractor beams. Others are equipped with subspace energy disruptors. These disruptors create energy barriers that will actually cause the shots from your cannons to reflect back at you! If your mission is a failure, the K’caj will gain control of this vital sector of space, allowing them to maneuver their troops and equipment much more efficiently and gain a larger foothold in the battle for the planet. This would certainly spell disaster for the citizens of Earth. Their fate is in your hands!"
"Backgammon","","Region Not Set","","Atari, Inc.","Atari","1979-01-01","2","No","Strategy","","While the BACKGAMMON Game Program contains instructional features for the beginner, it can also provide challenging gameplay for the most advanced player. It follows the full rules of the game and also contains Acey-Deucey, a variation of Backgammon."
"Backgammon ( Sears Telegames )","","Region Not Set","","Sears, Roebuck and Co.","Atari","1978-01-01","2","No","Action","E - Everyone","No overview is currently available for this title, please feel free to add one."
"Bad Apple","","NTSC","","","","2014-07-01","1","No","Music","Not Rated","Bad Apple is a music track from the Touhou Project series. A mesmerizing shadow art film has been ported to many platforms, including Atari 2600."
"Balloon Trip","","NTSC","United States of America","AtariAge","","2018-07-01","1","No","Action","E - Everyone","You're floating high above the majestic ocean, held aloft by balloons as you gaze your surroundings. But this is no ordinary, leisurely flight! Your goal in Balloon Trip is to collect as many balloons as possible, all the while avoiding electric sparks that will pop your balloons and bring a tragic end to your journey! And if the sparks didn't provide enough danger for you, the water below is also treacherous, full of aggressive fish that will leap into the air to pull you into the murky depths below! So be sure you keep an adequate distance between you and the water, as you don't want to become fish food!

Balloon Trip is a one player game using a joystick plugged into the left controller jack. Pressing the fire button allows you to flap upwards. You'll need to press the button repeatedly in order to ascend. Pressing either left or right on the joystick will allow you to flap towards the respective direction.

Author: Bluswimmer
v 3.2 Released: 7/1/2018)"
"Bank Heist","","Region Not Set","","Fox Interactive","20th Century Fox","1983-01-01","1","No","Puzzle","","All right you guys, listen up. This is the plan: Lefty, you'll drive, Mugsy, ride shotgun, Fingers, I want you in back with the dynamite. Any coppers get wise, you let 'em have it! OK now, here's the map of the banks in this town. They're all cherries, just ripe for the pickin'. All you gotta do is stay a step ahead of the heat. Now, you got any questions? What's that? What am I going to do? Boys, boys, you know I'd love to go with you, but I've got important business to attend to. I gotta stay here and play Bank Heist so I'll know what our next heist will be!"
"Barnstorming","","Region Not Set","","Activision","Activision","1982-01-01","1","No","Action","","In Barnstorming, you are the pilot of a biplane. Your point of view is from the side as the screen scrolls by horizontally. Your goal is to fly through a set number of barns in the shortest amount of time possible. Several obstacles will appear in your way, including flocks of geese, windmills, and weather vanes. Crashing into any of these will cause you to lose speed which will increase your overall time. There are several difficulty levels included which will require that you fly through anywhere from 10 to 25 barns."
"Base Attack","","Region Not Set","","Homevision","Quelle","1983-01-01","2","No","Shooter","","Base Attack is a Shoot-'Em-Up game, developed by Quelle and published by Homevision, which was released in 1983"
"Baseball","","NTSC","","Taiwan - Cooper Black","","1970-01-01","2","No","Sports","Not Rated","No overview is currently available for this title, please feel free to add one."
"Baseball ( Sears Telegames )","","Region Not Set","","Sears, Roebuck and Co.","Atari","1978-01-01","1","No","Sports","E - Everyone","The game can be played against the computer or with another player. You have the option to have 1, 2 or 3 players in the field. As a pitcher, you use the joystick to throw the ball and to control its speed and curve. After the ball is hit, your control all your men (they all move together since they follow the orders of a single joystick) in the field to catch the ball. As a batter, you can control the position of the baseball bat with the joystick. If you consider that your runners would make it to the next base, you can press the controller button so they stop at their current base.

The rest of the rules are basically like real baseball. Each team has nine innings in a game. You are out after three strikes, your get to first base after four balls (balls that do not fly over Home) or if the pitcher hits you with a ball. In the field, you can put out a batter by catching his ball, then another runner by reaching his next base before him or simply by touching him between bases, thus completing a double play. The only way to accomplish a home run is by hitting the ball over second base without having it caught by the field players. You score a point for each runner that reaches Home base after each of the first three."
"Basic Math","","Region Not Set","","Sears, Roebuck and Co.","Atari","1977-01-01","1","No","Puzzle","Not Rated","Basic Math is a math game for children.

Each game gives the player a set of ten basic math problems (i.e. simple addition, subtraction, multiplication, or division) to solve. The player is presented with two numbers and a function, then inputs the answer by cycling through numbers with the joystick. A timer option is available to ramp up the difficulty. The game has eight primary game settings - basically two settings for each mathematical function. Games 1-4 allow the player to select one of the numbers the player will be working with, while 5-8 give random questions."
"BASIC Programming","","Region Not Set","","Atari, Inc.","Atari","1978-01-01","","No","Sandbox","","Ever wanted to try your hand at computer programming but had no idea where to start? BASIC Programming for the Atari 2600 makes programming, well, basic.

BASIC is an acronym for Beginner's All-purpose Symbolic Instruction Code. In conjunction with the manual, this cartridge will help you learn the beginning steps of this easy-to-learn computer language. You can create simple programs, games, and even compose your own music. Up to nine lines of code are allowed.

To simplify the input of data, BASIC Programming requires a set of special keyboard controllers that plug into both the left and right joystick ports. These keyboard controllers were included in the original packaging."
"Basketball","","Region Not Set","","Atari, Inc.","Atari","1978-01-01","2","No","Sports","Not Rated","Basketball allows you to play a game of one-on-one against either the computer or another player. The court is viewed from the side with a basket at each end of the screen. Using the joystick you can move your player around the court, dribble/shoot the ball, and attempt to block your opponent. The game is played in two 4 minute halves, and the player who scores the most points wins. There are two different skill levels available which can be set individually for each player."
"Basketball ( Sears Telegames )","","Region Not Set","","Sears, Roebuck and Co.","Atari","1978-01-01","2","No","Sports","E - Everyone","Basketball allows you to play a game of one-on-one against either the computer or another player. The court is viewed from the side with a basket at each end of the screen. Using the joystick you can move your player around the court, dribble/shoot the ball, and attempt to block your opponent. The game is played in two 4 minute halves, and the player who scores the most points wins. There are two different skill levels available which can be set individually for each player."
"Battlezone","","NTSC-U","United States of America","Atari, Inc.","General Computer Corporation","1983-08-11","1","No","Action | Shooter","E - Everyone","The Earth is in big trouble - and YOU are the only hope for survival! From the control panel of the last combat tank on Earth, it's up to you to stop the fleet of automated weapons that is ravaging the countryside. Armed with a radar screen and turret gun, you must search out and destroy these relentless automatons before they destroy your tank."
"Beamrider","","Region Not Set","","Activision","Activision","1984-01-24","1","No","Shooter","","A web of iridescent blue beams engulfs Earth-Space. You stand watching. Mesmerized at first, you now realize the beams support weapons, frightening creations in different forms. Will you just watch or will you take action? Action??!! Then roll up your sleeves, mount these beams and... ride! Animated graphics create a 3D perspective that virtually pulls you into the screen. Pulsating sound effects intensify the action as a dizzying array of objects zips from beam to beam."
"Beany Bopper","","Region Not Set","","20th Century Fox","Sirius Software, Inc.","1982-01-01","","No","Action","","Your job is to capture Beanies, Bouncing Orange Eyes, and a crazy variety of Falling Objects.  Beanies are devious and deadly and must be shot with the Bopper's stun gun before they can be captured."
"Beat 'Em & Eat 'Em","","Region Not Set","","PlayAround","Mystique","1983-01-01","","No","Action","","Beat 'Em & Eat 'Em is an ""adult"" electronic video game based upon an ancient ritual
that has been passed down from generation-to-generation as part of the culture's oral
tradition.

The object of the game is to eat 'em every time he beats 'em. You score one point for
each and every drop you swallow without a miss. But should you miss, shame on you. You lose one turn. After all, it could have been a famous doctor or lawyer.

You have four turns at the outset of the game. Small squares in the lower left-hand
corner of the screen indicate the remaining number of turns at any point in the game.

You can earn ""bonus turns"" for every ""69"" points you score; however, you may
accumulate no more than 6 turns plus the one in play at any given time."
"Beat Em & Eat Em/Lady In Wading","","NTSC-U","United States of America","PlayAround","","1970-01-01","1","No","Action","Not Rated","No overview is currently available for this title, please feel free to add one."
"Bee-Ball","","Region Not Set","","Self-Published","Ivan Machado","2007-01-01","2","No","","","In the animal kingdom, bees are widely known as efficient workers. But there's an interesting fact that we as humans don't know--bees enjoy having fun! Every year bees from many places gather in one spot to play in a competitive tournament of Bee-Ball! This unique insect game is a mix of tennis and volleyball where bees hit a honey ball over a net using a racquet. A bee judge watches over the match and serves new balls as needed. If the ball touches the floor or flies out of bounds, a point is scored. Avoid fouling the ball out, use your dexterity to block your opponent's shots, slam the ball to score, learn new tactics to outwit your opponent, and you could be the next Bee-Ball champion!

In the competitive sport of Bee-Ball, you must score 10 points against your opponent to win a match. You can swing at the ball to send it flying over to the net or block when your opponent is trying to get the ball past you. If the ball is about to fly over your head, you can head butt the ball in an attempt to prevent a point from being scored against you! Points are scored if the ball touches the floor or the ball flies out of bounds, but in order to score you must first successfully serve.

Bee-Ball supports single and two player play modes. In single-player mode, you compete against a challenging AI computer opponent. In two-player mode you can compete head-to-head against a friend!"
"Berenstain Bears","","Region Not Set","","Coleco","Coleco","1983-10-01","1","No","Puzzle","","Berenstain Bears comes with three different cassette tapes that are designed to be used with the Kid Vid Controller (originally packaged with Smurfs Save the Day - the only other Kid Vid game). The cartridge won't do much without the tapes. At the beginning of each game, Actual Factual Bear takes off while you control Brother Bear on his unicycle. Avoid the boulders and cross the bridge to reach one of the games, chosen by the particular tape you are listening to. The games are: 
Big Number Hunt: Catch the correct numbers as they fall from the tree 
Great Letter Roundup: Catch the correct letters as they fall from the tree 
Spooky Spelling Bee: Spell a word by catching the letters falling from the tree"
"Bermuda","","Region Not Set","","Starsoft Development Laboratories","Starsoft","1983-01-01","","No","","","No overview is currently available for this title, please feel free to add one."
"Bermuda Triangle","","Region Not Set","","Data Age, Inc.","Data Age","1982-01-01","1","No","Action","E - Everyone","In your mini-sub you venture into the perilous waters of the Bermuda Triangle, a mysterious region in the Atlantic where more than 100 ships and planes have vanished without a trace of wreckage or survivors. Can you recover the strange artifacts that lure you to a bizarre underwater city? Can you survive the legendary sea monsters, powerful laser beams, explosive mines and other dangers of the deep? Relax for a moment and you will become the latest victim of this Atlantic Graveyard."
"Berzerk","","NTSC-U","United States of America","Atari, Inc.","Atari","1982-08-08","1","No","Action | Shooter","E - Everyone","Berzerk is a 1982 Atari 2600 video game developed and released by Atari in the USA on August 8, 1982.

It is based on the 1980 arcade video game, Berzerk, which was produced by Stern Electronics.

The player controls a green stick-figure, representing a ""humanoid."" Using a joystick (and a firing button to activate a laser-like weapon), the player navigates a simple maze filled with many robots, who fire lasers back at the player character. A player can be killed by being shot, by running into a robot or an exploding robot, coming into contact with the electrified walls of the maze itself, or by being touched by the player's nemesis, ""Evil Otto."""
"BERZERK - ENHANCED EDITION","","NTSC","United States of America","Atari, Inc.","Atari","1970-01-01","1","No","Action | Shooter","Not Rated","The 1980’s hit that rocked the arcade world is back and upgraded to be more like the original. Robot voices, diagonal shots, and enhanced graphics have been added to this Atari 2600 cartridge so that you can relive the arcade days in comfort. Yes, Evil Otto is still happy to chase you around!"
"Berzerk ( Sears Telegames )","","Region Not Set","","Sears, Roebuck and Co.","Atari","1982-01-01","1","No","Action","E - Everyone","No overview is currently available for this title, please feel free to add one."
"Berzerk VE","","Region Not Set","","AtariAge","","2002-01-01","2","No","Shooter","Not Rated","No overview is currently available for this title, please feel free to add one."
"Bi! Bi!","","Region Not Set","","Rainbow Vision","Rainbow Vision","1983-01-01","1","No","Action","Not Rated","This is an unlicensed version of Sea Hunt by Froggo that was released by Rainbow Vision for the Atari 2600. The game has a bug the causes the player to get stuck at the beginning of the second level."
"Bifrost Breakout","","Region Not Set","","","","2017-01-01","1","No","Action","Not Rated","No overview is currently available for this title, please feel free to add one."
"Big Bird's Egg Catch","","Region Not Set","","Atari, Inc.","Atari","1983-10-01","2","No","Puzzle","Not Rated","Two chickens are laying eggs. You'll know one's about to drop when a chicken stands up. As they drop down the chutes, Farmer Big Bird moves back and forth to catch them. Different chute patterns make the game more difficult. This kids game is based on the classic Sesame Street character. It is intended for use with the kids controller, which is an oversized keyboard controller into which you insert the included overlay for this game. If you don't have a kids controller, the keyboard controller works fine, but you'll have to figure out what the buttons do"
"Billard","","Region Not Set","","Starsoft Development Laboratories","Starsoft","1988-01-01","1","No","Sports","Not Rated","No overview is currently available for this title, please feel free to add one."
"Bionic Breakthrough","","Region Not Set","","Atari, Inc.","Atari","1984-06-22","1","No","Strategy","","This prototype is unplayable without the Mindlink controller. It’s an interesting idea, but it doesn’t quite work. In theory, the game is controlled by the player’s thoughts, and the Mindlink controller has several sensors that rest on the player’s head. It’s more likely that facial movements or biorhythmic feedback controlled the action on-screen."
"Bird and Beans","","NTSC","","AtariAge | 																HomeBrew Software","","2018-06-02","1","No","Action","Not Rated","For the past couple of days I've been working on a 2600 version of the DSiWare game ""Bird and Beans."" If you haven't heard of it, essentially you play as a bird with a really long tongue, and you use said tongue to eat beans before they hit the ground. If they do hit the ground, it creates a hole that the bird can't cross.

I tried to recreate the game on the 2600 as best as I could, and gameplay wise it works just like the original. More points are scored for eating higher beans, and there's two special beans (a white one that restores a block of the ground, and a blue one that gets rid of all the beans on screen and restores the entire ground)."
"Birthday Mania","","Region Not Set","","","","1984-01-01","1","No","Action | Shooter","Not Rated","Birthday Mania is a simple overhead shooter. Waves of candles come down from the top of the screen. Using the dial on a paddle controller, players move their character left and right and use the fire button to shoot them. Each wave features a set number of candles, and there are pauses between waves.

Birthday Mania's gimmick was its customizability. Players could order the game as a gift for another person; the developer would customize the title screen with the recipient's name and manufacture a custom copy for them. The manual and label also featured room for the recipient's name to be handwritten."
"Black Hole","","PAL","France","","","1983-01-01","2","No","Shooter","Not Rated","No overview is currently available for this title, please feel free to add one."
"Blackjack","","Region Not Set","","Sears, Roebuck and Co.","Atari","1977-09-01","3","No","Puzzle","E - Everyone","Blackjack is based on the casino card game of the same name. You can play alone or with up to 2 other players against the computer that takes the role of the dealer.

The game follows the same basic rules as its casino counterpart. Each player starts the game with 200 chips and each can bet from 1 to 25 chips to get a hand. A player breaks the bank when he reaches 1000 chips and loses when he has no more chips to bet. In both cases, he is removed from the game. At any time, a player may quit or resume the game by using the game select switch. A player who went broke or who reached 1000 chips may also stay on the game using the same switch. He will then start with 200 chips."
"Blackjack ( Sears Telegames )","","Region Not Set","","Sears, Roebuck and Co.","Atari","1977-01-01","1","No","Action","E - Everyone","No overview is currently available for this title, please feel free to add one."
"BLiP Football","","Region Not Set","","AtariAge","David Galloway, Bob Montgomery","2006-12-09","2","No","Sports","","Did you grow up playing those handheld electronic football games? Initially released in 1977 (the same year as the Atari VCS), these portable football games became wildly popular, eventually spawning many variants. Thanks to 2600 programmers David Galloway and Bob Montgomery, you can now enjoy this classic handheld football game on the 2600 in the form of BLiP Football. Faithfully mimicked in appearance, audio and gameplay, BLiP Football recreates the experience of playing the original electronic football. In BLiP Football you control a running back and must get by the defenders trying to stop your progress! You can see nine yards of the playing field at any time--when you go beyond one edge of the field, your player wraps around to the opposite edge, showing another nine yard segment of the field. The game is comprised of four 15-second quarters. On the fourth down you can optionally kick the ball instead of running it. In addition to the default ""classic mode"" display (which shows red players against a black field), you can switch to an enhanced, more colorful display by pressing the SELECT switch during gameplay. BLiP Football is a two-player game, with the game controller swapped back and forth between possessions."
"Bloody Human Freeway","","Region Not Set","","Activision","David Crane","1981-01-01","1","No","Platform","Not Rated","Prototype for Freeway. According to David Crane, he got the idea for Freeway from watching a man trying to cross Lake Shore Drive during rush-hour traffic while attending Chicago's Consumer Electronic Show. 

Freeway originally featured people crossing the road instead of chickens since that was the scenario that inspired David Crane. However some people at Activision complained that they didn't like the idea of people being struck by cars, so chickens were substituted for people before the game was released."
"Blueprint","","Region Not Set","","CBS Electronics","CBS Electronics","1983-10-01","","No","Puzzle","","As in the arcade game of the same name, Blueprint gives you, as J.J., three chances to save the damsel in distress from a menacing creature chasing her across the top of the screen. Navigate J.J. through a maze of houses, which contain either a piece of the Rube-Goldberg-esque monster-fighting contraption whose blueprint lies at the bottom of the screen, or a bomb which must be disposed of in short order. Pressing the button will make J.J. run faster, but like so many who spend a lot of time sitting at the Atari 2600, he has a limited amount of ""Fast run time"" (as indicated by a handy bar graph). Smaller but still pesky monsters also pop out of the bomb disposal pit and try to prematurely start the machine (which shakes it to bits). Once that occurs, those monsters must be lured back to their pit, and the machine must be reassembled. Build the machine in time, and you can blast the creature who's chasing your girlfriend. The Atari 2600 edition simplifies the graphics drastically (though the most elaborate part of the playing field -- the blueprint itself -- is more or less intact), and drops the sound effects back to bare minimum (so much for the game's catchy little jazzy background tunes). There are no control issues, however, and the end result is still quite colorful and a lot of fun."
"BMX Air Master","BMX AirMaster","Region Not Set","","TNT Games","Sculptured Software","1989-01-01","2","No","Sports","","This isn't kid stuff! It's the fastest, flyingest, most unforgiving trio of events any biker could ask for. Start with a Half Pipe that takes you so high you won't know whether you're coming or going. Then do a Quarter Pipe that makes doing dozens of tricks easy and crashing even easier. Then try the Ramp Jump. It's the jump that's just a bit wider than the Grand Canyon. If there's a more dangerous challenge open to daredevil BMX bikers, we have yet to test it. So, if you think you're good - really good - put your freewheeling skills on the line with BMX AirMaster!"
"Bobby is Going Home","Bobby Geht Heim | Bobby Geht Nach Hause","Region Not Set","","CCE","Bit Corporation","1983-09-07","1","No","Action","","Bobby thinks that the world is so beautiful. He feels his life perfect. But this day as he going home, he meets many strange troubles. At the start of the game, Bobby has 5 lives, total has 256 scenes of the game, Bobby must past through scenes."
"Bogey Blaster","","Region Not Set","","Telegames, Inc.","Telegames, Inc.","1982-10-01","1","No","Shooter","","A simple flight simulator and dogfighting game. Shoot the planes, avoid the flak. You have a limited amount of ammuntion and fuel. Shoot down 10 planes and you can land to refuel, but you may lose ammo. You'll only be given as much ammunition as you successfully used to shoot down planes the last time up."
"Boggle","","Region Not Set","","David Crane","David Crane","1978-01-01","2","No","Puzzle","","Boggle is an unreleased game for the Atari 2600 programmed by David Crane while he was still working at Atari. In Boggle, which is based on the popular word game of the same name, you must form as many words as possible from a random 4x4 grid of letters.

The 2600 version of the game is for two players only, and each player can form a maximum of eight words (likely due to memory constraints of the 2600). The game appears to be fairly close to completion, although there are some glitches, such as all the letters not appearing in the grid right away when you start the game. Still, it's an interesting prototype and it's unknown why Boggle was not completed and released."
"Boing!","","Region Not Set","","First Star Software, Inc.","First Star Software Inc","1983-01-01","","No","Platform","","A bouncing cute-pie of a hero who is controlled by joystick as he leaps with dizzying speed across parallel rows of panels. The object: hit each panel in sequence, changing their color and finishing them off, while avoiding the nasty, bouncing Bubble Eater, or the jumping Pin, which move like greased lightning across the field."
"Bomb on Pixel City","","Region Not Set","","AtariAge","","2012-01-01","1","No","Action","Not Rated","No overview is currently available for this title, please feel free to add one."
"Bombs Away","","Region Not Set","","","","2017-01-01","1","No","Shooter","Not Rated","No overview is currently available for this title, please feel free to add one."
"Boom Bang","Kampf dem Steinfresser","Region Not Set","","CCE","Activision","1982-10-01","2","No","Shooter","","Bugs are crawling out of the sewers and are coming for you. Your defense: a bunch of potted plants hanging over your balcony. As the bugs climb the wall, push the pots over the edge and knock the bugs off. If six bugs get into your building through the window, they'll eat away at the foundation until the building drops a bit. Then the bugs will have a shorter wall to climb, and things get harder. This game is original, challenging, and pretty addictive. Get 75,000 points and earn the Crackpots patch."
"Bottomless Pitfall!","","Other","","","","2004-01-01","1","No","Adventure","Not Rated","No overview is currently available for this title, please feel free to add one."
"Boulder Dash","","NTSC","","AtariAge","Andrew Davie","2012-01-01","2","No","Strategy","Not Rated","You are Rockford, and you have to dig through monster infested caves in search of diamonds. In each level you must collect a certain number of these diamonds, in order to open a portal to the next stage. Enemies can be squashed by falling boulders, which are released when the ground below them is removed or they are pushed onto empty ground, but be careful because these can also squash you. In later levels, difficulty is increased by many puzzle elements and shorter time limits."
"Bouncin' Baby Bunnies","Bouncing Baby Monkeys","NTSC","","","","1983-01-01","1","No","Action | Unofficial","Not Rated","Zounds! Coco the crazy monkey is in quite a pickle this time! Dr. Storkus Z. Hopperdropper (Storky, to his friends) has gone a bit mad, and is dropping baby bunnies from the sky! In fact, it's raining bunnies! What's a crazy monkey to do? Get help, that's what! Coco and his brother Haggis are out to catch the bunnies and bounce 'em to safety. It's monkey business, for sure, and they need your help, so grab that trampoline, and start Bouncin' Baby Bunnies!! A copy of the nearly complete game surfaced in the collection of a former Telesys employee in 2007. 

Bouncin' Baby Bunnies (or BBB for short) is an odd little game that plays a bit like the old Nintendo Game and Watch game Fire.  In BBB the player controls a pair of monkeys holding a platform at the bottom of the screen.  At the top of the screen a stork flies around dropping little bundles which just happen to contain baby bunnies.  Your goal is to prevent these bundles from hitting the ground and deflect them into the house on the left side of the screen.  Every time one of these bundles hits your platform it will bounce around the screen, hence the name of the game.

This title was finished and released through AtariAge with only 60 copies available.

Bouncin' Baby Bunnies
Company: Telesys
Programmer:Alex Leavens
Year: 1983"
"Bowling","","Region Not Set","","Atari, Inc.","Atari","1979-04-01","2","No","Sports","Not Rated","Your objective is to roll as high a score as possible, whether you're playing a one-player or a two-player game.  There are ten ""pins"" to knock down.  You have two tries (or rolls) to knock down the pins each time you're up.  Each game consists of ten ""frames"" (or turns).

If you succeed in knocking down all the pins on your first roll, it's called a ""strike"".  A strike is marked with an ""x"" on the TV screen.

If you leave pins standing, but ""pick them up"" on your second try, it's called a ""spare"".  Spares are marked with a ""/"" on the screen.

An ""open frame"" occurs when you fail to knock down all then pins in two rolls.  Open frames are indicated with a straight horizontal line (-) on the screen.

The ultimate goal in BOWLING is to roll 12 consecutive strikes for a ""perfect"" score of 300."
"Bowling ( Sears Telegames )","","Region Not Set","","Sears, Roebuck and Co.","Atari","1978-01-01","2","No","Sports","E - Everyone","Your objective is to roll as high a score as possible, whether you're playing a one-player or a two-player game. There are ten ""pins"" to knock down. You have two tries (or rolls) to knock down the pins each time you're up. Each game consists of ten ""frames"" (or turns).

If you succeed in knocking down all the pins on your first roll, it's called a ""strike"". A strike is marked with an ""x"" on the TV screen.

If you leave pins standing, but ""pick them up"" on your second try, it's called a ""spare"". Spares are marked with a ""/"" on the screen.

An ""open frame"" occurs when you fail to knock down all then pins in two rolls. Open frames are indicated with a straight horizontal line (-) on the screen.

The ultimate goal in BOWLING is to roll 12 consecutive strikes for a ""perfect"" score of 300."
"Boxing","","NTSC-U","United States of America","Activision","Activision","1980-08-08","2","Yes","Fighting | Sports","E - Everyone","Boxing is a 1980 Atari 2600 video game developed and released by Activision in the USA on August 8, 1980.

Boxing shows a top-down view of two boxers, one white and one black. When close enough, a boxer can hit his opponent with a punch (executed by pressing the fire button on the Atari joystick). This causes his opponent to reel back slightly. Long punches score one point, while closer punches (power punches, from the manual) score two. There are no knockdowns or rounds. A match is completed either when one player lands 100 punches (a ""knockout"") or two minutes have elapsed (a ""decision""). In the case of a decision, the player with the most landed punches is the winner. Ties are possible.

While the gameplay is simple, there are subtleties, such as getting an opponent on the ""ropes"" and ""juggling"" him back and forth between alternate punches."
"Boxing ( Blue Label )","","Region Not Set","","","","1970-01-01","2","No","Action","E - Everyone","No overview is currently available for this title, please feel free to add one."
"Brain Games","","Region Not Set","","Atari, Inc.","Atari","1978-01-01","2","No","Puzzle | Strategy","","In Brain Games one or two players attempt to earn as many points as possible by solving various puzzles presented by the computer. There are six different puzzles included, which are:
•Touch Me: The computer will play a sequence of tones. Each button on the controller represents a different tone, and by pressing the correct button you need to recreate the same sequence.
•Count Me: The computer will display a sequence of numbers. Using the controller, you need to press the numbered buttons in the same order the computer displayed them.
•Picture Me: The computer will display a series of symbols. It will then scramble the order they are displayed in, and you need to reorder the symbols back into their original configuration.
•Find Me: The computer will display a series of objects on the screen, and you need to select the object which is dissimilar from the others. Your score is based on how fast you can successfully do this.
•Add Me: The computer will display a list of numbers. You need to enter in the sum of the numbers before the timer runs out.
•Play Me: This game allows you to play your own songs in free form mode; each button on the controller represents a musical note. Both controllers can be used for a duet, and several example songs are included in the instruction manual."
"Brain Games ( Sears Telegames )","","Region Not Set","","Sears, Roebuck and Co.","Atari","1978-01-01","2","No","Puzzle | Strategy","E - Everyone","In Brain Games one or two players attempt to earn as many points as possible by solving various puzzles presented by the computer. There are six different puzzles included, which are:
•Touch Me: The computer will play a sequence of tones. Each button on the controller represents a different tone, and by pressing the correct button you need to recreate the same sequence.
•Count Me: The computer will display a sequence of numbers. Using the controller, you need to press the numbered buttons in the same order the computer displayed them.
•Picture Me: The computer will display a series of symbols. It will then scramble the order they are displayed in, and you need to reorder the symbols back into their original configuration.
•Find Me: The computer will display a series of objects on the screen, and you need to select the object which is dissimilar from the others. Your score is based on how fast you can successfully do this.
•Add Me: The computer will display a list of numbers. You need to enter in the sum of the numbers before the timer runs out.
•Play Me: This game allows you to play your own songs in free form mode; each button on the controller represents a musical note. Both controllers can be used for a duet, and several example songs are included in the instruction manual."
"Breakaway IV","Breakout: Breakaway IV","Region Not Set","","Sears, Roebuck and Co.","Brad Stewart","1978-11-01","2","No","Strategy","Not Rated","No overview is currently available for this title, please feel free to add one."
"Breakdown","Capture","Region Not Set","","Dynamics Marketing","","1978-01-01","1","No","Action","Not Rated","No overview is currently available for this title, please feel free to add one."
"Breakout","","NTSC-U","United States of America","Atari, Inc.","Atari","1978-09-07","4","Yes","Action","E - Everyone","Breakout is a 1978 Atari 2600 video game developed and released by Atari in the USA on September 7, 1978.

In the game, a layer of bricks lines the top third of the screen. A ball travels across the screen, bouncing off the top and side walls of the screen. When a brick is hit, the ball bounces away and the brick is destroyed. The player loses a turn when the ball touches the bottom of the screen. To prevent this from happening, the player has a movable paddle to bounce the ball upward, keeping it in play."
"Brick Kick","","Region Not Set","","R.J.P.G","","1977-07-11","1","No","Action","E - Everyone","Brick Kick is an Action game, published by R. J. P. G., which was cancelled before it was released"
"Bridge","","Region Not Set","","Activision","Activision","1981-01-01","","No","Strategy","","You have in your possession the ultimate solitaire bridge game!  Bridge by ACTIVISION deals you hundreds of millions of hands at random, provides a computer partner who bids by rules, and even plays as your opponents after you've established a contract.  You can play the same hand over and over again until you're satisfied or keep dealing until you find a hand you want to play. Best of all, you'll never again be without a game with Bridge by ACTIVISION. Look inside to see how it's done.

A NOTE TO BEGINNING BRIDGE PLAYERS:
Bridge by ACTIVISION was designed for people who already know how to play the game. It won't teach you the basics - you'll want to read a good instructional book or take some classes for that.  But it will give you virtually unlimited opportunities to practice what you learn and sharpen your game - at your own pace."
"Buck Rogers: Planet of Zoom","","Region Not Set","","Sega","Sega","1983-01-01","","No","Shooter","","It's the 25th century.  You are Buck Rogers fighting the battle of Planet Zoom.  This is a race against death.  Your ultimate and most powerful enemy is the deadly MOTHER SHIP!

There are 16 levels of increasing difficulty - each with four rounds of challenging space combat.  Before you meet the MOTHER SHIP, your pilot skills and nerve are tested against deadly ELECTRON POSTS, ALIEN SAUCERS and smashing SPACE HOPPERS.  This is a battle of speed, accuracy and endurance.  Your time consumption is crucial to your survival.  

If you deplete your time you lose one of your five fighter ships.  The faster you fly, the sooner you'll get to the MOTHER SHIP, allowing yourself more time to destroy it.  You begin with a full time line when you destroy the MOTHER SHIP.  

Be aggressive but don't be reckless.  This is do or die cosmic combat and it's the MOTHER SHIP or YOU!"
"Bugs","","Region Not Set","","Data Age, Inc.","Data Age","1982-01-01","","No","Action","","You have been sent to investigate a life form that has been detected on a long-dead planet.  Passing through the deadly Cosmic Tunnel, you land on the barren planet's surface to find an underground world ruled by a race of intelligent Super-Bugs! 

Countless numbers of these space age creepy-crawlies begin to emerge from massive subterranean colonies--along with the Phylax, genetically engineered Super-Drones that can penetrate any surface...."
"Bugs Bunny","","Region Not Set","","","","1983-05-05","","No","Adventure","","The object of the game is to pick carrots while avoiding the shotgun blast from one Mr. Elmer Fudd. Elmer may not be the shrewdest hunter but he is certainly persistent. Three shots from Elmer’s gun and That’s All Folks!"
"Bump 'n' Jump","","NTSC-U","","M Network","M Network","1983-05-04","1","No","Racing","E - Everyone","Bump 'n' Jump, known in Japan as Burnin' Rubber (??????? B?nin Rab??), is a 1982 Japanese arcade game created by Data East Corporation, released as both a dedicated board and as part of their DECO Cassette System. The game was published in certain regions by Bally Midway.

In Bump 'n' Jump the goal is to drive from the beginning of a level to the end while bumping enemy vehicles into obstacles and jumping over various large obstacles such as bodies of water."
"Bumper Bash","","Region Not Set","","Spectravideo International Ltd.","Spectravideo","1983-10-01","1","No","Strategy","","A pinball simulator, along the same lines as Atari's Midnight Magic. But this one differs in that it uses the buttons on two paddle controllers to work the flippers, giving it that real pinball feel."
"BurgerTime","","NTSC","","Mattel Electronics","M Network","2021-02-20","1","Yes","Action | Strategy | Platform","Not Rated","You play as Chef Pepper and your goal is to make giant Burger times while evil eggs, sausages and pickles chase you around the game area. 

To properly make a hamburger you must assemble all of the ingredients together, dropping them from higher up onto the the burger area below. To actually do this you have to let Chef Pepper step all over the burger ingredients. As soon as an ingredient (a piece of lettuce for instance) has been stepped on, it will fall to the next level below. Falling food will squish any enemy following you and will also""bump"" any other ingredient bellow it farther down. Also, as an emergency defense against the enemy food, you can collect pepper shakers which will allow you to puff out a small pepper cloud which will momentarily stun enemies, allowing you to walk past them."
"Burning Desire","","Region Not Set","","Playground Games","Playground Games","1982-10-01","1","No","Shooter","","Rescue a damsel in distress from being burned alive by moving around in your helicopter and putting out the flame with your fire hose. Meanwhile, avoid the rocks being thrown at you by the bad dudes. When you've nearly extinguished the flames, the woman will begin jumping up and down. If you swoop down, she'll latch on to your ""joystick"" with her mouth, and you can fly her off to safety before the flames move in on her. If you save her, you will be rewarded with a dirty little animation. The male and female roles of this game are switched in Jungle Fever."
"Busy Police","","Region Not Set","","Zellers","Activision","1983-01-01","1","No","Action","Not Rated","The notorious thief Harry Hooligan is on the loose! You play the part of Officer Keystone Kelly, sent in to capture Harry. Harry is trapped in a four-story mall and is running as fast as he can to reach the exit at the top. Your job is to catch up to him and send him to prison. You will need to use either the escalators at the end of each floor, or the elevator in the middle to go from floor to floor. The escalators may be further away, but the elevator moves pretty slowly so you will need to decide which route will be faster in getting you closer to your goal. If Harry can make it to the top before you catch him, you will have to retry that level. Harry has no intention of letting you catch him easily and is hurling everything he can find in an attempt to slow you down. Shopping carts, bouncing balls, biplanes, and more will all be flying past on the screen and will either slow you down or send you back to the beginning if you get hit. As the levels progress, Harry will run faster and faster, and more objects will be tossed your way to duck and jump over."
"Cabbage Patch Kids Adventures in the Park","","Region Not Set","","Coleco","Konami","1984-01-01","1","No","Action | Platform","","Play as the Cabbage Patch Kids in Cabbage Patch Park via the Pitfall method."
"Cakewalk","","Region Not Set","","CommaVid, Inc.","CommaVid, Inc.","1983-05-03","1","No","Action","","As frantic baker, your job is to catch the cakes and gingerbread men as they are delivered by conveyor belts. If you miss one, it will fall to the floor and the janitor will have to clean it up. But when the janitor cleans up too many, he'll get fed up and quit (game over). If you catch all of the cakes in a baking session, you'll get a coffee break. You must avoid the sharp utensils that accidentally get placed on the conveyors."
"California Games","","Region Not Set","","Epyx, Inc.","Epyx","1987-01-01","1","No","Sports","","Get ready for the gnarliest, most radically awesome sports events under the sun! They're six of California's hottest games. Geared for daredevils - and guaranteed to get your adrenaline pumping! First, pick your sponsor. Then tackle the heavy competition in surfing, rollerskating, BMX bike racing and more. Take risks to score high, 'cause wimps wipe out! Trophies are awarded for single events and overall competition! So grab your gear and go for it. You'll be up to your jams in awesome action. And you just might walk away with first prize!"
"Cannon Man ( Sears Telegames )","","Region Not Set","","Sears, Roebuck and Co.","Sears Roebuck and Co.","1978-01-01","2","No","Action","E - Everyone","No overview is currently available for this title, please feel free to add one."
"Canyon Bomber","","Region Not Set","","Atari, Inc.","Atari","1979-01-01","2","No","Action","","CANYON BOMBER GAMES

GAME 1: Canyon Bomber (One-Player)
Test your skill against the computer.  It's not an easy task.  You've got six misses in which to match wits with the computer for a higher score.  Each time the bricks in the canyon are hit, the remaining bricks ""fall"" to a lower level (rather than remaining stationary in their original position).  Bricks that fall to a lower level are worth the points designated for that level.

Keep an eye on the solid bar beneath your score on the upper right side of the screen.  It is a ""miss indicator"" and gradually decreases in length each time you miss until six misses are recorded and the game ends.  The bar is also color-coordinated with your planes and your score.

Set your sights for 1000 points.  Although the game will not end if you reach the 1000 point mark, it's an excellent goal to set for yourself since it will be very difficult to obtain.

GAME 2: Canyon Bomber (Two-Player)
This game differs from Game 1 only in that you are competing against another player rather than the computer.  Play ends when six misses are recorded against both players.  the player with the highest score wins. 

Don't forget to keep an eye on your opponent's ""miss indicator"" as well as your own.  Bombs away!

GAME 3: Canyon Bomber (One-Player)
This one's the same as Game 1 with one exception.  Rather than falling to a lower level, the bricks in the canyon stay ""suspended"" in their original position when the surrounding bricks are hit.

GAME 4: Canyon Bomber (Two-Player)
You compete with another player the same as in Game 2.  This time however, the brick remain suspended instead of falling to a lower level.

GAME 5: Canyon Bomber (Two-Player)
Get set for a test of your endurance and concentration.  The first player to score 1000 points wins.  No time limit and no limit to the number of bombs or misses.  Falling, rather than suspended bricks are programed into this game.

No ""miss indicator"" will appear on the screen in games with unlimited bombs.

GAME 6: Canyon Bomber (Two-Player)
This game program is identical to Game 5, except that the bricks stay suspended.


SEA BOMBER GAMES

GAME 7: Sea Bomber (One-Player)
You're playing against the computer.  Set the level, release the bomb, and boom, you're ready for action.  Sounds easy, but the computer's a real steady competitor.  If you score 1000 points before the computer does, you're a winner!

GAME 8: Sea Bomber (Two-Player)
This time you're competing against another player in a race to the 1000 point mark."
"Canyon Bomber ( Sears Telegames )","","Region Not Set","","Sears, Roebuck and Co.","","1979-01-01","2","No","Action","E - Everyone","No overview is currently available for this title, please feel free to add one."
"Capture","","Region Not Set","","Sears, Roebuck and Co.","Atari","1978-01-01","2","No","Action | Puzzle","Not Rated","No overview is currently available for this title, please feel free to add one."
"Care Bears","","Region Not Set","","Atari, Inc.","Parker Brothers","1983-01-01","","No","","E - Everyone","No overview is currently available for this title, please feel free to add one."
"Carnival","","PAL","United States of America","CBS Electronics","Sega of America","1983-01-01","1","No","Action","E - Everyone","Carnival by Sega Enterprises, published by CBS Electronics"
"Casino","","Region Not Set","","Sears, Roebuck and Co.","Atari","1978-05-01","4","No","Strategy","Not Rated","There are 3 card games available: Black Jack, Stud Poker and Poker Solitaire"
"Castlevania 2600","","Region Not Set","","Atari Games","AtariAge","2013-01-02","1","No","Action | Adventure","E - Everyone","This is a graphical hack of Roc 'N Rope - You are William Belmont who is traveling through Dracula's bizarre castle. He has too use his whip not only too whip his enemies, but also scale the castle. How far will you make it?"
"Cat Trax","","Region Not Set","","Emerson Radio Corporation","UA Limited","2003-06-16","1","No","Action","Not Rated","It's an age-old battle of cats versus dogs. Take control of one brave cat and race through the maze, but beware--you're not alone! Dogs are lurking to find your cat and turn him into lunch! Race to the potion and transform into the Dog Catcher to impound those puppies...but watch out, they'll be back! It's a mad scramble in which you're out-numbered three to one. Can you out-run--and out-last--your canine opposition? Make CAT TRAX and find out!"
"Catacombs of Chaos","","NTSC","United States of America","","","2015-01-01","2","No","Horror","E - Everyone","No overview is currently available for this title, please feel free to add one."
"Catch Time","","Region Not Set","","Suntek","Suntek","1983-01-01","","No","Shooter","","You are having dinner when a horde of animals (mostly) insects arrive and want to steal your food. Your only weapon is insecticide liquid which you can spray in two directions (up and down). This game is a rip-off of Atari 2600 game ""Plaque Attack"" where you are defending your teeth against food with toothpaste."
"Cathouse Blues","","Region Not Set","","PlayAround","Playaround","1982-10-01","1","No","Adventure","","In Cathouse Blues, you are a horny guy who has to memorize which 7 houses the ladies of ill repute wander into. Grab some cash from the teller, and visit each woman. A visit will cost $20, at which time you'll find yourself in her bed. Score with her as many times as you can before you're forced to leave for the next. The cops are in pursuit as well as a mugger who wants your money. Visiting a wrong house will cause you to be temporarily immobilized (a sitting duck for the cops) as you figure out what to do next. The roles of the men and women are switched in Gigolo."
"Cave In","","Region Not Set","","AtariAge","Steve Engelhardt","2010-01-01","1","No","","","June 4th

Turns out it was true My team opened up a small area of jungle where we knew there was a cave mouth. We weren't expecting the level of clearly Mayan decoration and architecture surrounding it. My people kept it quiet and have, thankfully, left it undisturbed until I can get there. Doesn't sound like anyone's been down there for a while, although there's evidence of some ill-advised attempts at gold mining by the Spanish to the north, but that's a few hundred years old.

I'll reach the site tomorrow. It's going to be a hell of a day.

You're an adventurer who has set out to find an ancient lost crown. Legend says the crown broken into three pieces and hidden in an old abandoned mine. The crown can only be reassembled in the ancient throne room, which is also hidden in the mine. As you enter the mine, the entrance caves in and you realize that you're stuck - now you have two things on your mind, finding the lost crown and finding a way out of the mine!"
"Caverns of Mars","","NTSC","United States of America","Atari, Inc.","John W. Champeau","2024-11-01","2","No","Shooter","E - Everyone","The object of Conquest of Mars is to guide your ship through the Martian caverns and reach the base.  Once there, you must activate the Destructo-Bomb 
and escape before the timer expires and the cavern explodes!

Use the joystick to navigate your ship through the different stages to avoid colliding with the cavern walls.  You can move your ship left and right to maneuver through the winding
caverns.  You can also move your ship up and down to attack or retreat from enemy targets.

Press the fire button to launch your dual missiles to destroy the enemy installations, including generators, cannons and fuel pods.  When you fire missiles, you cannot fire again 
until both missiles have either destroyed an enemy target, collided with the cavern walls, or have exited the bottom of the screen so plan your shots wisely!"
"CCE Bobby is Going Home","VG 3000","NTSC","Brazil","Atari, Inc.","Bit Corporation","1983-01-01","1","No","Adventure","E - Everyone","Bobby Is Going Home é um jogo de plataforma que segue um estilo que foi imortalizado por Super Mario, onde o jogador deve atravessar a fase antes que seu tempo acabe. Bobby é um garoto que acha sua vida perfeita mas um dia, ao ir para casa, as coisas começaram a mudar, criaturas e obstáculos surgiram e o desafiram a chegar a salvo.
A pontuação do jogo é utilizada como relógio, diminuindo a medida que o tempo passa. Ao passar de cena, seus pontos são incrementados em 1000, mas cuidado, não é somente o tempo que pode acabar com seu jogo, pois Bobby possui apenas 5 vidas."
"Centipede","","NTSC-U","United States of America","Atari, Inc.","General Computer Corporation","1983-03-06","1","No","Action | Shooter","E - Everyone","Centipede is a 1983 Atari 2600 video game developed by General Computer Corporation and released by Atari in the USA on March 6, 1983.

The player moves the character about the bottom area of the screen and fires laser shots at a centipede advancing from the top of the screen down through a field of mushrooms. Shooting any section of the centipede creates a mushroom; shooting one of the middle segments splits the centipede into two pieces at that point. Each piece then continues independently on its way down the board, with the first section of the rear piece becoming a new head. If the head is destroyed, the section behind it becomes the next head."
"Centopeia","","Region Not Set","","Polyvox","Atari","1970-01-01","1","No","Shooter","Not Rated","The South American version of Centipede."
"Challenge","","Region Not Set","","Funvision","Zellers","1980-01-01","","No","Action","","You as a duck must work your way through the maze from the bottom right-hand corner of the screen to the top left-hand corner in order to get the next level."
"Challenge of Nexar","","Region Not Set","","Spectravision","Sirius Software, Inc.","1983-01-01","1","No","Action","E - Everyone","You are trying to become a Spectra-Warrior. To do this, you must fly through the levels of warp zones, destroying radioactive beacons. The higher the level, the more you need to destroy. These beacons are guarded by impact exploding saucers. You can destroy these saucers for points or avoid them. When you destroy a saucer or beacon, do not remain in the same place as the debris will collide with you. You have ninety-nine seconds to destroy the number of beacons indicated by the number on the bottom right of the screen per level."
"Championship Soccer","","Region Not Set","","Atari, Inc.","Atari","1980-09-01","2","No","Sports","Not Rated","Okay, soccer fans, the ATARI CHAMPIONSHIP SOCCER ™ Team challenges you to a game. The ATARI computer team is waiting impatiently inside your Game Program cartridge for you to select one of the single player games (Games 28 through 54). They want to show you their stuff. Here’s a brief rundown on each player, just so you’ll know who you’re up against.

""CRASH"" MORGAN, the galloping goalie, is the fastest man on the team. ""CRASH"" got his nickname because he is forever slamming into the goal posts chasing after the ball. Fortunately, the goal posts are never damaged, but sometimes you can score a goal on him before his ears stop ringing.

NICK DANGER, the frantic forward, is mean and nasty and just loves to blast the ball into your goal shouting, ""eat leather, chump."" Don’t let his bad manners bother you, it’s just his way of rattling the opposition.

""LUMPY"" DURAN, the left back, is without a doubt the clumsiest player in the world of soccer. Penalized twice for stepping on the ball instead of kicking it, he was finally thrown out of one game for toe-kicking the referee!

ALEXIE PUTSNOWSKI (Putsy), the right back. What can we say about Putsy? A real ladies man, a great soccer player, a sore loser. Even though ""The Puts"" has kicked and gouged his way to soccer stardom, for three years in a row he has been voted the ""least likely"" player."
"Chase","","Region Not Set","","Sears, Roebuck and Co.","Atari","1978-01-01","2","No","Action","Not Rated","No overview is currently available for this title, please feel free to add one."
"Chase the Chuck Wagon","","Region Not Set","","Spectravision","Spectravision","1983-10-01","1","No","Adventure","","In the 80's, the popular commercial for Purina dog food included a dog chasing a tiny chuckwagon across the kitchen floor. Inspired by this, Chase the Chuckwagon was produced by Spectravision and released as a promotional item from the Ralston Purina Company. Buy lots of dog food and you could own this. The simple rarity of this game combined with its historical coolness makes it one of the ""holy grail"" games. The object is to navigate the dog through a maze in an effort to reach the chuckwagon, while avoiding the dog catcher and other obstacles. If he makes it, an animation shows the dog chasing after the chuckwagon and stopping to eat the dog food that falls out of it."
"Checkers","","Region Not Set","","Activision","Activision","1981-01-01","","No","Strategy","","Everybody knows how to play Checkers, right? You're in for a surprise. Checkers is no longer just a one-on-one game. Now, the whole family can gang up and play against the Activision computer at three levels of challenge. Before you start playing, read these instructions carefully to review the basic rules and learn how to pick up and move your checkers."
"Checkers ( Sears Telegames )","Video Checkers ( Sears Telegames )","Region Not Set","","Sears, Roebuck and Co.","Sears Roebuck and Co.","1978-01-01","2","No","Action","E - Everyone","No overview is currently available for this title, please feel free to add one."
"Cheese","","Region Not Set","","","","1998-01-01","1","No","Platform","Not Rated","Dragonfire hack"
"Chetiry","","Region Not Set","","AtariAge","AtariAge","1970-01-01","1","No","Puzzle","Not Rated","The Soviet Union is crumbling, and so the most brilliant scientific minds have hatched a final master plan of world domination to save the republic. Their plan is the construction of a gigantic infernal machine, superior to all other weaponry. For the plan to succeed, vast quantities of steel beams are required. But the proletariat have become drunk on the smell of freedom and will only produce small twisted shapes of metal. Your job is to combine these feeble parts into large sturdy beams, so that the diabolical plan can be realized.

Chetiry is a new puzzle game for the Atari 2600 console. The objective is to combine falling shapes of 4 squares (tetrominoes) into continuous horizontal lines of 10 squares, which will remove them from the grid. ""Chetiry"" is a loose translation of the Russian word ""Four"".

Game Features

Four different game styles (described below)
Selectable in-game tunes
20 Difficulty Levels
Pause feature
Toggle Shape Preview on/off
Toggle Fast Drop on/off
High scores saved to cartridge
Game Styles

Marathon: In this game style, the game continues until the grid overflows. The game difficulty will increase each time 10 lines are removed from the grid.
Sprint 25: In this game style, the objective is to remove 25 lines from the grid. The game difficulty does not increase beyond the level that is set in the menu. The game will finish when all 25 lines have been removed.
Sprint 40: This game style is similar to SPRINT 25, with the objective to remove 40 lines from the grid.
Ultra: In this game style, you have 3 minutes to score as many points as possible. The game timer is shown at the top of the screen, and the game will finish when the timer reaches zero."
"China Syndrome","","Region Not Set","","Spectravision","Spectravision","1982-01-01","1","No","Shooter","E - Everyone","The Spectra Island reactor provides power for millions of residents. Ordinarily, there is no problem but there has been an earthquake. This has damaged the reactor, causing it to release radioactive particles. You must use the robot arm to retrieve these particles before the radiation builds too much and we have a meltdown.

There are three sections per screen. They are colored, from top to bottom, red, blue and yellow. You start with one particle in each area and you must move the robot arm to intercept these particles, pushing the fire button to grasp them when they get to the robot arm.

If you delay to long, however, the particles will split as they bounce around, causing the radiation level to build. If the radiation builds too much, you lose one robot arm. In later levels, you also must avoid hitting the circulating fans, as this will also destroy the robot arm. The game ends when you clear level nine and save the day or lose your last robot arm and the reactor enters meltdown."
"Chopper Command","","Region Not Set","","Activision","Activision","1982-06-01","1","No","Shooter","","Chopper Command involves the player controlling a military helicopter in a desert scenario protecting a convoy of tractor trailers that are in position on the ground. The goal is to destroy all enemy fighter jets and helicopters that attack the player's helicopter and the friendly trucks traveling below. The game ends when the player loses all of his or her lives, or when the player reaches 999,999 points. The game also utilizes a type of radar in order to detect enemy craft not visible on the main screen."
"Chopper Command ( Blue Label )","","Region Not Set","","","","1970-01-01","2","No","Action","E - Everyone","No overview is currently available for this title, please feel free to add one."
"Chuck Norris Superkicks","","Region Not Set","","Xonox","Xonox","1983-07-15","1","No","Fighting","","Chuck Norris Superkicks, is a 1983 video game produced by Xonox where the player takes control of Chuck Norris. It was later sold as Kung Fu Superkicks when the license for the use of the name Chuck Norris expired.  The game was produced for the Commodore 64, Commodore VIC-20, Atari 2600, and Colecovision as part of Xonox's double-ender cartridge line (cartridges with two games and two connectors that were flipped over depending on which one the user wanted to play).

The player is a martial arts expert that has to liberate a hostage. The game combines two types of game-play: moving through a map, and fighting against enemies."
"Chuck Norris Superkicks / Ghost Manor","","NTSC","","","","1970-01-01","1","No","Action","E - Everyone","No overview is currently available for this title, please feel free to add one."
"Circus","","NTSC","Canada","Zellers","Atari","1983-01-01","2","No","Action","Not Rated","No overview is currently available for this title, please feel free to add one."
"Circus ( Sears Telegames )","","Region Not Set","","Sears, Roebuck and Co.","","1980-01-01","2","No","Action","E - Everyone","No overview is currently available for this title, please feel free to add one."
"Circus Atari","","NTSC-U","United States of America","Atari, Inc.","Atari","1980-07-20","2","No","Action","E - Everyone","Circus Atari is a 1980 Atari 2600 video game developed and released by Atari in the USA on July 20, 1980.

It is based on the 1977 arcade video game, Circus, which was produced by Exidy.

Pop the balloons and score points. A wall of red, blue, and white balloons will appear at the top of the screen. You must pop balloons by catching a clown on the teeter-totter and bouncing him up to the balloons. Use the controller to move the teeter-totter across the screen to catch the clowns. Each time a clown pops a balloon, the balloon will disappear and you score points. Each player receives five clowns or turns. If you fail to catch a clown on the teeter-totter he will crash and disappear from the playfield. Press the controller button and another clown will bounce off the trampoline from the right or left corner of the playfield. After five clowns have crashed the game is over. The clowns may land on any point on the teeter-totter except where the other clown is sitting, which causes them to crash."
"Circus Convoy","","Region Not Set","","","David Crane","2021-03-14","1","No","Action | Adventure | Platform","E - Everyone","CIRCUS CONVOY™, designed for the Atari® 2600™ by David Crane and Garry Kitchen, is a multi-screen action adventure where gamers play as ""Andre the Magnificent"", a circus strongman tasked with finding a saboteur among the speeding convoy trucks and sideshow trailers of a traveling Big-Top circus.  The game features a variety of nostalgic mini-games, numerous circus props and dozens of adventure-style puzzles to solve.  Designed with innovative state-of-the-art graphics."
"City Defence","","NTSC","Australia","Self-Published","","2020-02-20","1","No","Action | Shooter","E - Everyone","You're at control of the maingun to lock-on incoming targets and defend your capital. Warheads are raining in and the citizens are depending on you to save the city. Aim your targets, lock and fire at strategic locations to fend off the incoming ICBM's otherwise the city will be leveled to rubble. Make sure you protect as much of the city as you can, otherwise once it's lost, you have failed commander.

If your maingun takes a hit your city is helpless and make sure to protect that vital powerstation! If you lose this building your targeting systems will only run at 50% capacity. You will then need to wait till the end of the season whilst your citizens restore the powerstation. Good luck!

Author/Programmer:  Anthony Quinlan
Self-Published, 2020"
"Climber 5","","Region Not Set","","","Xype","2003-07-26","1","No","Sports","Not Rated","Climber 5 is a port of an Atari 8-bit computer game that originally appeared in COMPUTE! magazine back in 1987. In Climber you play the role of a baseball player. The baseball has been hit to the upper rafters of a building under construction. Your job is to climb the ladders and retrieve the ball. Of course, there are obstacles along the way that you need to avoid or you lose a life and must start over at the bottom right corner. Once you successfully retrieve the ball, the level changes and becomes more difficult."
"Coconuts","","Region Not Set","","Telesys","Telesys","1982-05-04","2","No","Adventure","E - Everyone","In CocoNuts Stanley the intrepid jungle explorer is under attack from Coco the monkey! Coco is up in the trees throwing coconuts at Stanley. You control Stanley and need to dodge the incoming coconuts. You begin the game equipped with a helmet and an umbrella to protect yourself. Each time you are hit by a coconut, you lose one of these items. You may also regain an item by scoring enough points. The game ends when you have nothing left to protect yourself and a coconut hits you. Of course, the longer you can last in the game, the faster it becomes!"
"Codebreaker","","Region Not Set","","Atari, Inc.","Atari","1978-10-01","","No","Puzzle","","This one's not for stupid people. The goal of codebreaker is to guess a 3 or 4 digit number in 12 tries. The computer lets you know when your on the right track with some vague clues. In the second game, NIM, you and your opponent strategically remove blocks in an attempt to be the one to remove the last block."
"Codebreaker ( Sears Telegames )","","Region Not Set","","Sears, Roebuck and Co.","Sears Roebuck and Co.","1978-01-01","2","No","Action","E - Everyone","No overview is currently available for this title, please feel free to add one."
"Coke Wins","","Region Not Set","","","Atari","1983-01-01","1","No","Shooter","","Pepsi Invaders (also known as Coke Wins) is a video game for the Atari 2600 platform, based on the popular Space Invaders. It was commissioned by Coca-Cola for their 1983 sales convention, and developed by Atari as a modification of the original Space Invaders cartridge.

The game is a modification of Space Invaders, with each row consisting of the letters P E P S I followed by an alien, instead of the original six aliens.["
"Col","","Region Not Set","","Taiwan - Cooper Black","","1983-01-01","2","No","Adventure","Not Rated","No overview is currently available for this title, please feel free to add one."
"Col'N'","","Region Not Set","","Taiwan - Cooper Black","Home Vision","1983-01-01","1","No","Action","E - Everyone","Col'N' also known as Aliens Return, Go Home and Go Go Home Monster. 

An alien crashed on Earth and to get back to his planet he must find the four pieces of his spacecraft. Go into the several rooms and press the button. Hopefully, a piece of the ship will show on a corner of the screen. Pick it up and repeat the procedure until you can go back home. Beware of the guardians, though, as they would follow you to trap you."
"Colony 7","","Region Not Set","","AtariAge","Taito Corporation","2007-01-01","2","No","Shooter","","Your mission is to defend Colony 7 from the evil Jarvians.
Wave after wave of enemy fighters strafe the colony's defensive shield, attempting to break through.
You're in command of the colony's defensive guns, unleashing a converging stream of laser fire at the attacking hordes.
You must wipe out the invading craft before either the cannons or the entire Colony are destroyed."
"Color Bar Generator","","Region Not Set","","Video","Videosoft","1984-01-01","1","No","Music","E - Everyone","The test pattern cartridge contains 15 displays that can be used to check or align most adjustments for a black and white or color television. One pattern is also included to check the alignment of the color generation circuitry on the Atari VCS™ console circuit board. A 1kHz and 3kHz tone can be selected with the DIFFICULTY SWITCHES, and the patterns can be selected by scrolling forward or backwards through the list via the GAME SELECT or GAME RESET console switches."
"Combat","","NTSC-U","United States of America","Atari, Inc.","Atari","1977-09-11","2","Yes","Action | Shooter","E - Everyone","Combat is a 1977 Atari 2600 video game developed and released by Atari in the USA on September 11, 1977.

Combat uses two four-directional joysticks, one for each player. The game has several modes of gameplay: ""Tank"", ""Biplane"" and ""Jet"" and with variations of the above models. The tank and jet modes are viewed from a top-down perspective while biplane games are side view. In all forms of the game, pushing the button fires a missile. Hitting the other player with a missile scores a point. The player with the most points at the end of a two minutes and sixteen second round wins. Variations of the gameplay in Tank mode include adding obstacles to maneuver around, having the missiles rebound off of walls (referred to as Tank-Pong) and a mode where the tanks are invisible except when they are firing a missile or are hit by one. In the other two modes, Jet and Biplane, there are no obstacles, and both aircraft continuously move forward. These levels have options for obscuring clouds that the planes can hide behind. The original 1977 Atari VCS (Video Computer System) has six switches in front, including left and right difficulty switches and a game select switch. The difficulty switches change the range of fire of the missiles and in the plane-based games also changes the speed of flight."
"Combat Two","","Region Not Set","","Atari, Inc.","Atari","1982-01-01","2","Yes","Strategy | Fighting","E - Everyone","Combat 2 is video game for the Atari 2600. Originally announced in 1982, it was subsequently cancelled. Developed by Atari, the game was supposed to be the sequel to the classic Atari VCS game Combat, which was bundled with the system. In 2005 it finally saw release on the Atari Flashback 2 dedicated console, and has seen two subsequent releases, the first in the 2011 Nintendo DS compilation Atari's Greatest Hits Volume II and the second in the iPhone and Android app Atari Greatest Hits, initially released in 2012.

Environments were an arena with a river in the middle with two bridges, forests that the tanks can use for cover, and brick walls that could be shot through or used for cover. The tanks themselves moved by themselves with the player turning the tank and controlling the speed. This game had three lives that could be used — three hits and the player loses a life — while the original allowed you to get as many shots in until the time ran out. The graphics overall were improved over the original.

The game was cancelled, probably due to the video game crash of 1983, and was forgotten until 200 copies of the prototype were produced in cartridge form and sold at the Classic Gaming Expo in 2001. The prototype featured the unfinished game, which included the features listed above, but people were surprised to find a level editor inside the game.

The game was featured in Retro Gamer Issue 15 in the ""Games That Weren't"" section."
"Commando","","Region Not Set","","Capcom","Capcom","1988-05-04","1","No","Shooter","Not Rated","Super Joe is armed with a sub-machine gun (which has unlimited ammunition) as well as a limited supply of hand grenades. While Joe can fire his gun in any of the eight directions that he faces, his grenades can only be thrown vertically towards the top of the screen, irrespective of the direction Joe is facing. Unlike his SMG bullets, grenades can be thrown to clear obstacles, and explosions from well placed grenades can kill several enemies at once."
"Commando Raid","","Region Not Set","","U.S. Games","U.S. Games","1982-01-01","1","No","Shooter","E - Everyone","You are in defense of your buildings which have come under attack by android commando raiders. Without warning they appear, intent on capturing your buildings and destroying your gun emplacement.

First the troop carrying helicopters fly in dropping android paratroopers to test your defenses. Soon the sky is filled with fluttering helicopters and wave after wave of android paratroopers. They must be destroyed! Each paratrooper allowed to land on a building destroys a portion of that building. If three paratroopers land on a building. It will be totally destroyed and must be considered under commando control.

Worse still, the androids can now tunnel towards your gun emplacement. Each paratrooper who lands on that building expands the tunnel. If they are not stopped, they will plant an explosive charge under the gun.

In the midst of the battle, an aircraft may appear. It will drop a devastating bomb which can destroy all buildings and the gun emplacement. You must shoot it down or at least shoot the bomb it drops. If you miss, its back to basic training!"
"Communist Mutants From Space","","Region Not Set","","Arcadia Corporation","Arcadia Corporation","1982-01-01","","No","Shooter","","Vaporize the Communist Mutants before they overrun your home planet! Select individual attack/defend features for up to four players. Other features include: Number of players selection; Difficulty level selection; Shield option; Time warp option; Penetrating missile option; Steerable missiles option; High score indicator."
"Compumate","","Region Not Set","","Spectravideo International Ltd.","","1983-01-06","1","No","Action","Not Rated","The Spectravideo CompuMate SV010 was a home computer expansion for the Atari VCS / 2600 video game system released 6 January 1983 at the Winter CES( Winter Consumer Electronics) show in Las Vegas."
"Condor Attack","","Region Not Set","","Ultravision","Ultravision","1983-01-01","1","No","Shooter","","A Demon Attack rip-off. Sometimes the condors will explode before you shoot them and the game will become to fast to soon. However, that doesn't happen always, so it's pretty unexpected."
"Confrontation","","Region Not Set","","Answer Software","Answer Software","1983-05-01","1","No","Sports | Platform","","Confrontation is a strange strategy game which was never commercially released, but was available directly from Answer for a short time.  Only people who saw it on display at the 1983 CES show would have know about it and ordered it so while it's not technically a prototype, it's close enough.  Since Confrontation uses a programming trick to display so many objects on the screen at once, screenshots will only show one players pieces at a time."
"Congo Bongo","","Region Not Set","","Sega","Sega","1983-01-01","1","No","Platform","","Congo Bongo is an isometric platform arcade game released by Sega in 1983. The game has come to be seen as Sega's answer to the highly successful Donkey Kong game that was released two years prior. The player takes the role of a red-nosed safari hunter who tries to catch an ape named ""Bongo"". The hunter seeks Bongo to exact revenge for an apparent practical joke in which Bongo set fire to the hunter's tent, giving him a literal ""hotfoot""."
"Conquest of Mars","","Region Not Set","","AtariAge","John W. Champeau","2006-04-11","2","No","Action","","In the year 4014, the planet Earth and the planet Mars are locked in a century-long war. The Martians have devised a plan to destroy Earth using the power from their latest weapon: the Destructo-Bomb!! The Martian forces have managed to construct five bombs and have placed them deep inside the Martian Caverns, awaiting the final command from their leader to attack!!! Do you have the skill to navigate to the depths of the Martian caverns, active the Destructo-Bombs, and escape before they explode? Good Luck! 

Conquest of Mars is an accurate translation to the Atari 2600 of a popular Atari 8-bit computer title. Destroy the Martian rebellion by descending through the six caverns of Mars to activate the main energy reactors and escape to the surface before they blow up! Do you have the skill and quick reflexes required to descend into the Martian depths without being annihilated? And once you reach the bottom, can you make it out alive?"
"Cookie Monster Munch","","Region Not Set","","Atari, Inc.","Children's Computer Workshop, Inc.","1983-10-02","","No","","","It's fun! Ten different game levels challenge, entertain and reward children! Game levels progress from simple, noncompetitive games for younger children to fast and dynamic games for the older child. It's educational! COOKIE MONSTER MUNCH helps children practice pre-reading skills and encourages learning through play."
"Cosmic Ark","","Region Not Set","","Imagic","Imagic","1982-06-11","2","No","Action | Shooter","E - Everyone","The sun of Alpha Ro is fading fast! Soon it will flicker out. The Cosmic Ark races to save creatures from doomed planets in that solar system. Meteor showers bombard the Ark, threatening its Atlantean crew - and planetary defense systems make this mission of mercy doubly treacherous! Time and energy slip away- work fast or these defenceless little beasties will disappear for all time."
"Cosmic Commuter","","Region Not Set","","Activision","Activision","1984-01-01","","No","Action","","WAY BACK IN THE TWENTIETH CENTURY, a bunch of Ivy League Professors sat around inventing space colonies.  They were lauded as visionaries and went on as lecture tours.  Do you think they thought about traffic jams in space?

Somehow, we don't think they did.

We're the G.T.A --- Galactic Travel Authority.  The movers of the daily grind, circa 2075 A.D.

And we're glad you're working for us now."
"Cosmic Corridor","Space Robot | Space Tunnel | Weltraum-Tunnel | Tunnel Spaziale | Weltraum-Tunnel/Weltarumtunnel | Space Tunnel / Weltraum-Tunnel","Region Not Set","","Zimag","Zimag","1982-10-01","1","No","Action","","Cosmic Corridor is similar to Atari's Vanguard, though it's graphically inferior. You control a ship that can fire in multiple directions. Fly through the tunnels in either direction shooting all of the bad guys."
"Cosmic Creeps","","Region Not Set","","Telesys","Telesys","1982-01-01","1","No","Adventure","E - Everyone","Civilization is doomed! You are our last hope! You must protect the Cosmic Kids from the Cosmic Creeps as they escape the orbit-decaying planet!

The first part of the game is The Voyage. You begin on the bottom in your Orbinaut. You must move to the space station at the top while avoiding plasma, which moves from top to bottom, and Space Skeeters, which move left to right or right to left. If you are hit by anything, you will spin off into space and must begin again. Releasing a new Orbinaut, however, also causes the planet to decay a little more

The second part of the game is The Rescue. A Cosmic Kid starts at the bottom left of the screen and moves to the right then goes up one level moving left, all the while being chased by one or two Cosmic Creeps. You, using the space station, must fire and time your shots to hit a Creep, sending them back to the bottom. If your shot hits the Kid, a new Kid must start at the bottom and the planet's orbit decays a little more.

If the planet's orbit decays completely or if a Cosmic Creep gets to the upper right of the screen, the game is over. You get 100 points for each Creep you shoot and 1500 points for each Kid you get to safety. You need to score 5000 points on the Rescue screen to advance to the next level, where you will start the Voyage again, only faster."
"Cosmic Swarm","","Region Not Set","","CommaVid, Inc.","CommaVid, Inc.","1982-10-01","1","No","Action","Not Rated","In Cosmic Swarm, you must use your Asteroids-like spacecraft to pick off space termites one by one. These pesky termites will place deadly blocks around the screen, making it difficult for you to fly around freely. If you manage to hit a termite as it carries its block, all of the blocks will turn red, and you can destroy them one by one until you hit another termite. Also, you'll need to contact the fuel ship whenever it appears in order to keep your ship operational."
"Crack'ed","","Region Not Set","","Atari, Inc.","Zip Technologies","1988-01-01","1","No","Action","Not Rated","As a professional ornithologist, you're thrilled to find out that some rare South American hornbills have nested in your ""old yolk tree."" But while the hornbills are out feeding, a group of mischievous bluebirds, owls, and snakes begin raiding their nests and stealing eggs.

Horrified, you get out your slingshot and begin hitting the marauding creatures. But you have to be careful. If you hit an egg-carrying bird, it drops the egg and you have to act fast to catch it before it hits the ground and return it to a nest. At the same time, you have to watch for snakes that may be sneaking up to nests and gobbling eggs. If you can protect the eggs long enough, you can take them to another nesting site. But watch out, egg-stealing creatures are everywhere!"
"Crackpots","","Region Not Set","","Activision","Activision","1983-01-01","","No","Action","","We're infested! A bug barrage is swarming out of the sewer, chomping away at every building in town. Entire neighborhoods are now crumb piles! Over in Brooklyn, Potsy, the rooftop gardener, is defeating his beloved building with his only weapon - potted petunias. Be a good neighbor. Help him take potshots at the insect invaders... Quick! When too many bugs crawl into the windows, they'll start eating you out of house and home!"
"Crash Dive","","Region Not Set","","Fox Interactive","Fox","1983-10-01","2","No","Shooter","","Crash Dive is a Defender-esque game in which you fly across the screen shooting stuff. But in this case, you can fly like an airplane or crash into the water and travel like a submarine. Treasures can be found at the bottom of the sea whenever you see sea monsters or mines. The objective is to reach the submarine Seaview before your fuel runs out"
"Crazy Balloon","","Region Not Set","","AtariAge","Manuel Rotschkar","2005-04-01","1","No","Action","","Crazy Balloon is a port of the 1980's arcade underdog, which is the grandfather of games like Kuru Kuru Kururin. In Crazy Balloon you must carefully navigate your balloon through many varied levels full of different dangers. As if navigating these treacherous wasn't already nail biting, you will encounter additional hazards such as moving spikes or ""Hurricane Man"", who will try to blow you against a spiked wall!
Author Manuel Rotschkar (whose previous games include Seawolf, Star Fire, and Gunfight) Initially wrote this game to submit it for the 2005 Mini Game Competition, where the goal is to write an enjoyable game in the smallest space possible. Crazy Balloon includes all 16 levels from the arcade game, and you might find some surprises you're not expecting! All the obstacles from the arcade have been reproduced as faithfully as possible, with only a few elements replaced with Atari 2600 exclusive obstacles. If you're a fan of the arcade game, you won't be disappointed!"
"Crazy Climber","","Region Not Set","","Atari, Inc.","Nihon Bussan Co., Ltd.","1982-05-01","","No","Action","","As Crazy Climber, climb your way to the top of a series of buildings, where a helicopter is waiting to pick you up and take you to the next building. As Climber scales a building, he is able to climb up and sideways but he cannot climb down. While climbing a building, windows will open and close simultaneously. If any window closes on either of his hands he will lose his grip. However, if a window closes on both of his hands, he will fall to his death, resulting in the loss of a life. You have three Climbers in total, but you are awarded an extra Climber every 30,000 points. Besides windows, Climber is faced with other dangers, including:

-Bald-headed guys who hurl various objects at you.
-Pesky condors who fly by, dropping eggs and droppings of an unpleasant substance.
-Falling steel girders and iron dumbells.
-Electrical ""Nichibutsu"" signs with a dangling live wire.
-Falling ""Crazy Climber"" signs.
-King Kong leaping from side to side of the building and slams his hands against the windows."
"Crazy Valet","","Region Not Set","","Self-Published","Brian Prescott","2000-01-01","1","No","","","You have just witnessed an incredible football game in which your home team defeated the visitors by a narrow margin. Little do you realize that your evening's excitement is just beginning.

Being a very important club seat season ticket holder, you had a valet parking pass for the game. Unfortunately, a disgruntled football fan turned valet parking lot attendant took out their frustration at not getting tickets on your car. They spent the entire game in a devious attempt to make it as difficult as possible for you to leave. Now the attendant has left, and you need to assist the other attendants to get your car out of the lot so that you can get home before the post game show is over."
"Criminal Pursuit","Criminal Persuit | Mysterious Thief | Misterious Thief","Region Not Set","","Zimag","Zimag","1983-01-01","2","No","Platform","","You are a thief, and your goal is to steal as many items as you can from the house before the time runs out. Along the way, you will need to watch out for the local security man and killer guard dogs."
"Cross Force","Crose Forcy | Kreuzfeuer","Region Not Set","","Spectravision","Spectravision","1982-01-01","2","No","Action","","In the intriguing Cross Force, players control a pair of cannons which remain at diametrically opposite ends of the screen at all times (if centered, the two cannons line up vertically; moving them toward the edges of the screen splits them apart diagonally). A succession of alien spacecraft and creatures take center stage in the middle of the screen, and players must line the two cannons up to most efficiently deal with all of the enemies while also using the smallest amount of fuel possible (end-to-end sweeps of the screen, while deadly and impressive, simply aren't practical). Some of the enemies, not content to just be evasive, return fire, providing another way for the player's cannons to be destroyed."
"Crossbow","","Region Not Set","","Atari, Inc.","Atari","1988-10-01","2","No","Shooter","Not Rated","This game is basically a target shooting game, with a twist. Armed with a crossbow you protect your ""friends"",who walk dumbly across the screen, from getting hit by the various things being hurled at them. Obstacles include animals, coconuts, volcanic fireballs, stalagtites, and a fire-breathing dragon. If all goes well, they will reach the dragon's treasure."
"Cruise Missile","","Region Not Set","","Froggo Games Corporation","Froggo Games Corporation","1987-01-01","1","No","Adventure","E - Everyone","You control your own Starship in this space battle which takes place in the galaxy of Interwand.  Your Interwand Starship is equipped to do battle with the enemy guard towers and spaceships of the planet Antiwand.

Your mission is to destroy the guard towers that protect the underground enemy settlement and enter the secret tunnel that leads to Antiwand.  You must constantly be on the alert and attack the guard towers before they collide with and destroy your Starship.  When you have destroyed 10 towers, you will go to Level 2 where you can enter the underground world of the Antiwands.  It is here that you will do battle with Antiwand spaceships and underground missile command towers which will try to destroy your Starship.

The more Antiwand towers you destroy, the more the attack speed of the towers increases and the tunnel itself grows more and more narrow making your journey more perilous than ever."
"Crypts of Chaos","","Region Not Set","","20th Century Fox","20th Century Fox","1982-01-01","1","No","Adventure","","For centuries, the legend of the Crypts of Chaos has been cloaked in mystery.  It is said that the crypts are guarded by gruesome and deadly creatures.  Although, many have entered the creepy crypts in search of ancient treasure, none have ever returned.  But this does not bother one as adventuresome as you.  Especially since you are armed with rare and magical weapons.  So go now and be careful.  For upon your return, we will at last know the secrets of the Crypts of Chaos."
"Crystal Castles","","NTSC-U","United States of America","Atari, Inc.","Atari","1984-04-01","2","No","Action","E - Everyone","Bentley Bear is trapped in the Crystal Castles! To get out, he will need to collect all of the gems located throughout the castle. The game is played with an isometric view of the multi platformed castle. When Bentley collects all of the gems on the current castle, he will move on to the next, more difficult castle. Wandering throughout the castles are a wide variety of dangerous creatures, which Bentley should avoid. From time to time, a magic hat will appear. If Bentley collects the hat, he will temporarily be invincible to the castles inhabitants."
"Cubicolor","","Region Not Set","","Rob Fulop","Rob Fulop","1982-01-01","2","No","Puzzle","Not Rated","You know those cheap little tile puzzles, where you shift tiles one space at a time to try to reform a picture that has been mixed up? That's what this game is like. Move the tiles on the big square (5x5) one at a time, and try to form the pattern shown on one of the little squares (3x3) within the middle 9 tiles of the big square. The game is set up with two big squares for grueling two-player competition.

Cubicolor was designed by Rob Fulop of Imagic fame. Supposedly, only 50 were produced, and each cartridge is numbered. The rarity and legend of this game make it potentially the most sought-after 2600 game in existence."
"Cubis","","Region Not Set","","Hozer Video Games","Eckhard Stolberg","1997-01-01","1","No","Puzzle","","Cubis is a Tetris clone for the Atari 2600 created in 1997 by Eckhard Stolberg."
"Curtiss","Krieg der Sterne","Region Not Set","","Rainbow Vision","Rainbow Vision","1983-01-01","2","No","Shooter","Not Rated","Curtiss is an unlicensed version of Atlantis, originally developed by Imagic."
"Custer's Revenge","","Region Not Set","","Mystique","Mystique","1982-10-18","1","No","Action","M - Mature 17+","You are General Custer. Your dander's up, your pistol's wavin‘. You've set your sights on a ravishing maiden named Revenge: but she's not about to take it lying down, by George! Help is on the way. If you're to get to Revenge you'll have to rise to the challenge, dodge a tribe of flying arrows and protect your flanks against some downright mean and prickly cactus. But if you can stand pat and last post the stings and arrows - you can stand last.

Remember! Revenge is sweet. Everytime ol' Custer scores he comes up smilin‘ and right back for more. The higher the score. the more challenging the game action gets."
"Dancing Plate","","Region Not Set","","Atari, Inc.","Quelle","1983-05-04","1","No","Action","","Would you like to try this traditional Chinese variety dancing plate game? Now it's your turn! Have several plates revolve on the tops of different wands and keep them all in balance. If a plate falls, rush to get it, otherwise, in case you break too many plates, it's the other player's turn."
"Dare Devil","","NTSC","","AtariAge","","2019-06-12","1","No","Action","Not Rated","You are the Dare Devil, always looking for a new challenge. You do not know fear, you know only the rush of wind as your parachute carries you to the ground. You ignore the wind and rain. Landing in a forest? No problem. A desert island? Anytime! A moving boat? Bring it on!

Dare Devil is a test of skill, agility, reactions and bravery. Your reactions will be challenged as you hurtle to earth. Each zone gets harder with new obstacles to avoid, wind and rain conspire to send you to your doom. Remember when to Zig and when to Zag!

Glide and zoom past hot air balloons, helicopters and aircraft while picking up bonus balloons. The landing zone is getting closer now, avoid the trees and don’t land in the water unless you want to be shark food. Remember to slow down or you will crater! Watch the geese!

The only sound now, is your heartbeat, getting faster, as the ground gets closer."
"Dare Diver","","Region Not Set","","Sears, Roebuck and Co.","Atari","1978-01-01","2","No","Action","E - Everyone","No overview is currently available for this title, please feel free to add one."
"Dark Cavern","","Region Not Set","","M Network","M Network","1982-01-01","","No","Action","","It's a battle for survival in an underground cavern!  You have five men. They enter the cavern one at a time through the center trap door.  Once inside, blobs, spiders and robots begin to enter the left and right doors. (Neither the creatures nor the man can exit through these doors.)

Direct your man down the tunnels.  Pick up ammunition as you go.  Keep clear of the creatures... avoid robot fire.  Shoot to destroy!  Get hit by a robot's bullet... action stops.

Now bring out your next man... get them before they get you!!!"
"Dark Chambers","","Region Not Set","","Atari, Inc.","Atari","1988-05-04","2","No","Action","","Dark Chambers is an arcade action game similar to Gauntlet. You are an explorer in an underground maze; your goal is to survive the 26 different levels and collect as many of the hidden treasures as you can. Hidden somewhere in each of the levels is an exit which will take you on to the next level. Trying to stop you from completing your quest are a wide variety of creatures, including zombies, wraiths, skeletons, wizards, and the grim reaper. Each of the creatures in the game has a different strength; when you shoot a creature, it will transform into the next weaker creature. Eventually a creature will become the weakest one (a zombie) at which point it can be destroyed. In addition to the creatures and treasures, other items that can be found in the maze are keys (to open doors), potions (to restore health), poison (drains health), guns (increases your firing rate), traps, shields, and bombs. The game is played from an overhead point of view, and is for one player or two players simultaneously."
"Dark Mage","","Other","","Hozer Video Games","Troutman","2003-05-01","1","No","Adventure","Not Rated","If you've ever played a classic text adventure, a genre made famous by Infocom in the early 80s, then Dark Mage will be an unexpected pleasure for you. Greg Troutman managed to squeeze a text adventure into an 8K Atari 2600 cart, and although it's much simpler in execution than Infocom's offerings, it's an enjoyable game nonetheless.

In Dark Mage, you play the role of a jester banished from your kingdom and your goal is to find and return the king's black rose. As in most text adventures you explore the game world by moving through the four compass directions, find and use items and talk with characters you encounter along the way. This is all accomplished with relative ease through the use of the joystick controller, there's no typing here!"
"David's Midnight Magic","Midnight Magic","Region Not Set","","Atari, Inc.","Atari Games","1986-11-01","4","No","Action","E - Everyone","David's Midnight Magic is a simple pinball game designed for 1-4 players. The game was modeled on the popular Black Knight pinball table released by Williams. Unlike Black Knight, however, David's Midnight Magic contains a mixture of bright colors. Featuring dual flipper controls, upper and lower playing fields, tilt mechanism, multiple ball play, electromagnetic deflectors, and many special effects, the game represents the first generation of home computer pinball simulations available with relatively realistic pinball features."
"Dead Road","","Other","","","","2015-06-19","1","No","Racing | Sports | Unofficial","E10+ - Everyone 10+","The world is ending and zombies are rising from their graves and are now wandering the earth, so get in your car and drive, drive, drive down Dead Road. Avoid the other drivers and run over the zombies. Hang on to your helmet, it's gonna be a bumpy ride!

Novice = first 3 levels. Pro = levels 4-5-6 and Super Pro = Levels 7-8-9-infinity.

Features:
Your car goes red with blood when hitting the zombies!
Breakneck speed!
Radical engine sound!
Cars in different colors!

Manual:
Use the joystick to control your car left and right.
When you crash, hit the reset switch to start over.
Hitting zombies earn you 10 points.
When you clear a stage you are awarded with 100 points."
"Deadly Duck","","Region Not Set","","20th Century Fox","Sirius Software, Inc.","1982-01-01","","No","Shooter","","Deadly Duck's job is to score points by blasting his enemy the Crabs, their Bricks and the Dragonflies. Deadly can keep shooting as long as he avoids getting bonked by a falling Brick or hit by a Dragonfly's Bomb."
"Death Trap","","Region Not Set","","Avalon Hill","Avalon Hill","1983-05-04","","No","Shooter","","You have been sent to deliver a message. Suddenly, you run into the giant ship IT. IT doesn't want that message to get to the Galactic Emperor. You must destroy all three power generators to escape. One generator is hidden until the other two are destroyed.

IT is protected by three shields above you; which are A, B, and C, from top to bottom. There is a forth shield, D, below you. Touching any shield is instant game over. IT also has guided fireballs that chase your ship for a short distance. Getting hit by these too many times will kill you. If you can avoid getting hit long enough, your repair crew might can undo some of the damage (see Game variations below)

You use the joystick to move the ship, left, right, up or down. Press the fire button to launch a torpedo. If you keep the fire button down, you can guide the torpedo left or right or accelerate it. Be advised, though, that you ship isn't moving while you are guiding the torpedo and could get damaged or destroyed."
"Decathlon","The Activision Decathlon","Region Not Set","","Activision","Activision","1983-01-01","1","No","Sports","","Up to four players compete in the ten different events of a real-life decathlon, either in sequence or individually. The game became somewhat notorious for the amount of wear or damage inflicted upon console controllers, where rapid back-and-forth movement of the joystick propels the athlete down the track."
"Deep Pockets-Super Pro Pool and Billiards","","Region Not Set","","","","1997-12-31","2","No","Sports","Not Rated","No overview is currently available for this title, please feel free to add one."
"Deepstone Catacomb","","NTSC","United States of America","AtariAge","AtariAge","2020-01-01","1","No","Adventure","Not Rated","No overview is currently available for this title, please feel free to add one."
"Defender","","Region Not Set","","Atari, Inc.","Atari","1980-01-01","2","No","Shooter","Not Rated","Aliens are invading Planet Earth! The Alien Landers are turning captured Humanoids into destructive mutants. Stop them from kidnapping the Humanoids! Defend your planet!"
"Defender Arcade","","Region Not Set","","AtariAge","Bob DeCrescenzo","2006-12-01","1","No","Shooter","Not Rated","Defender Arcade is a significantly improved version the original Defender produced by Atari. This version is actually based on Atari's later release of Stargate, which was a far better effort than Defender. Talented homebrew author Bob DeCrescenzo made many changes to the game to bring Defender fans a 2600 version that is much truer to the arcade classic compared to Atari's initial release of the game."
"Defender City+","","Region Not Set","","AtariAge","Adam Oldham","2019-08-19","1","No","Shooter","Not Rated","Modified Stargate/Defender II to make look as much like Defender for Atari as possible but play like Defender II/Startgate/Defender Arcade
Changes:
1) Title Screen (part of design espire did for Defender Arcade that was not adopted)
2) End of Wave Screen changed
3) Firebomber changed into Atari 2600 Defender Bomber
4) Lander changed into Atari 2600 Lander
5) Mutant changed into Atari 2600 Mutant
6) Big Red changed into Atari 2600 Baiter
7) Phred now looks like a baiter that pursues but does not shoot (Purple/Pink in color)
8) Munchie now looks like a baiter that pursues only when ship is on screen with it (lime green in color)
9) Kept the bonus stages but changed the enemies included
10) Score digits are the digits used in Atari 2600 Defender
11) Removed Inviso capability
12) Radar changed to look as much like Atari 2600 Defender in color
13) Graphics for Extra Ships and Smart Bombs changed to a vector format
14) Scoring for pods is now 1000 points
15) Ship was changed (not like Stargate or Atari 2600 Defender)
16) Bonus for people at end of stage is 100 points
17) City added instead of mountains when planet is not destroyed (to give a look and feel more like Atari 2600 Defender) (Nukey Shay)
18) Removed Hypersace risk of exploding and losing the ship
19) Hypersapce can be used with Player 1 fire button while at the top of the playing area and pushing up while firing.  There is no limit on hyperspace.
   NOTE: When a Hyperspace is used successfully, the ship will not fire a laser.
   NOTE: When a person is abducted, hyperspace can be used to jump to the abduction (like the old stargate worked previously).
   NOTE: When hyperspace is used, the ship does not fire.
20) Smart Bombs can be used from player 1 fire button when at the bottom of the city or space area if planet destroyed) while pulling down on the joystick for player 1.  
   NOTE: People in the city can still be shot if at the level to use smartbomb.
   NOTE: When a Smart Bomb is used successfully, the ship will not fire a laser.
   NOTE: If joystick is not pulled down when firing to use smart bomb, the ship will fire and will be at the level of people on the ground).
   NOTE: When bomb is used, the ship does not fire.
21) Removed Munchie, Phred, Yllabian Space Guppy as enemies
22) Sounds of enemies shooting has been changed to be more similar to Atari 2600 Defender
23) Removed the platforms under the people when planet isn't destroyed
24) The color of the people on the planet matches Defender Arcade
25) Scoring for picking up falling people is not cumulative increasing, it is a standard 500 points
26) Stargate is no longer in the play area or the scanner
27) Retained and use the dynamo that comes out in attack 2 of waves
28) First attack of each wave contains Landers, Dynamo, Bombers with Pods (after wave 5)
29) Second attack of each wave contains Baiters that do not shoot, Bombers and Landers
30) Baiters that can shoot are introduced singly after lengths of failing to end the wave after the second attack occurs
31) Wave multiplier for increasing enemy speed is slowed down by half to get better longer game play out of a typical game (one of the big complaints of defender II/stargate/defender arcade is how short the games are because it is too hard).
32) End of wave ""person"" bonus text now doesn't look goofy (it actually flows with the rest of the text)
33) The score will now have the leading zeros all the time
34) Put ""AtariAge"" at the bottom since this is a collaboration of minds that brought this together
35) Ship ""flying"" sound is now the same as Atari 2600 Defender
36) Person abduction now sounds as close to Atari 2600 Defender as possible
37) Enemy shots are now made to sound as close to Atari 2600 Defender as possible"
"Defender II","","NTSC-U","United States of America","Atari, Inc.","Atari","1984-10-22","1","No","Action | Shooter","E - Everyone","Alien marauders are attacking your planet. They‘re kidnapping resident humanoids and turning them into mutants! You pilot your ship along the planet surface, blasting away. But first you go for the Landers - the most treacherous of the aliens.

You race to the nearest Stellar Gateway and whoosh! You experience that eerie time-warp feeling as you're transported to the
other side of the planet. Only you, with the help of the Stellar Gateway, can save the planet from attack!"
"Deimos Lander","","NTSC","United States of America","","","2017-12-25","1","No","Action | Flight Simulator | Board | Unofficial","E - Everyone","In an attempt to colonize Mars, NASA has established a base on Mars' moon Deimos. You are one of the elite pilots selected for the dangerous mission of delivering crew and supplies to the new base. It may sound simple, but there's nothing simple about running out of fuel on final approach. Hit the landing pad at the right velocity, and you'll be remembered as a pioneer of a new generation. Hit the pad too fast or run out of fuel, and the only ones who will remember you are the obituaries that time forgot...

Deimos Lander is a fast-paced, challenging rendition of Lunar Lander with full-color graphics, sounds, 8 levels, and features galore.

Author: Jerason Banes
Released: 2006 (v1-v4), 2017 (WIP, v5)

Credits
=======
Jerason Banes - Coder/Concept/Artwork
""Maus Boy"" - Playfield Colors/Code Improvements
Fred ""Batari"" Quimby - Author of bBASIC/Technical Advice"
"Demolition Herby","","Region Not Set","","Telesys","Telesys","1982-10-01","1","No","Action","","Demolition Herby is basically the same as Amidar by Parker Brothers', though in this case, you control a car that's being chased by other cars. When you drive around a box, it fills in. Fill in all of the boxes before you run out of gas or crash into another car. The other cars can also erase the work you've done. If you're in a tight spot, hit the button to shift into gas-guzzlin' overdrive. As the game progresses, the speed and intelligence of the other drivers increase."
"Demon Attack","","Region Not Set","","Imagic","Imagic","1982-11-01","1","No","Action | Shooter","","Demon Attack is an arcade action game with gameplay similar to Space Invaders. You control a laser canon at the bottom of the screen, and need to destroy wave after wave of brightly colored demons. The demons bounce around the screen in bizarre patterns, and try to destroy your canon with bombs or lasers. When you shoot a demon, it will be replaced with another or will split into two smaller demons depending on which wave you are playing. When the required number of demons for the current round is finally destroyed, you can move on to the next, more difficult round."
"Demon Attack ( Blue Label )","","Region Not Set","","","","1970-01-01","2","No","Action","E - Everyone","No overview is currently available for this title, please feel free to add one."
"Demons To Diamonds","","Region Not Set","","Atari, Inc.","Atari","1982-01-01","2","No","Shooter","","Demons to Diamonds is a video game produced by Atari, Inc. and released in 1982 for its Atari 2600 video game system. The game was programmed by Nick Turner with graphics designed by Alan Murphy.[2] In the game, players attempt to shoot demons in a ""cosmic carnival"" and then pick up the diamonds left behind by them, while dodging shots from enemy skulls."
"Demons to Diamonds ( Sears Telegames )","","Region Not Set","","Sears, Roebuck and Co.","Sears Roebuck and Co.","1977-01-01","2","No","Action","E - Everyone","No overview is currently available for this title, please feel free to add one."
"Der Geheimkurier","","Region Not Set","","","","1983-01-01","","No","","","No overview is currently available for this title, please feel free to add one."
"Der moderne Ritter","","Region Not Set","","","","1983-01-01","1","No","Action","Not Rated","No overview is currently available for this title, please feel free to add one."
"Der Vielfrass","","Region Not Set","","Starsoft Development Laboratories","","1982-10-01","1","No","Action","E - Everyone","No overview is currently available for this title, please feel free to add one."
"Desert Falcon","","Region Not Set","","Atari, Inc.","Atari","1987-05-07","","No","Action","","Desert Falcon is an arcade style shooter. Many of the Pharaoh's great treasures are lost throughout the desert, and your goal is to steal as many as you can to earn points. The game features a scrolling, isometric point of view as you control your falcon through the various desert landscapes. The treasures you are after are guarded of course. Many desert creatures including vultures, warriors, flying fish, sphinxes and more will all attempt to stop you from succeeding in your task. Also, at the end of each level you will need to face a large, howling sphinx before you can continue on. Your falcon isn't completely unarmed, and has the ability to fire darts which can be used to destroy the assorted enemies and the sphinx. In the sand, you will occasionally come across some hieroglyphs. Several different superpowers can be gained by landing and hopping over three of these hieroglyphs. Depending on which hieroglyphs are collected, you may become invincible, warp to the end of the level, earn free points, trick enemies into attacking a decoy instead of you, or even get an air bomb which destroys all airborne enemies."
"Dice Puzzle","","Region Not Set","","Panda","Panda","1983-10-01","1","No","Puzzle","","If you enjoy games like Rubik's Cube, then you'll like this one. The object of Dice Puzzle is to get all 16 dice to show the same number. You accomplish this by clicking on a column or row, which advances all of the numbers in that column or row by one (of course six advances to one). See how quickly (or in how many moves) you can do it."
"Die Ente Und Der Wolf","","Region Not Set","","Starsoft Development Laboratories","Quelle","1983-01-01","1","No","Action","Not Rated","No overview is currently available for this title, please feel free to add one."
"Die Hungrigen Froesche","","Region Not Set","","Starsoft Development Laboratories","","1983-01-01","1","No","Action","Not Rated","No overview is currently available for this title, please feel free to add one."
"Die Ratte Und Die Karotten","","Region Not Set","","Starsoft Development Laboratories","","1983-01-01","1","No","Action","Not Rated","No overview is currently available for this title, please feel free to add one."
"Die Unterwasser Bestien","","Region Not Set","","Starsoft Development Laboratories","","1983-01-01","","No","","","No overview is currently available for this title, please feel free to add one."
"Dig Dug","","NTSC-U","United States of America","Atari, Inc.","General Computer Corporation","1983-10-07","1","No","Action","E - Everyone","Dig Dug is a 1983 Atari 2600 video game developed by General Computer Corporation and released by Atari in the USA on October 7, 1983.

It is based on the 1982 arcade video game, Dig Dug, which was produced by Namco.

The objective of Dig Dug is to eliminate underground-dwelling monsters. This can be done by inflating them until they pop or by dropping rocks on them. There are two kinds of enemies in the game: Pookas, round red monsters (said to be modeled after tomatoes) who wear yellow goggles, and Fygars, green dragons who can breathe fire. The player's character is Dig Dug, dressed in white and blue, and able to dig tunnels. Dig Dug is killed if he is caught by either Pooka or Fygar, burned by a Fygar's fire, or crushed by a rock."
"Dishaster","Mr. Chin","Region Not Set","","Zimag","","1983-01-01","1","No","Action","","No overview is currently available for this title, please feel free to add one."
"Dodge 'Em","","Region Not Set","","Atari, Inc.","Atari","1980-09-01","2","No","Action | Racing","Not Rated","You control a race car on a four lane track, and your goal is to collect all of the dots in order to earn points and advance to the next level! The race track is broken up into four quadrants; your racecar must remain in the lane it is in except where there is a break in the lanes between quadrants. Trying to stop you is a second car which travels in the opposite direction. This car will always be trying to get into the same lane as you, causing a crash, so you need to make sure you switch to any lane it isn't in! To help out, your racecar has the ability to travel at a fast or slow speed. You begin the game with three racecars, and the game ends when all three cars have crashed. A two player game variation is also available where one player controls a car trying to collect the dots, and the second player controls the crash car trying to stop the first player."
"Dodger Cars","","Region Not Set","","Sears, Roebuck and Co.","Atari","1980-09-01","2","No","Racing","Not Rated","No overview is currently available for this title, please feel free to add one."
"Doggone It!","","NTSC","United States of America","AtariAge","AtariAge","2020-01-01","1","No","Action","Not Rated","No overview is currently available for this title, please feel free to add one."
"Dolphin","","Region Not Set","","Activision","Activision","1983-01-01","","No","Action","","Listen!  An endangered dolphin is calling you!  Only by learning the dolphin's sonic language can you guide her through schools of seahorses, battling a monstrous squid, to gain magic powers from and elusive seagull.  Hurry!  Lend an ear...

You will guide your dolphin through openings in the seahorse schools by listening to sonic tones and catching waves. Pay attention to the following:

THE SEAGULL:  
Periodically, a seagull will fly overhead.  You'll know he's coming when the squid changes color.  Have your dolphin leap up, touch the seagull and then quickly turn and chase the squid.  This is the best way to gain points.  Also, the game resets at the next difficulty level putting distance between your dolphin and the squid.

THE SLIP:  
Another great way to outsmart the squid is by giving him ""the slip"".  If the squid is right on your tail, wait until he catches a good wave.  Then, reverse your dolphin's direction and swim under him immediately.  As long as the squid's good wave remains on the screen, he won't be able to reverse and catch you.

SCORING:  
Points are earned in a variety of ways.  Every time your dolphin touches a seagull, or a squid, you score points.  The number of points depends on the color of the squid. Scoring peaks at 800 per seagull and 8000 per squid.

Also, you'll score 100 points each time your dolphin catches a good wave or each time you run the squid into a bad wave.  And, when your dolphin swims through the seahorses, you'll score 0 to 50 points, depending on your degree of accuracy in getting her through the opening."
"Donald Duck's Speedboat","A Lancha do Pato Donald","Region Not Set","","Polyvox","Atari","1983-01-01","1","No","Racing","","Donald has entered the Duckburg boat race and has taken to the sea with his speedboat. The objective is to steer the boat away from the obstacles along the way to the finish line and do so as fast as possible without losing pressure on the throttle. The game takes place across multiple screens which each presents its own obstacle patterns and challenges."
"Donkey Kong","","PAL","United Kingdom of Great Britain and Northern Ireland","CBS Electronics","Atari Games","1983-12-31","2","No","Strategy | Platform","Not Rated","No overview is currently available for this title, please feel free to add one."
"Donkey Kong (Coleco)","","NTSC","United States of America","Atari, Inc.","Coleco","1982-06-01","1","No","Platform","Not Rated","Donkey Kong, the ape has stolen Mario's girlfriend and has taken her to the top of a steel fortress. Mario must get to the top to save her! Use the joystick control to maneuver Mario across the girders and up the ladders. But-as he runs, the ape throws barrels at him to prevent his progress. Use the fire button to get Mario to jump over the barrels. Will Mario make it to the top and rescue his gal in time?"
"Donkey Kong Escapes","","Region Not Set","","","","2006-01-01","1","No","Action","Not Rated","No overview is currently available for this title, please feel free to add one."
"Donkey Kong Junior","Donkey Kong Jr.","Region Not Set","","Atari, Inc.","Coleco","1983-09-01","1","No","Action | Platform","Not Rated","After the events of Donkey Kong, Donkey Kong has been captured by Mario as revenge for kidnapping his girlfriend and Donkey Kong Jr. has to save him. Donkey Kong Jr. will travel through four stages from the jungle to the big city to get his father back, climbing vines, avoiding enemies and jumping on platforms along the way. However every time Donkey Kong Jr. gets close to freeing DK, Mario just pushes him further away."
"Donkey Kong Junior (Coleco)","","NTSC","United States of America","Atari, Inc.","Coleco","1983-09-01","1","No","Action | Platform","Not Rated","No overview is currently available for this title, please feel free to add one."
"Donkey Kong VCS","","Region Not Set","","","","2012-01-01","1","No","Action","Not Rated","No overview is currently available for this title, please feel free to add one."
"Double Dragon","","Region Not Set","","Activision","Activision","1988-10-21","2","Yes","Action | Fighting","","The Black Warriors have kidnapped your best girl. That was their first mistake. Challenging you and your twin brother in martial arts combat will be their second. But these thugs don't play by the rules. Knives, whips, bats, boulders, and dynamite are standard issue with these masters of pain. And their uzi-toting boss doesn't believe in happy endings."
"Double Dunk","","Region Not Set","","Atari, Inc.","Atari","1989-08-15","2","No","Sports","","Double Dunk is a simulation of two-on-two, half-court basketball. Teams have two on-screen characters, a shorter ""outside"" man and a taller ""inside"" man. In a single-player game, the player controls the on-screen character closest to the ball, either the one holding the ball (on offense) or the one guarding the opponent with the ball (on defense). In two-player games, each player may control one of the two teams as in a one-player game, or both players may play on the same team against a computer-controlled opponent."
"Double Game Package Motorcross See Saw","","Region Not Set","","QuelleSoft","Quelle","1970-01-01","2","No","Action | Fighting","E - Everyone","Doppelmodul, wieder eine dreiste Kopie"
"Draconian","","Region Not Set","","AtariAge","Darrell Spice Jr.","2019-10-01","1","No","Action","E - Everyone","BLAST OFF!

As pilot of the Space Fighter Draconian, your mission is to destroy enemy space stations – sector by sector – until they’re all wiped out!

ALERT! ALERT!

Your task won’t be easy - the enemy stations will relentlessly attack you with aggressive missiles and a barrage of defensive fire.

BATTLE STATIONS!

Formations of missiles will gang up and hunt you down. But if you take out the lead missile, the others will scatter!

SPY SHIP SIGHTED!

If you see one of the enemy’s Spy Ships you need to destroy it immediately! If it escapes, it will report your position, and then...

CONDITION RED!!

The enemy will throw everything it has at you. Can you survive long enough to move onto the next sector? Good luck! The galaxy is counting on you!

Draconian has all of the excitement you’d find in a classic arcade game! Featuring digitized voices, a radar scanner, enemy formation display, over 48 unique sectors, and much, much more! Draconian was written by Darrell Spice, Jr., whose previous Atari 2600 titles include Medieval Mayhem, Stay Frosty, Stay Frosty 2, and Space Rocks."
"Dragon Defender","","Region Not Set","","Ariolasoft","Ariolasoft","1983-01-01","1","No","Action","Not Rated","No overview is currently available for this title, please feel free to add one."
"Dragon Treasure","","Region Not Set","","Zellers","Zellers","1982-01-01","1","No","Action","Not Rated","Dragon Treasure is a Canadian-released copy of Imagic's Dragonfire.

The goal of Dragonfire is to avoid the dragon's fireballs and capture the king's treasure. In the first screen, you run across a bridge, ducking and jumping over fireballs. Then, in the treasure room, you pick up the various treasures, avoiding the dragon's fireballs, and leave through the door you came in. Then you start again. Although Dragonfire is a novel game, it gets boring pretty quickly."
"Dragon's Descent","","NTSC","United States of America","AtariAge","AtariAge","2019-01-01","1","No","Adventure","Not Rated","No overview is currently available for this title, please feel free to add one."
"Dragonfire","","Region Not Set","","Imagic","Imagic","1982-01-01","","No","Action","","Dragons have driven the Royal Court from the Castle

""O we are lost, lost"" laments the King.  ""Without our vast treasures we cannot raise an army 'gainst these accursed dragons.  Our Kingdom must now languish under lizards!""

""Nay, not so, my liege!"" replied the young Prince.  ""None knows that Castle, those many bridges and storerooms, better than I.  Give me leave and I shall loot those lizards of their plunder and restore my lord to his birthright.""

""Brave boy,"" said the King, fully pleased.  ""But,"" he added darkly, ""beware dread dragonfire!"""
"Dragonstomper","","Region Not Set","","","Starpath Corporation","1982-01-01","","No","Role-Playing","","Battle your way along the trail of enchantment to the lair of the evil dragon! Detailed fantasy gamescapes. Three separate Multi Load game chapters. Inventories of your strength, gold, dexterity, and articles of magic. Full-screen interiors of shops, caves, and hospitals."
"Dragster","","Region Not Set","","Activision","Activision","1980-01-01","2","No","Racing","","You have in your hand one of the most exciting video games ever designed. One word of caution: this game takes a little time to learn because it's so challenging. It's very tricky. So, please read these directions and give yourself some practice time. Then you can aim for the World Record.

Game 1: Straight-ahead Dragster, one or two players.
Game 2: Steerable Dragster, one or two players.

Your Joystick Controller is both the clutch and gear shift for your Dragster; the red button is your gas pedal. Use left Joystick for the top car; right one for bottom car. Hold Joystick with button at the upper left.

To shift gears, clutch by pushing Joystick to the left and shift by letting the Joystick spring back to the center.

Your car starts each race in neutral (N). There are four gear positions--1, 2, 3, 4--and you must clutch and shift between each gear. You cannot downshift.

When the countdown reaches 0, you can start. If you drop into gear too soon, before the end of the countdown, EARLY will appear on the screen and you have to wait for the next race. You can clutch during the countdown, but you cannot drop into 1st until  the countdown reaches 0.

The object of Dragster is to beat your opponent across the screen, or to race against the clock for best time."
"Drive!","","NTSC","","AtariAge","AtariAge","2016-01-01","1","No","Action | Vehicle Simulation","Not Rated","A Homebrew game for your Atari 2600 system. Avoid the obstacles and collect the treasure. Use with paddle controllers."
"Dschungel Boy","","Region Not Set","","","","1982-01-01","1","No","Action","Not Rated","No overview is currently available for this title, please feel free to add one."
"Duck Attack!","","Region Not Set","","AtariAge","Will Nicholes","2010-07-01","","No","Action | Adventure","","For years, the elusive mad scientist Dr. Enrique MacGuffin has been genetically engineering giant, radioactive mutant ducks. These ducks ar said to lay eggs of pure plutonium, which, the authorities say, Dr. MacGuffin is planning to use to create a doomsday device.

The authorities have finally located his secret lair, and have asked you, a renowned robotics inventor, to explore the lair and retieve the radioactive eggs before MacGuffin can use them in his doomsday device.

Naturally, you don't want to go in there yourself, since the place is teeming with radioactivity, but you know just who to send: your brand new robotic creation who is immune for the effects of the deadly radiation.

With your trusty robot's help, you can explore the lair and collect the plutonium eggs - but watch out: the mutant ducks are in there too, and they would love nothing more than to eat a metallic intruder. And no doubt Dr. MacGuffin had filled his many rooms with other deadly creatures and mechanical booby traps."
"Dukes of Hazzard","","Region Not Set","","Atari, Inc.","Atari","1983-11-02","1","No","Action | Racing","E - Everyone","Dukes of Hazzard is a driving game with an overhead perspective, based on the popular television series of the same name. Players take on the role of the Duke boys driving the infamous ""General Lee,"" while trying to avoid the police and rescue their sister Daisy from Boss Hogg. While development of this game was reportedly complete, it was not commercially released (and thus it never recieved a packaging design, official instruction manual, etc)."
"Dukes of Hazzard 2","","Region Not Set","","","Atari","1983-01-01","1","No","Action","Not Rated","This is another prototype with the Dukes of Hazzard name. However, this is a modified version of Stunt Cycle, another unreleased game. In this case, the graphics have been changed to a Dukes of Hazzard theme."
"Dumbo's Flying Circus","","Region Not Set","","Prototype","Prototype","1983-01-01","1","No","Adventure","Not Rated","Dumbo's Flying Circus was scheduled to be part of Atari's children's series (which included characters from Peanuts, Sesame Street, Disney, Muppets, and Garfield), but for one reason or another it never saw the light of day.  Atari advertised Dumbo in European Atari catalogs and even had a prototype box made, so the decision to shelve it must have been made quite late.  Even though Dumbo was developed as a children's game, the gameplay is quite difficult which may be the reason why it was never released."
"Dune","","Region Not Set","","","","1984-05-02","","No","Adventure","","Dune is an unreleased prototype based on the 1984 movie of the same name. It appears that it was to be an action/adventure style game similar to Atari's classic Adventure, but given as the game was never finished, we'll never know for sure. Dune was designed by Atari programmers Bruce Poehlman and Gary Stark, but it appears programming was began by another party. This prototype appears to be only about 30% complete--the game engine seems to be done, but many of the gameplay elements and graphics are missing. Presumably this title was canceled with the Tramiels shut down 2600 game development and fired most of the staff."
"Dungeon","","Region Not Set","","AtariAge","David Weavil","2009-01-01","1","No","Adventure","","The princess has been kidnapped and you must rescue her! Kill the demon who commands the forces of darkness and his legions that dwell in the sprawling Dungeon beneath the mountaintop castle. To aid you in your quest you will be equipped with a sword, shield and the tattered remains of an old map left behind by other brave adventurers...those who have never returned from the Dungeon to tell their tales.

Dungeon is a turn-based assault in a dark and dangerous multi-level labyrinth! Along the way you'll encounter a variety of creatures hell-bent on your destruction. Aiding you in your quest is your spell book, chests containing magical items, and many wonders hidden in the dark depths of the dungeon. Can you rescue the princess and make it out alive, or will you be the dungeon's latest permanent resident?"
"E.T Go Home","","Region Not Set","","Taiwan - Cooper Black","","1983-01-01","2","No","Puzzle","Not Rated","No overview is currently available for this title, please feel free to add one."
"E.T. Fixed","","NTSC","","","","1970-01-01","1","No","Action","Not Rated","This hack has got to be every gamer’s dream. Someone actually took the time to dig through the binary file of E.T. the Extra-Terrestrial and fix the errors that made it an abomination of a title for the Atari 2600."
"E.T. the Extra-Terrestrial","","Region Not Set","","Atari, Inc.","Atari","1982-07-01","1","No","Adventure","","Ouch! E.T. is lost on Earth and wants to get home. Help him build an interplanetary telephone to call for assistance before his energy runs out. But beware of government agents and curious scientists who will sap E.T.'s precious energy before he reaches his goal."
"Earth Attack","","Region Not Set","","Zellers","Zellers","1983-01-01","1","No","Action | Shooter","E - Everyone","Earth Attack is a Canadian-released copy of Atari's arcade title Defender. Players cruise through the sky shooting enemy UFOs and rescuing the humanoids that the aliens are trying to abduct. In addition to ""smart bombs"" which decimate all enemies on screen, the player's spacecraft controls also include a ""hyperspace"" option (immediate teleportation to a random area of the playfield) inspired by the similarly-named feature from the arcade classic Asteroids."
"Earth Dies Screaming","","Region Not Set","","Fox Interactive","20th Century Fox","2015-01-01","1","No","Shooter","Not Rated","You pilot a defense ship in orbit above Earth. Destroy the invaders as they kamikaze into the atmosphere in an attempt to eliminate your precious home world. When (not if) the Earth's shields run out of energy or your ship is destroyed, the planet goes ""bye-bye"". You can restore your energy by finding and destroying an enemy attack base. The only way to find one of those is by following a returning fighter to the base."
"Eddy Langfinger, der Museumdieb","","Region Not Set","","Starsoft Development Laboratories","","1983-01-01","1","No","Action","Not Rated","No overview is currently available for this title, please feel free to add one."
"Edtris","","Region Not Set","","Hozer Video Games","Ed Federmeyer","1995-01-01","1","No","Puzzle","","Edtris 2600 is an unofficial port of the popular game Tetris to the Atari 2600. As various shaped blocks fall from the top of the screen, stack them so they form a solid line across, at which point the solid line will disappear. If the stacks reach the top of the screen, the game is over."
"Eggomania","","Region Not Set","","U.S. Games","U.S. Games","1982-01-01","4","No","Action","Not Rated","Eggomania is similar to the game Kaboom. At the top of the screen is a bird which is throwing eggs at you! You need to catch them in your hat before they hit the bottom of the screen. If you miss any eggs, they will break and yolk starts collecting at the bottom of the screen. Miss too many, and the game will be over. At the end of each round you will be given an opportunity to earn bonus points; you now get to throw all of the eggs you caught back at the bird! As the levels progress, the games speed will increase. There are two difficulty levels available, in the easier variation you get a larger hat to catch the eggs with."
"Eishockey Fieber","","Region Not Set","","Starsoft Development Laboratories","","1983-01-01","1","No","Action","Not Rated","No overview is currently available for this title, please feel free to add one."
"Elevator action","","Region Not Set","","CGE Services Corporation","CGE Services Corp.","1983-05-04","1","No","Adventure","","Elevator Action is an unreleased prototype that is about 95% complete. There are some issues with collision detection, but overall it is quite playable. At Classic Gaming Expo 2001, CGE Services Corp. released Elevator Action with an Atari-style box and label. Around 200 copies of the game were available at the show and they were sold out by the day's end."
"Elevator Agent","","NTSC","United States of America","","Champ Games","2023-11-01","2","No","Action | Platform","E - Everyone","You are Agent 23 on a special mission to sneak into the enemy headquarters, steal the briefcases of top secret documents and escape in the getaway car to your next assignment.



Navigate the elevators and escalators as you descend down the 30 floors, avoiding enemy spies while searching for the secret plans.  Jump and duck to avoid the gunfire as you make  your way to the lower levels.



Do you have the skills to infiltrate the 99 buildings and be promoted to Top Agent?



GOOD LUCK!"
"Elevators Amiss","","Region Not Set","","AtariAge","Bob Montgomery","2007-06-09","1","No","Platform","","Maria likes her job cleaning rooms in the Irata Hotel. It isn't the nicest hotel - sometimes the elevators don't work so she has to take the stairs, and the guests that stay there aren't big tippers. But, all in all, it's a nice job; a quiet job. But not today! Not only are the elevators out of order - they are out of control! Maria has to finish her rooms by the end of her shift if she wants to keep her job, but if she isn't careful she'll end up smashed by an unruly elevator!"
"Eli's Ladder","","Region Not Set","","","","1982-01-01","2","No","Puzzle","Not Rated","Eli's Ladder is an educational game aimed at children, where math problems need to be solved to help Eli and his crew climb a ladder to his space ship so they can then journey to the Moon. The game included a wall chart and stickers designed to help motivate children progress through the problems. This is one of the rarest Atari 2600 games and apparently saw fairly limited distribution."
"Elk Attack","","Region Not Set","","Atari, Inc.","Atari","1987-01-01","1","Yes","Action","E - Everyone","With a name like Elk Attack you'd probably expect a game involving herds of deadly rampaging elk right?  Well I hate disappoint you but there aren't herds of rampaging elk in this game, in fact this game has nothing to do with elks at all!  Elk Attack is really a port of the obscure Taito arcade game Electric Yo-Yo! Programmer Mark Hahn named the game Elk Attack as a joke, and probably would have changed the name had it been published.

Silly name aside, Elk Attack is really a Pac-Man type game but without a maze.  You control a Yo-Yo type machine, which must use its string to latch onto and destroy all the colored blocks on the screen.  Along the way you'll encounter strange worm like creatures (sorry no elks), which will attempt to disrupt your Yo-Yo.  To help you fight the worms there are power squares scattered around the board which when grabbed will render your Yo-Yo temporarily invincible and increase your speed.   However unlike Pac-Man touching a worm while invincible will only net you points, and will not destroy of them.  Because of this its best to just go about your business and clear the maze instead of hunting down the worms."
"Encaved","","Region Not Set","","AtariAge","Simon Quernhorst","2007-06-09","1","No","Puzzle | Strategy","","Darkness. Your head aches. Where are you? What happened to you? Then you remember the steady beep of a technical device. You start groping for the source of the tone and find a PDA laying near your legs. You grab it and watch its display.

You stare at the screen and can't tell what the numbers stand for. You stand up and move a step to the right and come to know that the small dot on the screen represents your position. You continue walking, but a wall abruptly stops your movement. You are in a giant maze and the PDA screen shows the map of this big dark surrounding!

While examining the electronic device in your hands you find a button and a small stick. Your curiosity and raising panic results in pushing the button instantly. You are still standing in complete darkness, but the screen shows something like a spotlight. It seems to be produced by a radar spot scanning the caves. Moving the small stick while the button is pressed moves the spotlight around the maze on screen. You spot ways and walls on screen and decide to follow the lanes and hope to find an exit somewhere... unfortunately you come to know that the numbers in the top right corner of the screen are counting down and you feel that it can't be any good if this timer reaches zero."
"Encounter At L5","","Region Not Set","","Data Age, Inc.","Data Age","1982-01-01","1","No","Shooter","E - Everyone","Beyond the orbit of the moon, a defenseless space colony is under heavy attack
from the ruthless Megalytes.  You are their only hope.  Armed with packets of
antimatter, you take control of an Antimatter Launcher.  Suddenly the sky is
ablaze with Megalyte war ships.  You must destroy them before their formidable
particle beams destroy you and the peace-loving colonists of L-5.  It will
take every ounce of skill and cunning at your disposal to blast the evil ones
out of orbit."
"Enduro","","NTSC-U","United States of America","Activision","Activision","1983-05-15","1","No","Racing","E - Everyone","Strap on your goggles. Sink into your seat. And leave all your fears in the pit. You're about to enter the race of your life. You'll be required to pass lots of cars each day. Through sun and snow and fog and ice, sunrise to sunset - as fast as you can. Welcome to the National Enduro!"
"Enduro ( Blue Label )","","Region Not Set","","","","1970-01-01","2","No","Action","AO - Adult Only 18+","No overview is currently available for this title, please feel free to add one."
"Enigma Machine","","Region Not Set","","","Mark VandeWettering","2005-01-01","","No","Stealth","","Write secret messages. Under the section labelled “ROTORS” are the three rotor settings: you can select any of the five available rotors for each position. Below that, you can set the “ring settings”, which help control how the carry works as the rotors increment their position. Below that, is the key: a three letter key, indicating the initial position of each rotor. Below that are six plug settings: these modify characters before and after they are sent through the encrypting rotors. Below that is the INPUT section. You can position the cursor around with the joystick, and select a key by hitting the fire button. The enigma machine then encrypts the character, and displays it in the scrolling display below the OUTPUT section."
"Entombed","","Region Not Set","","U.S. Games","Western Technologies Inc.","1993-06-02","2","Yes","Adventure | Strategy","E - Everyone","You and your team of archeologists have fallen into the ""catacombs of the zombies."" There's no time to look around; these guys are after you, and they mean business! Your only salvation is that you have discovered the secret to the ""make-break."" Grab them, and you can break through walls when you get stuck, or create a wall behind you - if you are being chased. The longer you survive, the faster you have to move. Explore alone, or two archeologists can work together or compete in a frenzied trek through the catacombs."
"Escape From The Castle","","NTSC","United States of America","AtariAge","","2021-01-01","1","No","Adventure","Not Rated","No overview is currently available for this title, please feel free to add one."
"Escape from the Mindmaster","","Region Not Set","","","Starpath Corporation","1982-01-01","","No","Action","","Are you smart (and fast) enough to escape from the maze of the MindMaster? Featuring realistic first-person graphics, four separate Multi Load segments, maze maps, real-time clock, Alien stalker, direction indicator, sliding force field obstacles, and more!"
"Espial","","Region Not Set","","Tigervision","Orca Corporation","1983-05-04","1","No","Action","Not Rated","You are a space attack pilot flying at death range over a gigantic space ship. You must fight through the never ending waves of enemy craft while also firing missiles at the ship itself. Good luck!

You control your ship with the joystick. To fire, simply press the button. You will fire lasers and missiles simultaneously. The missiles will strike where the cross hair in front of your ship is at the time they are launched. Beware of shots fired at you and do not run into anything that flies."
"Euchre","","Region Not Set","","AtariAge","Erick Eid","2005-04-05","1","No","Life Simulation","","Euchre is an adaptation of the card game of the same name that is popular in the midwestern and northeast United States."
"Evil Magician Returns","","Region Not Set","","Hozer Video Games","Todd Holcomb","2009-02-17","","No","Adventure","","A fan-made sequel to Adventure... On our last adventure many years ago, you slew the Evil Magician's three dragons and reclaimed the Enchanted Chalice, bringing peace to your kingdom. Now the Evil Magician has returned and stolen the chalice back, plunging your Kingdom into darkness. With his dragons dead, the Evil Magician and his apprentice now personally guard the chalice. Rumor has it that the Evil Magician has created a new creature even more powerful than his previous dragons to guard the chalice as a last defense."
"Evil Magician Returns II","","Region Not Set","","","Todd Holcomb","2016-11-26","1","No","Adventure","","Sequel to Holcomb's sequel of the original Atari Adventure game. Updated with better graphics and sprites."
"Exocet","","Region Not Set","","Sancho","Panda","1983-01-01","1","No","Action","Not Rated","In Exocet, you first pilot a spacecraft over the surface, shooting the defense towers in your path. The larger towers are too large to fly around, and they must be hit at the point where they fire. When you have traveled a particular distance, you will find an opening to the underground passage. There you continue to destroy the various things flying around."
"Exoset Missile","","PAL","Australia","","","1982-01-01","2","No","Action","Not Rated","No overview is currently available for this title, please feel free to add one."
"Extra Terrestrials","","Region Not Set","","","Skill Screen Games","1984-05-01","1","No","Adventure","","When the Personal Computer Museum first discovered Extra Terrestrials, the find itself was enough to send shockwaves through the Atari community. Not only had a previously unknown (but commercially released) title surfaced but it has also been recognized as the only Canadian developed Atari 2600 game. The group was hoping to capitalize on the video game market that was booming at the time. They had hoped to get the game out for the 1983 Christmas season, but delays in the programming precluded that and the game missed the Christmas window. After it was finally finished in early 1984, Peter remembers taking the game out to retailers door to door to purchase copies of the game. They had no distributor, and by then the video game market had collapsed."
"Fall Down","FallDown","Region Not Set","","AtariAge","Aaron Curtis","2007-01-01","2","Yes","Strategy","","Fall Down pits the ever-opposed forces of Red and Blue against each other in an ultimate battle to capture scrolling platforms! The first player to fall past a platform captures it and scores a point. Taking time to collect power-ups can give some advantage, but taking too long only results in death at the top of the screen. Watch out, because as you progress, the platforms slowly accelerates!"
"Fantastic Voyage","","Region Not Set","","20th Century Fox","Sirius Software, Inc.","1982-01-01","","No","Action","","You and your submarine are to be injected into the bloodstream of a critically ill patient.  Your mission is to blast your way through several phases of artery obstacles and destroy a life threatening Blood Clot."
"Farmyard Fun","","Region Not Set","","Suntek","Suntek","1983-07-04","","No","Action","","Farmyard Fun is an Action game, published by Suntek, which was released in Europe in 1983."
"Fast Eddie","","Region Not Set","","20th Century Fox","Sirius Software, Inc.","1982-01-01","","No","Platform","","Your objective is to help Eddie capture as many floating prizes as he can jump up and grab.  You must keep Eddie hopping over the pesky little Sneakers while guiding him up, down and around the screen."
"Fast Food","","Region Not Set","","Telesys","Telesys","1982-01-01","","No","Action","","Burgers, fries, shakes, pizzas . . . Flying by at sub-gastronomical speeds. You and Mr. Mouth have to catch 'em if you can. The higher the calorie count, the better your score. The more calories you consume the faster the food flies. 

But beware the purple pickles! Catch too many and your binge is over.

No matter how much you eat, you'll never gain a pound."
"Fatal Run","","Region Not Set","","","","1989-08-01","1","No","Racing","Not Rated","The year is 2089.  A collision with a comet has left the earth reeling from radiation poisoning.  There's little hope for humanity's survival and it's up to you to help the few remaining people.  You must leave the protective fortress Albagon and deliver the newly developed radiation vaccine to the survivors.  However your journey will not be an easy one, nefarious henchmen are waiting to knock you off and steal the vaccine to ensure that they will survive to rule the planet.  Every driver on the road is out to get you, your only hope is to get them first..."
"Fathom","","Region Not Set","","Imagic","Imagic","1983-01-01","1","No","Action | Adventure","","Titans have imprisoned Neptina, Neptune's daughter!  They've shattered his magical Trident and scattered its pieces far and wide.  Without his trident, Neptune is powerless.

Proteus, a member of Neptune's Court, longs to free the lovely mermaid. He sets out to find the missing pieces of the Trident.  He roams land and sea, changing from a dolphin to a seagull and back again in order to deceive the mermaid's captors.  Deadly trials confront Proteus -- octopuses, tangled beds of kelp, screaming flocks of black birds, even erupting volcanoes!  But he fights on valiantly!"
"Feuerwehr Im Einsatz","","Region Not Set","","Starsoft Development Laboratories","","1983-01-01","1","No","Action","Not Rated","No overview is currently available for this title, please feel free to add one."
"Final Approach","","Region Not Set","","Apollo, Inc.","Apollo, Inc.","1982-01-01","2","No","Action","","You are an Air Traffic Controller at a busy international airport. Literally thousands of lives are in your hands every day as you guide giant airliners and small private aircraft taking off and landing. You try to stay relaxed under the intense pressure of your job, but you must always be ready for emergencies."
"Fire Birds","","Region Not Set","","","","1983-01-01","1","No","Shooter","Not Rated","A shoot 'em up space invaeders like game from Germany's ITT Family Games."
"Fire Fighter","","Region Not Set","","Imagic","Imagic","1982-05-01","1","No","Action","","Fire! A man is trapped in a burning warehouse and the fire is raging out of control! As the only fireman on duty, your job is to keep your cool, put out the flames, and rescue the terrified man.

You begin the game aboard your fire engine. You must hop off the truck, walk back and forth on the sidewalk in front of the warehouse, and spray water upward to keep the flames under control. Your goal in each game is to rescue the man as quickly as possible. You do this by running back to your truck and extending your ladder to the floor on which the man is awaiting rescue. The man will then move into position for you to climb the ladder and rescue him."
"Fire Fly","","Region Not Set","","Mythicon, Inc.","Mythicon","1983-01-01","","No","Action","","TEST PILOT LOG MARCH 17, 2093:  On what started to be the routine high speed test of interplanetary craft Delta 12, a power plant malfunction caused the craft to skip off the rim of a small, black hole.  After experiencing level 5 turbulence I became unconscious.  Upon awaking, I found myself in a time and place unknown to me;  the craft having been completely destroyed.

The place I am in is inhabited by giant bug-like creatures.  Through thought waves, the inhabitants explained that they are part of a culture originally insect-like but now almost entirely mechanical.  As their biological body parts began to age beyond effective use they replaced them with mechanical parts.  Through their will to survive they eventually crated an entire society composed of machines.

During this gradual conversion from living matter to machinery a group of the inhabitants started programming themselves to survive even at the expense of others in the society.  They became know as the Bad-Bugs.  After the complete metamorphosis to computer controlled minds these bugs began attacking the good creatures.

Because of my human reasoning and ability as an experienced test pilot the good bugs have asked for my help.  I have been put in command of the best machine-bug on their planet.  My task of saving the good bugs should prove extremely difficult since the Bad-Bugs have creature-machines programmed solely for the purpose of stopping me.  I will, however, be awarded valuable treasures by the good bugs for every enemy I eliminate.  

To further complicate my task the good bugs have asked me to rescue the last remaining living creature on their planet, the Pixie.  They have warned me to be very cautious when approaching the Pixy since it is constantly guarded by a killer, machine-bee."
"Fireball","","Region Not Set","","Arcadia Corporation","Arcadia Corporation","1982-01-01","4","No","Action","","Juggle the red hot Fireball... before it becomes too hot to handle! Featuring: Up to six randomly moving Fireballs; Up to four players; Automatic indication of high scores for each player in the current session; Catch, aim, and release the Fireball. Five exciting games: Firetrap, Marching Blocks, Knock-a-Block, Migrating Blocks, and Cascade."
"Firebug","","Region Not Set","","Suntek","Vidco","1983-01-01","","No","Shooter","","With only a slingshot in hand our mighty little Hero is set to fight the mighty flame throwing Alien.  Only by using his immense strength can our endangered Hero spin and hurl his arsenal of fireballs to successfully destroy the enemy.  But at the same time, he must be wary of the Alien's savage attacks and do what he can to dodge the deadly missiles, otherwise he will lose his chance to defeat his adversary."
"Fisher Price","","Region Not Set","","","","1983-01-01","","No","Sports","","No overview is currently available for this title, please feel free to add one."
"Fishing","","Region Not Set","","Taiwan - Cooper Black","","1980-01-01","2","No","Sports","Not Rated","No overview is currently available for this title, please feel free to add one."
"Fishing Derby","Angling","Region Not Set","","Activision","Activision","1980-01-01","2","No","Sports","E - Everyone","This is one of the Activision video games that is fun to play even if you don't know the rules.  So go ahead!  Use your Joystick Controllers.  And when you're ready to find out why some fish bite and some don't, how to tell the whoppers from the lunkers and--especially--how to keep the shark from eating your catch, read these simple instructions.  Good Luck!

Game 1:  You against the Activision computer fisherman.
Game 2:  You against another player.

Use left Joystick Controller for fisherman on the left pier and to play against the computer (Game 1).

Use right Joystick Controller for fisherman on the right pier (Game 2). 

Move your Joystick from left to right to move your pole out and back.  To lower and raise your line, move the Joystick up and down. 

Choose your difficulty or handicap for each player (or the computer):
* A (up) - Fish won't bite unless you get the end of your line right under his nose.
* B (down) - Fish will bite if you get the end of the line near his mouth.

(Hint: When learning FISHING DERBY, handicap the computer at A, and put  your switch at B.)

SCORING:
There are six rows of fish.  From the top  down, they count as follows:              
* First two rows:  2 pounds each
* Second two rows: 4 pounds each
* Bottom two rows: 6 pounds each

The big ones are down deep.  Go for 'em!

First player to land 99 lbs. of those beautiful fish wins."
"Fix-It Felix Sr.","","NTSC","","","","1970-01-01","1","No","Action","Not Rated","Before the Magical Hammer was passed on to Fix-It Felix Jr., his father had to keep things in order.
 
Fix-it Felix Sr. is a parody remake of the game Fix-It Felix Jr. featured in the Disney film Wreck-It Ralph. Fix-It Felix Sr. is a simple, colorful, and fun arcade game."
"Flag Capture","","Region Not Set","","Atari, Inc.","Atari","1978-01-01","2","No","Strategy","","Each player controls an explorer. Your object is to find the flag using your explorer. The left controller player's explorer starts in the upper left corner square; the right controller player's explorer starts in the lower right corner square.

Explorers can move from square to square. During your turn, you can move your explorer to any square position. To move the explorer up or down the maze, move the Joystick up or down. To move the explorer to the right or left, move the Joystick to the right or left. Move the explorer to diagonal squares by moving the Joystick in one of the four diagonal directions you want."
"FlapPing","Joust Pong","Region Not Set","","Self-Published","Kirk Israel","2005-01-01","2","No","","","""The future of gaming can be summed up in two words -- Pong and Joust."" ...with these prophetic words on rec.games.video.classic, ""Otter"" planted the seeds for the game you see before you now. FlapPing, at its core, is an oldschool Pong Deathmatch... but with a ""Flap"" button. Each player flaps furiously to prevent the opponent from getting a ball past and scoring a point--first to 10 points win (3 points in a ""poorlords"" game).

FlapPing features two primary game variations, a ""classic pong"" mode which resembles the classic Pong arcade game, and ""poorlords"", where each player must defend a wall in a manner similar to the arcade game Warlords. You can play another human, or take on all the AI might of your Atari 2600. The Pterodactyl of Joust also makes an appearance in FlapPing, adding an unpredictable element to the gameplay!

FlapPing is descended from JoustPong, the name Kirk Israel originally chose for his original homebrew game. Unfortunately, this name stepped on the Pong trademark owned by Atari, and in early 2005 he renamed the game top FlapPing so it could once again be sold in the AtariAge Store, complete with a new label and manual designed by Dave Exton."
"Flash Gordon","","Region Not Set","","20th Century Fox","Sirius Software, Inc.","1983-01-01","","No","Action","","Many dedicated Spacemen have entered Spider City but none has ever been heard from again.  It is up to you, Flash Gordon, to rescue any surviving Spacemen and to conquer this hideous city of tunnels.  Spider City is conquered when all of its Hatching Pods are eliminated.  It doesn't hurt to blast a few Generators or enemy Patrol Ships while you're there."
"Flippern","","Region Not Set","","Starsoft Development Laboratories","","1980-01-01","1","No","Action","Not Rated","No overview is currently available for this title, please feel free to add one."
"Football","","Region Not Set","","Atari, Inc.","Atari","1978-04-01","2","No","Sports","Not Rated","GAME 1: 
After programming your play, use the Joystick to control your players.  The offensive player controls only the ball carrier and the flight of the pass or punt.  The defensive player controls his lineman or, by holding the red controller button down, the defensive
back.

The players will randomly follow the play as programmed when not controlled by your Joystick.

GAME 2: 
In this game, when your players are not controlled by the Joystick, they will follow the play exactly as programmed.  Use more strategy and try to outguess your opponent's plays.

GAME 3: 
Program in your offensive and defensive plays and watch the computer run them out.  Neither player can control the players movements, but the offense can pass or punt the ball by pushing the red controller button."
"Football ( Sears Telegames )","","Region Not Set","","Sears, Roebuck and Co.","","1979-01-01","2","No","Sports","E - Everyone","No overview is currently available for this title, please feel free to add one."
"Football [Telegames]","","NTSC","United States of America","Telegames USA","Telegames USA","1984-01-01","2","No","Sports","Not Rated","Football contains almost all the elements of a real football game. The game consists of four quarters, fifteen minutes each. There are four difficulty levels; high school, college, semi-pro, and pro. There are nine different plays to call, including running plays, field goals, passing plays, and punting. The only thing that's not realistic about Football is the teams only have five players on offense and on defense."
"Forest","","Region Not Set","","Sancho","Sancho","1983-07-11","1","No","Action","","The forest - a place of peace and quiet. A place alive with harmless, friendly animals. A place called home by a poor woodcutter. But alas! A wicked witch casts an evil spell. The friendly animals become his worst enemies. Now the woodcutter must fight for his life. But you can help! With your skill you can avoid the animals and thwart the evil spell. It's a race against time. A game of good vs. evil. The Forest - a place of countless surprises."
"Four-Play","","Region Not Set","","AtariAge","Zach Matley","2006-11-02","2","No","Puzzle","","Four-Play is a classic board game that has finally made its way to the Atari 2600. Four-Play has easy to learn rules, but don't expect to become a master as easily! Red and Blue take turns dropping marbles into an upright board. The first player to align four marbles horizontally, vertically, or diagonally wins! Pit your wits against the computer A.I. at four difficulty levels, or play against a friend in two-player mode."
"Fox & Goat","","Region Not Set","","QuelleSoft","Quelle","1983-01-01","1","No","Action","","No overview is currently available for this title, please feel free to add one."
"Frankenstein's Monster","","NTSC","United States of America","Data Age, Inc.","Data Age","1983-01-01","1","No","Action","Not Rated","In the cold dark night you make your way through the ghoulish castle of Dr. Frankenstein. There you must prevent him from completing his creation.

Your only chance is to gather stones from the dungeon and bring them to the tower where you must build a barricade around the monster before he has accumulated enough energy to come alive.

You start at the top floor of the castle and must make your way to the dungeon to get a stone to wall in the monster, all the while avoiding ghosts, giant tarantulas, trapdoors, spiders and a pool of acid. Once you have the stone, you must make your way back to the top, again avoiding these obstacles. When you get near the monster, you switch to a new screen where you must make your way past bats to place the stone. You must do this four times and each time gets harder, with more ghosts, more and bigger tarantulas, and a harder to cross acid pool.

You have three lives and falling into the acid pool will lose you one. You are also timed (see Difficulty settings) and you are trying to get and not lose points"
"Frantic","","Region Not Set","","","","2011-01-01","1","No","Shooter","Not Rated","No overview is currently available for this title, please feel free to add one."
"Freeway","","Region Not Set","","Activision","Activision","1981-07-15","1","No","Action","Not Rated","Freeway was one of the first titles released by Activision in their effort to publish independent games for the Atari 2600. One or two players control chickens who can be made to run across a ten lane highway filled with traffic in an effort to ""get to the other side."" Every time a chicken gets across a point is earned for that player. If hit by a car, a chicken is forced back either slightly, or pushed back to the bottom of the screen, depending on what difficulty the switch is set to. The winner of a two player game is the player who has scored the most points in the two minutes, sixteen seconds allotted."
"Freeway [Blue Label]","","NTSC","United States of America","Activision","Activision","1981-01-01","1","No","Action","Not Rated","In Freeway, your job is to help the chicken cross the road! Each time you successfully guide the chicken across ten lanes of freeway traffic, you earn a point. Try to score as many points as you can by the end of the 2 minute 16 second time limit! In the two player game, whoever scores the most points by the end wins. Several game variations are included"
"Freeway [Zellers]","","NTSC","Canada","Atari, Inc.","David Crane","1981-01-01","2","No","Action","E - Everyone","No overview is currently available for this title, please feel free to add one."
"Frisco","","Region Not Set","","Homevision","Home Vision","1983-01-01","1","No","Action","","Frisco is an Action game, published by Homevision, which was cancelled before it was released. This game is based on the code of Pac-Man. It's still not known where the initials R.J.P.G. stand for."
"Frog Pond","","Region Not Set","","Atari, Inc.","Atari","1982-01-01","2","No","Platform","","Frog Pond is a games that Atari never officially released to the public. 2 different versions exist with this - one with a ""rainbow"" title screen, and one with a detailed graphics screen (most likely the final version). An even earlier (work-in-progress) version was shown at the Summer 1982 CES show. Prototypes (and possibly copies) have been available for some time now. Best Electronics had it for $12 at one time. The game has nice, clean graphics. The game features nice, clean graphics, with 1 or 2 frogs on a lily pad. Each frog even has its own realistic ""ribbet"" sound. The object is to leap and catch as many insects as you can with your frog's tongue. Pressing the fire button shoots your frog's tongue out. The difficulty switches affect the length of your tongue (a little longer when set to B). There are four game variations: 1 and 3 are one-player versions; 2 and 4 are two-player versions. You are allowed so many misses-an insect will fly away if you fail to get it after a certain time limit. Games 3 and 4 allow more misses, but less time to get the insects. There are five types of insects. Since the game has no manual, I created names for each type:"
"Frogger","","Region Not Set","","Parker Brothers","Parker Brothers","1982-01-01","1","No","Strategy","Not Rated","Your task in this arcade conversion is to guide a frog across a treacherous road and river, and to safety at the top of the screen. Both these sections are fraught with a variety of hazards, each of which will kill the frog and cost you a life if contact is made."
"Frogger II: Threeedeep!","","Region Not Set","","Parker Brothers","Parker Brothers","1984-01-01","","No","Action","","In Frogger II, you need to guide your frog to safety in three different locations. Starting out underwater, reach the top of the pond while avoiding dangerous alligators and fish (you can ride a turtle for safety!). Once on top of the pond, hop across logs, birds, and even a whale to the life preserver trailing behind a tugboat. In the third location you have to hop across a flock of birds to reach a cloud at the top of the screen. Each frog has a time limit to safely reach one of the homes on each of the three screens. You move on to the next level when a frog has safely reached each of the homes on all screens."
"Frogs and Flies","","Region Not Set","","M Network","M Network","1982-07-07","2","No","Platform","E - Everyone","The object of the game is to make frogs catch flies. Points are won by manipulating a frog so that he jumps off a lily pad and scoops up flying insects with a flashing tongue. Jump him too late and you'll miss. Jump him too far and he'll land in the pond. you'll have to wait for him to swim back before trying again. Day & night action. Catch more flies than an opponent. Or beat your own top score!"
"Front Line","","Region Not Set","","Coleco","Taito Corporation","1984-01-01","2","No","Shooter","E - Everyone","It's dangerous. It's mean. It's WAR! And now, you are there!

Your mission? Invade enemy territory and knock out the fortress. To do it, you'll have to
travel over tricky terrain and fight against overwhelming odds at every step.

Evade attacks, search and destroy lumbering tanks! Storm the river bridge to face your
most difficult challenge: the enemy fort! You must demolish it or die. And if you succeed? 
A new assignment is yours on another front, against a more experienced army. There's no rest, no relaxation, no letting down your guard. You're in the Army now!"
"Frontline","","NTSC","Canada","","","1970-01-01","2","No","Action","Not Rated","""Combat"" clone?"
"Frostbite","","Region Not Set","","Activision","Activision","1983-08-14","","No","Action","","You're an Eskimo who wants to build an igloo to live in during the cold season. To do this, you must jump from ice-block to ice-block, while avoiding wildlife such as birds and crabs. Coming with contact with any of these will cause them to push you off the block and into the deadly water. Once you have built your igloo, you must enter it to proceed to the next level. Remember, you must build it before the temperature drops to 0°. You have four lives."
"Fuchs & Schweinchen Schlau","","Region Not Set","","Starsoft Development Laboratories","","1983-01-01","","No","","","No overview is currently available for this title, please feel free to add one."
"Fun With Numbers","","Region Not Set","","Atari, Inc.","Atari","1977-07-25","1","No","Puzzle","Not Rated","Fun With Numbers is an Math game, published by Atari, which was released in 1977."
"Funky Fish","","Region Not Set","","Sun Corporation","Sun Corp","1983-01-01","1","No","Shooter","","Monsters have taken over the ocean and enlisted the creatures of the sea as their guardians. You are FUNKY FISH, and it's up to you to rid the waters of the armies of evil! Shoot small enemies with your bubble cannon to turn them into fruit, then steal the monster's energy! But don't get too confident, the next wave is faster and nestled amid an ocean bed of obstacles! One wrong move and you're sunk! Are you fish enough to save the ocean? Funky Fish is a port of the 1981 arcade game by Sun Electronics. It was programmed by UA Ltd., the same company that programmed all the games for the Emerson Arcadia 2001. It's unknown why this game (and the other UA prototypes) was never released commercially."
"G.I. Joe: Cobra Strike","","Region Not Set","","Parker Brothers","Parker Brothers","1983-01-01","2","Yes","Action | Shooter","","In the single-player mode, the player controls a G.I. Joe training camp on the bottom of the screen protected by a barrier and armed with two laser cannons. In this mode the goal is to keep the giant Cobra-operated robot snake from destroying the shield and thus the training camp by hitting it eight times. The Cobra robot shoots venom and laser beams.
In two-player cooperative mode control of the G.I. Joe training game is split between two players as they work to destroy the Cobra robot. In the two-player competition mode one player controls the Cobra robot and another player controls the training camp.
Cobra Strike was the first video game to use the G.I. Joe license. The U.K. version of the game was renamed Action Man: Action Force.

Synopsis:
""The Action Force training camp is under siege from a giant Cobra Combat Machine built by the evil Baron Ironblood. As the Cobra looms over the camp the Action Force recruits run to shelter from its vaporizing venom and piercing laser beams. Man your positions! Defend the camp! Use missile attack cannons and atomic-powered energy shields to fight the deadly Cobra."""
"Galactic","","Region Not Set","","Rainbow Vision","Rainbow Vision","1983-01-01","","No","Shooter","","Similar to Pheonix or Galaxian. Shoot the birds or ufo's and don't get shot back. With three skill levels it's a challenging and enjoyable game. Pal Only."
"Galactopus","","NTSC","United States of America","","","2014-11-16","1","No","Action | Unofficial","E10+ - Everyone 10+","Oh &%$@! Either the advance warning satellites are %&$#!@ again or there's a giant %©#&$ space octopus heading straight for earth! Congressional budget cuts have reduced NASA to launching model rockets in the park but never fear, the private sector is here! For six easy payments of just $199,999,999,999.99, Astr-O-Corp has volunteered to send their prototype low orbit fighter to intercept Galactopus™. Since it's still in the prototype phase, the laser cannons aren't powerful enough to destroy Galactopus™, but they can chip away his Octonuim armor. Collect eight pieces of Octonium and add them to the ship's reactors and the cannon will be powerful enough to finish Galactopus™ off once and for all!

No creature in recent memory has been as widely misunderstood as the galactopus. Once thought to float mindlessly through the void consuming whatever fleeting bits of matter floated into its path, we now know it is a purposeful and voracious destroyer, capable of lev­eling a city the size of Akron, Ohio. Astrobiologists are unclear what motivates the galactopus to wreak such havoc, but they do know that Akron is home to forty-five percent of America's rubber indus­try and losing it would be a critical blow to the economy. 
Until now the galactopus has been able to rampage through the galaxy unchecked, but recent developments in space flight and ion displacement cannons give us hope that one day soon mankind will be able to rid itself of this eight-legged menace once and for all.

Homebrew author: Ric Pryor
Released: 2014"
"Galaga","","Region Not Set","","Namco","Namco","1981-09-01","","No","Shooter","","Galaga is a vertical arcade shooter from Namco. You control a space fighter at the bottom of the screen, scrolling left and right in order to avoid oncoming bombs and kamikaze attacks from alien invaders and to fire your own missiles to fight back!"
"Galagon","","Region Not Set","","AtariAge","Champ Games","2020-01-01","2","No","Shooter","Not Rated","No overview is currently available for this title, please feel free to add one."
"Galaxian","","NTSC-U","United States of America","Atari, Inc.","General Computer Corporation","1983-06-05","1","No","Action | Shooter","E - Everyone","Galaxian is a 1983 Atari 2600 video game developed by General Computer Corporation and released by Atari in the USA on June 5, 1983.

It is based on the 1979 arcade video game, Galaxian, which was produced by Namco.

Galaxian expanded on the formula pioneered by Space Invaders. As in the earlier game, Galaxian featured a horde of attacking aliens that exchanged shots with the player. In contrast to Space Invaders, Galaxian added an element of drama by having the aliens periodically make kamikaze-like dives at the player's ship, the Galaxip."
"Galaxian Arcade","","Region Not Set","","AtariAge","Atari","1983-01-01","1","No","Shooter","Not Rated","No overview is currently available for this title, please feel free to add one."
"Galaxian Expanded","","Region Not Set","","","","2011-01-01","1","No","Shooter","Not Rated","No overview is currently available for this title, please feel free to add one."
"Galaxy Defender","","PAL","Australia","","","1970-01-01","1","No","Action | Adventure","Not Rated","No overview is currently available for this title, please feel free to add one."
"Game Of The Bear","","NTSC","United States of America","AtariAge","AtariAge","2021-01-01","1","No","Platform","Not Rated","No overview is currently available for this title, please feel free to add one."
"Game Panic!","","NTSC","","","","2014-06-23","2","No","Action","E - Everyone","John's Game room has been overrun by spiders and water leaks!  To Further Complicate matters his garage door has gone on the fritz and will only open periodically.  Help him dash to the right-most exit with a handful of games while avoiding falling water and creepy critters!

Expert level collector and contributor to the Cowlitz Gamers for Kids charity John Hancock has collaborated with Jason Santuci on this new Atari 2600 game!

Game Panic LCD attempts to recreate the experience of handhelds such as Radio Shack Plane & Tank. As such the controls and graphics are extremely simple. Dash to the other side of the screen for points! How long can you last?"
"Game Program Combat CX-2601","","NTSC","","Atari Games","Atari","1977-09-01","2","No","Shooter","Not Rated","Combat is a 1977 video game by Atari, Inc. for the Atari Video Computer System (later renamed the Atari 2600). In the game, two players controlling either a tank, a biplane, or a jet fire missiles at each other for two minutes and sixteen seconds. Points are scored by hitting the opponent, and the player with the most points when the time runs out wins. Variations on the gameplay introduce elements such as invisible vehicles, missiles that ricochet off of walls, and different playing fields."
"Game Program Football","CX-2625 1-3 FOOTBALL","NTSC","United States of America","Atari, Inc.","","1979-01-01","2","No","Sports","E - Everyone","No overview is currently available for this title, please feel free to add one."
"Gamma-Attack","","Region Not Set","","Gammation","Gammation","1983-01-01","1","No","Shooter","","You are the commander of the only GAMMA ship in this stellar field. The Vegan war fleet has taken control of your GAMMA outpost planet and is defending it with Vegan laser pulse tanks. This planet is the only inhabitable planet in this star system, and you must stay there and fight the Vegans as long as you can."
"Gangster","","Region Not Set","","Ariolasoft","","1981-01-01","1","No","Action","Not Rated","No overview is currently available for this title, please feel free to add one."
"Gangster Alley","","Region Not Set","","Spectravision","Spectravision","1982-01-01","2","No","Shooter","E - Everyone","Meet LEFTY, SCAR FACE, MUGSY and SHIFTY and the most sinister of them all - ""NITRO ED"". They're out to challenge you on their own turf - ""GANGSTER ALLEY"". You are equipped with bullet proof vests and a gun sight. Get your man and collect the reward! But watch out these guys have a few tricks up their sleeves especially NITRO ED. So grab your ""JOYSTICK"" and WATCH OUT!"
"Garfield","","Region Not Set","","Atari, Inc.","Atari","1984-01-01","1","No","Platform","","Garfield is a side-scrolling platform video game for the Atari 2600 that Atari planned, but cancelled because of the videogame crash of 1983."
"Gas Hog","","Region Not Set","","Spectravideo International Ltd.","Sirius Software, Inc.","1983-01-01","1","No","Action","","You are in your vehicle which has terrible fuel efficiency. A real gas hog. You are trying to travel along but there is one or more ships above you that are trying to bomb you. To make things worse, there are holes in the road and other ships you need to shoot so as to not ram them.

As you go along, you can accelerate or decelerate to avoid being bombed but be careful because you might ram some ships near the ground. You can jump to avoid them or blast them for points. You will also see numbers along your way. Run into them to acquire their point value. Do not shoot them or their value will be deducted from you score.

As this is Gas Hog, you will soon run low on fuel. You must get below ground via the occasional holes, to grab a refuel marker. Do not stay below ground, however, as you travel in the wrong direction while there. You start with four lives and lose one if you are hit by a bomb or ship or run out of fuel. (Moby Games)"
"Gator Love","","NTSC","","","","2024-05-22","1","No","Action","AO - Adult Only 18+","Custer's Revenge with a furry (scalie) twist!"
"Gauntlet","","Region Not Set","","Answer Software","Answer Software","1983-01-01","1","No","Action","","Sir Robert Wittenbottom - one of the most fearless of men - needs your keen skill and daring to help him run the GAUNTLET and prove he is truly worthy to enter the elite Council of Warriors! A game that will continue to excite and challenge you with a different GAUNTLET every time you play."
"Gefahrliche Maeusejagt","","Region Not Set","","Starsoft Development Laboratories","","1983-01-01","1","No","Action","Not Rated","No overview is currently available for this title, please feel free to add one."
"Gefecht Im All","","Region Not Set","","Starsoft Development Laboratories","","1983-01-01","","No","","","No overview is currently available for this title, please feel free to add one."
"General Re-Treat","","Region Not Set","","Mystique","Mystique","1982-09-23","1","No","Action","M - Mature 17+","This game is not for children.

As a native american maiden, your task is to have your way with General Custer."
"Ghost Manor","","Region Not Set","","Xonox","Beck-Tech","1983-01-01","","No","Adventure","","You (either a girl or boy, your choice) stand in a lonely graveyard outside Ghost Manor.  A  friend is trapped inside.  You must find a way to enter the Manor and rescue the prisoner through 5 game screens.  But beware! Unfriendly ghosts lurk behind tombstones; witches and goblins haunt the entryway; and demons and ghastly spirits may attack at any moment.  It's very dark.  Only brief flashes of lightning aid your search for the magical coffin.  Remember...finding your friend is only half the game.  You must then find a safe way out.  Good luck!"
"Ghostbusters","","NTSC","United States of America","Activision","Activision","1985-05-10","1","No","Adventure","E - Everyone","When there's something strange in your neighborhood ...who ya gonna call? Ghostbusters for your Atari 2600!

With a $5,000 loan from the bank, you're out to start your own ghostbusting business. You make money by catching ghosts and must earn more than $10,000 before the dangerous psychokinetic (PK) energy emissions reach critical mass."
"Ghostbusters ( Blue Label )","","Region Not Set","","","","1970-01-01","1","No","Action","E - Everyone","No overview is currently available for this title, please feel free to add one."
"Ghostbusters II","","Region Not Set","","Salu Ltd.","Activision","1990-03-09","1","No","Action","","THEY'RE BACK:
Weird thing happen and the bustin' business is bigger than ever.

WHO YOU GONNA CALL? Get your bustin' bussiness back on its feet take on a pack of paranormal pests. as you go underground to sample the slime in Van Horne Station.

Boo-galoo down Broadway with the Statue of Liberty

Action, Adventure, Strategy challenges - and great laughs."
"Gigolo","","Region Not Set","","","Playground Games","1982-05-01","","No","Life Simulation","","You're a woman who looks for 7 different men."
"Gingerbread Man","","Region Not Set","","AtariAge","Fred Quimby","2007-12-14","1","No","Platform","Not Rated","Unrefined sugar, flour, ginger and heat have combined magically to produce consciousness and mobility in a delicious culinary confection. You, a Gingerbread Man, find yourself baking in a gas-fired oven, and you must find a way out! Gingerbread Man is based loosely on the popular children’s story of the same name. And although this game is appropriate for children, it’s not child’s play!

In Gingerbread Man you must fight your way through 20 levels consisting of five unique game-play screens, facing a variety of obstacles and challenges in order to survive! In the first level you begin in a hot oven where you must escape before being cooked alive! Once you break free from the oven, you find yourself in the dining room where you need to collect all of the balloons and float up to the roof through the chimney. Now that you're on the roof you must build a bridge to a nearby tree while fighting off cats and birds that want you for a tasty treat! Once in the tree, you need to evade all the dangerous creatures in the forest (will you ever get a break?) And if you do escape the forest, you enter a cave where you must fight off your most fearsome enemy yet!

Once you defeat the boss, to your dismay you are captured again and put back in the oven too cook some more, and this time the heat has been turned up! Will you ever escape? Can you battle through 19 levels to have your chance to out-fox the final boss and win your freedom?

Gingerbread Man includes three game variations:

Selection 1 is the default.
Selection 2 is expert mode.
Selection 3 is a special mode for children."
"GLACIER PATROL","","Region Not Set","","","Telegames, Inc.","1983-05-02","","No","Shooter","","Sunrise actually programmed this game, but never released it. It was then picked up by Telegames and repackaged; you can still purchase it from them brand new in the box."
"GLIB","","Region Not Set","","Qualtronic Devices, Inc.","Selchow & Righter Company","1983-05-01","1","No","Strategy","E - Everyone","Glib Video Word Game is a one or two player action game with 25 variations, designed to be played on the Atari 2600 Video Computer System. In each of 5 games, there are 5 skill levels, varied time speeds, bonus points, and automatic ""arcade"" scoring. Letters pulse, parade, disappear, explode. You may be quick enough to catch them but the real winner knows how to play them!"
"Go Fish!","","Region Not Set","","Self-Published","Bob Montgomery","2005-01-01","2","No","","","Go Fish! is an original game loosely based on the Intellivision game Shark! Shark! - you are a wee fish and, to survive, you must eat other, smaller fish to grow. But watch out for the shark, as he's also on the hunt for food and you could be his next meal! Go Fish! features extensive, continuously-playing music (with an option to turn it off for those who'd rather do their fishing in quiet), as well as a two-player battle mode.

Go Fish! is one of the first homebrew games to support Richard Hutchinson's AtariVox. Go Fish! takes advantage of the AtariVox to save your high score, which is retained when you turn your Atari 2600 off. When you come back later to play Go Fish! and power on your 2600, your previous high score will be restored!

Programmer Bob Montgomery teamed up with AtariAge to sponsor a contest to create original artwork for Go Fish! The winning label from Renato Brito will grace all copies of Go Fish!, as well as the full-color manual created by Tony Morse. Go Fish! can be purchased in cartridge form from the AtariAge Store."
"Go For Gold Pack","","Region Not Set","","Epyx, Inc.","Epyx","1970-01-01","2","No","Action | Sports","Not Rated","Including Summer Games and Winter Games packs.

Winter Games pack:
1. Bobsled
2. Ski Jump
3. Speed Skating
4. Hot Dog Aerials
5. Biathalon
6. Luge
7. Slalom

Summer Games pack:

1. Skeet Shooting
2. Gymnastics
3. !00yard Dash
4. Hurdles
5. Sprint
^. Relay Swimming
7. Rowing"
"Going-Up","","NTSC","","Starpath Corporation","Starpath Corporation","1983-01-01","1","No","Action","Not Rated","A very early version of a previously unknown Starpath game. So far only one prototype is known to exist. Going-Up?? was never mentioned in any Starpath catalog, so it may have been an in-house pet project of one of the programmers."
"Golf","","Region Not Set","","Atari, Inc.","Atari","1978-01-01","2","No","Sports","","Golf features a nine hole, par 36 course which can be played by one or two players. The game is played from an overhead view of the course, which is complete with sand traps, water hazards, trees, and rough. The player doesn't have the ability to choose different clubs, so the distance the ball travels is controlled by how big of a backswing is taken. The direction is controlled by the location of the player in relation to the ball. When the player finally reaches the green, the view switches to a closeup of the green for putting. Two different skill levels are available which control the size of the cup and the amount of power lost in the rough or sand."
"Golf ( Sears Telegames )","","Region Not Set","","","","1980-01-01","2","No","Sports","E - Everyone","No overview is currently available for this title, please feel free to add one."
"Gopher","","Region Not Set","","U.S. Games","U.S. Games","1982-01-01","1","No","Action","E - Everyone","The gopher tunnels left and right and up to the surface. When he makes a hole to the surface he will attempt to steal a carrot. The farmer must hit the gopher to send him back underground or fill in the holes to prevent him from reaching the surface. If gopher has taken any of the three carrots, a pelican will occasionally fly overhead and drop a seed which, if the farmer catches it, he can plant it in the place of the missing carrot. The longer the game, the faster the gopher gets. The game ends when the gopher successfully removes all three carrots. There are two skill levels and is for one or two players, giving a total of four game variations."
"Gorf","","Region Not Set","","CBS Electronics","Bally | 																Midway","1982-05-01","1","No","Shooter","E - Everyone","Gorf is an arcade game released in 1981 by Midway Mfg., whose name was advertised as an acronym for ""Galactic Orbiting Robot Force"". It is a multiple-mission fixed shooter with five distinct modes of play, essentially making it five games in one. It is well known for its use of synthesized speech, a new feature at the time."
"Gorf Arcade","","NTSC","United States of America","AtariAge","Champ Games","1970-01-01","2","Yes","Action","E - Everyone","No overview is currently available for this title, please feel free to add one."
"GoSub","","Region Not Set","","AtariAge","Aegis Games","2007-06-09","2","No","Strategy | Racing","","You are a submarine driver in search of snken treasure off the coast of Cape Chammawingikakauguflidplitargoknotz. Your job: Get the treasure chests and be rich! But there are danger: it seems the treasures are well protected because there's walls. Don't hit the walls!"
"Grand Prix","","Region Not Set","","Activision","David Crane","1982-01-01","1","No","Racing","","Grand Prix is a Formula One Grand Prix motor racing-themed video game, and one of the first side-scrolling racing video games. It was designed and programmed by David Crane for the Atari 2600 video game console, and published by Activision in 1982.

Grand Prix was the first Atari 2600 game to feature shaded objects in color. When David Crane developed an Atari 2600 programming technique for painting large, multicolored sprites on the screen, he made a color pattern that reminded him of Grand Prix racing stripes. This inspired him to design a Grand Prix racing game to apply his new technique."
"Grand Prix ( Blue Label )","","Region Not Set","","","","1970-01-01","2","No","Action","E - Everyone","No overview is currently available for this title, please feel free to add one."
"Gravitar","","Region Not Set","","Atari, Inc.","Atari","1983-01-01","","No","Action","","The evil being called Gravitar is out attempting to destroy the universe! With each galaxy he conquers he leaves behind extreme gravitational forces, a powerful, explosive reactor and deadly bunkers. Your job is to stop Gravitar by taking back the twelve solar systems located in four galaxies that are under his control! In each solar system there is a sun, an alien reactor base, and three to four planets. To free the solar system, you have two choices; either visit all of the planets and destroy all enemy bunkers, or activate the reactor at the core of the alien base and escape before it explodes. On each of the planets and the alien base, there will be strong gravitational forces to deal with; make sure you keep your ship in space, since a crash into the ragged landscape will be fatal! After a galaxy has been freed, you then automatically move on to the next galaxy which will be even more difficult to save. The game includes five different skill levels which vary in difficulty by supplying different amounts of ships to begin the game as well as different strengths of gravity."
"Gravitar [Silver Label]","","NTSC","United States of America","Atari, Inc.","Atari","1983-01-01","1","No","Action","E - Everyone","The evil being called Gravitar is out attempting to destroy the universe! With each galaxy he conquers he leaves behind extreme gravitational forces, a powerful, explosive reactor and deadly bunkers. Your job is to stop Gravitar by taking back the twelve solar systems located in four galaxies that are under his control! In each solar system there is a sun, an alien reactor base, and three to four planets. To free the solar system, you have two choices; either visit all of the planets and destroy all enemy bunkers, or activate the reactor at the core of the alien base and escape before it explodes. On each of the planets and the alien base, there will be strong gravitational forces to deal with; make sure you keep your ship in space, since a crash into the ragged landscape will be fatal! After a galaxy has been freed, you then automatically move on to the next galaxy which will be even more difficult to save. The game includes five different skill levels which vary in difficulty by supplying different amounts of ships to begin the game as well as different strengths of gravity."
"Great Escape","","Region Not Set","","","Bomb","1983-05-05","","No","Action","","In this space shooter, you move your ship by moving the joystick in the direction you want to go. You fire by holding down the button and moving the joystick in the direction you want to shoot. You can shoot from the front of your ship, from the back or from either side.

As you move forward, you can increase to four speeds. You must avoid or shoot the meteorites, shoot the aliens (but be warned: they shoot back), and always run from the super alien.

On the screen, at the top is your score, just below that is the short range scanner. This shows you, the aliens, the meteorites and, if you run into it, the super alien. On the bottom left is the remaining ships (lives) On the bottom right is the velocity indicator. On the bottom center is the long range scanner. This shows you, the aliens and the super alien, but not the meteorites.

As the super alien approaches, there will be an alarm sound. If the super alien catches you, you will be unable to move or fire and will lose a life. The game ends is you lose all your lives or get 999,999 points."
"Gremlins","","Region Not Set","","Atari, Inc.","Atari","1984-10-01","2","No","Action","","The classic horror/comedy movie inspired this fun game. You take on the character Billy, who initially tries to keep the innocent Mogwai from eating after midnight and becoming gremlins. As the Mogwai fall from the top toward the hamburger, you must catch them. Any that get by eat and turn into pupas. When eight pupas have formed, they hatch one by one, unleashing the gremlins. The gremlins then march down toward you. You must shoot them before they reach and kill poor Billy. You have two flash cubes that you can use to scare them away if they get too close. Bright Light! Try to get them before they walk through water, as they'll multiply."
"Ground Zero","","Region Not Set","","","","1983-01-01","","No","","","No overview is currently available for this title, please feel free to add one."
"Grover's Music Maker","","Region Not Set","","Atari, Inc.","Atari","1983-01-01","2","No","Music","","Grover's Music Maker is a Miscellaneous game, published by Atari, Inc., which was cancelled before it was released."
"Guardian","","Region Not Set","","","Apollo, Inc.","1982-05-04","","No","Adventure","","Save the three planets that are under attack by a spaceship. Shoot the bombs as they fall toward the planets. A second line of defense is a force field between your laser cannon and the planets, but it can only handle one hit at each spot. The game ends when all three planets are wasted. In two player games, the alien attacks two sets of planets simultaneously. Each player must protect their own."
"Gunfight","","Region Not Set","","AtariAge","Xype","2001-01-01","2","No","Shooter","Not Rated","It's shoot-out time and you've got to be faster than your opponent or the computer. Move, dodge, or hide behind a covered wagon or cactus. But whatever you do, don't waste your time because your opponent is shooting back. Take your position, aim, and fire before he gets you...
Gunfight is the first release from Manuel Rotschkar and is heavily inspired by the 1975 Midway arcade game Gun Fight. Gunfight features eight-way movement with the following gameplay modes:

Standard Duel: The first player to score 7 points wins
Sixshooter Duel: The first player to score 7 points wins
Escape Scenario: The left player wins when scoring _once_! The right player wins when surviving 99 time units.
Target Shooting: The first player to score 77 points wins. Hitting a target scores 1 point. Hitting the opponent scores 5 points."
"Gunfire","","NTSC","United States of America","Self-Published","Self-Published","2024-11-18","1","No","Action","Not Rated","Conceptual minigame. From the author, ""Atarius Maximus"":

""I started reading @Karl G's most excellent Minikernel Developers Guide and thought it would be fun to try and make a new one myself.  I also wrote a new bB game (Gunfire) that demonstrates it's use.  This is the final version of each, however I will address any problems found.  A ton of thanks to Karl G for his help, he really should be credited as a co-author as he provided me with so much help on this.  I couldn't have done this without him.  I'm making great progress on my general understanding of assembly language now thanks to him. :) 

There are already many different bB minikernels available so coming up with something completely new and different that would fit my novice skill level was a little difficult.  This one does provide similar functionality to what's already out there with a status bar and life counter.  The main difference with this one is that the status bar uses a full-width mirrored playfield, so the bar itself counts up from the middle to the outside of the screen, or counts down from the outside of the screen on both sides to the middle.  It is customizable by height and color.  The minikernel also offers the ability to add a custom lives counter with a sprite, which can be a statically defined sprite in your bB code just for the lives sprite, or it can re-use your already defined player0 sprite (allowing for the life counter sprite to be animated).  All of the options are described in the user's guide I'm attaching to this post.  Because it's yet another minikernel that offers a status bar and a life counter, I decided to name it YASB, or yet another status bar. :)

To use the minikernel, put “include yasb.asm” at the beginning of your code for a 4k project, and “inline yasb.asm” at the end of your code for a multibank project.  As of this writing it has only been tested with a 4k project.  I did test that putting the include statement at the end of the code in a 4k standard kernel project does work, however the recommendation is to put it at the beginning.

The Gunfire game is inspired by Hogan's alley.  It is a 4k game, and in order to squeeze in everything I needed I edited the default.inc file in the includes subdirectory and commented out pf_drawing.asm and pf_scrolling.asm as I was not using either one.  You'll have to do the same if you'd like to compile the game yourself.""

https://forums.atariage.com/topic/375644-a-new-minikernel-and-a-new-game/"
"Gunslinger","","Region Not Set","","Sears, Roebuck and Co.","Atari","1980-07-31","2","No","Fighting","Not Rated","You're back in the wild west in this truly action packed, graphics intensive game. Okay, so it's not really that exciting, but it's silly enough to be fun for about 5 minutes. The concept is similar to Combat. You try to shoot the other guy. If you hit him, he falls down. Game variations put different objects in your way."
"Gunslinger [Picture]","Gunslinger (Picture Label Variant)","NTSC","","","Atari","1978-01-01","2","No","Action | Shooter | Fighting","Not Rated","Sears TeleGames picture label variant."
"Gyruss","","Region Not Set","","Parker Brothers","Parker Brothers","1984-06-01","1","No","Shooter","E - Everyone","Three billion miles is a long way from home.  But there's no shorter route
from outer Neptune to Earth.  As if that weren't enough... it's got to be a
shoot-out all the way.  You alone in your rapid-firing spaceship, swirling
in a circular flight pattern... orbiting to the right... arcing to the
left... trying to mow down wave after wave of enemy plane formations,
rocketing meteors and runaway satellites.  Stops at Uranus, Saturn, Jupiter
and Mars will mark your progression towards Earth.  Each one's a short
visit, though.  Then it's off again to the next planet - and the next wave
of enemies.  Reach Earth in one piece and maybe you'll think twice about
leaving home.  Then again... maybe not!"
"H.E.R.O.","","NTSC-U","United States of America","Activision","Activision","1984-04-01","1","No","Platform","E - Everyone","There is trouble in the mines! Volcanic activity has trapped numerous miners, and it is your job to save them. As Roderick Hero, you need to make your way through the dangerous mineshaft avoiding the dangerous creatures and lava, and find out where the miners are located before you run out of energy. To help on your mission, Roderick Hero has several useful types of equipment. A prop pack will allow you to hover and fly around the mineshaft and (hopefully) avoid the many dangers within. Your helmet features a short range microlaser beam which can be used to destroy the bats, spiders, snakes, and other creatures you'll encounter in the mines. 

From time to time, your path through the mine may be blocked by stone or lava walls. You begin each mission with six sticks of dynamite which can be used to destroy these obstacles (be careful you don't blow yourself up, though!) If you run out of dynamite, your laser beam can also be used to destroy the walls, though this will take longer and use up more energy. As the levels progress, the mine shaft will become longer and more maze-like, creatures will more frequently block the path, and lava walls and pools will appear which are dangerous to the touch."
"Hack 'Em","","Region Not Set","","","","2005-01-01","1","No","Action","Not Rated","No overview is currently available for this title, please feel free to add one."
"Halloween","","Region Not Set","","Wizard Video Games","VSS, Inc.","1983-01-01","","No","Action","","A homicidal maniac has escaped from a mental institution.  On Halloween night, the killer returns to his home town to wreak havoc!  You are babysitting for a family in a large, two story house.  Somehow the vengeful murderer has gotten inside!  Can you protect the children and yourself from the fury of his knife?"
"Halo 2600","","Region Not Set","","AtariAge","Ed Fries","2010-07-01","1","No","Action | Adventure | Shooter","","The year is 2552. Planet Earth still exists, but overpopulation has forced many of her former residents to colonize other worlds. After contact with an outer colony was lost, a battlegroup was sent to investigate and was almost completely destroyed; only one badly damaged ship returned to tell of a seemingly unstoppable alien warship that had effortlessly annihilated their forces.

This was humankind's first encounter with a group of aliens they eventually came to know as the Covenant, a collective of alien races bent on wiping out humanity. A desperate plan is set in motion: board a Covenant vessel and learn the location of the Covenant home world. But before the mission begins, Covenant forces strike and annihilate the attack force.

 
The Covenant are now on Earth's doorstep. One ship escapes and makes a blind jump into deep space, hoping to lead the Covenant away from Earth. The ship crashes on Halo--an artificial ring world that is actually a weapon capable of destroying all life in the galaxy should it fall into the hands of the Covenant.

You are the Master Chief--all that remains of a classified military project to build a series of genetically enhanced super- soldiers. You are humanity's last and best hope against the Covenant--but you're woefully out-matched, and survival is not guaranteed. Can you battle your way through the massive world that is Halo, defeat the Covenant, and save humanity?

Halo 2600 is an original homebrew game created by Ed Fries for the Atari 2600. Ed Fries once worked as the VP of Game Publishing for Microsoft's Xbox division and was instrumental in bringing Bungie Studios into the Microsoft studio family). AtariAge worked with Ed Fries to produce Halo 2600 in physical cartridge form, and a limited run was produced for the 2010 Classic Gaming Expo. After the Classic Gaming Expo, additional cartridges were produced using a different label to differentiate the two releases.

In the game, Halo players control Master Chief in a non-scrolling exploration game with rooms to explore and a variety of enemies to shoot. The Chief faces a variety of enemies across 64 playfields, and must find hidden keys to unlock the game's force-fields in order to reach the final boss encounter. But first, he needs a weapon..."
"Hangman","","Region Not Set","","Atari, Inc.","Alan Miller","1978-01-01","2","Yes","Education","Not Rated","Games 1, 2, 3 and 4 are one-player games. You compete against the computer. You score one point for every Hangman Word you complete; the computer scores one point for each Hangman Word you can't complete.

GAME 1:
One player competes against the computer that uses words from a first through third grade vocabulary.

GAME 2:
One player competes against the computer that uses words from a first through sixth grade vocabulary.

GAME 3:
Playing with words from a first through ninth grade level, one player competes against the computer.

GAME 4:
Words from a first through high school vocabulary are used for competition between one player and the computer.


Games 5, 6, 7 and 8 are two-player games against the computer. After you select the game vocabulary you want to use, you and your opponent take turns selecting alphabet letters to find the word generated by the computer. Both players together are allowed 11 incorrect selections. When you make a correct letter guess, you receive a consecutive turn. The first player to complete the Hangman Word scores one point and starts the next word. The first player to score five points wins the game.

GAME 5:
Two players compete to complete the Hangman Word from a first through third grade vocabulary.

GAME 6:
Two players test their word skill with Hangman Words from a first through sixth grade vocabulary.

GAME 7:
Words from a first through ninth grade vocabulary are used for competition between two players.

GAME 8:
Two players compete using words from a first through high school vocabulary.


GAME 9:
Now it's your turn to choose the Hangman Word. Instead of playing with a computer word, one player composes the Hangman Word with the Joystick Controller; the opposing player receives eleven guesses to complete the Hangman Word.

To enter your own Hangman Word into the computer, cycle through the alphabet letters on the screen while your opponent avoids looking at the screen. The Hangman Word may be between one and six letters."
"Hangman [Silver Label]","","NTSC","United States of America","Atari, Inc.","Atari","1986-01-01","1","No","Education","E - Everyone","Hangman is an electronic version of the game hangman! Your goal is to figure out a word that the computer has generated by guessing one letter at a time. Guess a correct letter, and it will appear on the screen in the proper location, but if you guess a letter that isn't in the word then you are one step closer to being hung. Guess eleven incorrect letters, and the game is over. A point is earned each time a word is completed. Several difficulty settings are included which affect the number of letters in the words. The game can be played by one or two players, and in the two player version the words can optionally be created by one of the players instead of the computer."
"HARBOR ESCAPE","","Region Not Set","","","","1983-01-01","1","No","Action | Shooter","Not Rated","Harbor Escape is an Action game, published by Panda Entertainment, which was released in 1983."
"Hard-Head","","PAL","","Activision","Activision","1983-01-01","1","No","Action","Not Rated","This prototype was found in a salvage yard in 1998. For many years the name of this game was not known since the label that once existed had long since fallen off. However, in 2017 a PAL copy of this game appeared on Ebay UK complete with a label. We now know that the game is called Hard-Head. Unlike most Activision games, Hard-Head has no game variations. However since this is still a WIP, game variations may have been planned later on. The left difficulty switch controls the game difficulty (A=Easy, B=Hard), while the right difficulty switch appears to control how your character climbs the blocks. Although this prototype appears to be nearly complete, there are still a few bugs in the game. It's unknown why this game never got released. One possibility is that the programmer may have left Activision before the game was completed."
"Harem","","Region Not Set","","Multivision","Multivision","1982-01-01","1","No","Action","M - Mature 17+","Harem is an Action game, published by Multivision, which was cancelled before it was released."
"Haunted Adventure II - Redemption","","Region Not Set","","","","1978-01-01","1","No","Adventure","Not Rated","No overview is currently available for this title, please feel free to add one."
"Haunted House","","Region Not Set","","Atari, Inc.","Atari","1981-01-01","","No","Action | Adventure","","Hidden throughout a haunted mansion are three pieces of a magical urn, and your goal is to enter the mansion and retrieve all three before you lose your nine lives! The game is played from an overhead point of view where you see only your eyeballs as you explore the four floors of the maze-like mansion. To make your mission even more difficult, there are various creatures wandering throughout. Tarantulas, giant vampire bats, and one fast moving ghost will all cause you to lose a life if encountered too closely. As a defense against the creatures, a magical scepter can be found in the mansion which will make you immune to its inhabitants."
"Haunted House ( Sears Telegames )","","Region Not Set","","Sears, Roebuck and Co.","Sears Roebuck and Co.","1981-01-01","1","No","Action","E - Everyone","No overview is currently available for this title, please feel free to add one."
"Hell Driver","","NTSC","","ITT Family Games","ITT Family Games","1983-10-01","1","No","Racing","Not Rated","In Hell Driver, the player accelerates his car while dodging other vehicles on this great highway, but be careful as some cars may be moving very slowly, or worse, heading towards you."
"Hey! Stop!","","Region Not Set","","Suntek","Suntek","1983-01-01","1","No","Platform","","Hey! Stop! is a clone of the game Keystone Kapers, originally developed by Activision. The game is for the most part exactly the same except for a few color and sprite changes. In Hey! Stop!, you are not playing as a policeman, trying to chase down a thief but you instead play as a droid chasing down an alien (despite the fact that the box art displays a picture of the former)."
"Hili Ball","","Region Not Set","","Starsoft Development Laboratories","","1983-01-01","1","No","Action","Not Rated","No overview is currently available for this title, please feel free to add one."
"Hole Hunter","","NTSC","","Ariolasoft","Ariolasoft","1980-01-01","1","No","Action","Not Rated","Hole Hunter is a whack-a-mole-style game for the Atari 2600. You control a man with a hammer, who seems to be in the desert, and is surrounded by holes. Periodically the holes will light up and then some sort of rodent appears popping out of it and you need to smash him back down his burrow. If you don’t hit him in time then he will escape and run around the screen trying to bit you. Hitting a rodent gives you 100 points and if he touches you then you will lose points. You also have to be careful not to fall down a hole as you run around the screen, if you do then you will lose one of your 3 lives. You are given 20 minutes to get the highest score possible. When the times runs out or you lose all 3 lives it’s game over."
"HOLEY MOLEY","","Region Not Set","","","","1983-01-01","1","No","Action","Not Rated","Holey Moley is an unreleased prototype written by Bob Polaro. The game was originally programmed back in 1983, but was never commercially released due to ownership changes at Atari. This game requires the use of the Kid's Controller, although the keyboard and touch pad controllers work fine with it also.
A version of Holey Moley complete with a cartridge, manual, box and Kid's Controller overlay was sold at the 2002 Classic Gaming Expo. You can purchase a copy of Holey Moley by visiting Atari2600.com."
"Home Run","","Region Not Set","","Atari, Inc.","Atari","1978-06-01","1","No","Sports","Not Rated","The game can be played against the computer or with another player. You have the option to have 1, 2 or 3 players in the field. As a pitcher, you use the joystick to throw the ball and to control its speed and curve. After the ball is hit, your control all your men (they all move together since they follow the orders of a single joystick) in the field to catch the ball. As a batter, you can control the position of the baseball bat with the joystick. If you consider that your runners would make it to the next base, you can press the controller button so they stop at their current base.

The rest of the rules are basically like real baseball. Each team has nine innings in a game. You are out after three strikes, your get to first base after four balls (balls that do not fly over Home) or if the pitcher hits you with a ball. In the field, you can put out a batter by catching his ball, then another runner by reaching his next base before him or simply by touching him between bases, thus completing a double play. The only way to accomplish a home run is by hitting the ball over second base without having it caught by the field players. You score a point for each runner that reaches Home base after each of the first three."
"Hot Wave","","Region Not Set","","","","1983-01-01","1","No","Action","Not Rated","No overview is currently available for this title, please feel free to add one."
"Human Cannonball (Cannon Man)","","NTSC-U","United States of America","Atari, Inc.","Atari","1979-03-22","2","No","Action","E - Everyone","In Human Cannonball, your goal is to fire a man out of a cannon and have him land in a bucket of water. To do this you need to adjust your cannon so the position, angle, and firing speed are just right. You score a point for each successful landing, and the game ends after seven attempts. Several game variations are included which allow you to have the position, angle and speed all set by the player, or have one or more of these in a fixed position, or have one or more of these randomly set by the computer. If you wish to make the game more challenging, you can also set a moving wall in front of the bucket which will make your timing more critical."
"Hunchy II","","Region Not Set","","AtariAge","Chris Walton","2005-01-01","1","No","Platform","","Your task is to guide the hunchbacked Quasimodo in his quest to rescue the gypsy girl Esmeralda from the cathedral of Notre Dame. To succeed, you must collect all of the bells in each cathedral room. You must also avoid any incoming missiles and the fearsome cathedral guards. The First Hunchy game is featured in the 2005 MiniGame MultiCart."
"Hunt & Score","","Region Not Set","","Atari, Inc.","Atari","1980-05-01","2","No","Strategy | Education","Not Rated","Hunt & Score is similar to the game Memory. The player is presented with a numbered grid; behind each grid section is a picture. On each turn, the player chooses two grid sections in an attempt to find two matching pictures. Points are earned for finding matching pictures, and the player with the most points at the end wins. Several game options include a 16 or 30 square game grid, the ability to handicap one of the players, and the ability to enable or disable wild cards."
"I Project","","Region Not Set","","AtariAge","Simon Quernhorst","2008-01-01","1","No","Shooter","","Congratulations! Your mission was a success!

You, your helicopter and the other two helicopters of your squadron did very well and fought the enemy's army bravely. Your new objective sounds easy: escape the enemy territory and return to your home carrier.
Due to fuel shortage you have to take the shortest way which follows a river flowing through a long canyon heading directly to the sea. Unfortunately all your ammunition is depleted and so you have to avoid colliding with objects just by your flying skills! Good luck, pilots!"
"I Want My Mommy","","Region Not Set","","Zimag","KidStuff","1982-01-01","2","No","Platform","","Poor Teddy. He's had a bad dream and now he wants his mommy. How about giving him a hand? Steer him toward the magical stardust ladders. Help him avoid the nasty dream demons who try to block his path. (Mom's sending special kisses to help him out too.) Now if the little guy can just make it up a couple of big mountains, he'll get a big bear hug."
"I, Robot","","Region Not Set","","Atari, Inc.","Dave Theurer","1984-06-01","2","No","Action | Shooter","","Perhaps one of Atari's lesser known arcade games, I, Robot was ahead of its time. This is probably the first arcade game to use 3-D filled polygons, placing the player in a surreal universe of strange landscapes and sounds. You play the role of ""Unhappy Interface Robot #1984"" and must clear each level of the red tiled polygons. Unfortunately, the game didn't go over very well with gamers and was a failure in arcades."
"I.Q. 180 (Home Version)","","NTSC","","","","2017-04-01","1","No","Puzzle","Not Rated","IQ 180 is a Puzzle game, developed by Homevision, which was released in 1983."
"Ice Hockey","","Region Not Set","","Activision","Activision","1981-01-01","","No","Sports","","Ice Hockey is an ice hockey game for one player against the computer or two players. Each team consists of two players, one offensive and one defensive. At any given time one player is active and can be controlled while the other remains inactive; if the puck is near your goal then the defensive player becomes active, otherwise you control the offensive player. Each player has the ability to shoot the puck at a variety of angles, and can even body check their opponent! The game lasts for three minutes, and whoever scores more points by the end of that time wins. The game can be played at normal or high speed, and optionally one of the players can be handicapped to give an inexperienced player more of an advantage."
"Ice Hockey ( Blue Label )","","Region Not Set","","","","1970-01-01","2","No","Action","E - Everyone","No overview is currently available for this title, please feel free to add one."
"Ikari Warriors","","Region Not Set","","Data East Corporation","SNK","1989-01-01","","No","Shooter","","You are a member of those elite combat specialists, the Ikari Warriors. Your buddy and you are on a special mission behind enemy lines, and you've been sleeping, eating, and breathing jungle combat for the last two weeks. Your tired, but that never affect your razor-sharp judgement and your will to survive.

Your main weapons are machine guns, grenades, and your own cunning in the face of danger. Sometimes you'll have a tank at your disposal, which comes in handy when enemy fire is particularly brutal.

You move swiftly through the jungle, wading through rivers and resting from time to time with the ruins of bombed-out buildings. You're turning out of ammunition and grenades but you know the battle can't last forever. Sooner or later, one side is going to emerge victorious. Let's just hope it's yours!"
"Im Reich Der Spinne","","Region Not Set","","Starsoft Development Laboratories","","1983-01-01","1","No","Action","Not Rated","No overview is currently available for this title, please feel free to add one."
"Immies & Aggies","","Region Not Set","","Hozer Video Games","Hozer Video Games","1983-10-31","1","No","Action","","Immies & Aggies is an legal reproduction of a prototype game from 1983 that was later released by Hozer.."
"Inca Gold","","Region Not Set","","Zellers","Funvision","1982-01-01","2","No","Platform","","Rocks and small spiders will fall from the top of the screen and the man has to avoid being hit by them.  The play must press the Fire button to enable the man to jump over these objects."
"Incoming!","","Region Not Set","","Ben Larson","Ben Larson","2002-11-08","2","No","Shooter","","You must take control of a artillery gun and destroy the enemy tank."
"Indy 500","","Region Not Set","","Sears, Roebuck and Co.","Atari","1977-01-01","2","No","Racing","Not Rated","Indy 500 is a racing game played from a top down point of view. In the one player game, your goal is to complete as many laps as you can in 60 seconds. In the two player game, the first player to complete 25 laps wins! Included are several different race tracks, two difficulty levels, and additional game variations called ice race, tag, and crash 'n score. In ice race, the track is icy causing your car to slide often and making it difficulty to steer. In tag, one player is ""it"" and needs to tag the other player. For each second you race without being tagged, a point is earned. Lastly, in crash 'n score the goal is to crash into targets which appear on the race track. The first player to crash into the target earns a point, and then a new target will appear elsewhere on the track."
"Infiltrate","","Region Not Set","","Apollo, Inc.","Apollo, Inc.","1982-01-01","","No","Action","","You are a secret agent on a mission of crucial importance.  Your mission is to infiltrate a top secret fortress.  You must capture enemy documents and get out alive.  Your challenge: the diabolical maze of corridors and elevators designed to confuse you and keep you from the documents.  Your danger: enemy assassins programmed to shoot on sight.  Your weapon: a high-power laser gun as powerful as that of the enemy.  Your advantage: you're sharp enough to duck when they shoot.  It's a hectic chase.  Hop an elevator.  Survive enemy fire.  Fire back. Duck.  Infiltrate...if you dare!"
"Innerspace","","Region Not Set","","VentureVision","VentureVision","1983-01-01","1","No","Shooter","","The sequel to Rescue Terra I, you travel through planetary tunnels to destroy the computer system and return control to the Terra I colonists."
"International Soccer","","NTSC","United States of America","M Network","M Network","1983-01-01","2","No","Sports","Not Rated","This Game is 2-Player Only. In this version of soccer, each player controls 4 men, though only one at a time. The computer moves the other 3 for you. A computer-controlled goalie will help out when a goal attempt is made. Kick the ball around for 90 minutes, and try to score more than your opponent."
"INV","","Region Not Set","","Hozer Video Games","Erik Mooney, Piero Cavina","1998-01-01","2","Yes","Shooter","","Strange aliens from space are threatening the earth. Attempts to communicate have failed. These bizarre silicon-based lifeforms are oddly square and blocky in appearance, but their goal is clear: the conquer our planet."
"INV+","","Region Not Set","","AtariAge","Erik Mooney, Piero Cavina","2004-01-01","2","Yes","Shooter","","Strange aliens from space are threatening the earth. Attempts to communicate have failed. These bizarre silicon-based lifeforms are oddly square and blocky in appearance, but their goal is clear: the conquer our planet. This is the only version of Space Invaders for the 2600 to feature 11 invaders per row, matching the arcade game in this regard."
"IQ 180","IQ Memory Teaser","NTSC","","Gem International Corporation | 																Home Vision","Gem International Corporation | 																Home Vision","1983-01-01","2","No","Puzzle | Strategy","Not Rated","I.Q. Memory Teaser

During the game will appear on the screen of the squares with arrows pointing upwards and downwards.

In the squares with the arrows pointing down, there are the letters A to Z in boxes numbered from one to thirty and 4 symbols placed at random.

If the squares have the arrows on the insu are still the letters and symbols, but this time all randomly placed. You must try to remember the position of as many letters and symbols as possible."
"Ixion","","Region Not Set","","AtariAge","Sega","1983-10-01","2","No","Shooter","","tears across the floor of an arena, locked in combat with your opponents. But you can't just drive anywhere - there are gaping chasms in the floor, and more of the arena can fall away at any time! Worse still, you're outnumbered - two to one! Fortunately you have a special weapon at your disposal - the Kailo Sphere - which not only takes out enemies, but also rebuilds the arena floor, allowing you to span those deadly gaps.
During Combat Rounds, you must drive over glowing targets in order to spell out IXION high above the arena floor. If you survive long enough to do that, you enter a special Bonus Round where you must master the use of Kailo Spheres. Succeed, and you'll become a legend! Fail... and you'll be just another long-forgotten footnote in the epic saga of IXION.
IXION is a previously unreleased prototype (itself based on an obscure arcade game) finally seeing the light of day in cartridge form!"
"JAMES BOND 007","","Region Not Set","","Parker Brothers","Parker Brothers","1983-01-01","1","No","Platform","E - Everyone","James Bond 007 is a 1983 side-scrolling video game developed and published by Parker Brothers for the Atari 2600, Atari 5200, Atari 8-bit computers, Commodore 64, ColecoVision and distributed in Japan by Tsukuda Original for the Sega SG-1000. It is the first video game to be based on the James Bond film series.

Players control British spy James Bond in his multi-purpose vehicle that can travel both land and sea. Players can shoot lasers upward towards aerial opponents or bullets downwards at other enemies. They must also jump over obstacles and dodge enemy attacks.

There are four missions, each based on a Bond movie. The missions are: Diamonds Are Forever, Moonraker, For Your Eyes Only, and The Spy Who Loved Me. Before each mission begins, the game displays its name, lives remaining, the vehicle, and a message from M stating, ""Good luck, Mr. Bond."" Each mission has a specific goal, with various checkpoints throughout.

When a player's last life is lost, M bids James goodbye, and the final score is shown.

At the end of the game, the player also received a double-0 rating based on the difficulty of play (novice or agent), and how well the player did. If played at the novice difficulty, the maximum rating was 005, at agent difficulty, the maximum rating was 007."
"Jammed","","Region Not Set","","AtariAge","Dale Crum","2002-04-01","1","No","Life Simulation","","Jammed is based on the board game Rush Hour, created for the Atari 2600 by Thomas Jentzsch. In this version, you must steal the car of your dreams from a crowded parking lot, but you must first move all the cars that stand in your way! Jammed features 600 unique levels--can you solve each of them in the minimum number of moves?"
"Jawbreaker","","Region Not Set","","Tigervision","Sierra On-Line","1981-10-01","2","No","Platform","Not Rated","Jawbreaker is a video game programmed by John Harris and released in 1981 for the Atari 400/800 by On-line Systems.

Originally intended to be a fairly straight Pac-Man clone, Jawbreaker emerged as a relatively inventive version with unique gameplay. It was widely lauded by reviewers, and became a major seller for Sierra Online. The story of its creation forms a portion of Steven Levy's book, Hackers."
"Journey Escape","","Region Not Set","","Data Age, Inc.","Data Age","1982-05-02","","No","Action","","You're on the road with the rock band Journey! After each concert, your goal is to guide the five band members to the escape vehicle so they can get to the next concert on time. You start with $50,000 from the concert and need to guide one band member at a time; the screen scrolls vertically, and you need to get past the crowds and various obstacles before time runs out. Trying to slow you down are numerous fans, reporters, promoters, and photographers. Running into each of these will cause you to lose some of the money you start with, and also precious time! Stage barriers and fences will also cause you to lose time, but you won't lose any money if you hit one of these. To help you out, roadies and your manager are also in the crowds. They will give you temporary invulnerability allowing you to run straight through any obstacles. The game ends when a band member doesn't make it to the escape vehicle before the timer runs out. As the game advances, there will be bigger and bigger crowds to avoid, and they will be more aggressive about getting in your way!"
"Joust","","NTSC-U","United States of America","Atari, Inc.","General Computer Corporation","1983-10-28","2","Yes","Action","E - Everyone","Climb into a suit of armor and grab your lance - you're entering the medieval world of Joust! Fly your faithful ostrich steed into battle against the fearless Buzzard Riders. But, hold on tight - they'll knock you off your bird if they can!

Joust has all the features of the challenging arcade classic, including a 2-player game that lets you and a friend work as a team of joust each other on the aerial battlefield."
"Joust Pong","","Region Not Set","","","","2004-01-01","1","Yes","Action","Not Rated","No overview is currently available for this title, please feel free to add one."
"Jr. Pac-Man","","NTSC-U","United States of America","Atari, Inc.","General Computer Corporation","1986-10-01","2","No","Action","E - Everyone","The gameplay of Jr. Pac-Man is similar to that of its predecessors: The player controls the titular Jr. Pac-Man and scores points by eating all of the dots in the maze. Four ghosts roam the maze and attempt to capture him. The player can eat an energizer to turn the ghosts blue, making them vulnerable for a short time and allowing the player to eat them, sending their eyes back to their home base. When all the dots are cleared, a new maze is presented and gameplay resumes."
"Jungle Fever","","Region Not Set","","","","1982-01-01","1","Yes","Action","Not Rated","No overview is currently available for this title, please feel free to add one."
"Jungle Hunt","","NTSC-U","United States of America","Atari, Inc.","Atari","1983-07-01","2","No","Action | Platform","E - Everyone","Swing into action with one of the most popular arcade hits ever - JUNGLE HUNT! Realistic graphics place you deep in the jungle as you swing from vine to vine, fight off man-eating crocodiles. dodge bouncing boulders, and save your sweetie from the masked cannibals!"
"Juno First","","Region Not Set","","AtariAge","Chris Walton","2009-01-01","1","No","Shooter","","There is no one left. No attack fleet. No reinforcements. Just you and a handful of reserve ships. Enemy forces are threatening the Juno colony-Earth's last defense post. You must fend off wave after wave of enemy ships, skimming dangerously above the planet's force field. How long can you hold them off? You must persevere-whoever controls Earth, must take Juno first!"
"Jutland Skies","","Other","","","","2023-12-01","1","No","Action","Not Rated","After the reconnaissance clash before the Battle of Jutland, one aircraft suffered serious damage, preventing its return. In desperation, the pilot makes a courageous decision to head towards the island of Sylt, then under German control. On this island, the pilot plans to undertake a daring endeavor - to commandeer a German aircraft to continue the rescue mission. The island of Sylt becomes the setting for this brave adventure, where each moment brings challenges and uncertainty.."
"K.C.'s Crazy Nightmare!","","Region Not Set","","Tactical Neuronics","John A. Reder","2009-03-05","1","No","Action","","This is a tongue-in-cheek game about an old Favorite Magnavox Odyssey2 character who finds himself in an Atari 2600!.K.C.'s Crazy Nightmare! By: John A. Reder, 2009 - Story: K.C. has found himself trapped in a Atari 2600 system along with some enslaved O2 zombies! The Atari system maze is deadly, he cannot touch the maze walls, if he does his 02 code will mix with the 2600 code and destroy him!

Objective:
Increase your score! Gather Bullets (white dots) to shoot the O2 zombies for 10 points! Gather hidden vitamin tablets (red dash) to slightly protect you against O2 zombies for 1 point! O2 zombies and maze walls may kill you instantly if touched (you may be able to brush by them if you have some resistance given by a vitamin tablet but don't count on it every time)! O2 zombies take bullets out of your inventory when they reach a bullet before you do! They take a point out of your score if they reach a vitamin tablet before you do! You can only carry a maximum of 6 bullets at any one time! O2 zombies are sent back to the Graveyard (the center of the maze) whenever one is hit by a bullet, they will not hurt you when they are blue for a short time after they return to the Graveyard. Note the excessive use or exclamation points!!! After all, this is about an Odyssey 2 character!!! :)"
"K.O. Cruiser","","Region Not Set","","AtariAge","Devin Cook","2008-02-18","1","No","Fighting","","K.O. Cruiser is a boxing game that harkens back to the arcade classic Punch-Out!! You control the transparent outline of a boxer, throwing punches and dodging blows from your opponents. You win by either knocking them out or going the distance and getting the judges' decision. If you get knocked down, you have only seconds to get back up before you're counted out."
"Kabobber","","Region Not Set","","Activision","Activision","2000-01-03","1","No","Action","","Kabobber was originally a prototype game that was programmed by Rex Bradford, known for his work on Star Wars: The Empire Strikes Back and Star Wars: Jedi Arena. It was discovered in 2000 and improved upon a little before being released to the public in ROM format. Kabobbers are strange (but cute) little creatures who just love wreaking havoc. Your objective is to send in your Buvskies to krush the Kabobbers before they krush you. You can have up to nine Buvskies onscreen at one time, but you have reserves waiting offscreen should one get krushed. You move your Bruvskies across the grid, jumping on enemy Kabobbers in order to defeat them and earn additional reserve Bruvskies. The baby Bruvskies become big ones when they defeat an enemy. The enemies get tougher and tougher, meaning very good timing is required in the later stages. Above all, you must reach Princess Buvsky before she reaches the rainbow energy at the other end of the level and devours it. A very unique game, but also somewhat fun."
"Kaboom!","","NTSC-U","United States of America","Activision","Activision","1981-07-09","2","No","Action","E - Everyone","Kaboom! is a 1981 Atari 2600 video game developed and released by Activision in the USA on July 9, 1981.

In Kaboom!, a ""Mad Bomber"" is dropping bombs to watch them explode. The player starts with three buckets and must control water-filled buckets to capture the bombs to defuse them and gain points.

The game uses the paddle controller, moving the buckets of water left and right by moving the dial clockwise and counter-clockwise. The more bombs collected leads to the bombs being dropped faster. When the player misses a bomb, all other bombs on the screen explode and the player loses one of their buckets. If at least one bucket is missing, the player will receive a new bucket every 1,000 points.

Difficulty switches on the console make it so buckets are half as wide, making grabbing bombs more difficult. A two-player option is available where the players take turns controlling their buckets and have their own individual scores displayed."
"Kaboom! ( Blue Label )","","Region Not Set","","","","1970-01-01","1","No","Action","E - Everyone","No overview is currently available for this title, please feel free to add one."
"Kamikaze Saucers","","Region Not Set","","Hozer Video Games","Syncro","1983-01-29","1","No","Action","","Your ship can move left or right but it does not move in a smooth scrolling fashion. Rather, it moves into one of several preset positions. When your ships is in the center of the screen, it fires directly upwards. As it moves towards the left or right, the firing angle adjusts accordingly with the aim point being the top middle of the screen."
"Kampf Um Die Schatzinsel","Duck Shoot","PAL","Germany","Starsoft Development Laboratories","","1980-01-01","1","No","Action","Not Rated","No overview is currently available for this title, please feel free to add one."
"Kangaroo","","Region Not Set","","Atari, Inc.","Sun Electronics","1983-05-02","","No","Action","","Baby Roo has been kidnapped by monkeys, and it's up to Mama Roo to come to the rescue! Your kangaroo starts out at the bottom of the screen. You need to guide the kangaroo up the various ladders and platforms to the top where Baby Roo is being held captive. The monkeys will be trying to stop you by throwing or dropping apples and knocking you off the platforms. Your kangaroo has boxing gloves, however, and can knock out the monkeys with a single punch! Along the way various types of fruit can be collected to earn bonus points."
"Karate","","Region Not Set","","Froggo Games Corporation","Froggo Games Corporation","1983-01-01","2","No","Fighting","E - Everyone","If you think you're good, think again! Start as a white belt battling another white belt in a 2-minute match of wits, skill and force. As your opponent steps toward you, do you stand your ground or step back or move into him? You block some of his kicks and punches, but how much can you take? Time ticks away, so you move in to unleash your arsenal of kicks and punches, trying for that elusive knockdown! When you win, you advance one belt: from white to red... all the way up to black belt expert. But when you lose, your opponent gets even tougher in the next match. You have to be good... or you may take the beating of your life!"
"Karate (Ultravision)","","Region Not Set","","Ultravision","Ultravision","1983-01-01","2","No","Fighting","","One of the earlier non-boxing fighting games, Karate is a head-to-head sparring match between two tall, slow, boxy looking men. The guys punch and kick one another (straight or up), and blocking is included."
"Katastrophen- Einsatz","","Region Not Set","","","","1983-01-01","1","No","Action","Not Rated","No overview is currently available for this title, please feel free to add one."
"Keystone Kapers","","NTSC-U","United States of America","Activision","Activision","1983-04-26","1","No","Platform","E - Everyone","Flash! Harry Hooligan, notorious con-artist, thief and all around-not-a-nice-person, has escaped!! He is now at large and in the vicinity of Southwick‘s Emporium. At this moment, Hooligan is failing every attempt to end his felonious freedom.

On the scene is Keystone Kelly, the pride of the men in blue. Officer Kelly, what’s it like in there?”

Oh, ‘tis o cryin' shame! Shenanigans like yo wouldn‘t believe! Dastardly deeds that defy description! That rogue is hurlin' everything in reach! Shopping carts, biplanes, beachballs- everything but cathedral radios. LOOK OUT! It's a cathedral radiol! Gotta go! I mean to recover the loot and bust that brute!""

Will that double-dyed hoodlum keep Keystone in triple trouble, or will YOU help the greatest gumshoe going catch that no good galoot?? Grab your billyclubs and joysticks! lt's curtains now, Hooligan!"""
"Keystone Kapers ( Blue Label )","","Region Not Set","","","","1970-01-01","1","No","Action","E - Everyone","No overview is currently available for this title, please feel free to add one."
"Killer Satellites","","Region Not Set","","Starpath Corporation","Starpath Corporation","1983-01-01","","No","Action","","For decades, the weapons satellites have orbited Earth harmlessly. Now, for unknown reasons, they have dropped from the sky to obliterate mankind. You are a test pilot with an experimental craft that can stop the satellites. It is up to you to protect your home town.

You fly above your town's forcefield. Satellites will drop from the sky and show on the radar area at the screen top. You must fly to them and shoot them before they reach the town as they have the ability to penetrate the town's shields. Be aware of your fuel because if you run out of fuel, you lose a life. Also, be aware of the laser heat indicator just below the fuel gauge. If the laser gets too hot, it will not fire until it cools. The town's forcefield may not be able to stop the satellites, however, it will stop your craft so flying into it is detrimental to your health. In later levels, you must contend with meteors as well as satellites. You cannot shoot the meteors but they cannot penetrate the town's shields. You will be destroyed and lose a life, however, if you ram into one."
"King Arthur","","Region Not Set","","QuelleSoft","Quelle","1983-10-01","2","No","Action | Adventure | Platform","","This action-adventure platformer is the same game as Dragon Cross."
"King Kong","","Region Not Set","","Tigervision","Tigervision","1982-10-01","2","No","Platform","","Rescue the lady from King Kong's clutches atop the Empire State Building. You must climb to the top of the building while avoiding (jumping) the bombs King Kong is throwing at you. The quicker you save her, the greater the bonus."
"Klax","","Region Not Set","","Atari, Inc.","Atari","1990-12-01","1","No","Action | Puzzle | Strategy","","Klax features a conveyor belt at the top of the screen. It constantly rolls toward the playing area, delivering a steady supply of blocks. The player controls a small device which sits at the interface between the conveyor belt and the playing area, and can be moved left and right to catch the blocks and either deposit them in the playing area or push them back up the conveyor belt. The device can hold up to five blocks. A block which is not caught and placed in the playing area or pushed back up the belt is considered a drop. The blocks are solid colours, but there is also a flashing block which can be used as a wildcard on any colour."
"Kool-Aid Man","","Region Not Set","","Mattel Electronics","M Network","1983-01-01","1","No","Adventure","E - Everyone","Help Kool-Aid Man in a battle with the Thirsties!  Those insatiable Thirsties are stealing the water out of your swimming pool.  You want to catch em when they stop to dip their straws in the pool.  Also, help Kool-Aid Man gobble up Kool-Aid ingredients in order to keep the Thirsties from bouncing Kool-Aid Man around the backyard."
"Krull","","Region Not Set","","Atari, Inc.","Atari","1983-09-01","1","No","Action","Not Rated","Krull for the Atari 2600 tells the tale of Prince Colwyn and his quest to rescue fiancee Princess Lyssa from the dreaded Beast, a creature that kidnapped her on the day she was to marry. 

The game begins at the marriage ceremony of Prince Colwyn and Princess Lyssa. The Beast's Slayers interrupt the ceremony, however. Use your sword to fend them off as long as you can. If one of the creatures reaches the bottom of the screen, Princess Lyssa will be kidnapped and you must race off to save her.

Mount your horse and cross the Iron Desert in the side-scrolling portion of the game, where you can pick up five-sided throwing stars known as Glaives to fight the Beast. You can also pick up extra lives as well!"
"Kung Fu Combat","","NTSC","United States of America","Good Deal Games","Good Deal Games","2021-01-01","2","No","Fighting","Not Rated","No overview is currently available for this title, please feel free to add one."
"Kung Fu Superkicks","Pursuit of the Ninja","Region Not Set","","Telegames, Inc.","Telegames USA","1988-01-01","1","No","Action | Fighting","E10+ - Everyone 10+","Wieder eine Telegames Kopie des Spiels von Chuck Norris"
"Kung-Fu Master","Kung Fu Master | Kung Fu","Region Not Set","","Activision","Activision","1987-05-06","2","No","Fighting","E - Everyone","You are a master of the martial arts. Quietly confident that your skills will allow you to overcome any challenge. Even the greatest challenge of all - THE WIZARDS TEMPLE! Remote and heavily guarded, the temple is a fortress never before defeated. You must avoid demons, dragons, snakes and killer bees while doing battle with the wizard's armed henchmen on each of the five floors of the temple. Failure is out of the question - the wizard holds the princess captive, and only you stand between her and an uncertain fate!"
"Kwibble","","Region Not Set","","","","1983-01-01","1","Yes","Action","Not Rated","No overview is currently available for this title, please feel free to add one."
"Kyphus","","Region Not Set","","Apollo, Inc.","Tim Martin","1983-01-01","1","No","Action","Not Rated","No overview is currently available for this title, please feel free to add one."
"Labyrinth","","Region Not Set","","","","1982-01-01","1","No","Action","Not Rated","No overview is currently available for this title, please feel free to add one."
"Lady Bug","","Region Not Set","","AtariAge","Champ Games","2006-01-01","1","No","Strategy","","You're Invited to a Garden Party!

It's dinnertime and Lady Bug is ready to eat! Take a stroll through the garden and nibble on the rows and rows or pretty flowers. Be careful though - there are many dangerous insects that just love to eat ladybugs - and they're fast too! Block their way by swinging the gates closed, and stay away from the deadly poison. Oh - and don't forget to collect the bonus prizes to get the help of other ladybugs and a special invite to the Veggie Bounty Harvest!

Good Luck!"
"Lady Bug Arcade","","NTSC","United States of America","AtariAge","Champ Games","2021-01-01","2","No","Action","Not Rated","No overview is currently available for this title, please feel free to add one."
"Lady In Wading","","Region Not Set","","JHM | 																PlayAround","Martin, Joel H.","1982-05-01","","No","Life Simulation","","A studly prince is abducted and an Amazon takes the knight's place."
"Landungskommando","","Region Not Set","","QuelleSoft","Quelle","1983-04-20","1","No","Shooter","Not Rated","It's a tank shooter game for the Atari 2600."
"Laser Base","","Region Not Set","","ITT Family Games","","1981-03-01","1","No","Action | Shooter","E - Everyone","No overview is currently available for this title, please feel free to add one."
"Laser Blast","","Region Not Set","","Activision","Activision","1981-01-01","1","No","Shooter","","The object of Laser Blast is to destroy a series of land-based enemies. The player controls a fleet of flying saucers, operating one at a time. On the planet surface below are a group of three mobile laser bases, guarded by an invisible force field that prevents the player's saucer from getting too close to the surface. Both the player and the enemy bases are armed with laser blasters, which may fire a single continuous beam at a time. The player must destroy all three bases before they are able to target the saucer and fire their own laser blasts in defense. If the player's saucer is hit, it will lose altitude and crash to the ground; however, the player may direct this fall, potentially into one of the bases, destroying it as well. Each succeeding wave of enemy bases moves faster and targets the player's saucers more quickly, while the force field becomes stronger and decreases the amount of space in which the saucer can move.
Players score points for each base destroyed, with points multiplying each wave up to a maximum of 90 points per base. Players earn extra flying saucers with each 1000 points scored and may keep a maximum of six extra saucers in reserve.
Players who scored 100,000 points or more could submit photographic proof to Activision and be admitted to the Activision Federation of Laser Blasters."
"Laser Gates","","Region Not Set","","Imagic","Imagic","1983-01-01","","No","Shooter","","The thousand galaxies quake at the news: the Cryptic Computer, the galactic defense synthesizer which has maintained peace for the five centuries since the Wars on Zevon, has malfunctioned! Four Failsafe Detonators inside the Computer will now initiate universal self-destruct! The Governors of Enderby order the Dante Dart into action. Only it can spiral down through the nearly impenetrable defenses of the Computer in
order to reach and destroy the Detonators!"
"Laser Volley","","Region Not Set","","Zellers","Zellers","1983-01-01","","No","Action","E - Everyone","Laser Volley is a game released for the Atari 2600. It is a clone of Laser Gates."
"Lasercade","","Region Not Set","","Fox Interactive","Videa","1983-01-01","1","No","Shooter","","Clear all the targets at the back of the gallery within the given time limit. The game ends if you fail to do so. You start with 4 in round one and a new, smaller one is added for every 2 rounds you clear (up to 8)."
"Lead","","Region Not Set","","AtariAge","Simone Serra","2008-09-08","1","No","Shooter","","Lead is a fast paced Atari 2600 shooter that will keep you on your toes! There are four types of stages: ""Fire"", in which you must shoot enemies down. ""Dodge"" where you must dodge asteroids plummeting towards you. ""Scramble"" where you must avoid sentinels. And ""Catch"" stages where you must catch satellites. There are Smart Bombs and Power-ups you can capture to help you in your goal to stay alive!

Lead also features two variations: Lead 1K, which is a simpler 1K version of the game (only one stage type), and Lead 4K, which features two stage types."
"Lilly Adventure","","Region Not Set","","Homevision","Home Vision","1983-10-01","1","No","Platform","","A 1983 platform game from Home Vision."
"Little Bear","Der Kleine Baer","Region Not Set","","Starsoft Development Laboratories","","1980-01-01","1","No","Action","Not Rated","No overview is currently available for this title, please feel free to add one."
"LOCHJAW","LochJaw","Region Not Set","","","Apollo, Inc.","1981-05-01","","No","","","This game was later released as Shark Attack. The name was changed due to a lawsuit over the name’s similarity to the movie “Jaws”. There are some subtle differences between this and Shark Attack."
"Lock 'n' Chase","","Region Not Set","","M Network","M Network","1982-01-01","2","No","Action","Not Rated","The object of the game is to keep your thief one jump ahead of the police...and pick up as many gold bars as you can!!!  The police are trailing close behind.  You'll need fancy footwork to dodge 'em. Don't get cornered.  Slam a door to block their way.  Keep running!"
"Lode Runner","","NTSC","United States of America","AtariAge","Tozai","2022-01-01","1","No","Action | Puzzle","Not Rated","No overview is currently available for this title, please feel free to add one."
"London Blitz","","Region Not Set","","","Avalon Hill","1983-05-04","1","No","Action","Not Rated","During World War II, German bombs turned daily existence in London into a nightmare. Hoping to undermine the strong spirit of the British, every night the Germans dropped bombs on the citizens of London. Mast bombs exploded on impact, but some would sit minutes, hours, or days before detonating. It was up to the British Army Royal Engineers to find and defuse these unexploded bombs (UXBs). There were many types of UXBs and the engineers had to learn each. The bombs did have some things in common: they required sharp thinking, delicate treatment, and split-second timing. in LONDON BLITZ you are assigned to the Royal Engineers and are tasked to keep your sector of London free of bombs. There are several types of bombs, each requiring special skills which you had better learn. Excellent performance will be rewarded by promotions, but damaged property may get you 'busted.' There are three ways for you to get out of this nasty business:

Be removed from the service for incompetence [busted below Lance Corporal].
Receive a posthumously awarded Victoria Cross, or
Be promoted to the rank of Captain where you can turn your attention to administrative details."
"Looping","","NTSC","United States of America","Coleco","Venture Line, Inc.","1983-04-01","1","No","Flight Simulator","Not Rated","In Looping, a single player flies his/her airplane into Adventure-Land, battling hot air balloons, rockets, and other high-flying objects in the quest to reach “The End.” An acceleration button, fire button, and a 2-dimensional (up-down) joystick are all you have as you fly your plane over cities, through pipes, and eventually into “The End” itself. Death-defying looping maneuvers can be executed with ease as you attempt to destroy strange flying obstacles and ground targets."
"Lord of the Rings: Fellowship of the Ring","","Region Not Set","","AtariAge","One of the Bruces","2002-01-01","1","No","Adventure","","In this game, you play the role of Frodo Baggins, hobbit and inadvertent Ringbearer. Your mission is explained in the introductory screens of the game: you must take the Ring to the Inn of the Prancing Pony in Bree, where you will meet the wizard Gandalf and deliver the Ring into his care."
"Lord of the Rings: Journey to Rivendell","","Region Not Set","","Parker Brothers","Parker Brothers","1983-01-01","1","No","Platform","","Lord of the Rings: Journey to Rivendell has been the subject of speculation for many years by Atari collectors. Now one of the most sought-after Atari 2600 prototypes is finally available. What's the story, you ask?
Way back in 1983 Parker Brothers featured this game in one of their catalogs. Video game and Tolkien fans alike were excited by this announcement, but the wait would be in vain. Lord of the Rings was never released, and Parker Brothers reportedly informed people that called and asked for the game that it was sold out in an attempt to cover up for the fact that it was never published."
"Lost Luggage","","Region Not Set","","Apollo, Inc.","Apollo, Inc.","1982-01-01","2","No","Action","","Your flight has just landed, and you try to retrieve your luggage from the automatic carousel. Suddenly it runs amok, throwing suitcases into the air. You must try to catch the luggage before it hits the ground where it will burst open, spilling your unmentionables. Come fly with us... if you dare."
"M.A.D.","","Region Not Set","","U.S. Games","U.S. Games","1983-01-01","2","No","Action","Not Rated","M.A.D. (which stands for Missile Attack and Defense) is an arcade action game somewhat similar to Missile Command. You control a photon cannon at the bottom of the screen, and your goal is to protect six energy stations located to your left and right. Waves of rockets and other ships will fly by on the screen, and occasionally one will drop in an attempt to destroy one of the stations (as a warning on most levels, the enemy will turn white just before it drops). You need to make sure you shoot it before your energy station is destroyed! When all six energy stations are gone, the game is over. A two player variation is also included; one player will control the photon cannon, and the second player controls a cursor and can select when and where an enemy will drop. The players alternate between offense and defense in this version."
"M.A.S.H","","Region Not Set","","Fox Interactive","Fox","1983-01-01","","No","Shooter","","M.A.S.H. is loosely based off of the hit TV show of the same name. It is actually two separate games that can be played four different ways. In each game you play Hawkeye and play against Trapper who is either player 2 or the computer. The object of either game is to get 1,000 points first.

The first game is a Choplifter style game where you must maneuver your helicopter through the jungles of Korea picking up the wounded until your chopper is full and then return them safely to base. You will have to compete with Trapper in collecting the limited number of wounded while navigating through the trees and past tanks who are trying to shoot your copter down.

In the second game you're in the operating room and must remove the bullets from your fallen comrades without further injuring him, much like the board game Operation.

Style one is Welcome to Korea which features both styles of game switching back and forth. Style two is Operating Room which is just the Operation challenge. Style three is Chopper Challenge is just the Choplifter style game. Style four is Heavy Flak which is just like style three but with many more injured to rescue and more tanks to avoid."
"M*A*S*H","MASH | M.A.S.H","Region Not Set","","20th Century Fox","20th Century Fox","1982-01-01","2","No","Action","Not Rated","You are Hawkeye Pierce, Chief Medical Surgeon of the 4077th MASH.  Your responsibilities include rescuing injured men from the battlefield, performing surgery in the operating room, or, in an alternative game, picking up Colonel Potter's skydiving medics.  

You pilot your chopper low through the trees, avoiding shells fired at you from a North Korean tank. After picking up the medics or wounded and rushing them back to the hospital, the pressure really starts to get heavy.  Time is running out for the injured men and you must operate.  You have to work fast. You are competing with your fellow surgeons, either B.J. Hunnicut, Trapper John McIntyre or Frank Burns."
"Mafia","","Region Not Set","","Taiwan - Cooper Black","","1982-01-01","2","No","Shooter","Not Rated","No overview is currently available for this title, please feel free to add one."
"MagiCard","","Region Not Set","","CommaVid, Inc.","CommaVid, Inc.","1982-01-01","","No","","","This is not a game, but a programming tool for the Atari 2600. It was probably only available via mail order, and the label is a simple white paper with some typed text that says MagiCard and either CommaVid or ""Computer Magic"", which was CommaVid’s original name. The cartridge also came with a 100+ page manual, and no box.
The MagiCard manual includes five sample programs you can type in to demonstrate how the MagiCard works."
"Malagai","","Region Not Set","","Answer Software","Answer Software","1983-08-15","1","No","Action","","Help Commander Harrington Crag of the starship ""Endless Search"" escape the hot pursuit of the MALAGAI. A game that offers different playing speeds and strategy levels that is sure to challenge your mind and skills. Get ready to enjoy the action!"
"Mangia'","","Region Not Set","","Spectravision","Spectravision","1983-06-22","1","No","Action","","Your mother has been cooking all day preparing your favorite pasta dish, but then nothing is too good for her favorite! Now, it's only fair that you put a smile on her face, a gleam in her eyes, and a glow in her heart. How? How else! Eat! Eat! - Mangia! Mangia! Come on, it's good for you!"
"Mappy","","Region Not Set","","AtariAge","Champ Games","2019-11-16","1","No","Action","E - Everyone","“Cat burglars” are nothing new, but these burglars are actual cats! Having perpetrated a rash of thefts, they’ve stashed their loot in a series of abandoned mansions. You’re Mappy – the city's finest police officer – and you've been chosen to crack the case! Unfortunately, you’re also a mouse... and you’re outnumbered. This is not going to be easy!

Your mission is to infiltrate the cat burglars’ lairs and retrieve the stolen loot. You won’t be able to apprehend the cats, but you can stun them by slamming doors on them and turning their own booby-traps against them. But don’t let them catch you – if even one of those cats gets their paws on you, you’ll be cat chow!"
"Marauder","","Region Not Set","","Tigervision","Tigervision","1982-04-05","1","No","Action","","Alien robots have invaded! You must make your way to safety and recapture the cosmic treasure. Maneuver your way through six different mazes. Watch out for the alien robots hidden throughout the mazes. Shoot them or they will shoot you. Time is against you. The ultimate experience in alien invasion on Tigervision."
"Marble Craze","","NTSC","","AtariAge","Paul Slocum","2002-01-01","2","Yes","Board","Not Rated","A side by side split-screen one or two player game where you roll a marble along a path across multiple screens to a finish line. The game uses paddle controllers, and it is the first game where each player uses two paddles to control the marble: one is used to control the vertical movement and the other is used for the horizontal. 

The goal is to navigate through each level within the time limit and in later levels, without falling off the edges. There are bonuses, hidden areas, ramps and a lot of other stuff to keep it interesting. It's got 18 levels that go from very easy to insanely hard, and several in-game songs that push the Atari 2600's sound chip to its limits."
"Marine Wars","","Region Not Set","","Konami","Konami","1983-05-04","","No","Shooter","","The game has four scenes: fighting ships at day, fighting ships by night, fighting planes and ships by day, fighting planes and ships by night. You move left or right and press the button to fire. In the night scenes, you cannot see the ships or planes in the distance unless something explodes."
"Marineflieger","","Region Not Set","","","","1983-01-01","1","Yes","Action","Not Rated","No overview is currently available for this title, please feel free to add one."
"Mario Bros.","","Region Not Set","","Atari, Inc.","Atari","1983-07-06","2","No","Platform","","Mario the carpenter and his brother Luigi are hopping mad!  The water pipes in their house are blocked with nests of crawling creatures.  If the two brothers can't get rid of them they'll never take a bath again!

Your task is to help Mario and Luigi knock the pipe pests off floors and into a puddle of water below.  Each time a pest is knocked off, you earn points; when all the pests are knocked off, the next round begins.  You start the game with five lives, and earn additional lives every 20,000 points."
"Master Builder","","Region Not Set","","Spectravision","Spectravision","1983-01-01","","No","Action","","WANTED: A master builder to create structures per blueprints for Spectraville. To apply, insert cartridge into Atari 2600 and power on machine.

You are shown what you are to build for 5 seconds. To get the bricks, go to either side of the screen and press in that direction. To lay a brick, press fire then down. When Spectradog comes on the screen, you must jump over him by pushing the joystick to the upper right or upper left or he will make you lose one life. As the building gets higher, the kid will steal the ladder. When the brat appears on the screen, you must get off the ladder or you will fall and lose one life. When the building gets to be several stories high, you must be leery of staying on the very top as lightning may strike and lose you a life. When you lose a life, you drop any bricks you were carrying.

Once the building is complete, you go all the way up the ladder and push up to call the helicopter to take you to the next site. If the building is not correct, the helicopter will pick you up but then drop you near the edge of the screen, losing you a life. There are game selections for unlimited time but limited bricks and unlimited bricks but limited time."
"Masters of the Universe: The Power of He-Man","","Region Not Set","","Mattel Electronics","M Network","1983-05-05","1","No","Adventure","E - Everyone","Guide HE-MAN through the dangers of ETERNIA, It's 28 long and torturous miles from the workshop of MAN-AT-ARMS' to CASTLE GRAYSKULL. The EVIL WARRIORS' are waiting for you along the way with ENERGY BOLTS and WARP TRAKKERS. If you make it to CASTLE GRAYSKULL, SKELETOR himself is ready to stop you with ROLLING WALLS and LASER BLASTS. Defeat them all BY THE POWER OF GRAYSKULL."
"Math","","Region Not Set","","Sears, Roebuck and Co.","Atari","1977-01-01","1","No","Action","Not Rated","No overview is currently available for this title, please feel free to add one."
"Math Gran Prix","","Region Not Set","","Atari, Inc.","Atari","1982-05-06","","No","Puzzle","","Get ready for a math race. Your fuel, correctly answer math questions. Your car, a carefully tuned racing car that can move 2 to 3 spaces depending on how hard the math problem is. The track contains many triggers that can give extra spaces, extra turns, and even keep your car on the track. There are areas in the track where a car coming from behind can knock you off, to get back answer a math problem correctly. In the end, the one with the most math skills and greatest planning effort will win the checkered flag."
"Math Gran Prix ( Sears Telegames )","","Region Not Set","","Sears, Roebuck and Co.","Sears Roebuck and Co.","1982-01-01","2","No","Action","E - Everyone","No overview is currently available for this title, please feel free to add one."
"Maze","","Region Not Set","","Sears, Roebuck and Co.","Atari","1978-07-01","2","No","Racing","Not Rated","No overview is currently available for this title, please feel free to add one."
"Maze Craze: A Game of Cops and Robbers","A Game of Cops and Robbers | Maze Mania","Region Not Set","","Atari, Inc.","Atari","1980-09-01","2","No","Puzzle","Not Rated","In Maze Craze, your goal is to be the first of two players to make it out of a maze! Each player controls a cop that starts on the left, and the first player to make it out the exit on the right wins. The game also includes of variety of options. The maze can be completely visible, completely invisible, or have just a few parts invisible. With invisible mazes you can optionally have the computer provide a sneak peak at the complete maze periodically. To make your task more challenging, one to five robbers may also be placed in the maze. If you are caught by one of the robbers, you will momentarily be stunned giving your opponent an advantage. You can also give your cop the ability to set up a blockade to confuse your opponent. This will look like a regular wall, however you can walk straight through it. The games speed can also be adjusted, from calculatingly slow to extremely fast."
"Maze Mania","","Region Not Set","","Sears, Roebuck and Co.","Sears Roebuck and Co.","1978-01-01","2","No","Action","Not Rated","No overview is currently available for this title, please feel free to add one."
"McDonald's","Big Mac | Golden Arches Adventure","Region Not Set","","Parker Brothers","Dave Engman","1983-04-01","","No","Life Simulation","","From the home of the Gold Arches to your video screen comes two exciting video games! There's one especially designed for youngsters featuring those fun-loving McDonaldland characters. And for kids of all ages -- a fast-action game of skill, served up the McDonald's way"
"Mean Santa","","NTSC","United States of America","Hozer Video Games","Hozer Video Games","2009-01-01","1","No","Action | Unofficial","Not Rated","No overview is currently available for this title, please feel free to add one."
"Medieval Mayhem","","Region Not Set","","Self-Published","Darrell Spice Jr.","2006-01-01","4","No","","","Fans of the popular four-player Atari 2600 game Warlords (itself based on an arcade game of the same name) will be happy to learn that 2600 enthusiast Darrell Spice Jr. has created a new 2600 homebrew titled Medieval Mayhem, an updated take on Warlords. While the original version from Atari is still a blast to play, Medieval Mayhem adds arcade features such as the launch dragon, multiple fireballs and a level of polish missing from the original 2600 release. It also includes a menu to select options before starting the game. Medieval Mayhem is a frenetic multi-player game that you can enjoy against your friends (up to four people may play) or against the computer AI!"
"Mega Force","Meagnon Forcy | Moto Laser","NTSC","","Fox Interactive","Fox Video Games, Inc.","1982-05-01","1","No","Action | Shooter","E - Everyone","You are a member of MegaForce and have been sent to the city of Sardoun. Sardoun is under attack and you must defend it. You are armed with the Moto-Fighter, a sort of armed motorcycle with flight ability.

When you are on the ground, your missiles fire down and forward, at an angle. When you are in the air, your missiles fire straight ahead.

The object is to destroy enemy fighters, destroy or avoid ground-launched rockets, destroy fuel depots and destroy the enemy headquarters. Any enemy fighters that get past you will head to Sardoun and bomb a building. You will see a red flash at the top of the screen with the words ""Defend"" when Sardoun is in trouble.

Every second you are playing, you use one gallon on fuel. If you run out of fuel, you lose a life. You can shoot fuel tanks to replenish. If you destroy all the tanks of that depot, a prize will appear that you can shoot (but may not want to). See ""Prizes"" for details. Each tank destroyed is worth eighty points and ten gallons of fuel."
"Mega Man Demo","","NTSC-U","United States of America","AtariAge","?","2007-01-01","1","No","Action | Platform | Unofficial","Not Rated","Here's the binary mega man demo from the iam8bit 2007 show. It was done on a tight deadline and uses modified batari basic, there's quite a bit of straight assembly code and it runs on a Super Chip because I needed the extra ram. And it's a 32K bankswitched cart because of all of the art."
"MegaBoy (Dynacom)","","Region Not Set","","Dynacom","Dynacom","1980-01-01","1","No","Puzzle | Strategy","","Educational game made in Brazil.  

Has the following menu choices:
Mathmatics (Matematica)
 - Beginner (Iniciante)
 - Advanced (Avancado)
 - Master (Mestre)
English (Ingles)
 - Name (Nomear)
 - Translate the word (Traduzir)
 - Complete the sentence (Completar)
 - Go back (Voltar)
Games (Jogos)
Music (Musica)
?? (Demo)"
"Megamania","","Region Not Set","","Activision","Activision","1982-09-01","2","No","Shooter","","In Megamania, the gameplay resembles that of Space Invaders. Rather than being aliens or spaceships, however, the enemies in this game are various objects such as hamburgers, bow ties, and steam irons. The object is to shoot them down before the energy bar at the bottom of screen is depleted, all while avoiding the oncoming enemies and their own projectiles attacks. Each of the enemies fly in select patterns and as soon as they hit the bottom of the screen, they re-appear at the top until shot by the player. The player's spacecraft depicted in the game is a cross between the U.S.S. Enterprise and Klingon battlecruiser from the Star Trek universe.
Gameplay-wise and in terms of graphics, MegaMania bears a very strong resemblance to Sega's 1981 arcade title ""Astro Blaster"". Both games feature nearly identical patterns of approaching enemies with the player relying on an ""Energy"" meter. Also, the player's ship bears a remarkable similarity in both games.

When Megamania was originally sold, anyone who scored above 45,000 points could send Activision a picture of their screen and become an official Megamaniac. They also would receive an Official Megamaniac emblem.[2]
If a player exceeds a score of 999,999 the game ends."
"Megamania ( Blue Label )","","Region Not Set","","","","1970-01-01","1","No","Action","E - Everyone","No overview is currently available for this title, please feel free to add one."
"Meltdown","Atom Smasher","Region Not Set","","2600 Connection","Roger Hector & Lee ACtor","2007-04-01","1","No","Action","","Shown at the 1983 Winter CES, and listed for release in April 1983 under what was then a working title. Also mentioned in the April 83 issue of Creative Computing magazine. The game was later discovered at CGE2K4 and released by Digital Press right after the show! According to fellow Videa designers Lee Actor and Roger Hector, the game was completed under the name Atom Smasher. After deciding not to produce it, they sold it to 20th Century Fox, who renamed it Meltdown...who also chose not to release it. When the rights reverted back to Videa, they sold it to Atari, who... (surprise, surprise) never released it, and once more the rights reverted back. Historian Leonard Herman notes Cumma Technology used Meltdown (under the name Atom Smasher) with their MetaWriter display at the same show!

Watching the screen that monitors the reactor core, you notice something odd. 
An atom is beginning to throb. Uh oh, this means trouble! 
Closer inspection reveals a deadly Quark racing through the core, agitating the atoms.
It has to be stopped before it causes a chain reaction of exploding energy! 
You must line up the Stabilizing Emitter and fir cadmium rods at the hot spots. 
Hurry, the action is really heating up in there. The Geiger Counter is clicking at a frantic pace.
Already, the monitor is lit up with furious, pulsing action. 
This is your challenge – You must meet it or MELTDOWN!"
"Memory Match","","Region Not Set","","Sears, Roebuck and Co.","Atari","1980-05-01","2","No","Education","Not Rated","No overview is currently available for this title, please feel free to add one."
"Mental Kombat","","Region Not Set","","AtariAge","Simon Quernhorst","2002-01-01","2","No","Puzzle","","Each player has their own color.
You have to connect tiles of your color vertically or horizontally.
You can move every tile of every color, this means that you could connect a row of tiles of your opponent's color if you don't move carefully enough.
To prevent deadlock situations you can't undo the last move.
If you complete a row of your stones your opponent will lose energy.
If one player runs out of energy the battle is over."
"Merlin's Walls","","Region Not Set","","AtariAge","Ebivision","1999-01-01","1","No","Action","","After the last bad thing you did, the world around you disappeared, leaving you in a six foot square room with no roof, opening on a dark, black, empty sky. Suddenly, yo hear a voice from above... ""I am Merlin, and have to help you in your life, so lost you are. It seems that you've been bad. Why? Because of your lack of intelligence. You make mistakes that make you unhappy and hate grows in you. I decided that can't go on like this any longer. First, in order to cure your illness, you must resolve simple problems to improve your intelligence.  The harder the problem is, the smarter you will get. After the last test, you'll be free to go back to your life."" Then, a sheet of paper fell down from the dark and Merlin said ""Here's to help you on your way of becoming a better man."" The wall facing you vanishes, opening the way to your redemption."
"Meteor Defence","","Region Not Set","","","","1983-01-01","1","Yes","Action","Not Rated","No overview is currently available for this title, please feel free to add one."
"Meteoroids","Suicide Mission","Region Not Set","","Arcadia Corporation","Arcadia Corporation","1982-01-01","2","No","Shooter","","This is the prototype version of Suicide Mission."
"Midnight Magic","","Region Not Set","","Atari, Inc.","Atari","1984-01-01","1","No","Action","","Midnight Magic utilized the Atari 2600 joystick for performing simulated pinball functions, such as activating the flippers and shooting the ball. Moving the joystick controller down pulls the pinball machine plunger back while pressing the joystick button shoots the ball into the playfield. The left and right flippers are activated by moving the joystick controller left or right. Hitting all five drop targets at the top of the table increases the bonus multiplier (2x, 3x, and so on). Extra balls can be earned when hitting the rollover targets at the top left and right corners of the table when the bonus multiplier is activated."
"Millipede","","NTSC-U","United States of America","Atari, Inc.","Atari","1984-04-01","1","No","Action | Shooter","E - Everyone","The gameplay of Millipede is similar to Centipede but differs mostly in enemies:

Earwig: same as the scorpion in Centipede, making mushrooms poisonous so that the millipede will charge straight to the bottom of the screen after touching them.

Bee: same as the flea in Centipede, dropping mushrooms in a vertical line and requiring two shots to kill.

Spider: same behavior as in Centipede, bouncing irregularly across the lower portion of the screen. Multiple spiders can appear at the same time on higher levels.

Inchworm: when hit, slows all enemies for a short period of time.

Beetle: crawls around the player area for a while, then climbs up and leaves the screen, turning any mushrooms it touches into indestructible flowers. When hit, everything on the screen scrolls down one row.

Dragonfly: drops mushrooms while zigzagging down, and can be destroyed with a single shot.

Mosquito: bounces off the sides of the screen as it descends. When hit, everything on the screen scrolls up one row.

DDT bomb (stationary): can be blown up with one shot, destroying all enemies and mushrooms within the blast radius. Whenever the mushrooms scroll down, a new bomb is added at the top of the screen. Up to four bombs can be in play at one time.

All flowers and poisoned/partially destroyed mushrooms revert to normal, whole mushrooms when the player loses a life."
"Millipede (GCC Version)","","NTSC-U","United States of America","Atari, Inc.","General Computer Corporation","1984-04-01","1","No","Action | Shooter","E - Everyone","No overview is currently available for this title, please feel free to add one."
"Mind Maze","","Region Not Set","","Atari, Inc.","Atari","1984-10-01","1","No","Strategy","","A game based on ESP?  Yes you heard me right, Mind Maze is the first (and only) Atari game to be based on the unproven (yet still popular) theory of ESP (Extra Sensory Perception).  It appears Atari was attempting to develop a sort of ""Mind Reading"" game for its new Mindlink controller.

Mind Maze is played somewhat like those old mind reading experiments where a scientist would hold up a card and ask a person to tell him what was on the other side.  Depending on the game selected, two to four cards appear on the screen each round.  The player then must try and guess the ""correct"" card by highlighting it (using the joystick) and pressing the fire button.  Unfortunately this is where the game begins to fall apart.  As you've probably guessed the theory of ESP is pretty far fetched, and the odds that the player can continually guess the correct card is slim.  So the player must simply sit there and randomly select cards until he by chance selects the correct one.  Predictably, this gets boring very fast..."
"Mine Sweeper","","Region Not Set","","HomeBrew Software","Soren Gust","1989-01-01","1","No","Puzzle","Not Rated","Have you ever wanted to play the Windows time waster on your old Atari 2600? Well now you can!"
"Miner 2049er","","Region Not Set","","Tigervision","Tigervision","1983-11-14","1","No","Platform","","""Bounty Bob"" is mining a radioactive mine in the year 2049. Help him ""claim"" all of the various stations (multiple screens). Avoid contact with the deadly mutant organisms by running away, or hopping over them. Collect various articles left by previous miners for bonus points."
"Miner 2049er Volume II","","Region Not Set","","Tigervision","Tigervision","1983-06-01","1","No","Platform","","""Bounty Bob"" continues his mining adventure in the year 2049 with three all new screens. Help him claim all of the various mine stations. The three new mine screens will greatly challenge your gaming abilities."
"Mines of Minos","","Region Not Set","","CommaVid, Inc.","CommaVid, Inc.","1982-07-01","1","No","Action","","Something terrible has happened in the maze-like Mines of Minos. The smoothly running robot operation has been interrupted by an invasion of monstrous alien life forms! Aliens stalk the corridors of the mine; only a single robot survives to battle them. Desperately he struggles to find and assemble pieces of his fellow robots scattered around the mine while avoiding the pursuing aliens. If he can assemble a large enough robot army, he can battle the aliens to fight his way down to deeper levels of the mine and even destroy the alien command center at the lowest level. But if the aliens catch him he is doomed and his only weapon against them is his stock of time bombs."
"Mini Game Collection","","Region Not Set","","Rick Skrbina","Rick Skrbina","2010-01-01","1","No","Adventure | Puzzle","Not Rated","Mini Game Collection is a Collection of 3 Mini-Games written by Rick Skrbina: Adventure 1K, Assembly Line & Snake.

Adventure 1K - Plays like the original Adventure, but sized down a bit to compete in the 2010 Mini Game Compo 1K category. You must recover the sacred chalice while avoiding dragons.

Assembly Line - In order to fill your quota, you must key in the proper codes to do your part on the assembly line. If you fail to do so, you'll get fired!

Snake - The classic growing snake game. Eat as many fruits as possible."
"Miniature Golf","","Region Not Set","","Atari, Inc.","Atari","1979-05-03","2","No","Sports","Not Rated","Prepare yourself for a spirited game of Miniature Golf ... without ever leaving your house. Test your skills of perception and timing in this electronic version of the pastoral sport. Miniature Golf even has moving obstacles, just like the real thing. Play against a friend or try to beat your lowest stroke count on your own.

There are nine holes to be played in Miniature Golf. Each time you hit the ball, one stroke is added to your score. You may take as many strokes as you need to hit the ball into the cup, but try to aim for par, which represents the number to strokes you are ideally supposed to take to complete the hole."
"Miss It!","","NTSC","United States of America","Good Deal Games","","2009-06-23","1","No","Action","E - Everyone","Miss It is a homebrew Atari 2600 game developed by Alan W. Smith and initially released online in 2009. 

The game went on to receive a limited cartridge release through Good Deal Games in 2011. 

In Miss It, the player must move a black square to avoid touching colorful squares that bounce around the screen, the number of which increases over time. 

The longer the player manages to avoid contact, the higher the score they achieve. 

The left difficulty switch can toggle the functionality of the score counter, either to go up 1 point every second, or to only increase when the the player is moving."
"Miss Piggy's Wedding","","Region Not Set","","Atari, Inc.","Atari","1983-12-25","1","No","Platform","E - Everyone","Miss Piggy's Wedding was a two-player game created in 1983 for the Atari 2600 console. The game was advertised in Atari catalogs, but never made it to final release, due to Atari's cancellation of their Children's series. A prototype of the game was discovered in the late '90s by a private collector.

The object of the game was for one player to maneuver Kermit through the church and outside to a waiting taxi, without getting caught by Miss Piggy (controlled by the second player), who insisted that they be married.

The obstacles to Kermit were the wedding guests (represented by blocks in the picture), who try to impede his progress through the maze. He also must touch a key in order to open the doors and escape, although if Miss Piggy touches the key, the doors close again.

The most complete version currently known for this game was never finished, so the consequences of Kermit escaping or being caught by Miss Piggy are unknown. Additionally, Gonzo appears at the top of the screen as the minister, yet he has no purpose in the game prototype."
"Missile Command","","NTSC-U","United States of America","Atari, Inc.","Atari","1981-04-29","2","No","Action | Shooter","E - Everyone","Missile Command is a 1981 Atari 2600 video game developed and released by Atari in the USA on April 29, 1981.

The game is played by moving a crosshair across the sky background  and launch a counter-missile from the appropriate battery. Counter-missiles explode upon reaching the crosshair, leaving a fireball that persists for several seconds and destroys any enemy missiles that enter it. There are three batteries, each with ten missiles; a missile battery becomes useless when all its missiles are fired, or if the battery is destroyed by enemy fire. The missiles of the central battery fly to their targets at much greater speed; only these missiles can effectively kill a smart bomb at a distance."
"Missile Command - 50th Anniversary Limited Edition","","NTSC","United States of America","Atari, Inc.","Dave Theurer","2022-08-01","1","No","Action","Not Rated","This Limited Edition includes:

- Premium 50th Anniversary game box with a cutout that allows you to see the front of the cartridge

- A newly manufactured Atari 2600 cartridge with custom artwork and an acrylic top that lights up when being played

- Full-color instruction manual 

- Hard enamel collectible pin with black nickel plating

- Polyester blend, twill-woven embroidered collectible patch

- Custom acrylic cartridge stand"
"Missile Command ( Sears Telegames )","","Region Not Set","","Sears, Roebuck and Co.","Sears Roebuck and Co.","1981-01-01","2","No","Action","E - Everyone","No overview is currently available for this title, please feel free to add one."
"Missile Control","","Region Not Set","","Video Gems","Thomas Jentzsch","1983-01-01","1","No","Shooter","E - Everyone","Aliens from the planet of Krytol have begun an attack on the
planet Zardon. The Krytolians are warriors out to destroy and
seize the planet of Zardon. Zardon is the last of the peaceful
planets. The Zardonians are skillful and hardworking people.
Their cities are built-up and rich in resources. It is truly a
planet void of crime and violence.

Zardon has built a powerful defense system. Several
antiballistic missile bases have been established within the
cities of Zardon. The Zardonians are ready for this attack,
and are prepared to fight to save their cities.

As base commander it is your responsibility to protect and
defend six cities on the planet of Zardon. The Krytolians have
begun firing interplanetary ballistic missiles. They are
aiming at your cities and missile bases. Your only defense is
to fire back with antiballistic missiles. But watch out, the
Krytolians are sly, they also have cruise missiles. Cruise
missiles look like satellites, but they are just as deadly as
the interplanetary ballistic missiles.

Use your antiballistic missiles (ABMs) to stop the enemy
before your happy and harmonious planet is destroyed."
"Missile War","","Region Not Set","","Emerson Radio Corporation","Emerson Radio Corp","1982-10-01","1","No","Action","","Missile War is an Action game, developed and published by Emerson Radio Corp., which was released in 1982."
"Mission 3000 A.D.","","Region Not Set","","Bit Corporation","Bit Corporation","1983-01-01","1","No","Shooter","","Good Rip-off of the Atari 2600 game ""Asteroids"". You are flying in space, trying to dodge or shoot asteroids and escape from the enemy."
"Mission Survive","","Region Not Set","","Video Gems","Video Gems","1983-02-01","1","No","Action","","Mission Survive is an Action game, published by Video Gems, which was released in 1983."
"Mogul Maniac","","Region Not Set","","Amiga Corporation","Amiga","1983-01-01","","No","Action","","Quite simply, the objective of Mogul Maniac is to get through the open and closed gates and down the mountain as quickly as possible without breaking anything on or around your body..."
"Mondo Pong","","Region Not Set","","Hozer Video Games","Piere Cavina","2017-04-02","","No","Sports","","Mondo Pong was Piero Cavina's first programming effort on the Atari 2600 and is an evil variation on the game that started it all, Pong. In this version there are two balls and they each have a mind of their own! Sometimes the ball will double back at you after you hit it, other times it might just spin around in circles for a bit, keeping you on your toes as you wait for it to shoot off in some direction (hopefully not at you!) 

There are several game variations that allow you to select one or two players and a score limit of 15 or 45. There is also a normal vs. hard option, but that is not implemented in this version of Mondo Pong. 

This is an Alpha Version of Mondo Pong as it was never completed! Therefore, the game doesn't have the polish you might expect from a finished game and there may be a few bugs. Nevertheless, it's still an interesting concept and a hoot to play."
"Monstercise","","Region Not Set","","","","1984-01-01","1","Yes","Action","E - Everyone","The only known version of Monstercise is rather incomplete, there's actually very little gameplay involved."
"Montezuma's Revenge","","Region Not Set","","Parker Brothers","Parker Brothers","1984-01-01","1","No","Platform","","PANAMA JOE, That’s what they call him ‘round these parts; though no one knows his real name or where he comes from.  But one thing’s for sure,  PANAMA JOE’s a daredevil from the word “go!”  No risk’s too great if the reward’s large enough.  Winning. That’s what’s the most important to him.  And more times than not, that’s exactly what he does.  Because he’s tough, clever – resourceful.  And sometimes, downright pig-headed!  Though occasionally (ah-hum), he’s been known to get in over his head. Luckily, he’s got a knack for getting himself out of hot water as quickly as he gets into it! Let’s hope MONTEZUMA’S REVENGE is one of those times."
"Moon Patrol","","NTSC-U","United States of America","Atari, Inc.","General Computer Corporation","1983-10-28","1","No","Action | Shooter","E - Everyone","Hop into your Moon Buggy. You're about to journey across the surface of the moon. Be prepared to blast moon rocks and jump over gaping craters and dangerous land mines. Then, the real challenge begins. Three types of alien UFOs bombard your Moon Buggy. Protect yourself by firing missiles above and in front of you while jumping over huge holes and zapping lunar rocks and UFOs."
"Moonsweeper","Resgate Espacial | Space Rescue","Region Not Set","","Imagic","Imagic","1983-01-01","","No","Action","","In Moonsweeper your goal is to rescue miners from the moons in Star Quadrant Jupiter. You begin your mission in space where you must avoid deadly aurora flares, photon torches and space bullets from the sun in this quadrant. From time to time you will see a moon pass by, and by flying near it you can descend to the surface. As you sweep along the surface, you will see stranded miners which need to be rescued by flying over them. Also on the moons surface are various obstacles which must be avoided or destroyed, such as towers and lunar satellites as well as alien surface destroyers. Should you survive and rescue six miners (the maximum your ship can carry), then you may take off from the surface by using the accelerator rings. There are several different types of moons found in this quadrant, each with a different level of difficulty. To help out, your ship is equipped with photon torpedoes and shields (though you will lose points while using the shield)."
"Moonsweeper ( Blue Label )","","Region Not Set","","","","1970-01-01","1","No","Action","E - Everyone","No overview is currently available for this title, please feel free to add one."
"Motocross","","Region Not Set","","Taiwan - Cooper Black","Taiwain Cooper","1981-07-06","1","No","Racing","","Motocross is a motorcycle racing game.  Try not to crash and collect the flags before your fuel runs out."
"Motocross Racer","","Region Not Set","","Xonox","Xonox","1984-07-12","1","No","Racing","","Bone-jarring off-road motorcycle racing in three events. You first must qualify in the Desert Scramble where you race across the desert avoiding the prickly cactus, desert creatures, rocks, etc., in a race of speed and time. Hit an object and your dirt bike slows down. Hit too many and you won't qualify for the next race. The Hill Climb is a torturous race up a switchback mountain full of obstacles. Speed is important but control is vital or you'll be out of the race. Qualify with a fast time and you're in the Beach Sprint against other qualifiers in an all-out dash for the championship."
"MotoRodeo","","Region Not Set","","Atari, Inc.","Atari","1990-01-01","","No","Action | Racing","","You're second in the grueling competition of an all-day MotoRodeo. Your customized truck, a cherry little number, speeds through the dangerous obstacle course. You quickly break through a brick wall, rumble through a muddy ditch, and jump high into the air. You grin widely as you land on a Plymouth, crushing it beneath the weight of your monster truck.

Up till now, you and your opponent, Trucker Tom, have been neck and neck throughout the competition, but you've just pulled ahead. Your truck paid its dues during the early part of the competition, but you're confident that you've got the skills needed to outmaneuver Tom as you race for the finish line.

Your adrenalin pounds. You psych yourself up for the few remaining obstacles. You're only slightly ahead of Tom, but there are still a few more walls and cars to crush. Good thing you learned quickly to jump the mud which is slowing Tom down.

You rev your engine, add a burst of acceleration, and jump the last mud hole as you race for the finish line. Trucker Tom has finally met his match!"
"Mountain King","","Region Not Set","","CBS Electronics","CBS Electronics","1983-01-01","1","No","Platform","Not Rated","Deep inside a long-lost diamond mine is the secret Temple Chamber of a forgotten civilization.  There, a priceless Golden Crown sits high on a pedestal, vulnerable to plundering explorers seeking to control its power.  but this treasure is jealously guarded by the denizens of the mountain, and whoever has the daring and courage to challenge them, seize the Crown, and escape to the mountaintop with it will become MOUNTAIN KING!"
"Mouse Trap","","Region Not Set","","Coleco","Exidy, Inc.","1982-01-01","2","No","Action","","It's dinnertime, and you're simply starving.  What you would do for a nice hunk of cheese!  A slice of old-fashioned Swiss would be nice, or, even better, a morsel of Camembert.  Mmmmm.

Dreaming of cheese won't get you anywhere.  You're going to have to earn your lunch.  As a hungry but clever mouse, you'll have to chomp your way through a maze of corridors and doors, while avoiding starving cats who want nothing better than to eat you.  But those feline fanatics aren't as crafty as you are.  You can outrun them.  You can confuse them by opening and shutting trapdoors.  And, with a stash of bones in reserve, you can fool these furry menaces by turning into a cat-biting dog!

And the race is on!"
"Mr. Do!","","Region Not Set","","Coleco","Coleco","1983-01-01","1","No","Action","Not Rated","You control Mr. Do has he tries to harvest all of the cherries on the screen. However, there are numerous bad guys out to get him! Mr. Do can defend himself from the badguys in two ways: first he can push the apples located throughout the playfield on top of the enemies and crush them. Secondly, Mr. Do is armed with a power ball. This can be thrown to destroy an enemy. Mr. Do has only one power ball, though, so he will need to wait for it to return to him before it can be used again. From time to time an alpha monster will appear on the screen bearing one of the letters in EXTRA. If you use the power ball to destroy an alpha monster you earn that letter; when you've earned the complete word EXTRA you receive an extra life. When you successfully collect all of the cherries, you will move on to the next, more difficult level."
"Mr. Do!'s Castle","","NTSC-U","United States of America","Parker Brothers","Parker Brothers","1984-07-31","1","No","Action","E - Everyone","Mr. Do!, that king of arcade clowns, is in a bit of a bind - again! This time, a pack of pesky unicorns is trampling the bricked hallways of his castle. Help Mr. Do! rid his dwelling of these crafty, quick-changing (and deadly) creatures with the skillful swing of a hammer. Sometimes a quick clobber to the head will do it. Or maybe a well chosen brick knocked out from above. If you can't stop these critters, then break a hole in the floor to slow 'em down. It's up to you to know when to fight - or when to flee! Tension mounts as you hurry Mr. Do! through the castle's maze, grabbing keys along the way. Only when Mr. Do! has collected all the keys can he unlock the castle door, and open up an extra chance to beat these nasty critters!"
"Mr. Postman","","Region Not Set","","Bit Corporation","","1983-01-01","","No","Action","","Your mission is to protect the Mr. Postman sending a secret letter safely to Silent City. To press the button is to make Mr. Postman should keep away from hails and the eagle, or your press the button to shoot down them. Mr. Postman can not touch the wall as he is walking on the street, otherwise all will be gone."
"Mr. Run and Jump","Mr. Run and Jump 2600","NTSC","","Atari, Inc.","","2023-11-24","1","No","Platform","E - Everyone","Oh no! Leap, the dog, has begun wandering towards the Dark Realm, and if he ventures too far, he'll never be able to find his way back! It's up to Mr. Run and Jump to race through six colorful worlds, bound over obstacles, dodge deadly enemies, and save his best friend before it's too late!"
"Mr. Yo-Yo","","NTSC","United States of America","AtariAge","","2022-06-01","2","Yes","Action","E - Everyone","You control Mr. Yo-Yo. You are given five lives at the start of the game – one in play, and another four in reserve. The object of the game is to descend to the bottom of the cave, and rescue the Notelies by returning them to the top of the cave. When a Notely is ready to be rescued, he will appear in the little bucket area at the bottom of the cave. To pick up the Notely, descend to the bottom of your string. Mr. Yo-Yo will begin flashing various colors to indicate you’ve picked up a Notely. Then, return to the top of the screen to release the Notely to freedom! Mr. Yo-Yo will then return to his normal color, and you can get ready to rescue the next Notely. Sometimes, you may have to shoot some enemies to get the Notelies to appear. The further you get into a level of caves, the more timid the Notelies become. You’ll have to shoot more and more enemies for them to have enough courage to appear.

There are five different types of creatures inside the caves (Blobs, Flappers, Bouncers, Stunners, and Snippers). If Mr. Yo-Yo comes in contact with any of them, he’ll lose a life. Some of these creatures may also interact with Mr. Yo-Yo’s string in various ways. So be sure to keep an eye out above you if you’re spending a lot of time at the bottom of one of the caves!

You'll find various objects in the caves that can help you out. Coins, which you can collect or shoot. Power Pods, which you can also collect or shoot, but it's better to collect them (just as with the coins). However, shooting a Power Pod will clear the screen of enemies! Bonus Targets fly around in Bonus Caves -- shooting ten of them will cause the Bonus Gem to appear. Collect the Bonus Gem and bring it to the top of the cave before the time expires for a large point bonus and extra life!

The game ends when you have lost all your lives."
"Ms. Hack","","Region Not Set","","","","2006-01-01","1","No","Action","Not Rated","No overview is currently available for this title, please feel free to add one."
"Ms. Pac-Man","","NTSC-U","United States of America","Atari, Inc.","General Computer Corporation","1983-02-17","1","No","Action","E - Everyone","Ms. Pac-Man is a 1983 Atari 2600 video game developed by General Computer Corporation and released by Atari in the USA on February 17, 1983.

It is based on the 1981 arcade video game, Ms. Pac-Man, which was produced by Bally Midway.

Meet the queen of video games - Ms. Pac-Man! She's all dressed up - and hungry as ever! Score points as Ms. Pac-Man gobbles up dots, power pellets, fruits, and of course, those grumpy ghosts."
"Ms. Pac-Man Arcade","","Region Not Set","","","","1982-01-01","1","No","Action","Not Rated","No overview is currently available for this title, please feel free to add one."
"My Golf","","Region Not Set","","Home Entertainment Suppliers Pty. Ltd.","Absolute Entertainment","1990-01-01","1","No","Sports","E - Everyone","My Golf was programmed in the U.S. by Absolute Entertainment and sold to Home Entertainment Services."
"Myst","Myst 2600","NTSC","","HomeBrew Software","","2022-07-29","1","No","Adventure | Puzzle | Unofficial","Not Rated","The project has been described elsewhere as an ""unofficial"", ""partial demake"" of Cyan World's hugely successful adventure title and follows Weaver's previous Apple II port of the game. Understandably, because of the memory limitations of Atari's cartridges at the time, it doesn't include all of the individual scenes featured in the original, but Weaver aims to incorporate just enough so that people can speedrun it and add in some puzzles too, in order to make it into a ""real game"". In other words, there are more updates to come."
"Mystery Science Theater 2600","","NTSC","United States of America","Hozer Video Games","","1999-01-01","2","No","Action | Unofficial","Not Rated","Tim Snider created Mystery Science Theater 2600 as a tribute to MSTK3K upon hearing it was leaving the air. This is a graphic hack of Megamania"
"Name This Game","","NTSC","United States of America","U.S. Games","","1982-01-01","1","No","Action","E - Everyone","The player controls a scuba diver who must protect a treasure from an octopus at the top of the screen: The octopus tries to capture the treasure with its tentacles. Meanwhile, a great white shark tries to distract the diver by swimming back and forth toward the bottom of the screen.

The diver loses a life if he is captured by the shark or the octopus's tentacles, or if the air meter runs out. The diver can refill his air meter by touching a long pole which extends from a boat that appears from time to time."
"Netmaker","","Region Not Set","","Suntek","","1983-01-01","1","No","Puzzle","E - Everyone","No overview is currently available for this title, please feel free to add one."
"Night Driver","","Region Not Set","","Atari, Inc.","Atari","1978-01-01","1","No","Racing","","Night Driver is an action racing game which takes place at night! Your goal is to score as many points as possible by racing through one of four different tracks. Points are scored by passing checkpoints located throughout the track. If your car crashes into the side of the road, oncoming cars, or any other obstacles, you will lose all of your speed and a lot of time! The game ends when the 90 second time limit is up. The four tracks you can choose from are beginner, pro, expert, and random (this track is different every time and can not be memorized like the other three). Several game options are included which allows you to select whether or not other cars will honk before entering the screen, and choose between a 90 second or infinite amount of time for a game."
"Night Driver ( Sears Telegames )","","Region Not Set","","Sears, Roebuck and Co.","","1980-01-01","1","No","Racing","E - Everyone","No overview is currently available for this title, please feel free to add one."
"Night Stalker","Dark Cavern - La Caverne Souterraine | Dark Cavern","Region Not Set","","Telegames USA","Telegames USA","1989-01-01","","No","Shooter","","Robots, bats, and spiders chase you around a maze in Night Stalker, which boasts similar gameplay, if some what slower, to the arcade smash Berzerk. Players must pick up a gun that is randomly placed in the maze. The gun provides the player with a certain number of shots. Once depleted, the gun is again placed in a random part of the maze."
"Nightmare","","Region Not Set","","","Sancho","1983-01-03","","No","Action","","Nightmare is an Action game, published by Sancho, which was released in 1983."
"Ninja Hashiru","","NTSC","United States of America","","","2023-01-19","1","No","Platform","E - Everyone","As a ninja, your mission is simple: run, jump, and dodge! Avoid obstacles like the Chinese plastic bomb, the useless annoyance drone, the dragon’s fiery kiss, and the precision-forged shuriken."
"No Escape!","","Region Not Set","","Imagic","Imagic","1983-01-01","1","No","Action","","Jason has taken the Golden Fleece from the gods! They are naturally upset and have imprisoned Jason in the Temple of Aphrodite with deadly Furies running overhead. You control Jason and your goal is to eliminate all of the Furies to move on to the next level. The Furies can be destroyed if they are hit with a magical brick from the roof of the temple. You are armed with an unlimited supply of stones, throwing a stone at the roof will cause a brick to fall (be careful, you'll lose a life if you hit yourself with a falling brick instead of the Furies). When a Fury is hit by a brick it is destroyed, but if you accidentally hit a Fury with a stone then it will multiply! The Furies will also be firing at you, and if you'll lose a life if hit. The game ends when you have no more lives left in reserve. Several difficulty levels are available."
"Nuts","","Region Not Set","","Technovision","TechnoVision","1983-03-22","1","No","Action","","No overview is currently available for this title, please feel free to add one."
"Obelix","","Region Not Set","","Atari, Inc.","Atari","1983-01-01","1","No","Action","","CAESAR'S GALLING DEFEAT

The year: 50 B.C. The place: a Gaulish village near the Roman outposts of Totorum, Aquarium, Laudanum, and Compendium. Here we find the last outpost of resistance against the legions of Julius Caesar. And who are the leaders of these indomitable fighters against the mighty Roman empire? Who has the gall to oppose Caesar's will? Why, none other than a humble menhir deliveryman named Obelix, and his small but shrewd friend, Asterix."
"Ocean City Defender","","NTSC","Canada","Zellers","Funvision","1970-01-01","1","No","Action","T - Teen","No overview is currently available for this title, please feel free to add one."
"Octopus","Name This Game","Region Not Set","","U.S. Games","U.S. Games","1982-01-01","2","No","Action","Not Rated","You have discovered a long-sought-after buried treasure, and just when you thought you have discovered a long-sought-after troubles were over, things get really tough! There's a persistent shark who thinks that the treasure belongs to him, and he is after you! As if that were not enough to contend with, there's a big old octopus sitting right above your trove who keeps reaching down to check things out.

There you are, shooting at the shark, fighting off the octopus tentacles, and you realize your oxygen supply is running low. Your partner, in the boat, keeps dropping you a line, and you better run over and fill up.

It is not going to be easy to hold on to your treasure now that you've found it, but we're sure you are not going to give it up without a fight."
"Off The Wall","","Region Not Set","","Atari, Inc.","Axlon","1989-01-01","1","No","Action","Not Rated","Off the Wall is a video game developed for the Atari 2600 video game console in 1989. It is essentially a clone of Breakout with a Chinese theme. It was developed by Axlon, a game development studio owned by Atari founder Nolan Bushnell.

Players take control of the hero Kung Fu Lu, and the objective is smash through an evil wall to kill a dragon that has been tormenting villagers. In the game, Lu receives several power-ups to achieve his goal, and he must overcome a bat that stands in his way.

Atari later released another Breakout clone into video arcades, also called Off the Wall.

Off the Wall was made available on Microsoft's Game Room service for its Xbox 360 console and for Windows-based PCs on December 1, 2010."
"Off Your Rocker","","Region Not Set","","Amiga Corporation | 																Pleasant Valley Video","Videosoft","1983-05-05","1","No","Action","","For use with Amiga's Joyboard controller. A prototype game that was mass produced! It seems that Amiga sent these carts off to a company that handled the task of labeling them. During this time Amiga was in trouble and the games never got labeled or retrieved by Amiga. Years later they were sold off as scrap to a videogame dealer who added his own label and sold them to the classic community. Gameplay is similar to the handheld game, Simon."
"Oink!","","Region Not Set","","Activision","Activision","1982-05-05","","No","Action","","Oink! is based on the fairy tale of the three little pigs. The big bad wolf is trying to blow down each of the pigs houses. You control each pig one at a time. The wolf is at the bottom of the screen and will blow a hole in the house one section at a time. Each time a hole is formed, the pig must patch it up quickly so the wolf can't get in. New materials are located at the top of the screen, and you need to grab them and place them in the holes as they are formed. The longer you last, the tougher the wolf will become! You start the game controlling the pig whose house is made of straw; when he is caught, you move on to the pig in the house made of sticks. Finally you will control the pig in the house made of bricks. When all three pigs have been caught by the wolf, the game is over."
"Okie Dokie","","Region Not Set","","","RetroWare","1996-05-02","","No","Puzzle","","Okie Dokie was the first original homebrew game written for the Atari 2600 by Bob Colbert. Okie Dokie is a fast moving puzzle game that challenges you with 30 preset puzzles and 435 random puzzles. It seems simple enough, turn off all of the squares. Well, there's a catch! Every time you select a square, it gets ""flipped"" -- if it was on it turns off and visa versa. To complicate things further, any square directly to the left, right, above, or below the square is also ""flipped."""
"Omega Race","","Region Not Set","","CBS Electronics","Bally | 																Midway","1983-01-01","2","No","Shooter","E - Everyone","The object of OMEGA RACE is to evade enemy fire and score points by
destroying the various types of Omegan Warrior Ships and Photon Mines
you'll encounter while speeding around a mysterious cosmic arena."
"Omicron","Omicron 2.5k | Omicron 16k","Region Not Set","","","","2011-01-01","1","No","Shooter","","A team of four agents, each a specialist in one of the four elements - water, fire, air and earth - have been miniaturized to microscopic size in order to investigate a mysterious new virus that appears to be of alien origin.

The virus mutates rapidly, mimicking each of the four elements. But something went horribly wrong, and contact with the team was lost. Now the virus threatens to grow out-of-control.

You are the last hope to stop it. Having been miniaturized yourself, you now board the Omicron - a microscopic vessel designed specifically to counter the alien virus and stop it from spreading. Can you battle your way through each iteration of the virus and destroy the threat?

Our enemy is an alien virus, whose behavior mutates to mimic the four elements of water, fire, air and earth.

As part of its mutation, the virus periodically releases immune fragments. To neutralize the enemy you must collect these fragments. When you have collected enough, you will move on to the next infected area.

When you enter an infected area, the enemy spreads without paying attention to you. Once you collect a fragment, the virus elements will become aware of your presence, and will start to hunt you down until the next fragment is released."
"Open Sesame","","Region Not Set","","Goliath","Goliath","1983-05-04","1","No","Adventure","","Have you ever dreamed of accompanying Ali Baba through the country on his wonderful adventures seeking secret treasure?  In this game, Ali Baba needs your help climbing the legendary mountain to find the hidden treasure.  But watch out, the treasure is guarded!  Climb the ropes to escape or, if you're lucky, catch the magic ball."
"ORB","","Region Not Set","","Winkdot","Winkdot","2015-09-09","1","No","Action","E - Everyone","ORB
 
The planet Orb can be a dangerous place full of mystery. The Alliance has lost many ships while trying to explore the planet. Too many to count. 
 
It will be your mission to rescue downed pilots and return them to the Mothership.
 
Get to know your ship:
 
At the start of the game your ship will appear in a safe area of the planet.
Your ship is only large enough to hold three pilots. You only have one ship complete your mission. Your ship has a strong shield that can sustain 8 hits before it will be destroyed. The shield is indicated by the bar on the bottom right of the screen. Most enemies will take one shield unit away as you are hit.
The exception is the Orb with will take two shield points away. 
Your ship is equiped with ""lazor cannons"" They can shoot left and right.
Terrain hits WILL (in latest release) damage your ships shield units. 
 
The Mothership:
 
After you have saved three pilots the mothership will descend on the safe landing area. Because of expensive fuel used by the mothership it will not descend unless you have three pilots aboard your ship ready for rescue.
Your ship must dock with the mothership to transfer the rescued pilots.
At that time all of your ships shield power will be restored full. You will
also get 100 points for any remaining shield units.
You will get 1000 points for each pilot returned to the mothership.
 
Enemies:
 
The Orb - The orb will be aggresive and try to ram your ship. If hit you will
lose two shield points and one rescued pilot will be removed from your ship.
Destroy the Orb as soon as possible.
 
Meteors - Meteors can not be shot and must be avoided. If they hit your ship
you will lose 1 shield unit.
 
Falling Craft - The purpose of these has not been discovered. They can not be destroyed by your cannons and must be avoided.  
 
Planet Patrol - Look to defend the planet. These enemies can be shot. One of these, if hit will drop a shield unit. Collect it to gain one shield unit.
 
Other items of interest:
 
There are places where you can descend deeper into the planet. As the game progresses you must go down in order to rescue pilots as they will no longer appear on the top levels.
 
Pilots appear on the surface based upon the level of the game, which is based upon how many pilots you have rescued.. They appear as follows:
0-9 pilots rescued - appear on surface 1
12-18 pilots rescued - appear on surface 2 (none will appear on surface 1 at this point)
Up to 27 pilots rescued - appear on surface 3 (none will appear on surface 1 or 2 at this point)
 
Control:
 
At the title screen press the fire button to start. The fire button also starts a new game at the game over screen.
 
Joystick controls the ship in eight directions.
 
Joystick left or right plus the fire button fires your lazor cannons.
 
Only rescued pilots and shield units remaining will provide points.
 
One special ship will, at times drop a shield unit when destroyed."
"Oscar's Trash Race","","Region Not Set","","Atari, Inc.","Children's Computer Workshop, Inc.","1983-01-01","1","No","","EC - Early Childhood","No overview is currently available for this title, please feel free to add one."
"Othello","","Region Not Set","","Atari, Inc.","Atari","1978-01-01","2","No","Strategy","E - Everyone","You'll need strategy, foresight and cunning to be a success at this game.

The field is made up of a grid containing 64 squares.  Each player is designated by a color(white or black) and takes turns trying to capture as many squares as possible.  When you capture a square, it becomes your square and changes to your color.  Your corresponding score is displayed at the top of the screen.

To capture a square, you must OUTFLANK your opponent.  To do this, you must position your squares on the grid so that one or more of your opponent's squares is in a row which is bordered on each end by one of your squares.

If neither player can make a move the game is over.  This can occur when one player has no pieces left on the board.  It is also possible to end a game when there are blank squares on the board and both players have pieces left but there are no legal moves."
"Othello ( Sears Telegames )","","Region Not Set","","Sears, Roebuck and Co.","Atari","1978-01-01","2","No","Strategy","E - Everyone","No overview is currently available for this title, please feel free to add one."
"Out of Control","","Region Not Set","","","Avalon Hill","1983-05-04","","No","Action","","The goal is to complete the chosen course as fast as possible without going OUT OF CONTROL. In each course you must maneuver through a series of Space Buoys, pop ten Space Balloons, and safely park in the Dock."
"Outer Space","","Region Not Set","","Sears, Roebuck and Co.","Atari","1977-01-01","2","No","Action","Not Rated","No overview is currently available for this title, please feel free to add one."
"Outlaw","","Region Not Set","","Sears, Roebuck and Co.","Atari","1978-05-04","2","No","Shooter","Not Rated","You're a gunslinger in the old west! Outlaw features both one and two player games. In the one player version, your goal is to shoot a moving target as many times as possible in 99 seconds. In the two player version, each player tries to be the first to shoot his opponent ten times. Several game variations are included in both the one and two player versions. In the middle of the screen is one of several possible obstacles to make the game more difficult. A giant cactus, a stagecoach, a moving stagecoach, or a breakable wall all can block the target or provide some shelter for you to hide from your opponents shots. You also have the choice of unlimited fire, or only a six shooter. If you choose the six shooter, then each player must use up all six shots before either player can reload. And lastly, there is the ""getaway"" option. With getaway, a player may move immediately after firing; without getaway, a player must remain stationary for as long as his bullet is on the screen."
"Oystron","","Region Not Set","","Piero Cavina","Piero Cavina","1997-01-15","1","No","Shooter","","Oystron is an action game in which the player controls a ship using the joystick controller, firing at enemies and collecting pearls dropped by ""space oysters"". The player's ship initially appears on the left side of the screen, and enemies attack from the right. Shooting the space oysters reveals a pearl; the player then collides with the pearl and brings it to the ""pearl zone"" on the left side of the screen. Other enemies appear that attempt to steal the pearls. Collecting eight pearls earns the player a bomb.[1]

At the end of each level, a boss named ""Oystron"" appears; the player can defeat the Oystron by placing a bomb in its path, or waiting until it changes into a space oyster. Following the appearance of the Oystron is a warp phase, in which the player travels at high speed and must avoid colliding with enemies. The player is given four ships at the beginning of a game, and earns an additional ship every 4000 points"
"Pac Kong","","Region Not Set","","QuelleSoft","Goliath Video System","1983-01-01","1","No","Action","E - Everyone","Pac-Kong plays very similar to Donkey Kong. The player controls an ""adventurer"" (called Kong in some versions of the game) and has to reach the treasures the evil octopus hid away.

Each level consists of a series of platforms that are interconnected by ladders. The only action the player can take besides moving around is pressing fire to make the hero jump. This is necessary to get across the gaps between some of the platforms. At the same time, the player has to avoid the smaller octopi as well as clouds of poison gas which move around the screen randomly. Once the player reaches one of the treasure chests at the top of the screen they won the level and a new round starts."
"Pac-Man","","NTSC-U","United States of America","Atari, Inc.","Atari","1982-03-16","2","No","Action","E - Everyone","Even though the aging (at the time) Atari 2600 wasn’t well-known for having very accurate arcade game translations for the most part, many consider their version of Pac-Man to be a huge mistake, due to many changes made with the game, as it bears very little resemblance to the arcade original at all."
"Pac-Man ( Sears Telegames )","","NTSC-U","United States of America","Sears, Roebuck and Co.","Sears Roebuck and Co.","1982-03-16","2","No","Action","E - Everyone","No overview is currently available for this title, please feel free to add one."
"Pac-Man (Ebivision)","","Region Not Set","","Ebivision","Ebivision","1999-01-01","1","No","Action","Not Rated","No overview is currently available for this title, please feel free to add one."
"Pac-Man 2600","","Region Not Set","","AtariAge","","2014-01-01","1","No","Action","Not Rated","No overview is currently available for this title, please feel free to add one."
"Pac-Man 4k","","Region Not Set","","AtariAge","Dennis Debro","2012-01-01","1","No","Action | Puzzle","","Gobble your way through the maze of Pac-Land. chomping on dots and avoiding the four hungry monsters, Blinky, Pinky, Inky and Clyde. But if you manage to eat an energizer, turn the tables on those monsters by feasting on them for bonus points!

Dennis Debro sought to create an adaptation of Pac-Man more faithful than Atari's 1982 version for the VS. Utilizing the same 4K memory limit as the original, Dennis' game is a feat of programming that finally brings Pac-Man to the Atari 2600 as it was intended."
"Pac-Man 8k","","Region Not Set","","","","2005-01-01","2","No","Action","Not Rated","No overview is currently available for this title, please feel free to add one."
"Pac-Man Arcade","","Region Not Set","","AtariAge","","2002-01-01","1","No","Action","Not Rated","No overview is currently available for this title, please feel free to add one."
"PacMan 4K","Pac-Man 4K | Pac Man 4K","Region Not Set","","AtariAge","Dennis Debro","2008-01-01","1","No","Puzzle","Not Rated","The DEFINITIVE home version of the arcade classic!

Gobble your way through the maze of Pac-Land, chomping on dots and avoiding the four hungry monsters, Blinky, Pinky, Inky and Clyde. But if you can manage to eat an energizer, turn the tables on those monsters by feasting on them for bonus points!

Dennis Debro sought to create an adaptation of Pac-Man more faithful than Atari's 1982 version for the VCS. Utilizing the same 4K memory limit as the original, Dennis' game is a feat of programming that finally brings Pac-Man to the Atari 2600 as it was intended.

Improvements over Atari's Pac-Man

Original, arcade maze layout
Proper ""siren"" sound that changes pitch
Monsters are proper colors
Maze is correct colors
Pac-Man and Ghost graphics much truer to arcade
Monster behavior modeled after arcade
Bonus items true to arcade
Feels like Pac-Man!"
"Panda Chase","","Region Not Set","","Homevision","Home Vision","1983-01-01","1","No","Adventure","","No overview is currently available for this title, please feel free to add one."
"Panda Rescue","","PAL","Australia","","","1983-02-01","1","No","Adventure","Not Rated","No overview is currently available for this title, please feel free to add one."
"Panky The Panda","","Other","","AtariAge","Ben Larson","2016-12-31","1","No","Action | Platform | Unofficial","E - Everyone","As Panky the Panda, you must rescue your brother from the poacher's cave. But it will not be easy! The poacher's lair is packed with various minions as well as secret rooms disguised as unassuming walls, so stay on the lookout! Depending on the amount of keys and special items in his inventory, Panky can move through over 120 danger-filled screens.

While exploring the caves, stay alert, as there are many dangers that can put a quick end to your brother's rescue! These include bats, cave pigs, duck goons, fireballs, spiked platforms, and more! And also be careful not to fall to your death as Pandas cannot fly! Be on the lookout for the six keys that will open doors throughout the cave. And watch for special items that can help you on your quest! These include the candle, high jump boots, flute, holy book, and snow boots.

Remember that not all walls are as they appear! The cave is filled with secret pathways used by the poachers. If you get stuck, we've included a map that could offer a clue to help you past your current quagmire!"
"Parachute","","Region Not Set","","Homevision","Home Vision","1979-01-01","1","No","Action","","Guide the parachutist through various obstacles to safety below."
"Paris Attack","Angriff Der Luftflotten","Region Not Set","","","Starsoft","1982-01-01","1","No","Action","Not Rated","No overview is currently available for this title, please feel free to add one."
"Party Mix","","Region Not Set","","Starpath Corporation","Starpath Corporation","1983-01-01","4","No","Action | Racing","","Call some friends and mix it up with five wild and crazy games: Bop a Buggy, Tug of War, Wizards' Keep, Down on the Line, and Handcar. Go head-to-head, or in teams of two. Compete against people, not a cold computer. Everyone plays at once."
"Paul’s HappyBird","HappyBird | Happy Bird","NTSC","","","","1970-01-01","1","No","Action","Not Rated","A port of Flappy Bird for the Atari 2600."
"Peek-A-Boo","","Region Not Set","","Atari, Inc.","Atari","1984-01-01","1","No","Puzzle","","The main character of this game (a cat named Smart Seymour) moves in and out from behind a square.  Depending on the game selected the various elements of the game change slightly.  The square may be a single block, a rectangle, or four colored squares.  The cat may move far away from the square, or he may barely move half his body out.  The cat may move rapidly in and out from behind the square, or he may stay behind the square.  There are eight different types of games, each with a slightly different objective.

Before starting the game, the first thing you must do is turn the kids controller sideways to the left (so the top row read 3 6 9 #, middle row reads 2 5 8 0, and bottom row reads 1 4 7 *).  Once you have your controller in the proper position, you can actually attempt to play the game.  As mentioned above, there are eight different games."
"Pelé's Soccer","Pele's Soccer","Region Not Set","","Atari, Inc.","Atari","1981-01-01","2","No","Sports","E - Everyone","Pelé's Soccer is an Atari 2600 game based on the famous football (soccer) player Pelé, and published in 1981.

It features basic graphics, ball handing and goal keeping techniques using the Atari joystick. Each team has one forward, two defensemen, and a goaltender on the field at all times. The player's goaltender is always controlled by the computer unless he saves a shot. Each game consists of two halves of various time lengths (depending on the game settings being used). All the forwards and backs run in their proper formation.
There are 54 different game variations (27 single-player and 27 multiplayer) that allow for different speeds, game lengths, and goal sizes."
"Pengo","","Region Not Set","","Sega","Atari","1984-01-01","","No","Action","","Go skating on thin ice! Race Pengo, the lovable penguin, around a frozen lake. Rearrange huge blocks of ice. Your goal: line up three jewel-embedded blocks for dazzling points! Your enemies: SNO-BEES! Their touch puts you in deep freeze."
"Pepsi Invaders","","Region Not Set","","Atari, Inc.","Atari","1983-01-01","1","No","Shooter","","This is one of the more interesting Atari collectibles. Coco-Cola commissioned a game from Atari to give to their Atlanta employees. In this case, Atari redesigned Space Invaders so that you shoot the letters ""P E P S I"" instead of space creatures. There were 125 copies of this game made. There is no real box for this one, just a flimsy Styrofoam shell. So it isn’t really a prototype, but it wasn’t a commercially available game either. And no, Coca-Cola does not have any copies left."
"Pesco","","Region Not Set","","Hozer Video Games","Ebivision","1999-01-01","1","No","Action | Puzzle","","Little Pesco must find a new place to live. It seems that he found a good home, with lots of plankton to eat, but ... well, it seems that there are three crabs that are determined to eat him! A classic maze game with a special challenge : to reach the ninth level!"
"Pete Rose Baseball","","Region Not Set","","Absolute Entertainment","Absolute Entertainment","1988-01-01","2","No","Sports","E - Everyone","Here's the first 2600 Baseball game to live up to this winning attitude.

* From the crack of the bat, make split second decisions as you choose which
  fielder makes the play.
* Throw popular Major League pitches - fast balls, curves, change-ups, 
  screwballs and sinkers. (Spitballs?)
* Head to head action with your friends or against the computer.
* Complete TV-like coverage, with six camera angles you're always right there
  where the action is.
* Play to  a packed stadium complete with cheering crowd and organist. (Bring
  your own peanuts and hotdogs.)
* The most exciting baseball ever on the 2600 with depth and feel you've
  seen on Big League Home Computers."
"Peter Penguin","","Region Not Set","","ITT Family Games","ITT Gamily Games","1981-07-20","","No","Action","","Peter Penguin is treasure-hunting in the eternal ice of the Arctic.  But watch out!  His pursuers, the snow monsters, are dogging his footsteps."
"Phantom II","Phantom II / Pirate","Region Not Set","","AtariAge","David Weavil","2006-01-01","2","No","Shooter","","Phantom II / Pirate is a homebrew cartridge featuring two games written by David Weavil. Phantom II is based on an old Bally Midway arcade game of the same name, where your goal is to patrol the unfriendly skies and shoot down enemy bombers! In Pirate, you must explore a dangerous island and find the treasure of evil pirate Chuck DeLuc! The cartridge features a menu that lets you select which game to play upon powering up your system.

Fighter Pilots Needed!

Fight your way through day and night zones and shoot down the enemy bomber!

Use the joystick to move your fighter and the fire button to fire missiles. You only get one life, so avoid colliding with the enemy jets (you are safe at the lowest level of the screen)! In the night zone the enemy jets are only visible when the radar wave passes over them.

You start with approximately 60 seconds in the guided missile version and 90 seconds in the regular missile version. If you can reach and shoot down the bomber (which requires three hits), you'll be awarded with additional time (represented by a bar on the left of the screen). The enemy jets get more evasive and you receive less time to accomplish your goals with each successive round.

Arrrrr Matey! X Marks the Spot!

Can you find the treasure of the evil pirate ""Up"" Chuck LeDuc? Beware! His bony corpse wanders the island looking to protect it! Also watch out for snakes and the voodoo priestess!

Use the joystick to move around the island and use your fire button to fight/pick up items or use an item/enter or exit the hut. The window color represents what you are presently carrying (gray - nothing, blue - shovel, yellow - sword, green - shovel & sword). The color of the display in the window shows your health. You start with three hit points (3 - green, 2 - yellow, 1 - red). Snakes have 1 hit point each. The other enemies' hit points are randomly generated. There is a flower growing on the island that will restore your health, but it only works when it is fresh. Only use it when you actually need it!

The treasure is marked by an X and you must have the shovel in your possession to dig it up. Can you find the treasure before LeDuc finds you?"
"Phantom Panzer","Phantom-Tank | Phantompanzer | Phantom-Panzer","Region Not Set","","QuelleSoft","","1983-01-01","1","No","Action","E - Everyone","In Phantom-Panzer, the player takes control of an assault vehicle in order to defend their ""energy base"" at the bottom of the screen from the attacking phantom tanks.

The game consists of three phases: the first phase takes place in a city and looks like a maze. It offers relative protection with the building walls. The second phase has the enemy tanks crossing two bridges over a river, but there's practically no cover. In the third and final phase, it's an all-out battle with the phantom tanks aggressively charging in on the player's base and no obstacles to stop them."
"Phantom Tank","Phantompanzer","Region Not Set","","","","1983-01-01","1","Yes","Action | Strategy","Not Rated","No overview is currently available for this title, please feel free to add one."
"Phantom UFO","","Region Not Set","","","","1970-01-01","1","No","Shooter","E - Everyone","No overview is currently available for this title, please feel free to add one."
"Pharaoh's Curse","","Region Not Set","","Technovision","TechnoVision","1983-01-01","1","No","Action","","No overview is currently available for this title, please feel free to add one."
"Phaser Patrol","","Region Not Set","","Starpath Corporation","Starpath Corporation","1982-07-22","1","No","Shooter","","Defeat the Dracon Armada in challenging, realistic battle action. Featuring a real-time clock, energy indicator, Alien proximity indicator, torpedo status indicator, combat-range scanner, torpedo target-lock, Dracon fighter ships, shield status indicator, message display."
"Philly Flasher","","Region Not Set","","PlayAround","Playaround","1982-03-01","","No","Action","","Philly Flasher a game in which the player controls two male prisoners with their genitals exposed catching lactation from an old witch's breast."
"Phoenix","","Region Not Set","","Atari, Inc.","Atari","1982-01-01","1","No","Shooter","Not Rated","Phoenix is an arcade action game with gameplay similar to Space Invaders. You are the commander of the Phoenix, and your mission is to reach an alien spaceship which has been draining your planets resources. The ship is guarded by four levels of bird like creatures. After clearing all four stages, the fifth level will be against a large, heavily shielded mothership. If the mothership is destroyed, the game will then repeat, but with increased speed and difficulty. To defeat the numerous enemies, the Phoenix is equipped with a laser cannon and a force field."
"Pick 'n Pile","","Region Not Set","","","Ubisoft","1990-05-02","","No","Puzzle","","Pick 'n Pile is a Tetris-style puzzle game. On each level there are a variety of symbols arranged in columns on the screen. By moving the symbols around, you need to create columns which contain identical symbols; once all the symbols in a column are the same, that column disappears. Your goal is to earn points and complete the levels by making all of the symbols on the screen disappear. Occasionally, you may become stuck with a symbol that doesn't match anything onscreen; when this happens, you can call for an additional symbol to drop onto the screen. However, as the symbol which appears is random you may need to create quite a few symbols before the one you need appears. Each level has a time limit in which it needs to be completed; run out of time and you lose a life; lose all lives and the game is over.

In addition to the regular symbols, there are also some special objects on the screen which may help or hinder your progress. These include bombs which destroy several symbols at once, blocks which may get in the way or be arranged to help out, death heads which diminish time more quickly, and flower pots which can't be moved."
"Pick Up","","Region Not Set","","20th Century Fox","20th Century Fox","2002-05-02","1","No","Action","","This is an racy game in which you attempt to take a girl to a hotel for intimate encounters. You control the male character at the bottom of the screen, and the girl is on a platform to the left. In get to her, you must shoot various objects that are falling from the sky such as a heart, a wine glass, a car, and other items that are deemed as assets to the girl.

If you accidentally shoot the same type of item twice, you loose that item and the girl's platform drops one notch. If the platform touches the ground, you loose a life. Sometimes a falling item will flash, which means you must shoot it quickly or you will be penalized. Once you have shot each type of item once, you run over and ""Pick Up"" the girl and take her off the screen.

Next is the hotel screen, where you and the girl enter the hotel and close the blinds. The hotel sign then displays your ""score"", and level starts over."
"Picnic","","Region Not Set","","U.S. Games","Western Technologies Inc.","1983-01-01","2","No","Action","","You call this a picnic!!?? Just when you are ready to sit down and eat your juicy cheeseburgers, a swarm of nasty bugs comes along intent on beating you to the munch. They start eating and you start swatting, and the battle has begun. It's a good thing you brought along your bug zapping trap. Now, swat those critters into the trap, and just maybe there will be something left for you to eat for lunch."
"Piece O'Cake","","Region Not Set","","U.S. Games","U.S. Games","1983-01-01","1","No","Action","","Piece Of Cake?--no way!!  So you thought your first day on the job was going to be easy?  Well, you not only have to learn the fine art of baking cakes, but you also have to master it in a big hurry.  This is a production operation, and business is booming!  It's actually a very simple job--at first.  You simply take a freshly baked cake from the oven and drop it on a platter which is moving on a conveyor belt.  Top that with a cherry, and you will be rewarded for your artistic endeavors.  You must stack them correctly however, or--splat!!  As your skill progresses, so does the conveyor speed, so keep cool, and try not to earn the dubious title of ""butterfingers.""  Being a top notch bakery chef requires adeptness and a calm temperament, so if you can't stand the heat, get out of the kitchen!"
"Pigs 'N' Wolf","Oink!","PAL","Australia","HES Interactive","","1983-01-01","1","No","Adventure | Platform","Not Rated","No overview is currently available for this title, please feel free to add one."
"Pigs in Space","Pigs in Space starring Miss Piggy","Region Not Set","","Atari, Inc.","Atari","1983-05-05","","No","","","Prior to starting, players can choose which of the three mini-games they would like to play by selecting the icon for Captain Link, First Officer Piggy, or Dr. Strangepork. Players begin with five lives and receive an extra life at 10,000 points.

Captain Link's level is a Space Invaders clone that finds Captain Link battling egg-dropping chickens. Bonus points can be scored by shooting Gonzo's spinning head as it crosses the top of the screen. Unlike Space Invaders, the alien chickens do not advance to the bottom of the screen, and the game ends either when Captain Link destroys all the chickens, or all of your lives have depleted.

First Officer Piggy's level closely resembles Frogger, in that you must maneuver her up the screen to the Swinetrek before it crosses the screen. Hindering your progress is space spaghetti and meatballs, which fly quickly from the left and right. The meatballs can be eaten if timed right, but if the cosmic pasta hits First Officer Piggy, she tumbles back down the screen. One life will be lost if the Swinetrek is not reached in time. 

The final level is Dr. Strangepork's, who pilots the Swinetrek through a treacherous canyon lined with laser-firing Gonzoids. Destroy the Gonzoids by using the Swinetrek's boomer-ray, a cannon that fires boomerang-like missiles."
"Pinball","","NTSC","Canada","Zellers","Atari","1983-01-01","2","No","Action | Sports","Not Rated","No overview is currently available for this title, please feel free to add one."
"Pirate Special Edition","","Region Not Set","","David Weavil","David Weavil","2007-02-03","1","No","Action","","Arrrrr Matey! X Marks the Spot!

Can you find the treasure of the evil pirate ""Up"" Chuck LeDuc? Beware! His bony corpse wanders the island looking to protect it! Also watch out for snakes and the voodoo priestess!

Use the joystick to move around the island and use your fire button to fight/pick up items or use an item/enter or exit the hut. The window color represents what you are presently carrying (gray - nothing, blue - shovel, yellow - sword, green - shovel & sword). The color of the display in the window shows your health. You start with three hit points (3 - green, 2 - yellow, 1 - red). Snakes have 1 hit point each. The other enemies' hit points are randomly generated. There is a flower growing on the island that will restore your health, but it only works when it is fresh. Only use it when you actually need it!

The treasure is marked by an X and you must have the shovel in your possession to dig it up. Can you find the treasure before LeDuc finds you?

Enhanced version of the second game that is bundled with Phantom II with more colorful graphics and the following changes:

- The earliest proto versions of Pirate had a move counter. This has been reintroduced. It also doubles as your health display (green, yellow, red).
- If you run away from LeDuc he will steal the shovel, sword, or land a hit on you depending on your current inventory.
- Greater likelihood that things will be guarded by snakes.
- Slightly better fight odds when carrying weapons."
"Pitfall","","PAL","Germany","Atari Games","","1982-04-20","1","No","Platform","Not Rated","No overview is currently available for this title, please feel free to add one."
"Pitfall ( Blue Label )","","Region Not Set","","","","1970-01-01","1","No","Action","Not Rated","No overview is currently available for this title, please feel free to add one."
"Pitfall II: Lost Caverns","","NTSC-U","United States of America","Activision","Activision","1984-02-17","1","No","Platform","E - Everyone","Here I am, Pitfall Harry, plummeting toward the dark thunder of rushing water below... and thinking of the night David Crane called. ""I hope you're well rested,"" he had said. Too rested, I said. I was ready for action. He asked if I'd heard tales of the legendary lost caverns of Machu Picchu in Peru. Or of a roaring, uncharted underground tributary of the Urubamba River replete with waterfalls and deadly electric eels. ""Yes,"" I said. He asked if I knew of the infamous, cursed Raj Diamond. Or of the recent robbery of gold bars from the U.S. Gold Bullion Depository in Fort Knox. And had I heard of vampire bats? Poisonous frogs? Albino scorpions? The dreaded Andean condor? ""Yes,"" I said. And could I still run? Climb? Jump? Could I... swim? ""Yes. Yes. Yes. Yes."" ""Good,"" said Crane. ""Then you'll do it?"" ""Of course,"" I said. If only I had known..."
"Pitfall!","","NTSC-U","United States of America","Activision","Activision","1982-09-02","1","No","Platform","E - Everyone","Pitfall! is a 1982 Atari 2600 video game developed and released by Activision in the USA on September 2, 1982.

Pitfall! is a video game set in a jungle where the player controls Pitfall Harry, a fortune hunter and explorer. Pitfall! has been characterized as a platformer by Nick Montfort and Ian Bogost, the authors of Racing the Beam. Similar to Superman (1979) and Adventure (1980), the game does not feature side-scrolling and instead loads one screen at a time, with a new screen appearing when the player character, Pitfall Harry, moves to the edge of the screen. The goal is to get Harry as many points as possible within a twenty-minute time limit. The player starts the game with 2,000 points and can collect a total of 32 treasure hidden among 255 scenes to increase their total, ranging from a money bag worth 2,000 points to a diamond ring worth 5,000 points.

Pitfall Harry moves left and right and can jump over and onto objects, swing from vines, and climb up and down ladders to seek treasure and avoid danger. The player can lose points from hazards, such as falling down a hole or colliding with rolling logs. The player starts with three lives and loses one if they sink into quicksand, swamps or tar pits, running into fire, or are hit by a scorpion, cobra rattler, or crocodile."
"Pizza Chef","","Region Not Set","","CCE","","1983-04-01","","No","Life Simulation","","Try this fun pizza making game. You have a limited time to make an eight-ingredient pizza. For this, you should get the right ingredients and in the same order as they are listed – and also the aproppriate utensils. When you finally put everything at the eight preparation tables, take the pizza to a hot oven to bake. If you manage to do it all, congratulations! Try all the 25 recipe variations and show your skills and technique in pizza making."
"Planet of the Apes","","Region Not Set","","","","1983-01-01","1","No","Action","Not Rated","You play the role Col. George Taylor (who looks a bit like Pitfall Harry's long lost brother).  Your mission is to guide Col. Taylor through a series of screens as he avoids an army of apes and makes his way towards the Forbidden Zone.  There are three different kinds of apes in this game, and they all move in a straight line across the screen from right to left.

- Chimpanzees - These little guys are harmless and can be touched without fear.  Shooting them is worth 3 points.
- Orangutans - Orangutans are a bit bigger and a lot more dangerous than the Chimpanzees.  Touching them will get you captured and cost you 1 life unit.  Shooting a Chimpanzee is worth 200 points.  
- Gorillas - Gorillas are the most dangerous of all the apes.  Not only can they capture you, but they can shoot at you as well.  Being shot will cost you 2 life units and shooting them is worth only 42 points!
 
At the top of the screen you see two counters, L and E.  L is your Life counter, you start with 60 life points and if you lose them all the game ends.  The E is your Escape counter, this is the number of times you can escape from the cage or pit.  If you run out of escapes your character will be trapped forever (effectively ending the game)."
"Planet Patrol","","Region Not Set","","Spectravision","Spectravision","1983-05-05","","No","Shooter","","Planet Patrol is a side-scrolling shooter in the vein of Defender and Chopper Command, you must pilot your ship over your planet day and night, shooting down enemy craft and avoiding their missiles.

There are a few different stages in Planet Patrol. In stage one, your ship, located on the right side of the screen, can move up and down as you fly to the left, shooting at enemy spacecraft and dodging enemy fire. At the end of this stage a black ship appears, which you must dock with in order to land and refuel."
"Plaque Attack","","Region Not Set","","Activision","Activision","1983-05-05","2","No","Adventure","","In Plaque Attack, your goal is to protect a mouthful of teeth from a variety of incoming foods! You control a tube of fluoride toothpaste, and you need to shoot the attacking foods before they can decay the teeth located at the top and bottom of the screen. Hamburgers, hot dogs, gum drops, strawberries, donuts, ice cream cones and more will all appear from the sides of the screen and make their way towards the teeth. If a food item reaches a tooth and is allowed to remain there for too long, the tooth will decay and disappear. The game ends when all of the teeth have decayed and disappeared."
"Pleiades","","Region Not Set","","AtariAge","UA Limited","1983-04-02","1","No","Shooter","","Hostile aliens are looking for trouble--and they've found you! Race to your spaceship, it's time to defend against wave after wave of alien invaders, attack the mother ship, and weave through a tight runway of parked spacecraft! If you survive to the end, get ready, because it's not over yet. They'll be back--and faster than ever! Are you ready to take on PLEIADES and save the galaxy?

Pleiades is a port of the Centuri arcade game of the same name. It was programmed by UA Ltd., the same company that programmed all the games for the Emerson Arcadia 2001. Pleiades features three unique waves of action and seems to be nearly complete in terms of programming. It's unknown why this game (and the other UA prototypes) was never released commercially."
"Poker Plus","","Region Not Set","","Sears, Roebuck and Co.","Atari","1977-01-01","4","No","Action","Not Rated","No overview is currently available for this title, please feel free to add one."
"Poker Plus [Picture Label]","","NTSC","United States of America","","","1970-01-01","1","No","Board","Not Rated","Sears Tele-Games branded version of Poker Plus with a picture label"
"Poker Squares","","Region Not Set","","","","2005-01-01","1","No","","","In Poker Squares your goal is to place 25 playing cards (from a deck of 52), one at a time, in a 5x5 grid. Your goal is to make the best ten (or twelve) poker hands, five horizontally, five vertically, and optionally the two diagonals, scoring as many points as possible."
"Polaris","","Region Not Set","","Tigervision","Tigervision","1983-12-31","1","No","Action","Not Rated","You're the commander of a Polaris class nuclear submarine. Your mission is to defend your country from enemy attack.

You must face one to three enemy subs and one to five bombers in a squad. You must destroy the bombers by shooting missiles. After you destroy the bomber squadron, you must face a dive bomber dropping torpedoes that plunge to your depth then move horizontally. After destroying him, you must navigate through a channel, avoiding or torpedoing mines to reach the next level. Occasionally, an enemy destroyer will move across the screen and will drop a depth charge."
"Pole Position","","Region Not Set","","Atari, Inc.","Atari","1983-01-01","1","No","Racing","Not Rated","In this game, the player controls a Formula One race car. The player completes a time trial lap within a certain amount of time to qualify for an F1 race at the Fuji Racetrack. After qualifying, the player races against other cars in a championship race."
"Polo","","Region Not Set","","Atari, Inc.","Atari","1978-01-01","","Yes","Sports","E - Everyone","The history behind this prototype is rather interesting, as it may be the first promotional game ever created.  In 1978 Warner Communications, who happened to own both Atari and Ralph Lauren, assigned Carol Shaw to design a game that would tie-in with Ralph Lauren's new cologne ""Polo"".  It's unknown exactly how the game would be used in the promotion, but it may have been intended to be given away to customers who spent large amounts of money.  Supposedly several prototypes and handwritten instructions were sent to Bloomingdale's in New York, but nothing became of the promotion and Polo went unreleased."
"Polybius","","Region Not Set","","","","2012-09-20","1","No","Action | Shooter","E10+ - Everyone 10+","No overview is currently available for this title, please feel free to add one."
"Pompeii","","Region Not Set","","","Apollo, Inc.","1983-05-04","","No","Adventure","","An incomplete ROM of this game was rediscovered in 2001. Supposedly there was a finished version of the game that was ready to be ported to the Atari 800 by Apollo programmers. The box scan was taken from a prototype shown at the 1983 Las Vegas CES."
"Pong Sports","","Region Not Set","","Sears, Roebuck and Co.","Atari","1975-01-01","4","No","Sports","Not Rated","Pong,  hockey,  soccer,  volley ball,  basket ball for 1-4 players."
"Pooyan","Konami's Pooyan","Region Not Set","","","Konami","1982-05-07","2","No","Adventure","","One day, in the middle of a forest, a group of fierce Wolves attacked the House where a Mother Pig (Mama) and her little Piglets (Pooyans) were living together peacefully. To protect her Pooyans, Mama fought back using arrows and bait, but despite all of her efforts, some of the Pooyans were kidnapped. Full of hate for the Wolves, Mama bravely seeks out the Wolves' Lair to rescue her Pooyans. Will she succeed in overcoming the Wolves and bringing her Pooyans back home?"
"Popeye","","Region Not Set","","Parker Brothers","Parker Brothers","1983-01-01","1","No","Platform","Not Rated","In this game, you're POPEYE! And your goal is to catch all of Olive's hearts, notes, and ""Xs""  (smooches!) before they hit the water and sink--or before Brutus or the Sea Hag's bottles knock you overboard.  Each time you complete a round, you'll automatically proceed to the next--and more difficult one."
"Porky's","","Region Not Set","","20th Century Fox","20th Century Fox","1983-01-01","1","No","Adventure","T - Teen","Revenge is sweet - and the objective of this game is to ""get it.""  Your task is to help Pee Wee blow up Porky's bar and obtain as many points as possible."
"Power Lords: Quest for Volcan","","NTSC","United States of America","NAP Consumer Electronics Corp.","NAP Consumer Electronics Corp.","2011-03-01","1","No","Shooter | Unofficial","E10+ - Everyone 10+","""Out there, in the deepest reaches of space, looms a craggy chunk of age-old granite...the might Volcan Rock, now held by some of the most deadly aliens. It is up to you to activate all the anti-alien weapons and devices. 
Your task is to help Adam Power, Leader of the Lords, fight the laser-eyed Space Serpent that guards the entrance to Volcan Rock. But be careful, there's more danger lurking. Once inside, you must flight the fiery attacks of the evil Arkus. And even more scary, the attacks of the deadly accurate aliens.""

NR Prototype, 1983
Acquired, dumped and released by ""CPUWIZ"" in 2011."
"Power Off!","","Region Not Set","","Ebivision","Ebivision","2004-01-01","1","No","Action | Platform","","Robots took control of the system.  Deactivate all the energy pills to switch off the computer!

The game was originally called Escape from Supercade and was to be released in conjunction with a video game book called Supercade. The game was shown at CGE2K, and copies were promised by the book’s editor Van Burnham to both the winner of a high score contest, as well as 100 raffle ticket winners. Soon after the book’s release, the author refused to reply to emails or fulfill prior promises. Ebivision eventually decided to release their game under a different name.

Hozer Video Games held a contest for this game for the first person to find the secret message that appears when you finish the game. The winner received $50 and a game of his/her choice."
"Prehistoric Times","","NTSC","United States of America","Hozer Video Games","","2008-01-01","1","No","Action | Adventure | Unofficial","Not Rated","No overview is currently available for this title, please feel free to add one."
"Pressure Cooker","","Region Not Set","","Activision","Activision","1983-01-01","2","No","Action","","Business is booming at ""The Grille"". Hamburger orders are just pouring in. But back in the Assembly Room, the Food Dispenser is pouring out condiments everywhere. Help Short-Order Sam fill each order with the proper combination of tomatoes, onions, lettuce and cheese. And don't forget the bun! Then, rush the completed orders to the Wrapping Room fast. Alright cooks, grab your spatulas!"
"Pressure Gauge","","Region Not Set","","HomeBrew Software","John K. Harvey","2000-04-01","","No","Puzzle","","Pressure Gauge is a game that was written back in 2000 as a college exercise by John K. Harvey. It's not much to look at graphically, but this game is a ""twitch"" game that just may have you reaching for the reset button for ""just one more round"". The game was inspired by a mini-game in the Playstation title ""Brave Fencer Musashi"".
Gameplay is simple. The initial screen says ""Pressure Gauge""; from here, you can hit select to see the first homebrew attempt at a scrolling text demo (which would later be reformulated and released as StickyNotes), or you can hit the reset button to start the game. A little song will play, and you're on your way! The interface is as simple as can be-- it only uses the button. Push the button precisely when the leftmost ""filling gauge"" is lined up with the ""range"" on the left of it. Get within range, and you'll be rewarded-- slightly. The second gauge will fill up, just a little bit. You need to have a certain amount of successes in order to fill the second gauge all the way to the top, to advance to the next level. A miss results in the second gauge decreasing slightly, so you need quick skills to fill up the second gauge completely in order to advance to the next level. The rightmost bar counts down on time; run out, and it's game over!"
"Princess Rescue","","Region Not Set","","","","2013-07-31","1","No","Platform","E - Everyone","Oh No! BJ is at it again!

Will he ever learn? Better yet, will the princess? It seems like you can usually mark on the calendar when this is going to happen. Yes, once again BJ and his minions have managed to steal away the kingdom's most beloved princess and it's up to you to rescue her...again. It never fails. As par for the course, BJ will be sending out his followers to stop you from completing your task, but they can be defeated. The kingdom is filled with lots of magical stones that contain power or items that you can use along your way to help rescue the princess. Why BJ hasn't gotten rid of them by now is anyone's guess. So venture out and once again restore order to the kingdom!

Save the Princess in this familiar platform game through 16 challenging scrolling levels! Collect Power-Ups and other items to help you complete your quest while avoiding, jumping, kicking, or whatever other method to get by the boss' minions along the way. Watch out as you finish the castle stages as the ruthless boss comes in to try to do you away. Succeed and the Princess will be forever grateful."
"Private Eye","","Region Not Set","","Activision","Activision","1983-09-19","1","No","Action","Not Rated","You choose from five different cases to work, each with its own requirements. For example, the first case, ""Safecracker Suite,"" requires you to locate the gun used in a crime and have it verified at the gun store, then locate stolen money and return it to the bank and then capture Henri Le Fiend and turn him into the police station. You have only a limited amount of time before the statute of limitations runs out and Henri Le Fiend gets away.

Hindering your investigation are a number of obstacles, including potholes, falling objects, unfriendly animals, and knife-throwing thugs, to name a few.

You drive around the city in your modified 1935 Model A, which can jump as high as two stories. It can also make 90 and 180 degree turns on a dime. When you make the car jump, you also launch yourself out of it, enabling you to nab suspects in upper story windows."
"Punch-Out!! 2600","Punch-Out!!","NTSC-U","United States of America","itch corp","","2023-03-30","1","No","Fighting | Sports | Unofficial","Not Rated","A demake of the NES Punch-Out!! can run on the Atari 2600!
Features 5 fights: Glass Joe, Piston Honda, King Hippo, Great Tiger, and Super Macho Man!

by MathanGames"
"Pursuit of The Pink Pather","","NTSC","United States of America","NAP Consumer Electronics Corp.","NAP Consumer Electronics Corp.","2019-10-11","1","No","Action | Adventure","E10+ - Everyone 10+","The Pink Panther is up to his old tricks again in this hilarious single player action game. Use your joystick controller to maneuver the Pink Panther as he sneaks and slinks his way through three levels, attempting to outwit the hapless Inspector. Get past Clouseau, and face your final challenge: To dangle precariously from a swinging rope, steal the Pink Panther diamond, and escape unnoticed."
"Pygmy","","PAL","Germany","","","1970-01-01","1","No","Adventure","E - Everyone","Embark on a riveting pixelated adventure with Pygmy, an Atari 2600 game that transports you to a world of tiny wonders! As a courageous pygmy explorer, navigate treacherous landscapes, battle inventive enemies, and solve mind-bending puzzles to uncover ancient secrets. With its charmingly simplistic graphics and addictive gameplay, Pygmy invites you to rediscover the joy of classic gaming. So grab your joystick and prepare for a pint-sized journey like no other!"
"Pyramid War","Wüstenschlacht","Region Not Set","","QuelleSoft","","1983-01-01","1","No","Flight Simulator","Not Rated","No overview is currently available for this title, please feel free to add one."
"Q*bert","","Region Not Set","","Atari, Inc.","Parker Brothers","1984-01-01","2","No","Puzzle | Platform","Not Rated","Q*bert is an isometric platform game with puzzle elements where the player controls the titular protagonist from a third-person perspective. Q*bert starts each game at the top of a pyramid of cubes, and moves by jumping diagonally from cube to cube. Landing on a cube causes it to change color, and changing every cube to the target color allows the player to progress to the next stage."
"Q*bert [Red Label]","Q*bert [Reissue]","NTSC","United States of America","Atari, Inc.","Atari","1988-01-01","1","No","Action","Not Rated","1988 release version"
"Q*Bert Arcade","","Region Not Set","","","","1970-01-01","2","No","Action","Not Rated","No overview is currently available for this title, please feel free to add one."
"Q*bert's Qubes","","Region Not Set","","Parker Brothers","James Wickstead Design Associates","1984-04-01","","No","Platform","","This time out, Q*bert hops around suspended qubes whose sides change colors as he goes. Match to blue on one side... now quickly... match to green on another. Hit the target colors and win the round! Sound easy? Not with the likes of Rat-a-tat-tat the dirty rat in pursuit. Or flat-footed Meltniks, plummeting Purple Balls, and Shady-eyed Shoobops! There are bonus rounds that keep things rolling and difficulty levels of unquestionable challenge."
"Qb","","Region Not Set","","Xypr","Andrew Davie","2001-03-01","1","No","Puzzle","E - Everyone","Qb was originally written for the Atari 800 by Andrew Davie back in 1984. Many years later, Andrew decided to port the game over to the 2600, and he finished his project in March 2001. The PhillyClassic Edition, limited to 50 copies sold only at the PhillyClassic 2001, was the first release of Qb. The object of Qb is to move the blocks around in the lower frame so that they match the upper frame. You can only jump between blocks when they are adjacent, otherwise you can only push them around. Fruit appears that you can jump on for points, but watch out for the monsters. 

In early 2002, AtariAge sponsored a contest to create a label for the limited run Qb Special Edition. The winning label was created by David Exton, and you can view all the submitted labels (over 100!) as well as the contest details on the Qb Label Contest page."
"Quadrun","","Region Not Set","","Atari, Inc.","Atari","1983-01-01","1","No","Shooter","E - Everyone","Quadrun is a video game for the Atari 2600 developed by Steve Woita and published in 1983 by Atari, Inc..[1] One of the four Atari Club games available exclusively via mail order, this title may have been available later in stores in very limited quantities. This is one of the rarest games from Atari, as only approximately 10,000 were initially made. Quadrun is the first Atari 2600 game to feature voice synthesis (""Quadrun! Quadrun! Quadrun!""); the only other is Open Sesame, made by Bit Corp.[2][3][4]"
"Quest For Quintana Roo","","Region Not Set","","Sunrise Software, Inc.","VSS, Inc.","1983-01-01","1","No","Action","","Yucatan Sam explores the temples of Quintana Roo searching for the keys to open the ceremonial vault and acquire the riches inside."
"Quick Step","","Region Not Set","","Imagic","Imagic","1983-08-01","2","No","Action","","Quick Step! is a unique take on the Q*Bert formula by adding two player action and a more frantic pace. You are a kangaroo who loves to paint trampolines green. However, a squirrel likes to paint them blue. Naturally, this can result in some hectic competition between the two. Jumping on one of the trampolines will turn it the color of your character and earn you points. During the game the trampolines scroll down to the bottom of the screen before they disappear. Naturally, you must avoid being on a trampoline when it disappears, otherwise you will lose a life.

Occasionally, you may find a special square that will cause your character to flash. If you jump onto a trampoline where the other character is, they will be stunned briefly, giving you an opportunity to make them lose a life. What is truly unique is how the computer player also has a limited number of lives just like the human player does. After one player loses all of their lives, the other player is awarded extra points for his or her remaining lives. If you want to get big points, you have to adopt a different strategy to avoid having your opponent lose all their lives. Truly a unique and fun experience, although the game can be frustrating to play against the computer as you'll find it easy to stay alive longer than the computer."
"QYX","","Other","United States of America","AtariAge","John W. Champeau","2023-01-01","2","Yes","Action | Strategy","E - Everyone","The classic arcade game QYX has finally made its way to the venerable Atari 2600, thanks to the arcade experts at Champ Games! Your goal in QYX is to draw lines to complete rectangles that close off portions of the initially empty playfield. Once you have closed off a sufficient percentage of the playfield, you can then proceed to the next level!

This version of QYX accurately reflects the original arcade game, but also adds new features, including two-player co-op game modes! These modes allow two players to enjoy QYX simultaneously! And there's a new Challenge Mode that, along with being the most difficult mode, adds two new features to QYX: POWER-UPS and the SUPER FUSE!

Gameplay

Your objective in QYX is to claim as much playfield as possible, using your MARKER to draw STIX without getting in the path of the spinning QYX, all the while avoiding the traveling SPARX. A minimum percentage of playfield must be claimed before moving on to the next screen.

Guide your MARKER around the grid and claim enough of the open area to move to the next level. Watch out for the unpredictable QYX and the SPARX that move along the grid, as they will destroy your MARKER on contact.

While drawing STIX to claim an area, don't stay still for too long, or the FUSE will be in hot pursuit! Be sure not to corner your MARKER in a SPIRAL DEATH TRAP!

Claim enough of the playfield to advance to the next level, where you'll encounter more QYX and faster SPARX.

Do you have the skills to clear all 99 levels and add your name to the list of Ultimate QYX Kickers?"
"Rabbit Transit","","Region Not Set","","Starpath Corporation","Starpath Corporation","1983-01-01","","No","Action","","You are a rabbit who is just trying to get to where you can get a mate and make like a mathematician by multiplying. First you must get through the meadow and across the ledges without losing life and limb.

You start in a screen called The Mysterious Meadow. You must hop from the top to the river, landing on the turtle while avoiding snakes and choppers that will lose you a life and butterflies that will send you back to start. Do not dally as you are timed and if time runs out, you lose a life. Once you get to the turtle, he will take you to The Land of Ledges. Here you must hop from ledge to ledge and change their color, ala Q*Bert. Beware of the man at the top of the screen, as he will drop stones that will lose you a life. In later levels, he will change some ledges back to their original color, forcing you to retrace your steps. You are still timed so don't delay. After you finish The Land of Ledges, it is off to The Bunny Bushes. This is just a cinematic of you finding a mate and family. You can skip this if you press fire. Then the game starts back at the beginning, but more difficult this time!"
"Race","","Region Not Set","","Sears, Roebuck and Co.","Atari","1970-07-30","2","No","Racing","Not Rated","No overview is currently available for this title, please feel free to add one."
"Racing Car","","Region Not Set","","","","1983-01-01","1","Yes","Action","Not Rated","No overview is currently available for this title, please feel free to add one."
"Racing Pak","","Region Not Set","","Atari, Inc.","Atari","1982-01-01","2","No","Racing","Not Rated","TWO HIGH-PERFORMANCE RACING GAMES WITH SPECIAL DRIVING CONTROLLERS

Get ready to test your top-speed driving skill. Accelerate and move into the fast lane for the ultimate chase. This great racing formula includes SLOT RACERS™ and INDY 500 and the DRIVING CONTROLLERS, all at one dynamite low price."
"Racquetball","","Region Not Set","","Apollo, Inc.","Apollo, Inc.","1981-01-01","2","No","Sports","","You are a racquetball player, and you have accepted the challenge of a formidable opponent. Both combatants enter the arena through the opening in the wall, and the frenzied game begins with the crack of the racquet against the first ball. The pace is fast and furious as the ball recoils from the backboard at ninety miles per hour. Are you fast enough to react in time to return the ball? Can you endure the fast pace and vanquish the opponent? If you are willing to try, it will leave you as breathless as a real game on a real court. WARNING: Don't let your opponent ace you..."
"Radar","","Other","Canada","Zellers","Zellers","1983-01-01","1","No","Action | Shooter","E - Everyone","A Zellers reissue for Atari 2600... or as the rest of the world might know it better as, Cruise Missile."
"Radar Lock","","Region Not Set","","Atari, Inc.","Atari","1989-01-01","1","No","Shooter","","You're locked in fight-to-the-death air combat with the enemy!  You may be outnumbered -- somehow you've been separated from your buddies -- but this is far from your first mission.  You've been flying your trusty little delta-wing fighter for more months than you care to remember."
"Raft Rider","","Region Not Set","","U.S. Games","U.S. Games","1982-06-01","1","No","Action","","White water everywhere! And hidden in the strong current are any number of dangers lying in wait to capsize your log raft. Your mission is to make your way downstream as far as possible, avoiding treacherous rocks, feisty moose, and sections of tree which have been cut down by a pesky beaver. Skillful maneuvering is not without rewards, however, because there are also gold nuggets appearing in the river, which, when touched, can be accumulated to extend your trek into the wilderness."
"Raiders of the Lost Ark","","Region Not Set","","Atari, Inc.","Atari","1982-01-01","1","No","Action","","You and Indiana Jones have a mission: Find the lost Ark of the Covenant. To find the Ark, you must travel to ancient Egypt and follow clues that lead to the Well of the Souls. Use Indy's bullwhip and your own wits to get out of danger - and watch out for snakes!"
"Rainbow Invaders","","Region Not Set","","Silvio Mogno","Silvio Mogno","2006-01-01","1","No","Action | Shooter","","It's the year 3006, and the evil “Rainbow Invaders” from the planet “Pacco”, are headed to Earth! They look like the ridiculous aliens depicted in 1980’s arcade games, but are extremely dangerous and their goal is to exterminate all humans! You command a fleet of spaceships and you must defeat all of the Invaders to save Earth! Good luck! 

Rainbow Invaders is a new Space Invaders style game for the Atari 2600 from Italian developer Silvio Mogno. While many games of this nature have been released for the 2600 (to say nothing of the countless Space Invaders hacks), Silvio's game adds a breath of fresh air to the genre. Yes, you are shooting at descending waves of alien invaders, attempting to finish them off before they reach the ground. However, the aliens also periodically drop one of 16 random Special Shots, some of which will help and some of which will hinder your efforts if you catch them. Your ship also features a shield that will make you invulnerable for a few seconds, at the expense of not being able to fire again right away."
"Ram It","","Region Not Set","","Telesys","Telesys","1983-01-01","2","No","Action","","EEEEEK! Green is going wild! Red on your right! Blue at your back! Yipes, yellow!

Quick! Jam it, slam it. Ram It! Put your Ramroid into action and rifle away. Strike a color and it plays a looney 'lectronic tune. Bash the bonus bar and you'll win big.

Ram It! It's a rainbow race against time. A contest between color and claustrophobia. A medley of musical mayhem.

Do you have the rare skill and rapid reflexes it takes to repulse these rainbow raiders?

Play it to the max and you might!"
"Rampage","","Region Not Set","","Activision","Activision | 																Bally | 																Midway","1989-05-02","1","No","Action","Not Rated","George, Lizzy and Ralph were just ordinary Americans, until an experiment went wrong, turning them into a Gorilla, Lizard and Werewolf respectively. Following this, the three of them plan to go round destroying buildings, and up to 3 human players can join in.

Smashing at the edges of the buildings for long enough will make them collapse. The police and military are after you, and will shoot at you, so try to destroy them (failing that, you can avoid the bullets). You will need to eat regularly, with things like plants on offer, to avoid shrinking back to being human"
"RAPTOЯ","RAPTOR","NTSC","United States of America","","","2022-03-05","1","No","Action | Unofficial","E10+ - Everyone 10+","**RAPTOЯ PROGRAM CANCLED**
COST AND TECHNICIAL ISSUES CITED AS REASONS

APRIL 1, 1984-WASHINGTON, DC
The United States Air Force today announced the cancelation of its highly classified RAPTOЯ program, citing cost overruns and technical obstacles. Considered to be the next generation of aerial force in close contact operations, the RAPTOЯ was a small single-piloted quadcopter designed for both reconnaissance and battle missions. Through its armaments were classified by the Pentagon, sources say it was equipped with a powerful and experimental rapid-fire laser beam. These same sources also revealed that the new weapon technology was the main culprit behind the RAPTOЯ's technical problems, as the laser was prone to overheating and damaging the aircraft.

...

A convoy of enemy vehicles is smuggling blutonium, an energy-rich component of nuclear weapons. Set in a desert landscape, the mission is to destroy all enemy combatant using the RAPTOЯ's rapid-fire laser with advanced targeting system and two smart bombs, referred to as boomerang bombs.

The simulation is set up in waves, with each successive wave getting progressively more difficult. The first part of each wave is the enemy convoy. Each convoy is followed by an encounter with its forward command vehicle, a larger and more formidable opponent. Starting with the second wave, the convoy harbors the blutonium trucks.

The simulation starts with five allowable enemy escapees, indicated by the escape monitor. If an enemy convoy vehicle escapes, the escape monitor is decremented once. If a forward command vehicle is allowed to retreat, the escape monitor is decremented twice. When the escape monitor reaches zero, the simulation is over."
"Raster Fahndung","","Region Not Set","","Simon Quernhorst","Simon Quernhorst","2007-01-01","2","No","Puzzle","","Raster Fahndung is a puzzle game where you must locate patterns of 6 by 6 squares inside a playfield of 32 by 20 squares. Sounds simple enough in theory, but with the timer ticking down in the background you don't have the luxury of carefully scrutinizing the playfield to locate the patterns! And when you sneak a peek at the pattern (by pressing the fire button on your joystick) the timer counts down even more quickly!

The game starts with the creation of a random playfield consisting of 32 by 20 squares. Your cursor is located in the middle of the board. Push and hold the fire button to display the 6 by 6 pattern you must match on the playfield. You can use the joystick to move your cursor in all directions. Your cursor points to the top left corner of the 6 by 6 search pattern. Press the fire button when you believe you have found the correct position. If you are right, you'll receive points. If you are wrong, the required pattern is displayed again.

In a simultaneous two player game, both players must locate the same pattern, but each player can view the required pattern individually. The player who finds the correct position first receives one point. The two player game ends when the countdown timer reaches 0 or when one player manages to reach 9 points.

The left difficulty switch allows you to choose the game timing mode. ""Easy / A"" selects the fixed time limit per level, starting at 90 and decreasing by 5 per level until the minimum of 20 seconds is reached. All following levels offer 20 seconds. The timer on the ""Hard / B"" setting starts at 90 seconds and you have to find as many patterns as possible within this period.

How many patterns can you find before the timer expires?"
"Raumpatrouille","UFO Patrol","PAL","","","","1983-01-01","1","No","Action","Not Rated","Raumpatrouille/UFO Patrol is a shoot 'em up developed by Quelle for the Atari 2600 platform."
"Raumroboter","","PAL","Germany","Taiwan - Cooper Black","Taiwain Cooper","1970-01-01","2","No","Action","E - Everyone","Graphical and gameplay hack of Atari 2600 Missile Command.

The player has unlimited laser missiles to destroy the enemy. The enemy has exploded wave and space robots before they land and destroy the base.

Points:
Points are awarded for each destroyed robot.

Control:
The player moves the laser with the joystick, pressing the button fires it.

Game variants:
Two players, 34 games."
"Reactor","","Region Not Set","","Parker Brothers","Parker Brothers","1982-01-01","1","No","Action","Not Rated","Reactor is a conversion of the arcade game. You control a space ship inside a nuclear reactor which you are trying to stop from melting down! The reactor core at the center of the screen is surrounded by a deadly kill wall. Roaming throughout the available space are positrons, neutrinos, and photons, all of which will be trying to knock your ship into the wall. To survive you will need to knock all of these attacking particles into the kill wall to destroy them. As each level progresses, the reactor core will slowly grow in size, making less and less room to maneuver in. Eventually the reactor core will melt down; to prevent this, you need to destroy all of the particles before time runs out! To help out, you start the game with a limited number of decoys. When a decoy is placed on the screen, all of the particles will be attracted to it instead of your ship. If you place the decoy close enough to the kill wall, this will make it easier to destroy the particles. Also inside the reactor are two sets of control rods (located on the left and right sides of the screen); If you destroy an entire set of rods by knocking the particles into them, the reactor core will shrink down in size, giving you more time for your battle. If you destroy both sets of rods, you earn an extra decoy."
"RealSports Baseball","","Region Not Set","","Atari, Inc.","Atari","1982-01-01","","No","Sports","","Join the Atari Aces in the World Series of video baseball--RealSports BASEBALL!  It's a hot day in the ballpark--you can see the hot dog and soda pop vendors making their way up and down the bleachers.  The crowd roars after each pitch, and filling the stadium is the sound of ""STEERIKE!  YOU'RE OUT!"" Down on the field it's a different story--just you and the pitcher facing each other in an enormous diamond of brown and green.

The roar of the spectators fades into the distance as the pitcher winds up. His arm arches back, his leg goes up, and...THUNK!  The ball flashes by and hits the catcher's glove at 90 miles an hour.  ""STEERIKE!""  Another windup, another 90 mile an hour fastball, and ""STEERIKE TWO!""  Gripping the bat tightly, you stare down at the pitcher, see him wind up, and watch as the ball seems to float in slow motion down the field toward you.  Everything falls into place as you swing with perfect timing, feel the contact, and see the ball sail over the right fielders outstretched glove and over the wall.  HOME RUN!"
"RealSports Basketball","","Region Not Set","","Rokland","Rokland","1983-01-01","2","No","Sports","Not Rated","RealSports Basketball is an unreleased prototype developed by Atari, which would have filled out Atari's RealSports lineup nicely (Baseball, Football, Soccer, Tennis, and Volleyball titles were released). This version of the game is about 90% complete and fully playable. A version of this game with box, manual, and cartridge was sold at the 2002 Classic Gaming Expo."
"RealSports Boxing","","Region Not Set","","Atari, Inc.","Atari","1988-10-01","","No","Sports","","Released later in the life of Atari's industry-shaping 2600 console, RealSports Boxing puts the player in the role of an up-and-coming boxer. Enter the squared circle to face off against a friend or a computer-controlled opponent. Throw quick jabs and hard body blows until there's only one man left standing.

Watch out for Lefty O'Leary's brutal technique. Beware Jabbin' Jack's lightning quickness. Players pummel their way up the ladder, each victory leading to a more challenging adversary, until their boxer makes it to the top. Proven pugilists can then defend the coveted championship against a slew of fierce contenders."
"RealSports Football","","Region Not Set","","Atari, Inc.","Atari","1982-01-01","","No","Sports","","RealSports Football is a one or two-player football simulation played on a horizontal scrolling field, with five players on each team. As in real football, the goal is to march down a 100-yard field using a combination of passing and running plays. There are three ways to score: crossing the defensive team's goal line is a touchdown worth seven points, kicking the ball through the defense's goal post is a field goal worth three points, and tackling the ball carrier inside the end zone is a safety worth two points."
"RealSports Soccer","","Region Not Set","","Atari, Inc.","Atari","1983-05-04","2","No","Sports","","RealSports Soccer is Atari's second attempt at a soccer game for the Atari 2600. You can choose from one of 12 different games, and play either solo or against a friend as you pass and shoot your way to victory (or defeat).

Each team has three players with a specific area of the field to cover. A game lasts five or nine minutes and can be played on one of three difficulty levels, with each increasing the speed of gameplay and skill of the computer players."
"Realsports TENNIS","","PAL","United Kingdom of Great Britain and Northern Ireland","Atari, Inc.","","1983-04-01","2","No","Sports","Not Rated","RealSports Tennis is a tennis simulation video game developed and published by Atari, Inc.
Before the game starts, players have to name their character, a first for an Atari 2600 game and choose between one and two player mode and the two pre-set difficulty levels (""slow"" and ""fast"").
In the game, one player with a blue shirt plays tennis against an AI enemie portrayed by a non-player character (NPC) with a red shirt. In the two-player mode, one player competes against another player local. Players can move vertically and horizontally on the map. With the one button on the Atari 2600 controller, players make the serve. Every further shot is automatic if the ball has physical contact with the player. For every ball that falls on the opposing playing field, players get 15 points which they can see at the top part of the screen. After they reached 30 points, they only get 10 points for each other ball. After 40 points, they won one round. The number of rounds won goes up to 6. After winning 6 rounds, a new pile is opened at the top part of the screen which again goes up to 6. The first player who won two piles of 6 rounds wins the game.

The ball is larger in the NTSC version than the PAL version."
"RealSports Volleyball","","Region Not Set","","Atari, Inc.","Atari","1982-01-01","2","No","Sports","","RealSports Volleyball for the Atari VCS does a nice job simulating two-on-two beach volleyball, complete with ocean view, a setting sun, and a roaming shark. The computer players are challenging, and trying to line up a player under the ball's shadow can be tricky. However, two drawbacks somewhat diminish gameplay: both players must be controlled simultaneously, meaning sometimes neither player can quite reach the ball; and players can't jump to block a spike."
"Red Sea Crossing","","Region Not Set","","","Steve Stack, Inc.","1983-05-01","","No","Adventure","","Red Sea Crossing was created by an independent programmer in 1983 and was discovered by the seller at a garage sale in 2007. “It turns out this game was not even known to exist until I found it,” the seller wrote in the auction’s description. “An AtariAge member used the internet to track down the programmer and I spoke with him and got some more information. He said from what he could remember he advertised it in a local religious magazine but couldn't remember the name. In August of 2011 another AtariAge member found the original ad laying to rest that the game was indeed released in 1983.”"
"Reflex","","NTSC","","","","2005-08-22","2","Yes","Action","E - Everyone","""It delivers breakout-style action for one or two players in three exciting modes of play! However, unlike other breakout-style games, you control two paddles that move around the playfield opposite each other. This new twist will certainly put your reflexes to the test!"""
"Reindeer Rescue","","Region Not Set","","Bob Montgomery","Bob Montgomery","2006-01-01","1","No","Adventure","","Reindeer Rescue is the ""unlimited"" release of the 2005 Holiday Cart.

Reindeer Rescue is an original homebrew game written by Bob Montgomery, author of the captivating homebrew game Go Fish! In Reindeer Rescue you must help Santa rescue his lost reindeer in a journey that has you starting at the North Pole, racing through frozen tundra, ice caves, suburbia, and the big city! But Santa is not the athlete he used to be (1943 state champion in 400m)--he has grown a little...girthy...around the middle. His doesn't have quite the energy he used to, and if it drops too low he'll fail in his task! Along the way Santa will encounter many objects in the air and on the ground--some will help and some will hinder, so be careful!"
"Rescue Bira Bira","","Region Not Set","","Gray Games","Hozer Video Games","1997-01-01","","No","Action","","Hack of Jungle Fever"
"Rescue Terra I","","Region Not Set","","VentureVision","Venture Vision","1982-07-14","1","No","Shooter","","We have a serious problem on Terra I. The colonies sole purpose is to mine Zenbar Crystals which are used for 72% of Earth's energy production. Mining dangers plus security needed to safeguard crystal shipments required the creation of the most complex computer-controlled robotics system ever devised. This system had been doing a tremendous job. But... something is wrong. Crystal shipments have stopped, and returning crystal freighters have been destroyed by Terra I's own planetary defense system..."
"Retro Game Quest","","NTSC","United States of America","","?","2015-01-01","2","No","Action | Adventure","E - Everyone","Oh no! Ghosts have strewn John's 8 rarest carts across the kingdom!  Don your beanie copter and put the games back into their respective consoles.  You must accomplish this before the magic timer fills up to 41."
"Return To Haunted House","","Region Not Set","","","","2005-01-01","1","No","Adventure | Horror","Not Rated","The object of the game Return to Haunted House is to find the skull of old man Graves and return it to the crypt under the cemetery by utilizing various keys and tools to explore the house and avoid the ghosts."
"Revenge Of The Apes","","Region Not Set","","","Retrodesign","2003-05-01","","No","Action","","Planet of the Apes, later released as Revenge of the Apes, is a video game originally developed in 1983 by 20th Century Fox for the Atari 2600. Planned as the Planet of the Apes franchise's first video game, it was still in the prototype phase when Fox shuttered its game division during the video game crash of 1983. It went unreleased and was assumed lost until 2002, when collectors identified a mislabeled cartridge as the missing Planet of the Apes game. It was completed and released as Revenge of the Apes by Retrodesign in 2003."
"Revenge of the Beefsteak Tomatoes","","Region Not Set","","20th Century Fox","20th Century Fox","1983-01-01","","No","Action","","Your objective is to trap the Tomato Plants at the bottom of the screen by building three walls above them.  At the same time you must avoid or shoot down all flying Tomatoes, dodge Tomato Bombs and stop the Brick-Eaters."
"Riddle of the Sphinx","","Region Not Set","","Imagic","Imagic","1982-01-01","","No","Action","","These are dark times.  Death's long shadow rests across the Valley of the Kings.  Anubis, jackal-headed god of the dead, has cast his curse over all of Pharaoh's kingdom.  A plague of scorpions and hordes of thieves lie thick upon the land.  O hear the thin whine of despair! 

Sing of Pharaoh's Son, all hail the Prince of Egypt! Deliver us from this curse! Brave the dangers of the desert. Seek the answer to the Riddle of the Sphinx. Pay Anubis' ransom with your treasures, O cunning Prince of Wiles. Reach the Temple of Ra, source of light and life. 

Pharaoh's heir--be wise, be wily--and beware!"
"River Patrol","","Region Not Set","","Tigervision","Tigervision","1984-01-01","1","No","Shooter","","You are captain of the boat trying to make it upriver while saving the drowning people lost in one of the nine rivers. The more people you save the more points you score, but your boat leaks so watch your water gauge."
"River Raid","","NTSC-U","United States of America","Activision","Activision","1982-12-18","2","No","Action | Shooter","E - Everyone","River Raid is a 1982 Atari 2600 video game developed and released by Activision in the USA on December 18, 1982.

In River Raid the player is in a B1 StratoWing Assault Jet that is retrofitted with rapid-fire guided missiles and had the ability to both accelerate and slow down easily. The jet is going down the ""River of No Return"" where it is on a mission to break the enemy blockades and halt troop advances. The river in the game has no actual ending and scrolls infinitely.

River Raid is played with the joystick. The player can control movement left and right on the screen and forward and backwards to accelerate and slow down respectively. Players can shoot missiles with the joy stick's button to destroy enemy tankers, helicopters, fuel depots and bridges. The goal in River Raid is to collect as many points as possible before crashing or running out of fuel. Fuel can be collected from flying over a fuel depot to fill up the gauge that is displayed at the bottom of the screen. As the river progresses, there will be less fuel tanks. The player loses one of their jets if they collide with the river bank or enemy objects. If they have remaining jets, the player restarts play at the same section of the river they crashed. If the player has managed to destroy a bridge at the end of a section, the player will restart at that bridge on losing a life."
"River Raid ( Blue Label )","","Region Not Set","","","","1970-01-01","1","No","Action","E - Everyone","No overview is currently available for this title, please feel free to add one."
"River Raid II","","Region Not Set","","Activision","Activision","1988-05-03","1","No","Shooter","Not Rated","River Raid II continues the fast-paced shooting action of the 1982 original while adding new features such as varying altitude (the original only featured left and right movement), flying over oceans and firing torpedoes. Now instead of shooting enemy helicopters and planes, you'll also get to bomb destroyers, tanks, buildings, landing strips and water towers in your mission to destroy the enemy bridge."
"Road Runner","","Region Not Set","","","Atari","1989-05-03","","No","Adventure","","Road Runner is a variant of the platformer genre, based on the Wile E. Coyote and Road Runner shorts. It was developed and released by Atari Games in 1985."
"Robin Hood","","Region Not Set","","Xonox","Xonox","1983-01-01","2","No","Adventure","","You, ""ROBIN HOOD"", are in medieval England trying to right the injustice of the evil Sheriff of Nottingham. The Sheriff has overtaxed the poor peasants and hoarded their gold in his castle. He is also keeping the lovely MAID MARIAN against her will in his castle. Your goal is to save MAID MARIAN and steal the GOLD so you can return it to the peasants. You must cross the dangerous Sherwood Forrest where the Sheriff's henchmen lie in ambush. Then on to the castle gate where again you must fight your way into the castle. Be sure not to shoot your own Merry Men and watch out, they occasionally might mistake you for one of the henchmen - fighting with bows and arrows is dangerous!"
"Robo-Ninja Climb","","NTSC","","HomeBrew Software","","2018-01-01","1","No","Action","Not Rated","Robo-Ninja is at it again, this time practicing his climbing and jumping skills before setting out to save the world. In this action game, you climb and dodge spikes, navigating 5 levels of obstacles."
"Robot City","","NTSC","Germany","Thomas Jentzsch","Thomas Jentzsch","2020-04-27","1","No","Action | Shooter | Vehicle Simulation","E - Everyone","Copyright 2002-2020 - Thomas Jentzsch

## The Game
The year is 2601. An unknown mechanical life form has touched down on the dark side of the moon! Mining, building and replicating; it has begun to cover the surface with astonishing speed, appropriating our outposts and communication towers. 

Any attempt to halt the progress of this 'Robot City' is met with resistance from the hundreds of intelligent robot tanks (iBots) that swarm all over it.

Equipped with an indestructible protective shield and massive firepower, they have wiped out almost all of our forces. You and your hypercopter are the only hope left!

Fortunately, the iBots have a weakness - their shields only protect the front and sides of the craft. Also, by using the walls of the city to protect yourself, it is even possible to trick their A.I., making them shoot one another.

But beware! Destroy one group and, in the next area, a more aggressive pack will be waiting to hunt you down!"
"Robot Tank","","Region Not Set","","Activision","Activision","1983-01-01","1","No","Shooter","","There are numerous enemy tanks crossing the countryside, destroying everything in their path! Your job is to command a robot tank to stop them. Robot Tank is a first person perspective arcade style action game. There are twelve squadrons of tanks to destroy, each containing twelve tanks. Each time you destroy a complete squadron, you earn an extra reserve tank before moving on to the next, more difficult squadron. The game takes place twenty four hours a day; gameplay will alternate from early morning to mid afternoon to late at night. In addition to the constantly changing time of day, the weather can also change unexpectedly. Snow, rain, and fog will appear occasionally making it tougher to spot your targets. Luckily your tank is equipped with radar to help locate the enemy when visibility is poor. As your tank takes damage you will lose some capabilites, such as speed, the radar, or your canons. If your tank takes too much damage, it will be destroyed; the game ends when all of your reserve tanks are gone."
"Robot Tank ( Blue Label )","","Region Not Set","","","","1970-01-01","2","No","Action","E - Everyone","No overview is currently available for this title, please feel free to add one."
"Robot Zed","","NTSC","","AtariAge","","2023-01-01","1","No","Platform","Not Rated","One robot remains in the force and it's up to you rescue your fallen robot colleagues. You control the last Robot, Robot Zed. In each area, you must find four robots to destroy before being beamed into a different part of the area. Every time you chalk up four destroyed robots, a tally mark will be shown on the bottom left of the screen. Once you destroy 16 robots and get all four tally marks, you will be transported to the main hallway before the boss room. Here you will have to run past and/or fight robots before fighting the boss. The boss has two different jumps and two different attacks, so be careful. Every location also has its own environment as well, which effects gameplay and the boss battles."
"Robotwar 2684","","NTSC","United States of America","AtariAge","Champ Games","1970-01-01","2","Yes","Action | Shooter","Not Rated","No overview is currently available for this title, please feel free to add one."
"Roc 'N Rope","","Region Not Set","","Coleco","Konami","1984-01-01","","No","Action","","Your player is a mountain climber who must avoid cavemen, dinosaurs and pterodactyls as he climbs up the cliff-sides. Your goal in each level is to climb up and reach a mystical bird with great plumage, while staying one step above the bonus timer which determines how long you may stay on each level. The mountain climber has only one ability; to shoot rope at 45 degree angles which he may then climb up to other platforms. His other action is a stun beam which will allow him to walk past enemies who get too close; but will only work horizontally from him. As for power-ups, on each level is (usually 2) a flashing diamond power-up which will make him invincible and allow him to defeat monsters. Also as a power-up are glowing treasures of some kind which are worth extra points."
"Rocky & Bullwinkle","","Region Not Set","","Mattel Electronics","Steve Crandall","1983-02-02","1","No","Action | Platform","","Rocky and Bullwinkle must stop the evil Boris and Natasha from robbing a train full of priceless valuables. While Boris uses ""Upsidasium"" to float the valuables up to Natasha's waiting helicopter, Rocky must fly around and intercept them. When Rocky catches the valuables, he gives them to Bullwinkle for safe keeping. The 2600 version of Rocky & Bullwinkle was actually designed before the Intellivision version, instead of the other way around as was usually the case.  Even though Rocky & Bullwinkle was complete and passed quality assurance, it was canceled for unknown reasons.  The Intellivision version was still on schedule to be released, but Mattel closed their doors before it could be completed."
"Room of Doom","","Region Not Set","","CommaVid, Inc.","CommaVid, Inc.","1982-10-20","1","No","Action","","ESCAPE! Your mind throbs, trapped in the Room of Doom, the fiendish gunmen are trying to annihilate you. Shots come from secret portholes that mysteriously open and close. Watch out! The gunmen have unleashed a hydra-headed monster! It relentlessly pursues you. Don't panic. Your marksmanship can stun it, but only for a moment. Should you remain in the Room of Doom too long, the monster becomes invulnerable to your bullets. Dodge the gunmen's firepower; shoot them in return when the secret portholes open, then escape... But where? The next Room of Doom awaits! An even more diabolical chamber with rapid-fire gunmen and devious monsters trying to destroy you. Can you survive through the full gauntlet of Rooms and escape unscathed?"
"Rubik's Cube","","Region Not Set","","Atari, Inc.","Atari","1983-01-01","1","No","Puzzle | Strategy","Not Rated","In this game, you control Marvin the Cube Master. You move him around a six-sided cube with nine squares to a side. The object is to get all nine sides to be one color each in the least amount of time or fewest moves, depending on the game variation you select.

Marvin changes a space's color by standing on it and you pressing the fire button. Marvin will then exchange the color he is with the space. Marvin cannot move onto a space of the same color as he is.

To rotate the cube, just move to the edge and press the joystick in the direction to rotate.

The game variations allow for normal or fast speed or timed race or fewest moves. Other variations cause the cube to show all the spaces as black except when it rotates, so you don't know what color you're on. Two of the game variations, one a timed race and the other a fewest moves challenge, restrict your rotations to up and right only but do not blackout the spaces.

Eight of the game variations have the computer play the game itself."
"Rubik's Cube 3-D","Magic Cube","Region Not Set","","Atari, Inc.","Peter C. Niday","1982-04-01","1","No","Puzzle","","Can you solve it?

Are you up to the challenge of trying to master the Cube? Restore all of its six sides to the original colors in this mesmerizing 3D translation of the hit puzzle game synonymous with the 80's!

When solved, every face of Rubik's Cube is a solid color. Once you start turning, twisting and flipping, it's easy to mix up the colors. Not to worry - Rubik's Cube can be set right any mixed-up combination."
"Ruby Q","","NTSC","","AtariAge","","2022-01-01","2","No","Action","E - Everyone","No overview is currently available for this title, please feel free to add one."
"Rumble and Frenzy","Rumble 2600","NTSC","","","","1998-01-01","2","No","Platform","Not Rated","Graphics hack of Mario Bros for Atari 2600, replacing Mario and Luigi with the Decepticons Rumble and Frenzy from the Transformers. Now, this is an interesting one, not due to content but more so the fact that it exists at all. Rumble and Frenzy is also a NES ROM Hack of Mario Bros created by Spooky Kids (specifically, Kassady). What Grimlick did here was remake that very same ROM hack for the Atari 2600. Why? Who knows."
"Rush Hour","","Region Not Set","","","CommaVid, Inc. | 																Computer Magic","2003-08-09","1","No","Action | Racing","Not Rated","Rush Hour is one of several CommaVid games (Underworld and Mission Omega being the others) that never saw commercial release. The game appeared in catalogs and even prototype boxes exist, showing that CommaVid was close to being released. While Rush Hour appears to be fairly complete in terms of gameplay, there are some obvious bugs and features not yet implemented that demonstrate the game was not quite ready for release."
"S.A.C. Alert","","Region Not Set","","Amiga Corporation","Amiga","1983-01-01","1","No","Action | Shooter | Flight Simulator","E - Everyone","Both a NTSC and PAL prototype version have been found and the game appears to be complete. It was originally planned to be a cassette game for the Power Module peripheral, and is one of the games designed for use with The Joyboard controller. It was later planned to be one of four games on the fifth Power Play Arcade cart. According to a press kit, this was to be a first person flying simulation with a true 'through the cockpit' viewpoint and featuring both land and sea game variations. Catalog description: 'You're guiding your plane through a routine surveillance mission when suddenly, you're surrounded by enemy bombers and fighters. But they've seen you first. And you'd better think fast. You squeeze off a few rounds, just to let them know it isn't going to be easy. You pull back hard on the stick, and head straight for the sky. It's not going to be easy for you either...'"
"S.O.S.","","Region Not Set","","Taiwan - Cooper Black","","1982-01-01","1","No","Action","Not Rated","No overview is currently available for this title, please feel free to add one."
"Saboteur","","NTSC-U","United States of America","Atari, Inc.","Atari","2022-09-08","1","Yes","Action","Not Rated","Saboteur is a creative, multi-level shooter developed by Howard Scott Warshaw in 1983 but never released.

You are a robot named Hotot. A strange race of blue aliens is using your planet to launch a galaxy-destroying warhead. With the help of a yellow birdlike race, you must destroy the rocket, disarm the warhead, and prevent your planet's destruction!"
"Sand Castles","","NTSC","","","","1970-01-01","1","No","Action","Not Rated","Monsters have invaded Sandcastle island, home of Jack the apple. Your mission is to defeat the monsters and their ruthless leader. Run, jump, and shoot your way through the world of SAND CASTLE. In each level you will be faced with new challenges and monsters to defeat - but don't take too long, or the reaper will appear and chase you."
"Save Mary","","Region Not Set","","Atari, Inc.","Axlon","1990-01-01","1","No","Action","Not Rated","Save Mary is an Atari 2600 action game that revolves around creating platforms to save Mary, the damsel in distress. The character is a humble construction worker who must pick up crates to use as platforms to get Mary to climb up, eventually leading to the top of the valley. The villain of the story is a mustachioed fiend who keeps Mary at the bottom of the valley for his own perverse pleasure.

The player controls a crane at the top of the valley that moves picks up crates when the button is pressed. Bonus items can be picked up for extra points. The level can be restarted in the following ways:

    - The water reaches above Mary's head
    - A crate is knocked into/dropped on Mary
    - Mary is dropped from a high place.

There is no definite ending, since once all the levels are completed, the game starts over. Therefore, the game loops on into eternity.  Save Mary was in production for over 2 years, longer than any other Atari 2600 game."
"Save Our Ship","","Region Not Set","","Technovision","TechnoVision","1983-07-29","1","No","Action","","You're the captain of a capital ship, sailing the Spanish Main. Suddenly you're attacked by hordes of ruthless, cut-throat Pirates. Dozens of them swarm aboard and only you, with your trusty cutlass, can Save Our Ship! You have to out-think, out maneuver and out-fight them all. Otherwise you're sunk!"
"SAVE THE WHALES","","Region Not Set","","20th Century Fox","20th Century Fox","1983-01-01","","Yes","Action","E - Everyone","After much rumor and speculation about its existence, a prototype for this game was finally found in early 2002.  Save the Whales had long been rumored to have been playable on the short-lived Gameline network, although nobody could actually remember playing the game.  Was it worth the wait?  Did it live up to expectations?  Not really.

You control a submarine that must ""Save the Whales"" by shooting the harpoons or nets thrown by the ship at the top of the screen.  You can choose between harpoons or nets by changing the difficulty switch, harpoons are smaller and faster than the nets so they're harder to hit.  If a harpoon or net hits your sub you'll have some damage, if you take five hits it's game over and all the whales die!"
"Scramble","","Region Not Set","","AtariAge","Champ Games","2017-01-01","2","No","Shooter","Not Rated","No overview is currently available for this title, please feel free to add one."
"SCSIcide","","Region Not Set","","Joe Grand","Joe Grand","2001-01-01","1","No","Puzzle | Strategy","","SCSIcide is an original, fast-paced homebrew game released back in 2001 by Joe Grand of Pixels Past. In SCSIcide you play the role of a hard drive read head. As the different colored bits scroll by on the hard drive platter, you need to quickly read them in the correct order before you suffer a buffer underflow. As you complete each level, the data scrolls by more and more quickly! How far can you go? If you're a fan of Activision's Kaboom!, then you'll love SCSIcide."
"Scuba Diver","Sea Hunt | Skindiver","Region Not Set","","Panda","Sancho","1983-05-01","1","No","Action","","A game where you must dive deep into the sea to retrieve hidden treasures. Caution: these waters are infested with creatures."
"Sea Battle","","Region Not Set","","M Network","M Network","1983-01-01","","No","Strategy","","In Sea Battle, players must successfully invade the home port of their opponent while protecting their own ports from invasion. Game play takes place in an island-dotted ocean, with one player's home port at the lower-left corner of the screen and the other player's home port at the upper-right corner. Each player has access to thirteen naval vessels representing eight different ship types.[2] The player may organize these ships into smaller fleets, with a maximum of three ships per fleet and four fleets active at one time. Single-ship fleets are permitted, while larger fleets may not have two ships of the same type in one fleet. When fleets are deployed, the first ship selected as part of the fleet becomes its flagship."
"Sea Hawk","","Region Not Set","","Froggo Games Corporation","Froggo Games Corporation","1987-01-01","1","No","Action","E - Everyone","As the game begins, you have eight Sea Hawk fighter planes in your defense arsenal but can only use one at a time.  Your weapons include a machine gun and an unlimited supply of torpedoes.  The black AtakLaunch ships and E-Gull helicopters are the enemy and you must eliminate them.

If your plane is hit by enemy fire, your pilot will parachute to safety, but he needs your help to reach one of your Red Hawk aircraft carriers.  If he lands in the ocean or on an enemy ship, he's dead.  For now only one enemy helicopter will appear on screen at a time."
"Sea Hunt","","Region Not Set","","Froggo Games Corporation","Froggo Games Corporation","1987-01-01","1","No","Adventure","E - Everyone","You are diving for treasure in perilous waters infested with man-eating fish and vicious sea monsters!  You must be careful to choose just the right moment to dive into the water because you cannot defend yourself while you are diving."
"Sea Monster","Seemonster","Region Not Set","","Goliath","Hot Shot","1983-01-31","2","No","Shooter","","As a captain of ships sailing on seas, how would you react if the merciless sea monsters attack all the ships on the seas? Being a sea-lover, now, arm your ship with torpedoes and take the mission to destroy those active monsters in the different levels of water. Move your ship right and left and strike back keenly. Be careful, the monsters are extremely tricky!"
"Seaquest","","Region Not Set","","Activision","Activision","1983-01-01","2","No","Action","","Your divers have retrieved the buried treasure, and now you must come to their rescue.  The object of Seaquest is to retrieve as many treasure-divers as you can, while dodging and blasting enemy subs and killer sharks.  All before your oxygen runs out!"
"Seaweed Assault","","Region Not Set","","","","2010-01-01","1","No","Shooter","Not Rated","No overview is currently available for this title, please feel free to add one."
"Seawolf","","Region Not Set","","Manuel Rotschkar","Manuel Rotschkar","2004-01-01","1","No","Action","","Atari 2600 programmer Manuel Rotschkar (Gunfight, Star Fire) has completed his latest Atari 2600 title, Seawolf, which is his 4K entry in the 2004 MiniGame Competition. This game is influenced and inspired by the Midway Sea Wolf and Sea Wolf II arcade games as well as the Astrocade and 8-bit home versions, but is not a direct port. Seawolf also borrows elements from Broderbund's Seafox.

In Seawolf you command a submarine lurking below the surface of the ocean, where you need to attack enemy convoys while avoiding depth charges and other dangers. But use your resources wisely, as you don't want to be a sitting duck when you run out of torpedoes, or worse, fuel! And watch out for the Red Cross ships, as they have a surprise for you if you accidently target them!

Seawolf features four difficulty settings, with a matching color-coded score display so you can tell which difficulty setting you are playing at quick glance. Seawolf is the first Atari 2600 homebrew to feature 24 pixel wide multicolor sprites."
"SECRET AGENT","","Region Not Set","","","","2001-08-11","1","Yes","Action","Not Rated","No overview is currently available for this title, please feel free to add one."
"Secret Quest","","Region Not Set","","Atari, Inc.","Axlon","1989-01-01","","No","Action","","It started with one station, then three, then eight. If something isn't done, the aliens will overrun Earth. It is up to you to destroy the stations by setting their self destructs.

You move from room to room, fighting any enemies you encounter. When you beat an enemy, you get an energy pod or oxygen bottle. Fighting aliens depletes you energy and/or oxygen so kill quickly. Each weapon inflicts different damage, and depletes a different amount of energy. As a rule, the stronger a weapon is, the more energy it requires. You also use oxygen at the rate of one bottle per minute while exploring. Along the way, you will sometimes find sonic keys, and energy sword, sonic blaster or particle beam. Sonic keys are needed for certain doors you encounter in later stations.

Once you set the self destruct code, a clock starts and you must make it to the teleporter before the time runs out. The game ends when you destroy all eight stations, run out of oxygen or do not get off a station before it self destructs. If you run out of energy, the game does not end but you will not be able to use any weapon so you can't kill monsters so you can't replenish oxygen. Hence, the game won't go long if you run out of energy."
"Sentinel","","Region Not Set","","","Atari","1990-05-02","","No","Adventure","","You're a scientist, and your invention, a pulsating, glowing orb called the Sentinel, absorbs and stores energy from a variety of sources. Now Earth is threatened by deadly aliens and you must use your creation to save the planet. The Sentinel absorbs energy from every power pod or energy capsule you shoot with your Atari light gun. When an energy source is hit, a beam blasts out from the Sentinel, strikes the target with hissing force, and draws energy back into your Sentinel. It's up to you to protect the Sentinel as it glides over the planets."
"Shark Attack","","Region Not Set","","Apollo, Inc.","Apollo, Inc.","1982-01-01","2","No","Action","","You are a deep sea diver in search of a fabulous treasure of diamonds that spilled from the hold of a Spanish galleon that sank during a fierce storm in the early sixteenth century.  You dive deep into the murky darkness of Dave Jones' Locker, and enter the shark-infested maze of kelp to retrieve the treasure.  You know your mission is rife with 
danger...the menace of the man-eating sharks that patrol the kelp beds...the lurking menace of the legendary Loch Ness monster, a beast that will pursue you relentlessly if you dare invade its territory."
"Sheep It Up!","","NTSC","","","","1970-01-01","1","No","Action","Not Rated","Sheep It Up! is an arcade game where a sheep has to climb up by hanging himself to flying velcro straps."
"Shield Shifter","","Region Not Set","","Good Deal Games","? | 																Good Deal Games","2010-09-12","2","No","Shooter","Not Rated","Programmed deep beneath the surface in the Homebrew Heaven underground lab, this is a Good Deal Games EXCLUSIVE release!

Shield Shifter was premiered at GameCore on Sept. 12th, 2010.

Shoot your way through the Alien shifting shields to give yourself a clean shot at the attacking Alien Queen.The Alien Queen shoots lasers and drops sticky bombs. Sticky Bombs will block your ships path for a few moments. The spaceship moves closer to the shield each time 10 alien Queens are destroyed. Play against the computer or duel against a friend in the 2-player Battle Mode"
"Shootin' Gallery","","Region Not Set","","Imagic","Imagic","1983-01-01","1","No","Action","","Similar to the game Carnival, you must shoot targets and guard your ammunition supply."
"Shooting Arcade","","Region Not Set","","Axlon","Axlon","1989-01-01","1","No","Shooter","","Shooting Arcade is one of only two 2600 games to use the light gun (Sentinel was the other), but was never released.  This is a shame because Shooting Arcade is a creative light gun target game similar to the Point Blank series, and would have been unique among 2600 games.  Interestingly it appears that Shooting Arcade was not developed in the US, but rather in Mexico by a company called Heuristica.  How Axlon was invovled is unknown, but they may have simply sub-contracted the game out to Heuristica instead of doing it themselves.

Shooting Arcade is really made up of six different scenes that are put together in different orders depending on the level you've selected.  Each scene has its own unique theme, rules, and objective, making Shooting Arcade essentially six games in one.  Depending on which skill level you choose, the scene's attributes change to make it more or less difficult and the timer at the bottom of the screen counts down more or less quickly.  The status bar at the top of the screen shows the number of shots you have left, your current difficulty level, and the number of targets left.  You start each level out with a limited amount of ammunition depending on the difficulty level (40, 10, 5, 2, or 1).  You can continue from the last screen you completed an infinite amount of times by simply pressing the reset button.  This is a handy feature as the game get very hard at the later levels..."
"Shuttle Orbiter","","Region Not Set","","Avalon Hill","Avalon Hill","1983-02-01","1","No","Flight Simulator","","Shuttle Orbiter is a race against time to complete the Space Station.  It includes elements of both strategy and arcade games.  Excellence in Shuttle Orbiter requires mastery of basic orbital mechanics, development of a logistics strategy, and agility at close-in maneuvering."
"Sinistar","","NTSC-U","United States of America","Atari, Inc.","Atari","1984-02-13","1","No","Action | Shooter","E - Everyone","An unreleased prototype of the classic arcade title.

The player pilots a lone spacecraft, and must create ""Sinibombs"" by shooting at drifting planetoids and catching the crystals that are thereby released. Sinibombs are needed to defeat the game boss, Sinistar, an animated spacecraft with a demonic skull face. Sinistar does not exist at the start of the game, and is continuously under construction by enemy worker ships. Though time is crucial, attempting to mine too quickly will destroy a planetoid without releasing any crystals. At the same time, enemy worker ships are also gathering crystals (often stealing them from the player) which they use to construct the Sinistar. Meanwhile, enemy warrior ships can also directly attack the player's ship. The player is given a head-start before the enemy ships have enough crystals to begin construction. Game ends when the player's ships are all destroyed."
"Sir Lancelot","","Region Not Set","","","Xonox","1983-05-05","","No","Adventure","","An action game about a knight rescuing a princess. Fly on your winged horse and destroy enemies outside the castle, then kill the dragon inside."
"Skate Boardin'","","Region Not Set","","Absolute Entertainment","Absolute Entertainment","1987-01-01","1","No","Adventure","E - Everyone","You know you're late for school, but what you don't_ know is that just overnight, an array of obstacles has been placed along the way.  Radical man, this is a skateboarder's dream come true!  You have to get to school on time, but passing up the chance to ride ramps or cruise tubes would make you look like a real nerd!  You've got to conquer a total of thirty tubes and ramps in under five minutes to be totally awesome.  Not only that, after you find all the tubes and ramps you have to find the front steps of the school building. Check the ratings at the end of the instructions to find out how radical you are."
"Skate or Die 2600","","Region Not Set","","","","2006-01-01","1","No","Sports","Not Rated","No overview is currently available for this title, please feel free to add one."
"Skeet Shoot","","Region Not Set","","Apollo, Inc.","Apollo, Inc.","1981-01-01","1","No","Shooter | Sports","","Pull!  The trap springs, and the clay pegeon -- alive with flight -- soars away from you at an unexpected angle.  With a fluid motion, you raise your gun to your shoulder as you pivot toward you target.  You lead your pegeon, finger on the trigger...your mind racing...challenged by the speeding target before you. Will your reactions be too slow?  Too fast?  Or right on course?  Suddenly you squeeze the trigger!"
"Skeleton","","Region Not Set","","AtariAge","Eric Ball","2002-04-01","1","No","Action","","""You are in a maze of twisty passages, all alike,"" certainly describes the situation you are in. You hear faint footsteps, so you follow the sound through the maze. To your horror, you discover the source of the footsteps is a skeleton; and it doesn't look friendly. Acting quickly, you blast it with your undead Disintegrator and the skeleton vanishes in a flash of color, but as you reload your UD, you hear footsteps again; and you wonder; are you the hunter of the hunted in this nightmare?"
"Skeleton+","","Region Not Set","","Eric Ball","Eric Ball","2003-01-01","1","No","Adventure | Puzzle","","Skeleton+ is a 3D maze game written by Eric Ball. In order to escape this labyrinth you need to hunt down and eliminate 80 skeletons lurking about without being killed yourself! There are eight mazes, with each maze containing 10 skeletons. Complete all eight mazes and you'll gain your freedom!

Skeleton+ contains several improvements over the original release of Skeleton. The major differences are:

- Life and Kill Counters
- New Undead Locator to help track Skeletons
- Five vs Ten Skeletons per level (selectable)
- Various difficulty settings

The new difficulty settings allow you to customize the game to your liking, and maximize replay value! You can now set to start with five or ten Skeletons per level, start with 49 life and half damage, toggle the Undead Locator on or off during gameplay, and choose to have the Skeleton speed reset only at the start of a level. In addition, you can use the B/W switch to toggle ""touch of death"" for Skeletons."
"Ski Hunt","","Region Not Set","","Homevision","Home Vision","1982-07-26","1","No","Sports","","Ski.  Shoot.  Repeat."
"Ski Run","Ski-Run","Region Not Set","","Ariolasoft","Ariolasoft","2009-01-01","1","No","Sports","","High-adrenaline ski runs.

PAL Release"
"Skiing","","Region Not Set","","Activision","Activision","1980-01-01","1","No","Sports","","In Skiing, your goal is to ski to the bottom of the mountain in the shortest time possible. The mountain is treacherous with plenty of trees and moguls in the way! There are two different modes of gameplay. In slalom mode, there are a series of gates you need to ski through; missing any will result in a penalty to your time. In downhill mode you just need to ski to the bottom as fast as possible. Each mode includes five different skill levels which affect the length of the course (and the number of gates in slalom mode.)"
"Skiing ( Blue Label )","","Region Not Set","","","","1970-01-01","2","No","Action","E - Everyone","No overview is currently available for this title, please feel free to add one."
"Skin Diver","Skindiver","Region Not Set","","Sancho","Sancho","1983-01-01","1","No","Action","","Gold! Diamonds! Rubies! Emeralds!

Fabulous wealth awaits you beneath the waves.

But beware!  Man-eating sharks, sea monsters, and other dangers lurk below protecting this sunken treasure.  Many have tried these water and won.  Those who lose are never seen again.

Come and search... if you dare."
"Sky alien","","PAL","","","","1983-01-01","1","No","Action | Shooter","E - Everyone","A mothership drops aliens, up to three on screen at a time. There are ten per level. You must shoot them but avoid the items they fire at you. You fire by pushing up on the joystick. Pushing left or right makes you go left or right. If you hold down the button, pushing left or right makes you fire left or right.

Later enemies will drop fireballs that chase you along the ground or split in two smaller enemies when shot. If you fire non-stop, you will build up heat as indicated by the green bar at the bottom right.

If you overheat or are hit by an enemy, you loser a life. The game is over when you lose all lives or reach a score of 999,999. You get a new man (4 max) every 10,000 points."
"Sky Diver","","NTSC-U","United States of America","Atari, Inc.","Atari","1979-03-15","2","Yes","Action","E - Everyone","Sky Diver is a 1979 Atari 2600 video game developed and released by Atari in the USA on March 15, 1979.

The goal is to score the most points by jumping from a plane, opening your parachute, and guiding your sky diver safely to a landing pad. The longer you wait to open your parachute, the more points you earn for a successful landing, but don't wait too long or your chute won't open at all! For each jump, there will be varying wind conditions which blow your sky diver off course. A wind sock at the bottom of the screen will help you determine the wind speed and direction so you can compensate. There are nine jumps total, and the player with the most points at the end wins."
"Sky Jinks","","Region Not Set","","Activision","Activision","1982-01-01","1","No","Racing","","Sky Jinks is a racing game that will have you weaving through pylons, trees and balloonists in an effort to finish one of five different courses as fast as possible. A top-down view of the course shows your P-41 plane and surrounding obstacles.

Use the fire button to accelerate and joystick to bank left or right as you make your way through the air. Each race differs in the amount of pylons you'll have to pass through -- red pylons require you to fly to the right, while blue pylons must be passed on the left. Missing a pylon will cost you three seconds on the clock."
"Sky Patrol","","Region Not Set","","","","1982-01-01","1","No","Shooter","Not Rated","The game was inspired by designer Brad Stewart’s experience with helping a hot air balloon’s ground crew, while he was in college, and was planned to be a race between two balloons (with a 2-player option). Although the artwork depicts WWI-era biplanes/triplanes, none were planned.

The playing area is 2 screens high and 27 screens wide."
"Sky Skipper","","Region Not Set","","Parker Brothers","Parker Brothers","1983-11-01","1","No","Action","","It's a high-flying action adventure!  You're the pilot chosen for this most unusual mission:  to rescue the animals held captive by the dangerous gorillas.  But it won't be easy.  You'll have to pilot your plane through all kinds of flying hazards.  To make matters worse, you only have a limited amount of fuel to accomplish your mission.  Can you save the animals in time?"
"Slide Boy in Maze Land","","NTSC-U","United States of America","AtariAge","","1970-01-01","1","No","Puzzle | Unofficial","Not Rated","Its mechanics is pressty simple: slide through the room, avoid obstacles, activate some switches and exit the room. You just have to use the stick to slide. Pressing the button PAUSE/UNPAUSE the game."
"Slot Machine","","Region Not Set","","Atari, Inc.","Atari","1979-01-01","2","No","Puzzle","Not Rated","Use the red button on your Joystick Controller to place your
bet.  You can bet up to five coins each time.  Games 3, 4,
7, and 8 have a maximum of five paylines.  Each bet of one
coin increases the chances of adding to your bank.  For
example, bet three coins and you may win a jackpot on
either the first, second, or third paylines.

Games 1, 2, 5, and 6 only ""pay"" on the center line (or
payline ).  In these games, the more you bet (up to five
coins) the more you can add to your bank.

After placing your bet, pull back on your Joystick to spin
the reels of the Slot Machine.  In two-player games, both
players must do this to spin the reels.  The game ends
when one player's bank is ""broke"".  To continue play depress
the game reset switch once.  This adds 25 coins to each
player's bank.  (The game may end with one player going
broke, while the other player has coins remaining.  When
the game reset switch is depressed once, the player who
went broke is given 25 coins, while the player with coins
remaining receives 25 coins plus the amount left when the
game ended.)

In one-player games, you are competing against the computer.
The computer makes a random bet for each play.  The game
ends if you or the computer go broke.  To continue play
depress the game reset switch once.  This adds 25 coins to
each bank.  As in two-player games, the player with coins
remaining when the game ends does not lose those coins when
the game reset switch is depressed once those coins when the
game reset switch is depressed once."
"Slot Racers","","Region Not Set","","Atari, Inc.","Atari","1978-07-01","2","No","Racing","Not Rated","Designed for two players only, Slot Racers puts you behind the wheel of a missile-shooting ""Super Chasemobile"" car. The object of the game is to drive around a maze of your choice, shooting at your opponent's car and dodging its missiles. You can turn your car left and right, accelerate and slam on the brakes. However, you can't drive in reverse. The first driver to score 25 hits on the other car wins the game."
"Slots","","Region Not Set","","Sears, Roebuck and Co.","Sears Roebuck and Co.","1978-01-01","2","No","Action","Not Rated","No overview is currently available for this title, please feel free to add one."
"Smash Hit Pak","","PAL","Australia","","","1983-01-01","2","No","Action | Adventure | Family","Not Rated","No overview is currently available for this title, please feel free to add one."
"Smurf: Rescue in Gargamel's Castle","SMURFRES","NTSC","","CBS Electronics","Coleco","1982-01-01","1","No","Adventure | Platform","Not Rated","You control a Smurf who is off on an action-packed rescue mission! Gargamel has captured Smurfette, taken her to his castle and imprisoned her! You'll direct Smurf through all sorts of dangerous situations on his way to save her. Will Smurf rescue Smurfette or will she remain imprisoned?"
"Smurfs save the Day","","Region Not Set","","Coleco","Coleco","1983-01-01","","No","Life Simulation","","Harmony Smurf™, Greedy Smurf™ and Handy Smurf™! help you to have fun while learning about musical notes, colors, shapes and sizes!"
"Snail Against Squirrel","","Region Not Set","","Bit Corporation","Bit Corporation","1983-12-05","1","No","Action","","Would you kindly help a little squirrel whom often you found playing in the woods?  I am a very, very friendly squirrel;  I swear, I never intend to hurt that poor snail.  As it becomes colder and colder, I want nothing more than to store some nuts in my caves, lest I should be no more after the winter.  But why in the world is that greedy snail always hiding somewhere to rob me of my nuts, just like those highway men?  See what a dilemma I am involved in?  To keep away from that cunning snail, should I go on carry the nut to my cave or gather a newly ripe one?"
"Snake","","NTSC-U","United States of America","AtariAge","","2010-12-31","1","No","Puzzle","Not Rated","A Snake-Version by Wickeycolombus for Atari 2600"
"Sneak 'N Peek","","Region Not Set","","U.S. Games","U.S. Games","1982-01-01","","No","Puzzle","","Sneak'n Peek is played in and around a spooky old house with a large yard and three weird rooms.  Each room, including the yard, is a separate scene:
- a living room
- a pink bedroom
- a blue bedroom
- the yard

Each scene contains up to five hiding places.  That makes a total of twenty
hiding locations.  Some of them are in really strange places, and some of
the locations can change depending on the level you select.

GAME 1: One Player Game
- Fixed Hiding Places
- Computer Hides

GAME 2: Two Player Game
- Fixed Hiding Places
- Players Both Hide

GAME 3: Two Player Game
- Variable Hiding Places*
- Players Both Hide

GAME 4: Two Player Game
- Fixed Hiding Places
- Computer Hides


* Game 3 fixed hiding places and 2 variable hiding places.  The 2 variable hiding
places can change from their standard positions to new positions in the same
scene.  They change every time a player enters the scene to hide."
"Snoopy and the Red Baron","","Region Not Set","","Atari, Inc.","Atari","1983-01-01","2","No","Action","","The dastardly Red Baron has stolen important food supplies from the allies during the war.  Hamburgers, ice cream cones, popcorn and other tasty treats have been taken by this evil aviator and sharpshooter. Your task is to help Snoopy shoot down the Red Baron and recover the stolen supplies.

You begin your mission with four doghouses.  It takes eight direct hits to bring down the Red Baron, and for the Red baron to bring down Snoopy's doghouse.  If the Red Baron downs a doghouse, all accumulated treats will be lost.  Press the controller button to fire Snoopy's machine gun."
"Snow White","","Region Not Set","","Atari, Inc.","Atari","2002-01-01","1","No","Adventure","","Snow White is an unreleased prototype developed by Atari, using the licensed Disney Snow White property.

This version of the proto is about 50% complete, so it's not terribly enjoyable as a game, but interesting from a historical perspective."
"Soccer","","Region Not Set","","Sears, Roebuck and Co.","Atari","1980-09-01","2","No","Sports","Not Rated","Championship Soccer for Atari 2600 relabeled for Sears Telegames"
"Solar Fox","","Region Not Set","","CBS Electronics","Bally | 																Midway","1983-01-01","","No","Shooter","","On a daring mission to save an energy-starved Earth, you must navigate your Starship through a complex matrix of precious solar-cells. The faster you clear the matrix, the greater your reward! Ominous Sentinels oscillate along the perimeter and riddle the energy field with fireballs. Their slightest touch will reduce your ship to ashes. Defenseless, you must weave in and out of their path until the last solar-cell is secured! The action gets hotter and hotter as you encounter more dangerous and devious solar-cell matrixes. But the supreme test awaits you in the mysterious Challenge Racks, where expert skill will enable you to learn the ultimate secret of your mission! Can you endure to the end... if there ever is one?"
"Solar Plexus","","Region Not Set","","AtariAge","JessCreations","2005-04-01","","No","Flight Simulator","","What starts out as a routine hunt for salvage in the far reaches of the galaxy turns into a white-knuckle fight for survival in Solar Plexus, the first Atari 2600 release by independent game developer JessCREATIONS*, Co. It'll take sharp reflexes to keep your starskimmer full of fuel and away from the wildly unpredictable artificial sun which threatens to make every move your last! 
The Solar Plexus increases in speed and mutates into new, more dangerous forms as you continue to play. If one fiery orb bouncing around the screen was hard enough for you to handle, just wait until you have to deal with two, or even three of them! Only the best players will last long enough to witness the final form of this relentless foe."
"Solar Storm","","Region Not Set","","Imagic","Imagic","1983-01-01","2","No","Action","","You're strapped in your laser ship, battling fierce Deltoids and Shields. They approach in waves, at faster and faster speeds. Each raider can shoot a single flash of proton energy that comes at you like a lightning bolt.

There's no time to waste. And no place to hide. Then, as you carry on the defense, things get much worse. A far-off sun explodes! Fragments from the cataclysm come raining down. Keep moving!

Blast almost everything you see! If you don't, heat from the solar debris can destroy your planet. If you prevail, you can move out to the edge of space and attack your foes. Sweet revenge!"
"Solaris","The Last Starfighter | Universe","Region Not Set","","Atari, Inc.","Atari","1986-12-01","1","No","Shooter | Flight Simulator","Not Rated","The Zylons are back, and are attempting another takeover of the galaxy! Your goal is to destroy all of the Zylon fighters you encounter, rescue cadets that are trapped on Zylon planets, and to find the planet Solaris to protect it from the Zylons. Your spaceship is equipped with a galactic map which can be used to warp to different sectors of the galaxy. The map shows the location of Zylon squadrons, Zylon planets, federation starbases, wormholes, clusters of stars, and Solaris when you find it. By warping to the correct sector, you can battle the numerous types of Zylon fighters to keep them from attacking federation bases and planets. Your spaceship has a limited amount of fuel; when you see the fuel gage get too low, you will need to warp to a federation starbase to refuel (make sure you leave enough fuel to warp). When flying over a Zylon controlled planet, you will see your cadets on the surface. If you rescue all of the cadets as you fly past, you will receive bonus points and an extra spaceship. The Zylon's have many different types of fighters which you will encounter, as well as some narrow corridors with blockades which you will need to clear in order to reach new locations in the galaxy."
"Sonar","","NTSC","","Prototype","Prototype","2023-03-22","2","No","Action | Strategy | Unofficial","Not Rated","Sonar is basically a variation of Battleship where two players have to race to bomb all the ships and score more points than their opponent."
"SongMate","","NTSC","United States of America","Spectravideo International Ltd.","Spectravideo","1983-01-01","1","No","Music | Utility","Not Rated","No overview is currently available for this title, please feel free to add one."
"Sorcerer","","Region Not Set","","Mythicon, Inc.","Mythicon","1983-01-01","2","No","Action","","Many centuries ago, the Earth was ruled by Sorcerers and Wizards. They possessed mystical powers capable of both good and evil. The most respected influences in the land were from the good Sorcerers. This fact continually disturbed the evil Wizards, and they eventually decided to use their power to conquer the countryside and enslave its people. They devised a plan to systematically eliminate the good Sorcerers by sending wave after wave of diabolical creatures to ravage the world.

As the bravest of the good Sorcerers you have been asked to destroy these forces and save the planet. As a reward for your bravery: whenever you overcome or destroy a creature, you will receive a treasure.

Knowing your bravery the Wizards have done everything within their power to keep you from succeeding. They don't believe you will survive their first three waves of evil, but just in case you do they have several surprises waiting, Only you can discover through bravery and talent how evil they can become.

To give you more power over the Forces of Evil the good Sorcerers have provided a magical Flying Platform. When you start on your journey you should first catch this elusive platform. You can continue without it, but only the foolish would dare to do so. Once on the Flying Platform you can go anywhere on the screen to avoid or destroy the enemy. The good Sorcerers have also given you four lives to use against the Forces of Evil."
"Sorcerer's Apprentice","","Region Not Set","","Atari, Inc.","Atari","1984-02-07","1","No","Action","","Help! You are on a magical rescue mission. Your task? Help Mickey stop an army of brooms from flooding the Sorcerer's cavern with water. How? Stop the brooms, and stop the stars from creating more brooms. Turn meteors into empty buckets to bail out water. Where? Meet Mickey in the mountains. When? Immediately!"
"Sound X","","NTSC","United States of America","Hozer Video Games","Hozer Video Games","1994-01-01","1","No","Utility","Not Rated","No overview is currently available for this title, please feel free to add one."
"Space Adventure","","Region Not Set","","Zellers","Zellers","1981-01-01","1","No","Shooter","Not Rated","Zeller's release of Flash Gordon"
"Space Attack","","Region Not Set","","Mattel Electronics","M Network","1982-01-01","1","No","Shooter","E - Everyone","The object of the game is to defend your Mother Ship from attacking aliens. You have 3 squadrons, with 3 ships in each squadron. Aliens have 6 fleets of varying sizes. (Only 3 fleets appear at a time on the Radar Screen.) Destroy all alien fleets and you win! If your squadrons are destroyed first, the aliens move in and annihilate the hidden Mother Ship."
"Space Battle","","Region Not Set","","Dave Neuman","Dave Neuman","2006-01-01","1","No","Action","","The intergalactic treaty of 2345 has been broken by a race known as the G'ohrn. You are on patrol in the Gamma Sector of the Dyni'bian Cluster when you receive a distress call from Earth outpost #4. Your mission is to defend the remote Earth outpost. 

In Space Battle, you must defend a remote Earth outpost from attacking invaders! But it's not as easy as it sounds--before you can even face the enemy onslaught, you must first land your ship on the outpost's defense platform while evading an enemy sentry! Once on the platform, you will then face the first wave of enemy fighters. Can you destroy them before depleting your fuel supply? To keep your fuel from running low, be sure to pick up the fuel pods released by exploding enemy vessels! 

After you destroy the first wave, you'll then be faced with two morphing Kh'rylian Destroyers, and not only do they not drop fuel pods but they require several shots to destroy! And should you survive their fury, you won't have time for a break, as the enemies will send wave after wave of invaders to test your mettle!"
"Space Canyon","","Region Not Set","","","Panda","1982-05-03","","No","Shooter","","Space Cavern is a 1982 shooter video game for the Atari 2600 developed and released by Games by Apollo. Players control a spaceship commander who has landed on a planet and must defend the ship against its hostile creatures. Games by Apollo founder Pat Roper was impressed by the game Demon Attack and tasked Apollo member Dan Oliver with making a game very similar to it. The game was later rereleased as Space Canyon."
"Space Cavern","","Region Not Set","","Apollo, Inc.","Apollo, Inc.","1982-01-01","2","No","Shooter","","You are in command of a Mark XIV intergalactic starcruiser in an uncharted quadrant of outer space. You land on a mysterious planet riddled with a subterranean maze of tunnels and caverns inhabited by savage Electrosauri whose horns generate electro-molecular charges capable of disintegrating you and your crew. 

Your photon ray pistol is activated by the joystick and the fire button. The iridescent eyes of the electrosauri light the cavern walls with eerie flashes as they stalk you, their horns crackling and sizzling. If even one blast of electro-molecular energy
strikes you, your skeleton will glow inside your body as the bio-molecular compounds of your body disintegrate.

WARNING: Beware the savage attack of the shaggy marsupods."
"Space Combat","","Region Not Set","","Sears, Roebuck and Co.","","1978-08-01","2","No","Shooter","Not Rated","No overview is currently available for this title, please feel free to add one."
"Space Duel","","Region Not Set","","","","2006-01-01","2","No","Shooter","E - Everyone","No overview is currently available for this title, please feel free to add one."
"Space Grid","","PAL","Australia","","","1970-01-01","1","No","Action | Adventure","Not Rated","No overview is currently available for this title, please feel free to add one."
"Space Instegators","Space Invadors Dual","Region Not Set","","XYPE","Christopher Tumber","2006-04-01","2","No","Shooter","","Space Instigators is a version of the popular arcade game Space Invaders that is more faithful to the original than Atari's 2600 port. This version fits nine invaders in a row without flicker, an impressive feat on the Atari 2600. The graphics, colors and sounds are truer to the original version than Atari's effort."
"Space Invaders","","Region Not Set","","","","1970-01-01","2","No","Action","E - Everyone","No overview is currently available for this title, please feel free to add one."
"Space Invaders ( Sears Telegames )","","Region Not Set","","Sears, Roebuck and Co.","Atari","1978-01-01","2","No","Shooter","E - Everyone","Space Invaders is a two-dimensional shooter game in which the player controls a laser cannon by moving it horizontally across the bottom of the screen and firing at descending aliens. The aim is to defeat five rows of eleven aliens—some versions feature different numbers—that move horizontally back and forth across the screen as they advance toward the bottom of the screen. The player defeats an alien, and earns points, by shooting it with the laser cannon. As more aliens are defeated, the aliens' movement and the game's music both speed up. Defeating the aliens brings another wave that is more difficult, a loop which can continue without end.

The aliens attempt to destroy the cannon by firing at it while they approach the bottom of the screen. If they reach the bottom, the alien invasion is successful and the game ends. A special ""mystery ship"" will occasionally move across the top of the screen and award bonus points if destroyed. The laser cannon is partially protected by several stationary defense bunkers—the number varies by version—that are gradually destroyed by numerous blasts from the aliens or player. A game will also end if the player's last laser base is destroyed."
"Space Invaders Arcade","","Region Not Set","","AtariAge","Atari","1999-01-01","2","Yes","Shooter","Not Rated","Space Invaders Arcade is an alteration of the official Atari release of Space Invaders to make the colors and characters more like the arcade version. There are still only six rows of aliens as opposed to nine in the arcade.

The game play remains the same. The aliens move left and right and down, dropping bombs at you. You fire up at the aliens to destroy them. You have three shields to help protect you. If the aliens get all the way to the bottom, you lose. Occasionally, a mother ship flies across the top of the screen. If you hit it, you get bonus points."
"Space Invaders Deluxe","","Region Not Set","","","","2004-01-01","2","Yes","Shooter","Not Rated","No overview is currently available for this title, please feel free to add one."
"Space Jockey","","Region Not Set","","U.S. Games","U.S. Games","1982-01-01","1","No","Shooter","Not Rated","You are the Space Jockey, pilot of an attack saucer which is positioned on the left side of the screen and can move up and down. From the right side of the screen, a barrage of tanks, jet planes, prop planes and helicopters will fire upon and try to crash into your ship. Your job is to shoot or dodge them. In addition to the aforementioned enemies, houses, balloons and trees litter the screen. These three types of obstacles don't fire, but they are deadly to the touch and can be destroyed."
"Space Raid","","Region Not Set","","Suntek","Suntek","1980-02-19","1","No","Shooter","","A Scrolling Space Invaders style game."
"Space Robot","","Region Not Set","","Goliath","Goliath","1983-01-01","2","No","Shooter","","This game is a clone of Missile Command, originally developed by Atari.

The main difference between Space Robot and Missile Command is instead of shooting oncoming missiles, you are shooting falling robots."
"Space Rocks","","Region Not Set","","AtariAge","Darrell Spice Jr.","2013-01-01","2","No","Shooter","","While on a routine Stellar Cartography mission, UESC Rains experienced a malfunction and warped into an asteroid field in an unknown sector of space. Unable to get a bearing to safely warp out, the ship must blast the asteroids into smithereens to prevent imminent destruction. To make matters worse, the local inhabitants are xenophobic and have sent warships and Magna-Mines to eliminate the alien (that's you!) threat.

As the pilot of your ship you must maneuver instantly, rotating left, right and energizing your thrusters to avoid destruction. A direct hit on an asteroid with your laser cannon breaks it in two. A hit on one of these breaks it into two smaller asteroids, a final hit on a small asteroid destroys it completely. Your ship is equipped with a special defensive option to help you avoid collisions when the action gets intense!

Space Rocks is an impressive blending of the classic arcade games Asteroids and Asteroids Deluxe, crafted for the Atari 2600 by Darrell Spice, Jr. If you're a fan of either arcade cabinet (or both!), you'll love Space Rocks! While Atari's version of Asteroids for the 2600 was passable at the time of its release, Space Rocks blasts far ahead of this early effort. Taking full advantage of the DPC+ mode in our Melody Board, Space Rocks pushes the Atari 2600 to its limits and offers a wide variety of gameplay options to keep you playing for years to come. The graphics, animations, and sound effects are well above what is typically experienced on the 2600."
"Space Shuttle ( Blue Label )","","Region Not Set","","","","1970-01-01","1","No","Action","E - Everyone","No overview is currently available for this title, please feel free to add one."
"Space Shuttle [white label]","","NTSC","United States of America","Activision","Activision","1983-01-01","1","No","Flight Simulator","Not Rated","Space Shuttle is a simulation game where you are the pilot of space shuttle Discovery. Your goal is to launch the Discovery, establish an orbit around the Earth, open the cargo bay doors and recover a satellite to perform repairs, and finally land the Discovery successfully, all while using as little fuel as possible. Each time the complete mission is accomplished, it will then repeat at a higher difficulty level (in the higher difficulty levels the satellite has a more erratic flight path). The game is played from a first-person perspective in the space shuttle cockpit where you can control everything from the shuttle's engines to cargo bay doors. When the game is over you will be given a ranking which is based on the number of successful dockings and the amount of fuel that was used. In addition to the full flight mode, two easier game variations (autosimulator and simulator mode) are included. The autosimulator mode is the easiest; the computer will control the flight (you can take over at any point you wish) and the controls are simplified. The simulation mode is closer to the full game, however, you have an unlimited amount of fuel so there is no time pressure, and the computer will help compensate for inaccurate maneuvering."
"Space Shuttle: A Journey into Space","","Region Not Set","","Activision","Activision","1983-01-01","","No","","","Space Shuttle is a simulation game where you are the pilot of space shuttle Discovery. Your goal is to launch the Discovery, establish an orbit around the Earth, open the cargo bay doors and recover a satellite to perform repairs, and finally land the Discovery successfully, all while using as little fuel as possible. Each time the complete mission is accomplished, it will then repeat at a higher difficulty level (in the higher difficulty levels the satellite has a more erratic flight path). The game is played from a first person perspective in the space shuttle cockpit where you can control everything from the shuttles engines to cargo bay doors. When the game is over you will be given a ranking which is based on the number of successful dockings and the amount of fuel that was used."
"Space Treat","","Region Not Set","","Fabrizio Zavagli","Fabrizio Zavagli","2002-01-01","","No","Strategy","","In Space Treat, you control a ship that must reach the top of the screen, collect the tasty treat located there, and get it back to its base at the bottom.

Space Treat made its debut at the 2002 Classic Gaming Expo."
"Space Treat Deluxe","","Region Not Set","","AtariAge","Fabrizio Zavagli","2002-04-01","1","No","Flight Simulator","","In Space Treat Deluxe, you control a ship that must reach the top of the screen, collect the tasty treat located there, and get it back to its base at the bottom."
"Space Tunnel","","Other","","Bit Corporation","20th Century Fox","1982-01-01","1","No","Action | Shooter","E - Everyone","No overview is currently available for this title, please feel free to add one."
"Space War","Space Combat","Region Not Set","","Atari, Inc.","Atari","1978-08-01","2","No","Action","Not Rated","The cartridge comes programmed with 17 game variations.

Variations 1–13 are duels between two ships and 14 to 17 are for one player. In some of the variations the ships fight near a planet which has gravitational attraction."
"Spacechase","","Region Not Set","","Apollo, Inc.","Apollo, Inc.","1981-01-01","","No","Action","","You are on a moon-based scouting mission in a Mark 16 Starcruiser. Suddenly, enemy alien ships teleport in and start firing neutron missiles, which can destroy you upon impact. You must destroy enemy ships until reinforcements arrive from Earth. The enemy also have laser-directed heat-seeking proton missiles which are fired sparingly. Be aware that as the battle progresses, the aliens will become more desperate and will use the laser-directed heat-seeking proton missiles more often."
"Spacemaster X-7","","Region Not Set","","20th Century Fox","20th Century Fox","1983-05-02","","No","Shooter","","Your assault ship was specially designed to destroy Hyperion Military Bases. Destroy as many as possible. You can fire missiles in the gaps in the Force Field or from inside the Force Field. If you are able to sneak inside, you must quickly destroy the bace before the Force Field closes on your ship. This is no easy task!"
"Spectracube Invasion","Immies & Aggies | Spectracube","Region Not Set","","Suntek","Sunteck Co. | 																Suntek","1985-01-01","1","No","Action","","Spectracube Invasion is an legal reproduction of a prototype game from 1983 that was later released by Hozer."
"Speedway II","","Region Not Set","","Sears, Roebuck and Co.","Atari","1980-07-31","4","No","Racing","Not Rated","No overview is currently available for this title, please feel free to add one."
"Spelling","","Region Not Set","","Sears, Roebuck and Co.","Atari","1978-01-01","2","No","Education","Not Rated","No overview is currently available for this title, please feel free to add one."
"Spider Fighter","","Region Not Set","","Activision","Activision","1982-01-01","","No","Action | Shooter","","Spider Fighter is an arcade style action game somewhat similar to Space Invaders. You control a bug blaster at the bottom of the screen, and need to defend the three pieces of fruit at the top right of the screen. Various types of attacking spiders scurry around rapidly, trying to destroy your blaster and steal the fruit. If all of your fruit is stolen or you lose all of your bug blasters, the game is over. When all the spiders on a round are destroyed, you move on to the next, faster round. If you still have all three pieces of fruit when a round is completed, you receive an extra bug blaster."
"Spider Kong","","Region Not Set","","Goliath","Goliath","1983-01-01","2","No","Platform","","Spider Kong shares very similar gameplay to Donkey Kong, where the player is required to climb ladders and avoid obstacles to get to the top. In Spider Kong, however, the enemy throwing objects at you is not an ape but a giant spider."
"Spider Maze","","Region Not Set","","","K-Tel Vision","1982-01-01","2","No","Action","Not Rated","This rare game from K-Tel Vision was probably sold exclusively in Canada. It is easier to find in PAL format, as it had more distribution overseas."
"Spider-Man","","Region Not Set","","Parker Brothers","Parker Brothers","1982-01-01","1","No","Action","","In this exciting SPIDER-MAN adventure, the GREEN GOBLIN has set out to destroy New York City. Only you can save the bustling metropolis - because you're SPIDER-MAN! Quickly slip into your costume, check your web fluid cartridges, and get set to web-swing through this most dangerous mission!"
"Spiderdroid","","Region Not Set","","Froggo Games Corporation","Froggo Games Corporation","1987-01-01","1","No","Adventure","E - Everyone","It's the future, when droids do battle.  You send your Spiderdroid in to capture a building by covering the structure with its unbreakable Droidweb.  Your Spiderdroid lays down a web strand as it crawls along each girder.  Once you have strung a web strand completely around an opening, the Spiderdroid flings a web over that opening.  Your objective is to travel all the building's girders so the entire structure is caught in
your Droidweb.

But watch out!  The building is swarming with Birddroids out to have your Spiderdroid for lunch.  If you get cornered, use your secret weapon!

Press the Joystick's button to cast a magic spell that makes the Birddroids
invisible and unable to eat you...but only for a few seconds.  And remember - each of your Spiderdroids can cast only four magic spells.

Once you capture the first building, it's time to send your advanced
Mummydroid to capture the next one, which is guarded by a horde of Skeledroids!"
"Spies In The Night","","NTSC","United States of America","AtariAge","","2018-02-27","1","No","Action | Stealth","Not Rated","Well, hello there!! My name is Starling, Ray Starling. I love sounding all James-Bondy. I'm here to tell you a little secret. I have an odd job, by odd job I mean I kill people and blow things up. Now killing people for money is frowned upon and anyone with any common sense would turn their backs on it. For me, this job, THIS JOB, is my crowning moment. How many people can say that the President of the United States hand-picked YOU for your unique resume?
You see, there are a bunch of bad guys in a military base doing bad things to some good people. I am going to stop them. Now here's my plan, one I hope you agree with. So listen up and let me tell you...

Game Objective
You are a spy in a trench coat and fedora trying to infiltrate and destroy the target base, but there is a rotating lighthouse in the distance. If the beam falls upon you and you aren't completely hidden behind the wall, a sniper will end your life in a hail of bullets. You must destroy that lighthouse first.
Push the joystick left and right to walk in that direction. The fire button will make your player duck. This is helpful to hide behind shorter segments of the broken wall.
Cross to the right side of the screen to move to the next section. The broken wall is randomly generated each time. Once you pass a certain number of screens, the level will advance and the wall sections will become more sparse.
There is no limit to the number of lives you have. If you die, just push the fire button to try again from the left side of the screen. There is a timer that counts down on each level. Try not to get shot as it will waste some time.
Make it to the end of the level with time to spare and you can blow up the lighthouse."
"Spike's Peak","","Region Not Set","","Xonox","Beck-Tech","1983-01-01","1","No","Adventure","","You are Spike, climbing against time.  Rather than following the safer way of the path, you may decide to climb the cliff instead... but such a decision will change your speed and your technique. Completing 5 different screens will take you to the top of the mountain, but beware of diving eagles, and hungry bears that hide in darkened caves.  You must also watch for rock slides and slippery ice patches... they may send you sliding, perhaps into poisonous mountain cactus.  The higher you climb, the colder you'll get.
So hurry... before you freeze!"
"Spinning Fireball","Fire Bug","NTSC","United States of America","Zimag","Zimag","1983-07-01","1","No","Action","Not Rated","Spinning Fireball is a half hearted attempt at a 3D target shooting game.  This is probably something that shouldn't have ever been attempted on the 2600, but Vidco decided to try it anyway.  The result is a game that looks decent, but plays horribly.  The goal of the game is to have your wizard create and shoot a fireball at the catapult that movies across the top of the screen.

The controls for Spinning Fireball are bit difficult to master, which is just as well as you probably won't want to play this game very long.  To create your fireball, simply push and hold the joystick forward.  Once the fireball starts to spin (hence the name Spinning Fireball), press the fire button to shoot it.  The direction the fireball flies is based on the direction it was spinning when the button was pressed (sort of like the hammer throw in Track and Field).  If you are facing right the fireball will rotate clockwise, otherwise if you left the fireball will rotate counterclockwise. If your shot actually manages to hit the catapult (and good luck with that), then you will be taken to the second level.

While Spinning Fireball may be short on thrills, there are some dangers you will face during your fire slinging exploits.  If your fireball hits the sides of the screen it will bounce back at you.  Likewise if you shoot your fireball straight up, it will come back down (run!).  If you manage to get hit by your wayward fireball, you will lose a life.  Also, the catapult at the top of the screen will occasionally shoot a fireball at you, as you may have guessed, being hit by this fireball will also result in losing a life.  You also have a limited amount of time to finish each level, if the timer hits zero you will (say it with me now) lose a life.  The timer starts a five minutes for the first level, and decreases one minute for each successive level (down to two minutes starting on level four).

While it won't win any awards for good graphics or gameplay, Spinning Fireball is an interesting attempt to breathe some innovation into the tired old shooter formula.  Unfortunately the result was a game that needs more variety and polish before it could be considered fun to play.  The frustrating control scheme makes hitting the catapult more a matter of luck than skill. There's a reason these games never made it to the US."
"Spitfire Attack","","Region Not Set","","Milton Bradley Co.","Milton Bradley","1983-01-01","1","No","Action","Not Rated","Spitfire Attack is a flight simulator/target shooting game. Shoot down the enemy planes, and destroy various ground installations, including anti-aircraft guns that shoot at you. The game was packaged with the large Flight Command Controller, which was a glorified joystick that had the look of an aircraft machine gun."
"Springer","","Region Not Set","","Tigervision","Tigervision","1982-07-06","1","No","Platform","","Springer is a magical, friendly rabbit.  With your help he can jump from cloud to cloud trying to reach the sun.  Be careful, the green dragons are guarding the treasure.  Springer has a mighty ""kick"", use it to kill the dragons.  Be clever and jump on a rising cloud to help carry you to the sun.  

Reaching the ""sun"" is not the end but just the beginning of a new screen adventure."
"Sprintmaster","Sprint Master","Region Not Set","","Atari, Inc.","Atari","1988-12-01","2","No","Action | Racing","E - Everyone","Sprintmaster is an action racing game similar to Super Sprint. The game is played with an overhead view of the racetrack, and the first of two players to race around the track for the required number of laps wins! Occasionally a bonus will appear in the roadway; collect these to increase the traction capabilities of your car or gain a temporary speed boost. Other obstacles, such as oil slicks, may also appear in the roadway which will cause you to lose control and speed. There is a total of nine different tracks with varying levels of difficulty to race on, and you can choose either blacktop, dirt, or ice for terrain. (MobyGames)"
"Spy Hunter","","Region Not Set","","Sega","Sega","1983-01-01","1","No","Racing","EC - Early Childhood","You are a world-class spy, driving for your life in your ultra-equipped, turbo-charged spy mobile. The road is crawling with enemy agents bent on your destruction. They'll stop at nothing...so neither can you!

Maneuver your car with all the speed and skill you can, always watching for the Road Lord, the Switch Blade, the Enforcer and other enemy agents as they try to stop you cold on land and water. You must destroy them before they destroy you!"
"Squeeze Box","","Region Not Set","","U.S. Games","U.S. Games","1983-01-01","1","No","Action","","Squeeze Box is a single player, full color game designed to be played on the Atari Video Computer System or the Sears Video Arcade. There are six game variations to test your skill and judgment.

Squeeze Box is the ultimate escape game. Our pistol packin' jailbird has got to shoot like crazy to knock out an escape route through the walls... before they close in on him. The longer it takes, the faster they come, so aim carefully. But don't rush out too fast because the next room is worse, and you're getting points for each block you shoot out.

Test your endurance! Wait too long and you might touch the wall. Three touches and its all over - except for the hottest finish you have ever encountered in a video game."
"Squish 'Em","","Region Not Set","","Bob Montgomery","Bob Montgomery","2007-01-01","1","No","Action | Platform","","It seems ridiculous - and too good to be true. Are there really suitcases full of money at the top of those unfinished buildings downtown? The ones still under construction? And those suitcases, they're just there for the taking? You would never have believed it except that the guy who told you about it, a regular union guy like you, just bought a brand new Corvette. You know that two weeks ago he didn't have that kind of money, so you guess he's telling the truth. When you asked him how come he didn't get the rest of the suitcases, he got an odd look on his face and wouldn't say another word. Strange... 

Your objective in Squish 'Em is to climb those 48-floor buildings to grab the cash-filled suitcase at the top of each one. As if scaling the heights of the buildings was not dangerous enough, you have to be alert for falling bricks from above and watch for creepy critters who've made these buildings their home! Once you reach the top of each building, you can grab the suitcase and continue to the next building. 

Along the way you'll encounter a wide range of critters that you must avoid or jump over. You can even squish the creatures with your feet, but you can only squish each creature once before they turn white with rage and pop back up, looking for revenge! Once a creature has turned white you cannot squish it again! In addition to the creatures, each building has a bonus item that you can collect to receive an extra man. 

Squish 'Em was written by veteran Atari 2600 homebrew author Bob Montgomery, who has several previous 2600 homebrew games under his belt, including Go Fish!, Reindeer Rescue, and Elevators Amiss. Squish 'Em is a near flawless port of the old Atari 8-bit computer name of the same name--fans of the original game will be pleased to see this impressive and addictive incarnation of the game on the Atari 2600!"
"Squoosh","","Region Not Set","","Apollo, Inc.","Apollo, Inc.","1983-01-01","2","No","Action","E - Everyone","No overview is currently available for this title, please feel free to add one."
"Sssnake","","Region Not Set","","Data Age, Inc.","Data Age","1982-01-01","2","No","Action","","You are a daring big game hunter on an expedition into the heart of the Amazon's legendary lost world. But you find that the game being hunted is you -- by Pterodactyls, Trachodons, and other prehistoric creatures. Luckily you find refuge in an ancient abandoned fortress, where you're protected from the jungle outside. Or are you..."
"Stampede","","Region Not Set","","Activision","Activision","1981-01-01","1","No","Action","","It's a stampede!! Your job is to round up as many of the calves as you can. The screen scrolls to the right as you chase the calves; if more than three calves get past you, the game is over. The calves all run at different speeds, and when you rope one you earn points based on how fast it was running. As the game progresses, more and more calves will be on the screen at one time, and other obstacles will begin appearing to trip your horse and slow you down."
"Star Castle","","Region Not Set","","Cinematronics","Cinematronics","2015-11-24","1","No","Shooter","Not Rated","In this game you find yourself in a small ship opposed against a Star Castle. This fortress is a powerful turret placed behind three circular protective force fields. You will have to puncture through the force fields and make that demanding shot for the center. Each of the forcefields is made up of eight segments, each such segments take two hits to destroy."
"Star Castle Arcade","","NTSC","","AtariAge","Chris Walton | 																Thomas Jentzsch","2012-01-01","1","No","Action | Shooter","Not Rated","The object of Star Castle is to destroy an enemy cannon which sits in the center of three concentric, rotating energy shield rings while avoiding or destroying 'mines' - enemies that spawn from the core, pass through the energy rings, and then home in on the player's ship. They can stick back to the shield if the player maneuvers in such a way that a ring is between the ship and the mines. The player-controlled spaceship can rotate, thrust forward, and fire small projectiles. The cannon's shields are composed of twelve sections each, and each section takes two hits to destroy. Once a section is breached, rings beneath it are exposed to fire."
"Star Fire","Starfire","Region Not Set","","AtariAge","Xype","2003-01-01","1","No","Action | Adventure | Shooter","Not Rated","Star Fire is a new Atari 2600 game programmed by Manuel Polik, who previously created Gunfight for the 2600. Star Fire is a port of the 1979 arcade game of the same name created by David Rolfe and Ted Michon and released by Exidy. Star Fire is a wave-based space shoot'em-up, with several surprises that you won't find in the original arcade game. It carefully tries to not only adopt most features of the original, but to enhance the gameplay wherever possible as well.

Basically a Star Wars hack"
"Star Fox","","Region Not Set","","Mythicon, Inc.","Mythicon","1983-01-01","1","No","Shooter","","Star Fox is a video game for the Atari 2600 console, developed and published by Mythicon in 1983. Although the front cover of the game states ""Game 1 in Star Fox Series,"" no sequels were ever made, which is most likely because it received negative reception"
"Star gunner","","Region Not Set","","Telesys","Telesys","1982-01-01","1","No","Action","E - Everyone","Stargunner is a scrolling shooter for the Atari 2600 written by Alex Leavens and published by Telesys in 1982.[1] Leavens also worked on ports of Gorf and Crazy Climber for the 2600, released by CBS and Atari respectively.[1]"
"Star Raiders","","Region Not Set","","Atari, Inc.","Atari","1982-01-01","1","No","Action | Flight Simulator","","Star Raiders was distinctive for its graphics, which (under most conditions) represented an out-the-cockpit, first-person view from a fictional combat spaceship traveling through a streaming 3D starfield in pursuit of enemy fighters called ""Zylons""."
"Star Raiders ( Sears Telegames )","","Region Not Set","","Sears, Roebuck and Co.","","1982-01-01","1","No","Shooter","E - Everyone","No overview is currently available for this title, please feel free to add one."
"Star Ship","","Region Not Set","","Atari, Inc.","Atari","1977-05-04","1","No","Action | Shooter","Not Rated","The game was the first space-related game developed for the Atari VCS. The player(s) used the joystick controller to achieve one of the following objectives:

Destroying as many spacecrafts and robots as possible within a time limit, all while dodging asteroids.
Alternating between avoiding enemy fire from spacecraft and firing at the opponent-controlled craft (human or computer).
Avoiding asteroids and other varied space objects to cover the greatest distance possible.
Landing the space module on a lunar landing pad. The moon can either be stationary or be computer- or human opponent-controlled."
"Star Strike","","Region Not Set","","Mattel Electronics","M Network","1982-01-01","1","No","Shooter","E - Everyone","Star Strike was clearly inspired by the Death Star battle sequence in the movie Star Wars. You fly a space craft into the enemy launch trench. Your mission: to destroy the alien station before Earth passes directly over the launch trench. You must evade the alien ships that are defending the launch trench while being sure to bomb the red ""Hot Targets"". The very first red target that is missed when the Earth is directly in the middle of the launch trench becomes a missile. The missile is launched and destroys Earth."
"Star Trek: Strategic Operations Simulator","","Region Not Set","","Sega","Sega","1983-01-01","1","No","Strategy","E - Everyone","Star Trek: Strategic Operations Simulator is an arcade action game where you take control of the Starship Enterprise. Your mission is to save the Federation from NOMAD! Before you get a chance at destroying NOMAD, you'll have to battle your way through ten levels (each consisting of multiple rounds). In each round you may encounter Klingon fighters, deadly anti-matter saucers, asteroid fields, and deadly meteors, all of which are capable of depleting the Enterprises energy. The game ends when your energy supply has completely run out. To fight these dangers, the Enterprise is equipped with an unlimited supply of phasers and a limited supply of photon torpedoes. Each round also contains one or more starbases; if you dock at a starbase, some of your supplies (such as energy and torpedoes) will be replenished. The game is played from two points of view; the top of the screen contains a third person view of the Enterprise (along with the ships gauges), and on the bottom of the screen is a first person point of view."
"Star Voyager","","Region Not Set","","Imagic","Imagic","1982-01-01","2","No","Action","","Pilot Star Voyager through treacherous space. As you look out from the Command Bridge, stars rush past. Penetrate the seven star portals and save the Capital Starport. Destroy enemy ships with photon torpedoes or lasers, or evade them to maintain your precious energy supply.

Keep track of energy levels on the instrument panel. Use your radar screen to locate opponents and approaching star portals. Only passing through a star portal restores your energy reserves. But be warned! Crashing into a star portal will destroy you!"
"Star Wars: Ewok Adventure","","Region Not Set","","Parker Brothers","Parker Brothers","1997-01-01","1","No","Action","","You take the role of an EWOK in this thrilling game based on scenes from RETURN OF THE JEDI. Now a member of the Rebel cause, you must hang glide over dangerous territory in order to reach the Imperial shield generator. Your mission: to blow it
apart! But as you swoop through the forest, IMPERIAL STORMTROOPERS, AT-ST's and BIKER SCOUTS will try to shoot you down. Hurl rocks at the enemy as you avoid their fire and close in on the shield generator."
"Star Wars: Jedi Arena","","Region Not Set","","Parker Brothers","Parker Brothers","1983-01-01","","No","Action","","In Jedi Arena, you have to face an opponent in the arena to see who is the true Jedi master. Wandering throughout the arena is a seeker which is capable of firing laser bolts. To be victorious you need to destroy your opponents shield by having the seeker fire laser bolts at it. You are armed only with a light saber which is used to control the direction of the laser bolts you fire, as well as block incoming fire from your opponent. The first player to break through the other players shield wins a point, and the first player to 3 points wins the match! Several game options are included which control the speed of the seeker, or even make the seeker invisible."
"Star Wars: Return of the Jedi - Death Star Battle","","Region Not Set","","Parker Brothers","Parker Brothers","1983-01-01","1","No","Action","","Just when you thought the DEATH STAR had been reduced to dust - it's making a comeback! Piece by piece, the Empire's reconstructing the ultimate space station. Its completion would mean unthinkable power for the Imperial forces. The DEATH STAR must be destroyed... once and for all! Grab hold of the controls and guide the MILLENNIUM FALCON through one of the ever-changing openings in the force field. Blast TIE INTERCEPTORS left and right before they open fire on you! Plus, keep an eye on the Death Ray as it tracks your ship. One direct hit and you're a goner! Fire away at the DEATH STAR! Wear it down with your missiles - and POW - the DEATH STAR's history! A cool head and a steady hand are a must if you're to succeed in this mission!"
"Star Wars: The Arcade Game","","Region Not Set","","Parker Brothers","Imagic","1983-03-09","1","No","Shooter","E - Everyone","You're at the controls of LUKE's X-WING FIGHTER, heading straight for the DEATH STAR. Your mission: to destroy it before the EMPIRE seeks its revenge on the REBEL base. Lock your sights on attacking TIE FIGHTERS and blast them with your proton torpedoes. Race along the DEATH STAR's surface, firing on giant towers. Finally, dive full throttle into the DEATH STAR's equatorial trench. You'll need split-second timing to avoid all the obstacles as you streak through the trench in search of the main reactor. Hit it and you've blown the DEATH STAR out of existence! MAY THE FORCE BE WITH YOU."
"Star Wars: The Empire Strikes Back","","Region Not Set","","Parker Brothers","Parker Brothers","1982-01-01","2","No","Action","Not Rated","The Imperial Walkers are approaching the Rebels' power generator on the Ice Planet Hoth. Unless you can prevent them, they'll blow up the entire Rebel base! There's still time, so blast off in your Snowspeeder and try to destroy the Imperial Walkers with a barrage of missiles. It will take all of your skills as a pilot and all of your daring as a Rebel!"
"Stargate","","Region Not Set","","Atari, Inc.","Atari","1985-01-01","1","No","Shooter","Not Rated","In Stargate (aka Defender II), you flies a spaceship above a long landscape, saving humanoids from alien invaders who are out to abduct and mutate them. The gamefield wraps around, so flying constantly in one direction will eventually bring the player back to their starting point.
The spaceship main weapon is a laser cannon that can be fired rapidly in a long horizontal line, but also has a limited supply of smart bombs (which can destroy every enemy on the screen) and ""Inviso"" cloaking energy (which makes the ship invisible, being able to destroy any enemies it comes in contact with), both activated by the second controller.
A central feature of the gamefield is the Stargate itself, a series of concentric rectangles. The operation of the Stargate depends on the current game conditions.
If a lander is in the process of abducting a humanoid, flying into the Stargate will teleport the ship to where the humanoid is under attack."
"StarGiraf","SpaceGiraf","NTSC","","","","2025-04-18","1","No","Action | Shooter","E - Everyone","StarGiraf is an Atari 2600 space shooter featuring a mutant Giraffe with an incredibly long neck and the ability to shoot lasers. So it's definitively the ""perfect beast"" for space!"
"Stargunner","","Region Not Set","","Telesys","Telesys","1982-05-06","2","No","Shooter","E - Everyone","A deadly alien squadron launches its attack and only you can stop it. You'll need split-second reflexes to keep the Yarthae Empire from total destruction. Take quick aim at the enemy. Fire! Fire! Fire! But beware, this is no ordinary adversary. As soon as you destroy the Sphyzygi, new ones materialize. And even as you fire on them, their droid Bobo aims a fusillade of bombs your way. Dodge them and blast the invaders from the sky. The Empire depends on your fast reactions and keen eye."
"Starmaster","","Region Not Set","","Activision","Activision","1982-12-01","1","No","Shooter","","A cockpit view space shooter very similar to Star Raiders but not requiring a keypad. In your starship, you must warp to sectors of space containing enemy starships. Here you will engage and destroy them before they can surround and destroy your starbases. In a starbase sector, use your joystick to guide your reticle to the starbase when it is near you for repair and/or refueling. In a fight, you can take damage. If you see a L, it meas your lasers are out of commission. This mean you cannot fire (this is not good in a fight!). If you see a W, it means your warp drive is damaged. You will use twice as much fuel when warping. If you see an S, it means your shields are out. If you are hit again with no shields, you will be destroyed. If you see an R, it means your radar is damaged. You will not be able to see the enemies on the starmap until you get the radar fixed. All your starbases will still show with damaged radar except any that have been destroyed. When warping, if the screen at the bottom is green, you are headed to an empty sector. If it is red, you are headed to a sector with enemies in it. If it is blue, you are headed to a sector with a starbase in it. The game ends when either all the enemies are destroyed or you are destroyed. Your final score is determined by your base score plus 100 points per enemy destroyed minus 500 points per starbase destroyed minus 100 points per each time you docked at a starbase minus 1 point per stardate."
"Stay Frosty 2","Stay Frosty 2: Stay Frostier","NTSC","United States of America","AtariAge","Darrell Spice Jr.","2014-12-14","1","No","Action | Adventure","Not Rated","Extinguish the pesky fireballs, either by throwing snowballs or simply running over them! The larger the fireball, the more snow it takes to put it out. But remember, our hero is only made of snow! He'll melt a little bit whenever he touches something hot, with each snowball thrown or just as time passes. You have to replenish him with the ice blocks scattered around.
Ice blocks also melt as time passes, so you'll need to be quick. To make matters worse, everything melts faster as the day progresses. If your snowman melts past his neck or falls through the floor he loses a life. If he loses all of his lives the game ends. After your game ends, you can choose to continue playing from the last level reached up to two times. Your score and lives will be reset.
There are 32 different layouts in Stay Frosty 2 which repeat for 128 total levels. Each time you complete a set of 32 levels, the weather gets a little hotter and everything melts a little faster. After every 32nd level, you'll rescue one of Santa's helpers. After level 128, you'll rescue Santa himself and win the game!"
"Steeple Chase (Video Gems)","","Region Not Set","","Video Gems","Telegames, Inc.","1981-07-08","4","No","Racing","Not Rated","Here's your chance to compete in a challenging Steeplechase.  One to four players can take part in the action, each controlling a horse.  In one-player games, the computer plays at three different skill levels.  So mount up and get ready for an exciting Steeplechase."
"Steeplechase","","Region Not Set","","Sears, Roebuck and Co.","Telegames, Inc.","1983-01-03","4","No","Racing","Not Rated","Steeple Chase is a split screen horse racing game.  Challenge the hedges, puddles and fences on your way to the world's fastest time."
"Stell-A-Sketch","","Region Not Set","","RetroWare","RetroWare","1997-04-01","1","No","Life Simulation","","A high-resolution drawing program for the Atari 2600!  Now you can draw pictures on your TV using the joysticks, driving controllers, or even a mouse!"
"Stella Gets A New Brain","","NTSC","United States of America","","","1996-01-01","2","No","Action | Adventure | Shooter | Sports | Platform | Party","Not Rated","No overview is currently available for this title, please feel free to add one."
"Stella's Stocking","","NTSC","United States of America","AtariAge","AtariAge","2008-01-01","2","No","Action | Platform","Not Rated","No overview is currently available for this title, please feel free to add one."
"Stellar Track","","Region Not Set","","Atari, Inc.","Telegames, Inc.","1981-07-01","1","No","Adventure | Shooter","","Become the commander of your starship.  Starfleet has assigned you the mission of destroying the alien warships.  You can use your phasers and photons to fire on the enemy.  You have limited stardates and limited energy to complete your mission."
"Stellar Track ( Sears Telegames )","","Region Not Set","","Sears, Roebuck and Co.","Sears Roebuck and Co.","1980-01-01","1","No","Action","E - Everyone","No overview is currently available for this title, please feel free to add one."
"Stone Age","","Region Not Set","","CCE","CCE","1983-01-01","2","No","Action","","You've gone back in time for years to the wild, stone-age world, where there's nothing but huge stones and hungry dinosaurs.

Your mission is to kill all the dinosaurs, making the world safer for their offspring. If you can not, the world will never be what it is today.

The fate of the world is in your hands. You will have to be brave and fulfill your mission. Good luck!"
"Strahlen der Teufelsvögel","","Region Not Set","","","","1983-01-01","1","No","Action","Not Rated","No overview is currently available for this title, please feel free to add one."
"Stranger Things - Barbs Revenge","","Region Not Set","","","","1984-06-29","1","No","Action | Strategy","T - Teen","Everyone else forgot about Barb and now it's time for revenge!
Help Barb as she claws her way out of the Upside Down!
Fight Darts, DemoDogs and Demogorgons with a trusty flashy light and your wits.

Waffles, big glasses, bikes and other power ups are found along the way.
And be on the look out for Eleven!"
"Strat-O-Gems Deluxe","","Region Not Set","","AtariAge","John Payson","2005-04-01","1","No","Puzzle","","Strat-O-Gems Deluxe is a new Atari 2600 game by John Payson, originally created for the 2005 Minigame Competition that bears similarities to Columns, Jewel Master, and Salu's Acid Drop. In Strat-O-Gems Deluxe, colored gems fall from the top of the screen in groups of three. Any time three or more adjacent gems of the same color line up vertically, horizontally, or diagonally they will disappear. Any gems above them will then fall down; if these create new groups of three or more gems, those too will disappear, leading to chain reactions. Your job is to score as many reactions and chain reactions as possible before the gems reach the foul line. If any gems remain over the foul line after all reactions are complete, the game will end."
"Strategy X","","Region Not Set","","Konami","Konami","1983-01-01","1","No","Shooter","","In Strategy X, your mission is to drive your tank to the Arch de Triumph. Along the way, you'll encounter enemy planes, and tanks to do battle with as well as mines and other obstacles. You are limited in fuel and will need to find filling stations as you go. Pick your path wisely and conserve your shots, as they use up precious fuel."
"Stratovox","","PAL","United Kingdom of Great Britain and Northern Ireland","AtariAge","","2023-01-01","1","No","Shooter","Not Rated","An alien fleet has assembled.

Only your photon rocket stands between the marauding hordes and a nearby planet with stranded astronauts. The aliens send out formations of fighters to deal with you and to capture the stranded astronauts from the surface of the planet.

Your mission is to destroy all of the aliens before they completely de-populate the planet.

Stratovox, known in Japan as Speak & Rescue, is a 1980 arcade fixed shooter developed and published in Japan by Sun Electronics and released in North America by Taito. It is the first video game with voice synthesis.

Carlos Centeno has now brought Stratovox to the Atari 2600, complete with voice synthesis if you have an AtariVox plugged into your Atari 2600!


Your goal in Stratovox is to shoot aliens attempting to kidnap astronauts that appear on the right side of the screen.

Score 50 or 100 points when you explode an alien ship into smithereens as you dodge lethal enemy rockets! Score from 300 to 1000 points when you rescue a stranded astronaut from the clutches of the evil aliens and return him to his crew! The faster the saucer tries to escape with its prisoner, the more points you'll tally when you destroy it!

As the action continues and your skills improve, the alien attack becomes progressively harder to repel! Several squads can now attack together and make off with more than one astronaut!

When your photon rocket is blasted by a direct alien hit, the planet surface ruptures into explosive booms and triggers a prism of flashing colors throughout the galaxy!

The mission ends when all ten astronauts are carried off or when all three of your photon rockets are destroyed!"
"Strawberry Shortcake: Musical Match-ups","","Region Not Set","","Parker Brothers","Parker Brothers","1983-01-01","1","No","Puzzle | Music","E - Everyone","Strawberry Shortcake Musical Match-Ups is a puzzle game where you try to straighten out mixed up Strawberryland characters within a given time limit. When the game begins, a mixed up character will appear on the screen and you need to change the head, body, and legs until they are all from a single character. If a complete character is correctly formed, the character will perform a dance and you will hear their musical theme; if an incomplete character is formed, the musical theme heard will be partially from each of the characters you did create. Several levels of difficulty are included which dictate the time limit and which character needs to be created. In the easier levels, the character you must create will be indicated by text at the bottom of the screen. In the more difficult levels, you must create a character based on the theme song that plays."
"Street Racer","","Region Not Set","","Sears, Roebuck and Co.","Atari","1977-09-01","1","No","Racing","E - Everyone","Street Racer is an action racing game for one to four players played from an overhead view. The screen is split into two lanes; in one or two player games, each player has a lane. In three and four player games, players must share the lanes. Each game has a two minute and sixteen second time limit, and your goal is to earn as many points as possible by the end of this time. In addition to the basic racing version, several other game variations are included as well."
"Strike Zone Bowling","","NTSC","United States of America","","","2023-12-13","2","No","Sports","Not Rated","No overview is currently available for this title, please feel free to add one."
"Stronghold","","Region Not Set","","CommaVid, Inc.","CommaVid, Inc.","1983-03-01","1","No","Shooter","","Space security approaches the abandoned asteroid Stronghold activating a volley of defensive drones.  Skillfully you must pilot your attack ship through the explosive space-waste.  A single scrape could pierce the skin of your fragile ship."
"Stunt Cycle","","Region Not Set","","Atari, Inc.","CX 26XX","1980-01-01","","No","Action","","Stunt Cycle is alright, I mean it's Stunt Cycle for the Atari 2600."
"Stuntman","","Region Not Set","","","Panda","1983-01-01","1","No","Action | Platform","E - Everyone","The stuntman game has 9 different screens. Each time you overcome the enemy you can go to the next variation. In each of these screens you will fight against the enemies but with different methods, under different conditions.
The enemies are: BIRDS, DEVILFACES, BALLOONS, A SNAKE, and TIME ITSELF.
There are 6 speed levels. Set the speed level according to your ability by using the selection switch. If you do not choose a speed selection, it will automatically be in the lowest speed.
The stuntman, of course, wants to get out of trouble as soon as possible. But the only way to escape is by reaching the rescue helicopter. You reach the helicopter by climbing the magic ropes and fighting against the enemies. The birds have to be avoided so you do not fall down. The devilfaces must be beaten with a stick and then avoided. The balloons must be caught and one by one brought to the ground. However, the snake can not be destroyed in any way. You can only avoid touching it. At the same time you must always think about the time which is left. If you run out of time the stuntman will be destroyed.
The enemies try to prevent the stuntman from jumping into the helicopter. you can not enter the helicopter before all the enemies have been destroyed. But after the enemies are destroyed and the stuntman escapes into the helicopter, the screen will change to the next variation. In this new stunt the enemies appear in a different grouping."
"Sub Rescue","","Region Not Set","","","","1990-01-01","2","No","Action","Not Rated","Sub Rescue is a clone of M*A*S*H, originally developed by 20th Century Fox in 1982.

In Sub Rescue, you and either the CPU or a second player have to compete to rescue as many stranded men with a submarine as you can. You are also tasked with administering surgery to a man.

There is little information known about Sub Rescue. The developer and the release date of the game is currently unknown.

NOTE: The box art image is a mock-up made by myself. There is currently no real box art (if there ever was) available."
"Sub Scan","","Region Not Set","","Sega","Sega","1983-01-01","","No","Action","","Now hear this!  Now hear this!  All hands man your battle stations.

Enemy submarines have been detected in your waters.  You command a destroyer which can launch as many as four depth charges at a time.  Your mission is to sink as many enemy subs as possible.

But it’s not that simple.  Because SUB-SCAN is more than a shooting match.  It’s a game of strategy.  A battle of wits.  Can-and-mouse on the high seas between the hunter above and the hunted below."
"Submarine Commander","","Region Not Set","","Atari, Inc.","Telegames, Inc.","1982-01-01","1","No","Shooter","","You are at the helm of a submarine equipped with radar, sonar, depth charge indicators, torpedoes, and fuel and temperature gauges.  As commander of the submarine, you must sink the enemy ships before running out of fuel.  Once your fuel level reaches 0, the game is over."
"Subterranea","","Region Not Set","","Imagic","Imagic","1983-05-04","2","No","Action","","Subterranea is Imagic's entry into the Defender category. Subterranea's gameplay is broken into two types of screens. The first is a side view dogfight between your ship and some hapless enemies that are trying to home in on it. Things heat up in the second (and far more common) type of screen, which consists of Defender-style action minus the humanoids. You're required to shoot a specific number of aliens, then pass through a gate to the next stage. 

Like Defender, aliens come in all shapes and sizes, and have varying attack patterns. Some of them shoot at you, some bounce, but all the action is a far cry faster than Defender. Once all the aliens are destroyed, you must pass through an electro gate that zaps in certain patterns--failing this forces you to repeat the current level without scoring any points. After at least three Defender style screens, it's back to the dogfight. Subterranea awards extra lives not by scoring, but by completing stages without being hit. while Subterranea borrows concepts from other games and doesn't appear to be very original, there's just something about it that keeps you coming back for yet another game."
"Suicide Mission","Meteoroids","Region Not Set","","Arcadia Corporation","Arcadia Corporation","1982-01-01","","No","Action","","Suicide Mission is an arcade action game similar to Asteroids. You control a microscopic submarine navigating the bloodstream of someone who has been infected by a virus. Your goal is to destroy the virus! Each time you shoot a cell infected with the virus, it will split up into smaller pieces. Eventually the pieces will be small enough that they can be destroyed. When everything has been destroyed, you can move on to the next, more difficult level. The game features three levels of difficulty, and you can choose one of two shooting styles for your submarine (single torpedoes, or rapid fire)."
"Summer Games","","Region Not Set","","Epyx, Inc.","Epyx","1987-01-01","4","No","Sports","Not Rated","Summer Games allows up to eight players to compete in a series of summer themed Olympic events. The gameplay is similar to the other entries in Epyx ""games"" series. Each player can choose a country to represent, and then takes turns competing in various events to see who will win the gold medal! The game allows you to compete in all of the events sequentially, choose a few events, choose just one event, or practice an event. The events available vary slightly depending on the platform, and may include:

    Pole vault
    Platform diving
    4x400 meter relay
    100 meter dash
    Gymnastics
    Freestyle swimming
    Skeet shooting
    100 meter freestyle
    Rowing"
"Super Action Pak","","Region Not Set","","Activision | 																HES Interactive","","1988-01-01","1","No","Action | Adventure","E - Everyone","Four Activision classics on the one cart. Pitfall, Grand Prix, Laser Blast and Barnstorming"
"Super Baseball","","Region Not Set","","Atari, Inc.","Atari","1988-01-01","2","No","Sports","","This game is an altered version of the Atari 2600 version of RealSports Baseball. The game controls are identical. The alterations are that the graphics and colors were changed. Also, the options were reduced to one or two player and whether, in one player, the human player is up first at bat or not.

Otherwise, everything else is the same. You still can throw fastballs, curve balls, sinkers, etc. and you can still bunt, hit fly balls, etc. Scoring remains the same with a tie after nine innings going into extra innings. The difficulty switches do not have any use."
"Super Breakout","","NTSC-U","United States of America","Atari, Inc.","Atari","1982-01-08","2","No","Action","E - Everyone","In Super Breakout, there are three different and more advanced game types from which the player can choose:

Double gives the player control of two bats at the same time—one placed above the other—and two balls. Losing a life occurs only when both balls go out of play, and points are doubled while the player is able to juggle both balls without losing either.

Cavity retains the single bat and ball of Breakout, but two other balls are enclosed on the other side of the wall, which the player must free before they, too, can be used to destroy additional bricks. Points are increased for this, but triple points are available if the player can keep all three balls in play.

Progressive also has the single bat and ball, but as the ball hits the paddle, the entire wall gradually advances downwards step by step, gaining in speed the longer the ball lasts in play."
"Super Challenge Baseball","","Region Not Set","","M Network","M Network","1982-01-01","2","No","Sports","Not Rated","The object of the game is to score the most runs in 9 innings or extra innings to a decision. Most professional baseball rules apply - 3 strikes for an out, 4 balls for a walk, first 2 fouled balls count as strikes. Each player controls an 8-man team. One team fields while the other team is up to bat. Home runs, force-outs, double and triple plays can all be made. Batter up!"
"Super Challenge Football","","Region Not Set","","M Network","M Network","1982-01-01","2","No","Sports","Not Rated","The object of the game is to out-score your opponent.  There's passing, rushing, blocking, and touchdowns!  Simulated 15 minute quarters.  You set both offense and defense.  Individual control of both the quarterback and linebacker."
"Super Cobra","","Region Not Set","","Parker Brothers","Parker Brothers","1983-05-01","1","No","Action | Shooter | Flight Simulator","E - Everyone","Super Cobra (スーパーコブラ Sūpā Kobura) is a 1981 arcade game, the sequel to popular horizontally scrolling shooter Scramble, Super Cobra was developed by Konami and manufactured and distributed by Stern in North America. It is similar in concept to its predecessor, but much more difficult.

The game was a success, selling 12,337 video game arcade cabinets in the United States in four months, by October 2, 1981, becoming Stern's third best-selling arcade classic after Berzerk and Scramble. Scramble sold 15,136 cabinets in the US in five months earlier that year, adding up to 27,473 US cabinet sales for both.

Super Cobra was widely ported by Parker Brothers, and there was an Adventure Vision handheld version from Entex.

The player controls a helicopter through tight caverns, and the slightest misstep will result in the loss of a life. However, unlike Scramble the game can be continued where the player left off by adding more credits.

The joystick accelerates, decelerates, moves up, and moves down. The helicopter uses a laser and bomb to destroy defenders, tanks, and UFO's while infiltrating 10 Super Cobra defense systems.[2]

The ship has a limited fuel supply, which is depleted over time. More fuel can be acquired by destroying fuel tanks in the game.

The game is divided into ten sections, plus a finale, each with a different style of terrain and different obstacles. Players navigate through ten levels and a base, where they must safely make it through the level and remove the booty. The levels are described as follows

Player must maneuver the chopper over mountainous terrain against fast and slow firing rockets.
Chopper faces Arcing missiles over a mountain terrain.
Smart Bombs flying in groups of four over mountainous terrain. Rockets appear, but do not fire.
Single Smart Bombs over mountainous terrain. Again, Rockets appear, but do not fire.
Chopper flies through a cavern-like terrain against falling mines.
Rapidly firing, roving tanks over mountainous terrain. Rockets appear, but do not fire.
Maneuver through a field of meteors which explode when hit with bombs or 3 times with laser, plus a single, green, shadow meteor directly in front of chopper which explodes when hit five times with laser. Rockets appear but do not fire.
Chopper flies over mountainous terrain against rapidly firing UFOs. Tanks and rockets appear, but do not fire.
Chopper faces arcing missiles over tall buildings.
Firing rockets in a building maze.
Base: Player must maneuver the chopper over tall buildings against arcing missiles and rapidly firing tanks to reach the Booty and safely carry it away.
There is no intermission between each section; the game simply scrolls into the new terrain. If the player destroys the booty on the final level, they must start back at the beginning of the level."
"Super Cobra Arcade","","Region Not Set","","AtariAge","Champ Games","2017-01-01","1","No","Shooter","Not Rated","No overview is currently available for this title, please feel free to add one."
"Super Football","","Region Not Set","","Atari, Inc.","Atari","1988-05-01","2","No","Sports","","You've got a bird's eye view of the field. Your team falls back into a huddle and you call the play to pass or run the ball and out-maneuver the opposing team.
Score touch downs, extra points and field goals."
"Super Hit Pack","","Region Not Set","","Activision","Activision","1970-01-01","2","No","Action | Puzzle | Strategy | Board","Not Rated","5 Activision Titles on one game pack.

River Raid
Grand Prix
Sky Jinx
Fishing Derby
Checkers"
"Super-Cowboy beim Rodeo","","Region Not Set","","","","1983-01-01","1","No","Action","Not Rated","No overview is currently available for this title, please feel free to add one."
"Super-Ferrari","","Region Not Set","","QuelleSoft","Quelle","1983-02-01","1","No","Racing","Not Rated","Typical racing game. You have to dodge the other cars with your Formula 1 car to become first in that Grand Prix. Its cool though how day and night and the weather changes. It´s from the famous ""Quelle"" games (Quelle was a big german mail order company that also made video games for the Atari 2600). Although Super-Ferrari is a rip off of the racing game ""Enduro"" by Activision it´s fun to play.

Quelle games are in Europe and especially in Germany highly unpopular amongst collectors. Interesting fact: James Rolfe, the Angry Video Game Nerd, owns at least one of those games."
"Superman","","Region Not Set","","Atari, Inc.","Atari","1978-01-01","1","No","Action","","All the original SUPERMAN characters in an authentic setting, provide an exciting game where only you, as SUPERMAN, can restore law and order to METROPOLIS!"
"Superman ( Sears Telegames )","","Region Not Set","","Sears, Roebuck and Co.","Sears Roebuck and Co.","1978-01-01","1","No","Action","E - Everyone","No overview is currently available for this title, please feel free to add one."
"Surf's Up","","Region Not Set","","Amiga Corporation","Amiga","1983-01-01","1","No","Sports","","Surf's Up was the third and last game to make use of Amiga's JoyBoard controller.  The JoyBoard was a quirky device that you would stand on and lean in the direction you wanted your character to move.  An interesting concept, but it didn't work overly well and only one officially released game (Mogul Maniac) made use of it.  While Amiga's second game Off Your Rocker was sold in limited quantities through Happy Valley Video, Surf's Up was never sold in stores."
"Surfer's Paradise","","Region Not Set","","Video Gems","Video Gems","1983-07-01","1","No","Action","","The Surf's Up and you're ready to go.  But wait...there's a shark warning.  The only thing to do is jump each time the shark makes his move.  Not easy when you're riding on top of a wild, pulsating wave.  Any mistake and into the water you go.

Under the thundering surf you find an old sunken Galleon between you and your surfboard.  You only have a few seconds of air to negotiate the distance.  The Galleon is protected by fast moving octopus.  The walls of the Galleon can change shape and just in case you're not too busy, there's a jellyfish standing guard by your surfboard.  Make it back on time and you get another ride on the wild surf.

The action gets faster and faster.  You test every skill you know plus invent a few new ones, but ride the Wild Surf you will!"
"Surround","","Region Not Set","","Atari, Inc.","Atari","1977-09-01","2","No","Action","Not Rated","Welcome to the exciting and competitive world of SURROUND. Your basic objective is to surround your opponent, causing him to run out of space in which to move, and at the same time not running into anything yourself. You can set up a blockade, force him into a corner or wander off by yourself and hope that he runs into something on his own.

Along with the basic SURROUND game, we've added four game features to make things more interesting. Be sure to read Section 4 to learn more about these features.

Then there's VIDEO GRAFFITI. It's just for fun without the competitive edge thrown in. VIDEO GRAFFITI actually allows you to draw on the screen.

Surround was one of the nine Atari 2600 launch titles released in September 1977."
"Survival Island","","Region Not Set","","Starpath Corporation","Starpath Corporation","1983-07-26","1","No","Adventure","","Survival Island Pits you against the ocean and the perils of a wilderness island.  You are shipwrecked, you find a secret temple, and are challenged by the mysteries within."
"Survival Run","","Region Not Set","","Milton Bradley Co.","Milton Bradley","1983-07-20","1","No","Shooter","","Powerful aliens have assembled an awesome strike force to destroy Earth.  Grab the controls of you starfighter and attack the enemy fortress, lying deep inside a distant planet.  Fly through the maze of subterranean caverns at hyperspeed, following your onboard computer map for navigation.  Fire your photon torpedoes to zap enemy force fields and marauding alien guards as you race toward the ultimate showdown against the Alien Master in his command ship."
"Sweat! The Decathlon Game","","NTSC","United States of America","Starpath Corporation","","1983-01-01","1","No","Sports","E - Everyone","Sweat: The Decathlon Game is a Sports game, published by Starpath Corp., which was cancelled before it was released."
"Swoops!","","Region Not Set","","AtariAge","Thomas Jentzsch","2004-04-01","1","No","Action","","SWOOPS! is a collection of three 1K minigames that Thomas Jentzsch (author of Thrust+ Platinum) submitted in the 2004 Minigame Competition. Two of the games in this collection won first and second place in the 1K competition: Cave 1K won the category, and Splatform came in second place. All three of these games offer addicting gameplay that will keep you coming back for me! SWOOPS! contains a menu that allows you to select which game to play, as well as a ""3-Athlon"" mode that allows you to play all three games in succession."
"Sword of Saros","","Region Not Set","","Starpath Corporation","Starpath Corporation","1983-08-01","1","No","Adventure","","Work your way through the evil wizard's maze-like dungeon to find the pieces of the Sword of Saros. When you've found all of the pieces, you can exit the dungeon, ending the game. However, the wizard has sent a bat to hunt you down. When the bat finds you, the wizard will teleport to your spot and send waves of skeletons after you. You must avoid the skeletons to reach the wizard and send him off looking for you again. Magical items you find along the way will help you in your quest."
"Swordfight","","NTSC","United States of America","M Network | 																Mattel Electronics","Mattel","2000-01-01","2","No","Fighting","E - Everyone","This game was finished at MNetwork in the 1980's, but never released. In 2000, Intellivision Productions released this game complete with a simple box and manual. It is still available from their web site. Swordfight requires two players, which is possibly why the game was not released in the first place."
"SwordQuest AirWorld","","NTSC","","Atari Games","Digital Eclipse","2022-02-16","1","No","Action | Puzzle | Platform","Not Rated","The fabled fourth action-adventure game from the Swordquest series is no longer a myth.  Created by Digital Eclipse and based on the design concepts from series creator Tod Frye, player explore a puzzling world based on the I Ching in their quest for enlightenment- and their hunt for the game's solution"
"Swordquest: EarthWorld","","Region Not Set","","Atari, Inc.","Atari","1982-01-01","1","No","Action","","SwordQuest: EarthWorld is an action game with adventure elements. The game play boils down to walking from room to room, finding and dropping items, beating the action stages in order to find more items, and seeing the odd set of numbers flash at you if you get the right combination of items in the right rooms.

The sets of numbers, for instance 16-4, were actually a combination of a page number and a panel number in the comic book that came with the game. On the page indicated by the game, you would find a word hidden somewhere in the numbered panel. When all the correct words were found, you could send them to Atari in hopes of winning the SwordQuest contest that this game was designed for."
"Swordquest: FireWorld","","Region Not Set","","Atari, Inc.","Atari","1983-01-01","1","No","Action","","Welcome to FireWorld.  You may have already travelled through EarthWorld and succeeded in solving the EarthWorld puzzle.  FireWorld is the second in a series of four worlds that you must pass through on your quest for the Sword of Ultimate Sorcery.

You enter FireWorld as a mighty warrior.  Your skill and courage will be tested with dangerous trials and obstacles.  The object of the game is to solve the puzzle.

The FireWorld puzzle is based on the Tree of Life, with ten rooms linked together by ten rooms with doorways.  FireWorld has ten treasure chest rooms, some containing different magical objects.  These objects will help you on your journey through FireWorld.  

Carrying particular objects will help you find clues.  Before you can explore these rooms, you'll be called on to demonstrate certain skills, just as Torr and Tarra are tested in the FireWorld comic book.  As a warrior, your skills are important to conquering FireWorld.  

To help you on your quest, you will be armed with the FireWorld comic book which contains additional clues.  Some clues will come from a combination of both the comic book and the Game Program cartridge.  These clues will refer back to the enclosed comic book and hint at the solution to the FireWorld puzzle.

You have just leaped into the blazing flames of FireWorld - see if you can survive and triumph!"
"Swordquest: Waterworld","","Region Not Set","","Atari, Inc.","Atari","1983-01-01","1","No","Adventure | Puzzle","","Join the SwordQuest Challenge.  Dive into the depths of WaterWorld and search for clues to win the Grand Prize of the WaterWorld contest - a jewel-encrusted crown made at a cost of $25,000.  Capture the Crown and compete for the Sword of Ultimate Sorcery - a silver-bladed sword made at a cost of $50,000.

You'll need expert hand-eye coordination to navigate the school of octopi, the sea of sharks, and the fast-moving ice floes that block your journey.  You'll also need a detective-type mind to figure out the numerical clues of this adventure-puzzle game, and to decipher the clues in the accompanying comic book."
"Sync","","Region Not Set","","Self-Published","Simone Serra","2007-01-01","2","No","Puzzle | Music","","Sync is a unique collection of puzzle and rhythm games that require you to think fast and improve your dexterity to get higher scores! Sync includes seven games in total and you're sure to find several (if not all!) to your liking! Many of the games have a wide variety of settings for you to try to keep them interesting--you'll never get bored of all the variety Sync has to offer! A brief description of each game follows: 

Mantra 

The world of Mantra is a matrix, progressively populated by sequences of symbols: keep matching each symbol by reacting with the corresponding action on the joystick, until a sequence is over, and you will score points. Can you keep the Mantra alive? 

Jitter (4K) 

The matrix from Mantra returns, but this time the symbols closely resemble arrows, and you are in control of the pace of the game: as soon as you match a symbol, the control will skip to the next one in the sequence. Maintain a steady rhythm of play to score bonus points! 

Flow (4K) 

Flow is a game of balance, played inside a grid, where you have to place bars around those placed by the CPU. As soon as a running cell counter completes a given number of loops across the grid, every CPU cell whose number of bars corresponds to the sum of adjacent bars placed by the player is removed, and points are scored. Watch out for side reactions, as placing your bars to balance a CPU cell can cause a mismatch on a previously balanced CPU cell! 

Four 

Four is a compilation of four minigames: both Jitter 1K and Flow 1K are scaled down versions of the corresponding 4K games; in Gate you have to match the symbols placed by the CPU on a column that rotates vertically; and Here requires you to clear cells whenever an arrow is inside each cell. All four of these minigames offer different challenges."
"Synthcart","","Region Not Set","","Paul Slocum","Paul Slocum","2002-01-01","1","No","Music","","The Synthcart is a rather unique title for the 2600 that allows you to play music using a pair of keyboard controllers. Each keyboard controller controls one of the two oscillators in the Atari 2600."
"Tac-Scan","","Region Not Set","","Sega","Sega","1983-01-01","","No","Shooter","","Fly your squadron of five ships around shooting down the enemy pilots. When you get hit, you simply lose one of your ships. After each round, you'll get a replacement ship which you have to maneuver into your formation or it's lost forever. In Tac-Scan, you control which direction you fly, though your planes stay in the same location of the screen."
"Tank AI","Combat Tank AI","NTSC","","HomeBrew Software","Hack","2003-01-01","2","No","Action | Unofficial","Not Rated","The 2-player only Atari classic Combat can now be played against an AI opponent"
"Tank Brigade","","Region Not Set","","Panda","Panda","1983-01-01","2","Yes","Shooter","","The object of this Combat-like game is to protect your base from the advancing enemy tanks. Drive around in your tank destroying the other tanks, as they come after you four at a time. The game ends when you run out of tanks or your base is destroyed."
"Tank-Plus","","Region Not Set","","","","1977-01-01","1","Yes","Action","Not Rated","No overview is currently available for this title, please feel free to add one."
"Tanks But No Tanks","","Region Not Set","","Zimag","Zimag","1982-05-06","1","No","Shooter","","As the lone defender of the last remaining outpost, you are under attack by an overwhelming force of mysterious phantom tanks that disappear and reappear at will while destroying all that stands in their way. Your vital mission is no simple task--defend the outpost and destroy the enemy as they advance relentlessly through your defense mazes. Only brilliant strategy, perfectly executed can save you--and the free world.

You start out with five tanks in each of the four variations. There are three different screens, each one harder than the last. In the first screen, you have many walls and corners to hide behind. In the second, you have only a small island to protect your base, and in the third it's just you against them.

n each screen you must defend yourself against 20 enemy tanks. Since they're not all on the screen at the same time, there's an indicator right under your base telling you the enemy's remaining strength.
Also, at the beginning of each game, or after one of your tanks is destroyed, or at the beginning of each scenario, the number of tanks you have left is displayed where your tank begins."
"TapeWorm","","Region Not Set","","Spectravision","Spectravision","1982-05-01","2","No","Puzzle","E - Everyone","With Tapeworm, Spectravision gives a whole new meaning to the slithering slimes that people love to hate. According to the manual of the game, tapeworms live in bean patches, love to eat fruit and are preyed upon by other critters named Beeky the Bird, Spanky the Spider and Mystery Beetle. Uhhhh, right.
Our hero here is Slinky, a tapeworm who's patrolling the local bean patch. In order for him to get to the fruit he loves, he has to slither around the screen eating up all the beans. He consumes them by touching a bean with his head (merely a yellow square), and by doing so, another bean appears somewhere else on the screen, and then you're off again. The more beans Slinky eats, the longer he grows. Which is a problem. As you steer the worm through the bean patch, you need to take great care not to coil him back over himself because, omnivore that he is, Slinky will eat himself.

Don't tread too gingerly because while Slinky is hot after those beans, a beetle is moving across the bottom of the screen, outside the patch, bearing down on something you're supposed to believe is an apple (on later levels, different fruits take the apple's place.) Trust me when I say that it takes a great imagination to believe the block graphics resemble anything you'd find at a farmer's market. Anyway, if the beetle gets to the fruit before Slinky eats his bean, two more beans appear on the screen and Slinky has to eat them, too. Other predators include the Mystery Beetle, Beeky and Spanky. They bleep across the bean patch at random intervals. If they happen to touch Slinky's head, it's curtains for the worm.

Taken as a whole, Tapeworm isn't too bad. It borrows elements from Atari's Surround and Rock-Ola's obscure Nibbler. But what where Tapeworm fails is in its presentation (i.e. - crap graphics) and unresponsive controls."
"Tapper","","Region Not Set","","Sega","Bally | 																Midway","1984-01-01","2","No","Action","","You are a frenzied bartender trying to keep the never ending flow of thirsty customers well watered.  You'll have to keep slinging sodas and occasionally guess which cans of soda the Soda Bandit has shaken.

As if that's not enough work for one bartender, try covering four different bars with a different crazy crowd in each bar.  There's the Old West Saloon, the Jock Bar, the Punk Rock Bar, and the Space Bar.

Keep the sodas coming, but not too fast.  You'd better be sure you've got a customer without a drink at the bar or the drink will slide right off the bar and no self-respecting bartender throws drinks away.  Keep your eyes open for the empties the customers sling back your way."
"Target Fun","","NTSC","United States of America","Sears, Roebuck and Co.","Atari","1980-07-31","2","No","Shooter","Not Rated","No overview is currently available for this title, please feel free to add one."
"Task Force","","Region Not Set","","Froggo Games Corporation","Froggo Games Corporation","1988-01-01","2","No","Shooter","E - Everyone","Terrorists are at it again, and you command anelite anti-terrorist Task Force.  Negotiations have failed, so it's up to you to ""take out"" the terrorists.  They're holding several highrise buildings, and your Task Force is in position outside.  You have wire-guided missiles to fire any time a terrorist steps into view in a window.  You must fire quickly, because the terrorists never miss you when they have time to get off a shot.  And the terrorist leader on the roof has a neutron bomb that ends it for everybody
if he lets it go.  But look before you fire!  The terrorists sometimes push hostages into view...don't shoot if the guy in the window doesn't have a gun. And plan ahead!  You have to wait for new supplies after firing all of your wire-guided missiles.

Take out the 9 terrorists in the first building, then your Task Force heads out to the next hot spot (held by 12 terrorists), and the next (held by 15 terrorists).  Your fourth anti-terrorist operation is a treacherous night raid...and the action only gets hotter after that!"
"Tax Avoiders","","Region Not Set","","American Video Entertainment","Dunhill Electronics","1982-01-01","1","No","Action","E - Everyone","You are John Q and you want to be rich.

In this game, you start out on the income screen where you try to collect the money (dollar signs) while avoiding the governmental red tape (look like red snakes). You have only one year to get your money and invest it. Each second, a day goes by. My, how time flies.

Once a season, you are sent to the investment/tax shelter screen, where you must collect an icon representing an investment and then grab your portfolio (briefcase). Investments have a 50/50 chance of making or losing money. Also on this screen is a character whose color changes.

What color he is determines who he is:
Black=Eggie, the IRS agent. If he catches you, he will audit you. In these audits, you always lose. You are then taxed at 50% of your income and sent back to the income screen.There are no appeals to tax court.
Pink=Waggie, the CPA. If he catches you (or you go to him), he will charge you $1,000.00 but whatever tax sheltered investment you have, he will put you in a better one.
Green=Toodles, the registered investment adviser. If you two meet, he will put you in the best tax sheltered investment available, thus making you the most profit.

After each season, you are taxed to an amount determined by your tax shelter. The object is to have $1,000,000.00 at the end of the year after taxes."
"Taz","","Region Not Set","","Atari, Inc.","Atari","1983-01-01","2","No","Action","","You are TAZ, the ravenous Tasmanian Devil who whirls like a tornado and eats everything in sight. Hamburgers, root beer, ice cream - you are jazzed by such junk! But look out, sometimes your feeding is so frenzied that you accidentally swallow dynamite!
Pow! What a bellyache!

Your objective: Glut on every edible item that comes your way to achieve the fattest score possible while you stay alive as long as possible."
"Tele-Games 9 Holes","","Region Not Set","","","","1980-01-01","1","Yes","Action","Not Rated","No overview is currently available for this title, please feel free to add one."
"Telepathy","","Region Not Set","","Atari, Inc.","Atari","1983-01-01","1","No","Action","","Telepathy is one of two known prototype games that were developed for Atari's failed Mindlink controller.  The Mindlink was a headband that player wore on his head and plugged into the joystick port.  The idea was that the Mindlink's sensors would pick up any facial movements or muscle twitches the player would make.  Atari actually said that the Mindlink read the player's thoughts (sure it did...).  The problem was that the Mindlink didn't work very well in initial test runs, and even when it did work players would complain of headaches and dizziness from twitching their face all day.  After disappointing test results, the Mindlink controller was wisely canceled.

Fortunately, this game is playable using a regular joystick controller."
"Tempest","","Region Not Set","","Atari, Inc.","Atari","1983-01-01","2","No","Action","E - Everyone","Tempest is a shooter using wire-frame graphics. Each Wireway is taken on in turn, and has a network of lines guiding the movement paths of both yourself and the aliens. You remain on the outside and keep shooting as the aliens move towards you. Any that reach the outside are fatal to touch, thus limiting your range of movement greatly if 2 or more achieve this. Some aliens move sideways - in dealing with these, plan ahead allowing for the time your shots to take to travel.

It was never released due to it being finished around the same time the 5200 was cancelled, it should be released around 1983."
"Tennis","","Region Not Set","","Activision","Activision","1981-01-01","2","No","Sports","","Now, you'll never have to wait for a court again. With Tennis by ACTIVISION (TM), you can enjoy the challenge and excitement of tennis right on your home TV. But before you start, take a minute and read these important instructions. They'll help you to really  enjoy all the special features of the game. In no time you'll be playing like a pro!"
"Terrance and Phillip Asses of Fire","Asses of Fire","NTSC","","Chris Read","Chris Read","1970-01-01","1","No","Platform","Not Rated","It's up to Terrance to get his friend back from the evil pigs! The first interesting platform game for the Atari 2600 since H.E.R.O. and Pitfall 2!"
"Tetris 26","","Region Not Set","","Colin Hughes","Colin Hughes","2015-08-09","1","No","Puzzle","","Self-published hack of Tetris"
"Tetris26","Tetris 26","Region Not Set","","Hozer Video Games","Colin Hughes","2015-08-09","1","No","Puzzle","Not Rated","No overview is currently available for this title, please feel free to add one."
"Texas Chainsaw Massacre","","Region Not Set","","","Wizard Video","1983-05-05","1","No","Horror","","This game is very difficult to find because many retailers declined to carry it. Others kept the game behind the counter away from children. Wizard Video faced protests when they released this game, as some social groups claimed that it promoted violence. It’s very hard to find with the box and manual."
"The A-Team","","Region Not Set","","","","1984-01-01","1","No","","","If The A-Team looks familiar it's because it is little more than a graphic hack of another unreleased Atari game called Saboteur.  At one point it was thought these games were the same except for the graphics, but after analyzing them I've found some slight gameplay differences.  On this page I'll concentrate on the differences between Saboteur and The A-Team, for more information on the gameplay itself look at the Saboteur page.  

It's unknown why Atari decided to change Saboteur into The A-Team, but we assume it's because they wanted a game based on the then popular A-Team TV show and didn't want to wait for a new game to be developed.  At that point Saboteur was ready for release and Atari decided that they would attempt to integrate A-Team characters into a game that was already finished.  The results are interesting at best, confusing to say the least."
"The Alligator People","Alligator People, The","Other","","","20th Century Fox","1983-05-01","1","No","Adventure","Not Rated","Alligator People is an unreleased prototype based on the movie of the same name. This prototype, discovered by Ben Liashenko, appears to have been completed and unlike some prototypes that never saw the light of day, this one is quite enjoyable to play! You are lost in the deepest part of the jungle. Six of your friends have fallen under the spell of the Alligator People. They are slowly being transformed into alligators and you are the only one in the world who can save them! To stop this transformation, you must inoculate each of them with a special antidote that you gather throughout the swamp. You don't have a lot of time! Not to mention, the alligators are chasing you as you attempt to gather vials of the antidote! The longer you wait, the more antidote you need to reverse the effects of the Alligator People!"
"The Byte Before Christmas","","NTSC","United States of America","AtariAge","","2011-01-01","1","No","Action","Not Rated","No overview is currently available for this title, please feel free to add one."
"The Entity","","Region Not Set","","Fox Interactive","Fox","1983-01-01","1","No","Strategy","","Based on the horror movie of the same name, The Entity is an unreleased action game in which your goal is to move the Entity to the highest plane of existence before your energy runs out.

The game is divided up into several rows (planes of existence). Between each of the rows is a portal (hole) through which you must force the Entity. This is accomplished through the careful placement of walls. The walls are moved by pressing the joystick left and right. Once a wall lines up with the portal it will 'lock' into place, thus giving the bouncing Entity no where to go but up."
"The Last Starfighter","","Region Not Set","","Atari, Inc.","Atari","1984-01-01","1","No","Shooter | Flight Simulator","","The Ko-Dan Armada is back, and is attempting another takeover of the Rylan Star League! Your goal is to destroy all of the Ko-Dan fighters you encounter, rescue cadets that are trapped on Ko-Dan planets, and to find the planet Rylos to protect it from the Ko-Dan Armada. Your spaceship is equipped with a galactic map which can be used to warp to different sectors of the galaxy. The map shows the location of Ko-Dan squadrons, Ko-Dan planets, star league starbases, wormholes, clusters of stars, and Rylos when you find it. By warping to the correct sector, you can battle the numerous types of Ko-Dan fighters to keep them from attacking star league bases and planets. Your spaceship has a limited amount of fuel; when you see the fuel gague get too low, you will need to warp to a star league starbase to refuel (make sure you leave enough fuel to warp). When flying over a Ko-Dan controlled planet, you will see your cadets on the surface. If you rescue all of the cadets as you fly past, you will receive bonus points and an extra spaceship. The Ko-Dan Armada has many different types of fighters which you will encounter, as well as some narrow corridors with blockades which you will need to clear in order to reach new locations in the galaxy."
"The Music Machine","","Region Not Set","","Sparrow Distribution","Sparrow","1983-07-06","1","No","Action","","Symbols representing character-building qualities (the Fruit of the Spirit) are raining down from above. Stevie and Nancy need your help to collect the symbols and avoid the mischievous pudgeons... and with each gift of Love you collect, the symbols rain heavier... and faster!

This game was only sold in religious bookstores. It’s based on a line of The Music Machine products that also included LP’s sold by Sparrow. Some collectors claim to have purchased the 2600 game in a bundle with the album, but that has never been proven."
"The Official Frogger","","Region Not Set","","","Starpath Corporation","1983-05-03","","No","Adventure","","Starpath Version - The player guides a frog which starts at the bottom of the screen, to his home in one of 5 slots at the top of the screen. The lower half of the screen contains a road with motor vehicles, which in various versions include cars, trucks, buses, dune buggies, bulldozers, vans, taxis, bicyclists, and/or motorcycles, speeding along it horizontally."
"The Stacks","","Region Not Set","","Parzavision Games","Other Ocean Interactive","2012-08-01","1","No","Adventure","T - Teen","Descending the networks of metal girders had always reminded me of old platform videogames like Donkey Kong or BurgerTime. I'd seized upon this idea a few years earlier when I coded my first Atari 2600 game (a gunter rite of passage, like a Jedi building his first lightsaber). It was a Pitfall rip-off called The Stacks where you had to navigate through a vertical maze of trailers, collecting junk computers, snagging food voucher power-ups, and avoiding meth addicts and pedophiles on your way to school. My game was a lot more fun than the real thing."
"The Texas Chainsaw Massacre & Halloween Double Ender Cartridge","","NTSC","United States of America","Wizard Video Games","Micro Graphic Image","2011-01-01","1","No","Role-Playing | Strategy | Horror","Not Rated","The player takes on the role of the movie's chainsaw-wielding villain, Leatherface, and attempts to murder trespassers while avoiding obstacles such as fences, wheelchairs, and cow skulls. The player controls the murderer with the objective to chase and kill victims. Each victim slain gives the player 1,000 points. The player receives additional fuel at every 5,000 points (5 victims). A life is lost when the player's chainsaw runs out of gasoline. Gameplay ends when the last tank of gas is consumed.


In 1983, Halloween was adapted as a video game for the Atari 2600 by Wizard Video. None of the main characters in the game were named. Players take on the role of a teenage babysitter who tries to save as many children from an unnamed, knife-wielding killer as possible. In another effort to save money, most versions of the game did not even have a label on the cartridge. It was simply a piece of tape with ""Halloween"" written in marker. The game contained more gore than the film, however. When the babysitter is killed, her head disappears and is replaced by blood pulsating from the neck as she runs around exaggeratedly. The game's primary similarity to the film is the theme music that plays when the killer appears onscreen.

The player obtains points in two ways: by rescuing children and taking them to ""safe rooms"" located at both ends of each floor of the house, and by stabbing the killer with the knife (if it can be located). The player advances a level either by rescuing five children or stabbing the killer twice. The killer gets faster with each level increase, and the game continues until all of the player's three lives are lost."
"The Year 1999","","Region Not Set","","Rainbow Vision","Rainbow Vision","1982-01-01","1","No","Action","E - Everyone","The Australian version of Condor Attack and a blatant rip-off of Atari's own Phoenix."
"This Planet Sucks","","Region Not Set","","Greg Troutman","Greg Troutman","1998-01-01","","No","Action","","This Planet Sucks is Greg Troutman's first game for the Atari 2600 and is based on the Taito arcade game Lunar Rescue.

Your goal in This Planet Sucks is to rescue colonists trapped on the planet's surface, while avoiding the asteroid belt between your mother ship and the colonists. In addition to fighting gravity and avoiding the asteroids, care must also be taken not to squash the poor colonists you're trying to save! And to make matters worse, the asteroids turn into enemy ships after rescuing a colonist!"
"Threshold","","Region Not Set","","Tigervision","Tigervision","1982-08-09","1","No","Shooter","","You're in command of an exploring space attack ship.  Be prepared to fire on invading space enemies.  You can progress through the galaxy and encounter up to 10 different enemy forces!!!!

Be alert for the narrow tunnels you must fly your ship through.  Blast off for a super space adventure from Tigervision."
"Thrust","","Region Not Set","","AtariAge","Xype","2000-01-01","","No","Shooter","","The resistance is about to launch a major offensive against the intergalactic Empire.  In preparation for this, they have captured several battle-grade starships, but they lack the essential power sources for these formidable craft:  Klystron Pods.  You have been commissioned by the resistance to steal these pods from the Empire's storage planets.  While retrieving a pod, you can also blow up the reactor and destroy the planet.  However, if yo have not already retrieved the pod stored there, you will have failed the mission.  If you have retrieved the pod, manage to send the reactor into its critical phase, and leave the planet safely, you will receive a hefty bonus.  Further into the Empire's system, you will encounter planets with REVERSE GRAVITY and something even more deadly..."
"Thrust+ DC Edition","","Region Not Set","","Thomas Jentzsch","Thomas Jentzsch","2002-01-01","1","No","Action","","Thrust+ DC Edition is the latest iteration of Thomas Jentzsch's popular Atari 2600 conversion of the Commodore 64 game Thrust. Fans of Gravitar will feel right at home in Thrust+, and this is a sophisticated and challenging game for the 2600. Thrust+ DC Edition also supports a wide range of controllers, including joysticks, driving controllers, CBS Booster Grip, and a 2600-compatible foot pedal controller."
"Thrust+ Platinum","","Region Not Set","","Thomas Jentzsch","Thomas Jentzsch","2003-01-01","1","No","Action","","Thrust+ Platinum is the latest iteration of Thomas Jentzsch's popular Atari 2600 conversion of the Commodore 64 game Thrust. Fans of Gravitar will feel right at home in Thrust+ Platinum, and this is a sophisticated and challenging game for the 2600. Thrust+ Platinum also supports a wide range of controllers, including joysticks, driving controllers, CBS Booster Grip, and a 2600-compatible foot pedal controller."
"Thunderground","","Region Not Set","","Sega","Sega","1983-01-01","1","No","Action | Shooter | Fighting","E - Everyone","There are six Core nuclear bases on the planet's surface. You must burrow underground to each of these bases and destroy them. But be warned, they are guarded by patrolling Core Ranger tanks that if they get you in their line of fire, will destroy you.

There are two types of tanks. The white Sentry tanks only move through existing tunnels and will only fire on you if there is clear space between you and them. The blue Digger tanks will create their own tunnels to pursue you. There is also a Sentry tank at the bottom of the screen that slowly moves towards your reserve tanks. If this tank reaches you reserves before you destroy all six bases, you lose a life. The game is over if you lose all lives.

There are enemy supplies buried in random areas that if you get them will get you bonus points. Later levels have the bases only appear one at a time or have no dirt between you and the enemy tanks, leaving them to pursue you from the start."
"Thwocker","","Region Not Set","","Activision","Activision","2001-01-01","1","No","Puzzle | Music","E - Everyone","Thwocker was one of the long lost Activision prototypes that finally surfaced in 2001 when it was found a thrift shop along with some other prototypes.  Like most other unreleased Activision games, Thwocker was never mentioned in any catalogs or announced at any gaming expos.  Apparently Activision liked to keep their games secret until they were sure it was going to be released.  Not a bad policy. 

In Thwocker, the object is to gather the musical notes in the correct order as indicated in the status area, while also avoiding the flying musical instruments. To control your bouncing character, move the joystick left or right for direction, and move it up to increase the height of your bounce. Be sure to push up just when you bounce, don't press up continuously. Press and hold the fire button to decrease the height of your bounce (push the joystick down at the same time to decrease height even faster). Once you have collected the proper musical notes, grab the large note at the top of the level. At that point, a tune will begin playing and you can now grab all the remaining musical notes, as well as the musical instruments."
"Time Pilot","","Region Not Set","","Konami","Coleco","1983-05-04","","No","Shooter","","Prepare for fierce aerial combat with aircraft that span the years since the dawn of aviation.  Your timeship's first encounter is with ancient 1910 biplanes;  you're outnumbered, but your weapons are superior.  Eliminate the entire air fleet, then knock out a might zeppelin and you will progress to the next stage, 1940 monoplanes..."
"Time Race","","PAL","Australia","","Rainbow Vision | 																Sunteck Co.","1983-01-01","2","No","Action","Not Rated","No overview is currently available for this title, please feel free to add one."
"Time Warp","","Region Not Set","","Zellers","Zellers","1983-01-01","1","No","Shooter","Not Rated","This game has you placed in a spacecraft of some kind (the cover art makes it look like a futuristic passenger jetliner with weapons attached, but I don't know honestly!) flying through what looks like a cave, while taking on several enemies that attack you from the right side of the screen. After surviving a few rounds, you'll go into an 'underground' cave where you fly through a treacherous corridor and attempt to dock with a refueling station (I'd guess.) After that, it's back to blasting targets again. Lather, rinse, repeat."
"Title Match Pro Wrestling","","Region Not Set","","Activision","Absolute Entertainment","1987-01-01","1","No","Fighting | Sports","","Calling all wrestling maniacs! Tonight's the title match! Climb into the ring and strut your stuff - mix it up with some of the world's most savage wrestlers as you compete for the ""Absolute Title Belt."" But prepare yourself for Skin Head's pulverizing rope dives, Mad Dog's vicious ariplane spins, Big Chief's bone-crushing bear hugs and Mr. Mean's paralyzing body slams. The sizzling action never stops, whether you battle it out one-on-one, or go to war for the Tag Team Belt. And after it's all over, if you think you're really good, match yourself against the computer to see who's the ultimate ring warrior."
"Tom Boy","Dschungle Boy","Region Not Set","","Rainbow Vision","Atari Games","1982-01-01","1","No","Action | Platform","E - Everyone","A hack of pitfall"
"Tomarc the Barbarian","","Region Not Set","","Xonox","Xonox","1984-07-09","1","No","Adventure","","The player controls the warrior Tomarc who is searching caverns for his sword to free princess Senta from her evil captors. The game was unique for its time for periodicially requiring the player to switch between control of Tomarc or Senta when the alternate character was threatened by enemies."
"Tomcat: The F-14 Fighter Simulator","","Region Not Set","","Absolute Entertainment","Absolute Entertainment","1988-01-01","1","No","Flight Simulator","E - Everyone","Tomcat is a fairly complex, yet reasonably easy to understand flight simulator. It utilizes all of the switches on the Atari system to control various parts of the airplane. You begin on the deck of an aircraft carrier. After launching, you'll come across enemy fighters. Attempt to shoot them down with one of three different missile types or your machine gun. If an enemy missile is fired at you, it will show up on radar, and you must maneuver your plane to avoid being hit. When you are low on fuel or ammo, you'll be called back to the carrier, at which time you'll have to perform a carefully controlled landing. The game continues through the night."
"Tooth Brush","Jawbreaker","Region Not Set","","Taiwan - Cooper Black","","1982-01-01","2","No","Action","Not Rated","Taiwan Cooper version of Atari 2600 Jawbreaker"
"Tooth Protectors","","Region Not Set","","Johnson & Johnson","DSD/Camelot","1983-05-05","1","No","Action","","The gameplay is similar to that of Activision's Kaboom!, in which the player must prevent objects dropping from the top of the screen from reaching the bottom by positioning their character directly under the falling objects. In Tooth Protectors, the objects are small ""snack"" squares dropped by the ""Snack Attacker"", a menacing-looking face that moves horizontally along the top of the screen. The player's character is a small smiling face carrying a strand of dental floss above its head. The player must prevent the snack squares from reaching the row of white teeth along the bottom of the screen; repeated hits by the snacks cause the teeth to blink and disappear from tooth decay.

Occasionally the Snack Attacker will dive from the top of the screen in an attempt to grab the player; the player loses a turn if the Snack Attacker succeeds. If teeth begin to decay, the player can press the joystick's fire button to call in the ""Tooth Protectors"": an orange toothbrush, green box of dental floss and purple dental rinse bottle move across the teeth, brushing, flossing and rinsing them.["
"Top Gun","","Region Not Set","","QuelleSoft","Quelle","1970-01-01","2","No","Action","E - Everyone","Dreiste Kopie von Chopper Command"
"Topy","Mole Hunter","Region Not Set","","Gem International Corporation | 																Home Vision","Gem International Corporation | 																Home Vision","1983-01-01","1","No","Action","","Whack-a-Mole game"
"Tower of Rubble","","NTSC","","AtariAge","AtariAge","2021-01-01","2","Yes","Action | Music | Unofficial","Not Rated","Set in 1932, you are a British adventurer, who has just stolen a valuable golden mask from the ruins of an old Inca tower on a small deserted island off the coast of Ecuador. Locals avoid the island and its tower, as rumor has it that the old Incas brought it to life, so it could protect the treasure hidden inside. In their indigenous Quechua language, descendants of the Incas call the tower “Turri Raqay”, which roughly translates to “Tower of Rubble”.

What seemed like an easy pick up, quickly turns into a nightmare. Soon after snatching the golden mask from its pedestal and walking back to leave the island, you find that hot lava is emerging from the sea that surrounds the island. You are trapped!

And to make things worse, at that very moment the tower awakes and turns out to have a very malicious personality…"
"Towering Inferno","","Region Not Set","","U.S. Games","U.S. Games","1982-01-01","2","No","Action","","The downtown skyscraper has burst into flames, and only you can rescue the helpless hundreds trapped within.  Quickly, you helicopter to the scene, and dispatch your men to battle the deadly flames.  How many survivors can you save? 

Play TOWERING INFERNO and find out!"
"Toyshop Trouble","","Region Not Set","","AtariAge","AtariAge","2006-12-01","1","No","Puzzle","","Ah, the Bahamas. Toyshop elves Patrick, Quincy, and Robert are laying on the beach, relaxing in the sun. Nothing could be finer than listening to the surf while enjoying a cold drink. A great reward for having gotten all of Santa's toys painted in record time. Unfortunately for you, Patrick's idea of ""painting"" toys was dumping them all in a bucket of gray paint. While this technically fulfilled his associates' obligations (thus their trip to the Bahamas), the toys--alas--still have to be painted properly.

It's now your job to clean up their mess, which means properly painting the toys in time for Santa's departure Christmas Eve. You must paint the toys as they move along five conveyor belts. Ahh, but only if it were as easy as it sounds! Toys must be painted the proper color, and some toys require two coats of paint (with different colors), and if that wasn't bad enough, some must have their coats applied in the proper order! And not that you needed the additional pressure, but you also have a daily quota to meet. You must properly paint all the toys that appear on the conveyor belts each day before the whistle at the end of your shift sounds!

Santa's counting on you to ensure that all the toys are painted correctly! Can you get the job done before Santa's sleigh is loaded up on Christmas Eve? You don't want to be responsible for children waking up Christmas morning without toys under their trees, do you? Time to juggle those cans of paint and get moving!"
"Track & Field","","Region Not Set","","","","1984-08-01","2","No","Sports","Not Rated","Track & Field, known in Japan as Hyper Olympic (ハイパーオリンピック?), is a 1983 Olympic-themed arcade game developed and published by Konami.

The arcade version was released in 1983. The simple gameplay, based on quick repeating button presses, set the basics for sequels and similar games in the genre for the next decades. There were several home versions of the original; the ZX Spectrum and Amstrad CPC versions were only released as part of the Game, Set and Match II compilation in 1988, and are poorly regarded by fans."
"Track and Field","Los Angeles 1984 Games.","NTSC","United States of America","Atari, Inc.","Atari","1984-08-01","2","No","Sports","E - Everyone","Players take part in 6 events.

100 Meter Dash – Running by quickly alternating button presses.

Long jump – Running by alternating button press and correct timing for jump. Hold jump button to set angle (42 degrees is optimal).

Javelin throw – Running by alternating button presses and then using action button correct timing for angle (43 degrees is optimal).

110 Meter Hurdles – Running by alternating button presses and using action button to time hurdles

Hammer throw – Spinning initiated by pressing a run button once and then correctly timed press of action button to choose angle (45 is optimal).

High jump – Running (speed set by computer) and then action button must be held down to determine angle of jump. Once in the air, the run button can be rapidly pressed for additional height.

Gameplay screenshot of the long jump event.

In each event, there is a qualifying time or level that the player must achieve to advance to the next event; failing to qualify (in one heat for running events or three tries in the other events) will reduce the player's number of lives by one, but if none are present in his/her disposal, the game will end."
"Traffic Cop","","Region Not Set","","Robbie Hill","Robbie Hill","2005-04-01","2","No","Racing","","Traffic Cop is a cops and robbers sytle 2600 game created by Robbie Hill. This simplistic game has a simple concept, but is a challenge to play. Player 1 (the cop) has to ram Player 2 (the criminal) six times (or four depending on difficulty) before the gamers timer runs out. Player 2 must survive within the time limit.

The game contains 7 levels, 1-4 are multiplayer, some with various obstacles. Games 5-7 are singleplayer, were Player 1 goes up against the 2600 itself."
"Treasure Below","","Region Not Set","","Video Gems","Video Gems","1983-01-01","1","No","Action | Adventure","","There's fabulous golden treasure down there, just waiting to be taken.
There's also much danger with jelly fish, octopus, sharks and other undersea creatures patrolling the deep.
You've got your trusty knife end speargun for protection. Be careful, sometimes these sea monsters will surround you and you have to fight your way to the top to keep your golden treasure along with your quest.
The action gets faster and faster. You test every video skill you know, plus invent a few new ones, but get that treasure you will..."
"Treasure Island","Treasure Discovery","Region Not Set","","Suntek","Suntek","1983-01-01","1","No","Action | Shooter","","An Island of Treasure awaits!"
"Trick Shot","","Region Not Set","","Imagic","Imagic","1982-01-01","2","No","Sports","E - Everyone","Trick Shot is a pool game for one or two players. You can choose to play pool (first player to 25 points wins), billiards (first player to 50 points wins), trickshot (attempt to earn points by sinking all of the balls on the table in a single shot), or trickshot practice game variations. During the game you use the joystick to control a cursor which aims the cue ball. By holding down the button you control the amount of power in a shot (the longer you hold down the button, the more power the cue ball is hit with). You may also apply some English by moving the joystick while hitting the cue ball. At the end of the game a trophy will appear on screen to indicate who the winner is!"
"Tron Deadly Discs","","Region Not Set","","M Network","M Network","1982-01-01","1","No","Action","","The ultimate in futuristic adventure!  Based on the Motion Picture from Walt Disney Productions.  Move TRON safely through battle against warriors attacking in waves of three against one.  Lethal saucers are the weapons. Score points by knocking them out before they get TRON!"
"Tronman","","Region Not Set","","Packrat Video Games","","2004-01-01","1","No","Action","Not Rated","No overview is currently available for this title, please feel free to add one."
"Tuby Bird","Vogel Flieh","Region Not Set","","Suntek","Suntek","1983-01-01","2","No","Action","","Tuby Bird is a clone of the Activision title, Dolphin. The difference in this game is that, instead of playing as a dolphin trying to avoid a squid, you play as a small bird while trying to avoid a bird of prey."
"Tumblers","","NTSC","United States of America","Self-Published","Self-Published","2024-08-28","1","No","Puzzle","E - Everyone","The NTSC (National Treasury Security Council) recently released Tumblers, a security
software package being marketed to financial institutions. The NTSC asserts that
Tumblers is 100% hacker proof, claiming that the software’s ten unique security levels
make it impervious to any online breach.
In an effort to embarrass the NTSC, the anonymous group PAL (Programmers Against
Lying) has developed code, referred to as the “cube key,” that can unlock the electronic
locks of the Tumblers software. The cube key is available for download for anyone who
wishes to try their hand at safe cracking. To prevent the authorities from tracing any
users of the cube key, PAL designed it to automatically stop working after ten minutes.

Tumblers is an action-puzzle game where you use the cube key to unlock as many
electronic locks as you can in ten minutes. A lock is unlocked once the cube key enters the
keyhole at the top of the lock.
The cube key has six sides just like a normal cube, with three unique colors: red, green, and
blue. Each color occupies two sides of the cube, and opposite faces of the cube are the
same color. When the cube key is stationary, the near cube face is shown with flashing
color strips indicating the color of the top and bottom sides.
The score is the number on the left side at the bottom of the screen, representing the
number of locks that have been solved (or levels cleared).
The timer is shown on the right side at the bottom of the screen. It is set for ten minutes at
the beginning of the game. The timer only pauses when a level is completed and new
tumblers are being loaded for the next level. The game is over when the timer reaches zero."
"Tunnel Runner","","Region Not Set","","CBS Electronics","Dick ""Bucko"" Balaska","1983-01-01","1","No","Action","","Get a move on, TUNNEL RUNNER. Those monstrous Maze Zots have picked up your scent and there's only one item on their menu --- you! You've been running up and down tunnels like a rat for so long, you're starting to develop a taste for cheese. Oh sure, you can get out . . . you just haven't been able to find the Key to the right Escape Door, that's all. Wait! There it is!

Quickly --- pick it up and start making tracks for that door! You can hear one of those Zots hot on your heels! No time to check the map --- this better be the right way! There's a door up ahead. You did it! You're free!

Sorry, Tunnel Runner, not quite..."
"Turbo","","Region Not Set","","Coleco","Coleco","1982-01-01","1","No","Racing","E - Everyone","No overview is currently available for this title, please feel free to add one."
"Turbo Arcade","","NTSC","United States of America","AtariAge","Champ Games","2023-07-12","1","No","Racing","E - Everyone","About the Game
The classic 3D racer comes home!  Navigate your car through the hundreds of full-color scenes, including cities, darkened tunnels, slippery snow covered roads, hidden hills, narrow bridges and many more!
Do you have the skills to navigate through all 99 rounds and earn a spot on the elite Turbo RANKING LIST?
GOOD LUCK!

Features
4 skill levels, including NOVICE, STANDARD, ADVANCED and CHALLENGE.
Full 60 FPS 3D scrolling backgrounds!
Multiple tracks and hundreds of different scenes to discover, including day, night, sunset and sunrise!
All-new scenes and weather conditions including desert, rain and ice. 
Save your high scores to the AtariVox or SaveKey device."
"Turmoil","","Region Not Set","","20th Century Fox","Sirius Software, Inc.","1982-01-01","","No","Action","","The objective is to zoom up and down the center alley and blast aliens as they streak by.  Keep shooting and keep moving to avoid a deadly collision with a speeding alien spacecraft."
"Tutankham","","Region Not Set","","Parker Brothers","Parker Brothers","1983-05-04","2","No","Adventure","E - Everyone","Tutankham (ッ夕ンカ一ン) is a 1982 arcade game developed by Konami and released by Stern in the US. The game was originally titled Tutankhamen, but it was discovered that the full name could not fit on the arcade cabinet, so the title was shortened.[citation needed]

Tutankham is one of six games chosen to appear in the LIFE magazine photo-session conducted at Twin Galaxies on November 7, 1982, featuring video game record holders of the 1982-era, gathered for a group photograph. The Tutankham champion in the photo is Mark Robichek of Mountain View, California."
"Tutankham Arcade","","NTSC","United States of America","","Champ Games","2024-10-13","2","No","Action | Adventure","Not Rated","You are Dr. Harold Carver, famous professor and archeologist on a quest to retrieve the secret treasures of King Tutankhamun from the ruins of ancient Egypt!
Use your map to make your way through the twisting catacombs to collect treasures and find  the keys to unlock doorways that ultimately lead to the tomb of King Tut himself!
Along the way you must use your laser gun to fend off the attacks of the creatures that defend the pyramid from looters, including snakes, bats, vultures and dragons.
Do you have the skills to complete all 100 stages and and your name to the list of Great Explorers?"
"Tyre Trax","","NTSC","United States of America","AtariAge","","2018-09-01","1","No","Racing | Sports","Not Rated","Get set for the race of your life. With Tyre Trax you are about to embark on a daredevil race across challenging terrain avoiding obstacles and traps. Can you brave the cold and dark? Are you up to the challenge? Oil your chain, test your brakes and grab your helmet.  Happy trails!"
"UFI und sein gefahrlicher Einsatz","","PAL","Germany","","","1970-01-01","1","No","Action","Not Rated","No overview is currently available for this title, please feel free to add one."
"UFO Patrol","X'Mission","Region Not Set","","Suntek","Suntek","1983-01-01","1","No","Action | Shooter","","It is a horizontal scrolling Shoot em´ up game. You try to avoid the UFOs while also trying to shoot them."
"Ultra SCSIcide","","Region Not Set","","Self-Published","Joe Grand","2005-01-01","1","No","","","SCSIcide is an original, fast-paced homebrew game released back in 2001 by Joe Grand of Pixels Past. In SCSIcide you play the role of a hard drive read head. As the different colored bits scroll by on the hard drive platter, you need to quickly read them in the correct order before you suffer a buffer underflow. As you complete each level, the data scrolls by more and more quickly! How far can you go? If you're a fan of Activision's Kaboom!, then you'll love SCSIcide.

Joe Grand has spent some time recently updating SCSIcide and has released a new version of the game titled Ultra SCSIcide. This latest version of the game contains many improvements over the original:

Added support for joystick controllers. Controller type is automatically detected when you press the paddle or joystick fire button to start the game.
Fixed the flicker that used to occur at the beginning of each level.
Changed background and data bit color palette to make bits easier to distinguish.
Reduced track size from 10 to 8 bits, for a more appropriate one byte per level.
Changed speed increase per level - only two random data bits increase in speed each level.
Modified the sound and scoring routines to account for longer gameplay and higher levels.
Changed title screen text and added GIS and Pixels Past logos.
Added a PAL version of the game."
"Unholy","","NTSC","United States of America","AtariAge","AtariAge","2021-01-01","1","No","Action | Adventure","Not Rated","No overview is currently available for this title, please feel free to add one."
"Universal Chaos","Targ","Region Not Set","","Telegames, Inc.","Telegames, Inc.","1984-07-12","2","No","Shooter","","This game is a port of CBS Electronic’s ""Targ"" with some minor changes. Besides the different enemy graphics and slightly different sound effects, the screen changes color with each level. Also, most of the bugs present in Targ are absent, and the Spectar (called the 'Warlord’s shuttle' here – all the names have been changed) does appear."
"Up 'n Down","","Region Not Set","","Sega","Sega","1983-05-05","2","No","Racing","E - Everyone","You're racing your BAJA BUGGER over a dangerous, treacherous road.  But 
your opponents aren't just trying to win the race, they're trying to make 
it the last race you run.  To stay alive, jump your BAJA BUGGER and land 
on top of your opponents.

Earn points by collecting flags, balloons and other prizes along the 
course.  Watch out for PICK-UP TRUCKS and WEDGE CARS.  They'll try to 
collide with you...and if they do, you're dead.

Fasten your seat belt and get ready for the wildest strip of road you've 
ever been crazy enough to drive."
"Vanguard","","NTSC-U","United States of America","Atari, Inc.","General Computer Corporation","1982-12-12","1","No","Action | Shooter","E - Everyone","Join the Vanguard expedition on a thrilling space odyssey. Fight your way through the perilous tunnels of Aterria to the fabulous City of Mystery and destroy the great Gond! Features 4-way firing."
"Vault Assault","","Region Not Set","","Self-Published","Brian Prescott","2001-01-01","1","No","Action | Shooter","","Vault Assault is a game based on the old arcade game Space Zap, written by Brian Prescott for the Atari 2600. Brian released Vault Assault in cartridge form at the 2001 Classic Gaming Expo, selling out all the copies he brought with him."
"Vegas Rule","","Region Not Set","","","","1982-01-01","3","No","Action","Not Rated","No overview is currently available for this title, please feel free to add one."
"Venetian Blinds","","Region Not Set","","Activision","Activision","1982-01-01","1","No","Life Simulation","Not Rated","This ""game"" was supposed to act similar to a modern day screen saver. Something just to have on the T.V. to have. No actual game play exists. Blinds go up, blinds go down. Yep, that's it. Thankfully the video game crash of 1983 happened before this game was ever released to the public"
"Venture","","NTSC","United States of America","Coleco","Coleco","1982-01-01","1","No","Action","Not Rated","No overview is currently available for this title, please feel free to add one."
"Venture II","","Region Not Set","","","","2001-08-11","1","No","Action","Not Rated","Venture II was created by Tim Snider as a sequel to the classic game Venture. Only 24 copies of Venture II were produced. The first four carts were part of a pre-production run so Tim could get the manufacturing process fine tuned. Those first four are marked with Greek letters on the label. Tim then created 20 numbered copies of Venture II which he made available privately at the 2001 Classic Gaming Expo. One copy of Venture II sold at the CGE2K1 auction and went for over $200. Tim created perhaps the most extravagant packaging seen for a self-published title at the time--the game was delivered in a hand-crafted, miniature treasure chest, which opened to reveal the cartridge (with numbered label) and a manual, surrounded by elegant, gold leaf paper.

If you'd like to purchase a copy of Venture II (sans the fancy treasure chest packaging), you can do so in the AtariAge Store. Included is a beautifully illustrated twelve page manual by Dale Crum."
"Venture Reloaded","","Region Not Set","","AtariAge","","2019-01-01","1","No","Adventure","Not Rated","No overview is currently available for this title, please feel free to add one."
"Venture: Arcade Edition","","Region Not Set","","","","2005-01-01","1","No","Adventure","Not Rated","No overview is currently available for this title, please feel free to add one."
"Video Checkers","","Region Not Set","","Atari, Inc.","Atari","1980-09-01","2","No","Strategy","Not Rated","In this classic game of checkers you can play with your friend or many different levels of computer AI. Mastering all of them will take skill and strategy, as well as a bit of luck. Video Checkers follows the standard checkers rules with the following rules: if there is a jump available, you must take it and if you get to king's row and are promoted, you cannot move again that turn but must wait for your next turn."
"Video Chess","","Region Not Set","","Atari, Inc.","Atari","1978-01-01","","No","Strategy","","The ancient game of strategy can now be played on your television screen with the release of Atari's Video Chess. The goal is still the same: capture your opponent's king while protecting your own. Video Chess is a one-player game that offers eight different skill levels, including a special children's level that is appropriate for those still learning how to play.

Each player begins with sixteen pieces on opposite sides of a checkered game board: eight pawns, two bishops, two knights, two rooks, one queen and one king. One side plays with black, the other with white. Depending on the rank (with the pawn being the lowest and king highest), each piece can move across the board a certain number of spaces or in a specific direction."
"Video Chess ( Sears Telegames )","","Region Not Set","","Sears, Roebuck and Co.","Atari","1980-01-01","1","No","Action","E - Everyone","Skill levels beginner to expert"
"Video jogger","","Region Not Set","","Exus Corporation","Exus Corporation","1983-01-01","","No","Sports","","This game was originally packaged with Video Reflex and the Foot Craz Activity Pad. Jog on the pad to move the smiley face around the track. If you run into the pace ""dot"" when it's red, you lose a life. If you pass it when it's green, you get bonus points. You can switch to the second track if you want to run faster. After five minutes another pace dot appear, and after 2,000 points it speeds up. You can also play this with a joystick, though it's not as fun."
"Video Life","","Region Not Set","","","CommaVid, Inc.","1981-05-01","","No","Puzzle","","Video Life is a rare video game for the Atari 2600. It is a version of the zero-player cellular automaton known as Conway's Game of Life. Video Life was only available through a special mail order offer to owners of CommaVid's Magicard, which itself is considered to be one of the rarest Atari 2600 cartridges ever released. According to original CommaVid co-owner Irwin Gaines, only 20 cartridges or less of Video Life were ever made. Editors of AtariAge estimate approximately 500 cartridges were produced. A report in the Chicago Reader by Jeffrey Felshman estimates that cartridges would sell for as much $3000 at the time."
"Video Olympics","","NTSC-U","United States of America","Atari, Inc.","Atari","1977-09-11","4","Yes","Action | Sports","E - Everyone","Video Olympics is a 1977 Atari 2600 video game developed and released by Atari in the USA on September 11, 1977.

The games are a collection of bat-and-ball style games, including several previously released by Atari as arcade games. The games use the Video Computer System's paddle controllers, and are for one to four players (three or four players requires a second set of paddles).

Games

Video Olympics includes 50 games and variations:
Pong - The classic table tennis simulation.
Super Pong - A Pong variation where each player has two paddles.
Robot Pong - A solitaire Pong variation.
Pong Doubles
Quadrapong - A four-player, four-wall Pong variation.
Foospong - Based on Foosball, this Pong variant has the players control a vertical three-paddle column.
Soccer
Handball - A handball simulation.
Ice Hockey
Hockey III - An ice hockey simulation where players can catch and shoot the puck at the opposing goal.
Basketball - A basketball simulation.
Volleyball - A volleyball simulation where the traditional (Pong-style) left-right volley is swapped for a top-bottom volley. Players can volley or spike."
"Video Pinball","","NTSC-U","United States of America","Atari, Inc.","Atari","1981-04-09","2","No","Action","E - Everyone","Video Pinball is a pinball simulation for one or two players. You begin the game with three balls and need to score as many points as possible by hitting the various bumpers, spinners, and rollovers on the pinball table. An extra ball can be earned by hitting the Atari logo rollover four times in a row! There are two difficulty levels and four game variations included."
"Video Reflex","","Region Not Set","","Exus Corporation","Exus Corporation","1983-01-01","1","No","Sports","","This game was originally packaged with Video Jogger and the Foot Craz Activity Pad. When a bug appears in one of the boxes, step on it quickly or lose a life. But if a butterfly appears, DON'T step on it or lose a life. You can end up jumping around pretty fast. You can also play this game with a joystick, but it's not as fun."
"Video Simon","","Region Not Set","","","","2000-01-01","1","Yes","Music","Not Rated","No overview is currently available for this title, please feel free to add one."
"Video Time Machine","","Region Not Set","","","Hozer Video Games","1998-05-01","","No","Adventure","","A lost homebrew out of ""time"", this useful utility cart by Chris Cracknell uses favorite classic characters racing across the screen to track the time (along with a digital display), turning your Atari and tv into a retro timepiece. On the half hour the happy chasing characters change, giving you a wide variety of icons to wile your time away looking at."
"Vong","","Region Not Set","","Rick Skrbina","Rick Skrbina","2008-01-01","2","No","Action | Strategy","","Vong is a homebrew game that plays like the classic arcade game Pong, but vertically instead of horizontally. Vong features six gameplay modes, two of which are hidden."
"Vulture Attack","","Region Not Set","","K-Tel Software","K-Tel Vision","1982-01-01","","No","Shooter","","This is a relabel of the game Condor Attack."
"Wabbit","","Region Not Set","","Apollo, Inc.","Apollo, Inc.","1982-01-01","2","No","Action","","You are a farmer, named Billie Sue, trying to protect your crops. One patch in particular is giving you trouble.  It's surrounded by ten holes from which wabbits [sic] dart into your field.  Scare off the pesky creatures by throwing wotten eggs at them (they're in 
abundance this year and worth much less than good country carrots).
 
The score on the left depicts the number of carrots the wabbits have snatched and deposited in their wabbit holes.  The current carrot count increases every time a wabbit gets back into his hole with one of your carrots.  Your score increases every time you wallop a wabbit with a wotten egg.  It's an egg-citing experience."
"Walker","Robin | Schussel der Polizistenschreck","Region Not Set","","Suntek","Suntek","1983-01-01","1","No","Platform","","This game is rare and so it is mostly unknown what this game is about.

Judging from the cover art of the game, it is assumed that you play as a clown. You walk to the right whilst jumping over policeman, who stand in your way."
"Wall Ball","","Region Not Set","","Avalon Hill","Avalon Hill","1983-07-04","1","No","Action","","Break through the ""flat"" habit and experience a new dimension in video games. Play with the speed, control, and skill of handball, but without leaving home. Start slow or start fast, but don't be surprised if WALLBALL gives you a good workout! Wallball - 9 levels of 3-D racquet-and-ball simulation for the Atari 2600."
"Wall Break","","Region Not Set","","Gem International Corporation | 																Home Vision","Gem International Corporation | 																Home Vision","1983-01-01","1","No","Shooter","","You are the defender and you only have one chance."
"Wall defender","","Region Not Set","","","Bomb","1983-01-01","1","No","Action","","The mission - you are defending the wall from attacking aliens. Don't let them hit as they make the wall weaker. This sounds simplistic and is, but highly addictive as you score points for every alien destroyed. If a segment of the outer wall is destroyed (by the aliens kamikaze into it) if this happens enough times the outer wall flashes and you need to move in a level, post haste. If you don't, you drift off to space and all is lost. Don't fret though you have a chance to regain lost wall space by simply staying alive. If you stay alive long enough with no more incidents, you can regain that which has been lost...precious wall."
"Wall Jump Ninja","","NTSC","","AtariAge","","2015-01-01","1","No","Platform | Unofficial","E - Everyone","As a ninja, you already have many skills. But there are many more to learn. Today you will learn the legendary technique of the ""wall jump"". Use it wisely, or face certain doom at the hands of the death beam.

The game is a simple one-button game: a ninja is sliding down a wall, tap the button to jump away and slide down the other wall. There is an opening on the right, make it through and you are in the next room (the opening closes behind you).

It has rough analog input, e.g. the longer you hold the button, the higher you will jump. As you progress the position of the door changes, and the size of the door opening gradually decreases. Spikes also appear that you have to avoid as well."
"Wall-E","","NTSC","","HomeBrew Software","AtariAge","2013-06-24","1","No","Action | Family","Not Rated","Hey kids, do you like Wall-E?  You do?  Then great news!  Now you can help Wall-E clean up trash on your Atari 2600!

Go around the junkyard and clean up all that garbage, but watch out!  Electrical storms are brewing and if Wall-E is hit, he shuts down."
"Warlords","","NTSC-U","United States of America","Atari, Inc.","Atari","1981-06-18","4","Yes","Action","E - Everyone","Warlords is a 1981 Atari 2600 video game developed and released by Atari in the USA on June 18, 1981.

In Warlords, you need to defend yourself from three human and/or computer players. Each of the four players are in one of the corners of the screen guarded by a castle. You control a small shield which can be moved around the edge of the castle. To survive you need to use the shield to block a ball which bounces around the screen. If the ball hits your castle, it will take out some of the bricks. If a hole forms in the castle wall and the ball makes it though and hits your warlord, then you are out of the game. The last player left alive wins the battle, and the first player to win five battles wins the game! Several game options are included which allow you to either catch or ricochet the ball when the shield touches it, and control the speed of the game."
"Warplock","","Region Not Set","","Telegames, Inc.","Data Age","1982-07-19","2","No","Shooter","","At the edge of the galaxy on the fringes of hyperspace and hypertime, your space craft is trapped in a bizarre space/time warp.  You are engulfed by a band of space pirates bent on destroying you and your crew.  It'll take some inside moves with your controller, and skill that's out of this world to get out of this one!"
"Warring Worms","","Region Not Set","","Baroque Gaming","Baroque Gaming","2002-01-01","2","No","Action | Strategy","","Warring Worms is like an advanced version of the classic Atari game Surround.

While avoiding walls, each worm can shoot a cannon that will destroy a single block on the playing field, or kill the opposing worm. There are ten starting playfields, a single player and two player mode, and hostile environment games with a total of 80 game variations in all!"
"Warring Worms: The Worm (Re)Turns","","Region Not Set","","Baroque Gaming","Baroque Gaming","2005-01-01","2","No","Action | Shooter","","Warring Worms: The Worm (Re)Turns is a new version of Billy Eno's popular Atari 2600 homebrew game Warring Worms. This new version of Warring Worms sports several significant improvements over the original game and the game has been doubled in size from 4K to 8K. Warring Worms: The Worm (Re)Turns includes a new game selection screen, where you can see all the original options as well as several new ones:

- Tank Mode - In this mode, the snakes no longer grow continuously. As your snake moves, it no longer leaves a trail behind you.
- Solid Arena Mode - The starting arena cannot be destroyed by the cannon.
- Unbreakable Mode - Nothing can be destroyed by the cannons. In this mode, the only thing the cannon can hurt is your opponent!
- First To - Tony Morse once said something to the effect of, ""Who wants to play best of 198?"" This feature lets you chose the ending score, and bring ""full"" games down to a reasonable playable time.
- Win By 2 Mode - This feature changes the winning condition so that you must beat your opponent by at least two points.
- Select Game/Random Game - Selecting Random Game changes most of the game options to be selected randomly before each round. This provides a new challenge every round.

Think of Warring Worms: The Worm (Re)Turns as an advanced version of the classic Atari game Surround. While avoiding walls, each worm can shoot a cannon that will destroy a single block on the playing field, or kill the opposing worm."
"Weltraum Tunnel","Space Tunnel","Region Not Set","","","Bit Corporation","1982-05-01","","No","Shooter","","You're a spaceship flying through a tunnel. Pilot your spacecraft by moving the joystick, fire your energy bombs by pressing the red button. The direction of your bomb is the same as that of your spacecraft. If your craft is hit by the missiles or strikes the UFOs or side walls, you lose a life."
"Westworld","","NTSC","","HomeBrew Software","Hack","2004-01-01","1","No","Action","Not Rated","It's an old fashioned ""High Noon"" shoot out in the techno-Old West. There have been many hacks of Berzerk in the past, but few have looked as smooth as Westworld. The Playfield has been changed to resemble locations and objects from the Old West. The Automazeons have been ""duded up"" and your player is now a gun slinging cowboy. The colors have been altered to look a bit more rustic as well. A very nice new look for an old stand-by."
"Wing War","","Region Not Set","","Imagic","Imagic","1983-07-13","","No","Action","","Wing War is a rather unique game that was only available in Europe, even though it was announced for the US market and is the only Imagic title that was not released in the US. The gameplay is a little like the classic arcade game Joust, except it's a bit more complex and involves a lot of exploration. A mystical dragon sets out to find crystals of fire, air, and water, in order to gain special powers, and eggs which will hatch into new dragons. The dragon must defeat enemies by shooting fireballs, which is accomplished by pushing the joystick upwards and in the direction the player wishes to shoot in. Some enemies can be killed with one shot, others with two, and some take more and more fireballs to be killed as the game progresses. What is truly unique about this game is that the fire and water crystals must never be dropped off consecutively, or else they will destroy one another. An air crystal must separate the two. Also, players must learn to conserve fireballs, otherwise they will find they have no way of defending themselves against their enemies. Wing War is a very unique game, and a shame it was never released in the United States."
"Wings","","Region Not Set","","CBS Electronics","Stuart Ross","1983-06-03","1","No","Flight Simulator","","You're in the cockpit as WINGS matches your flying skills against an all-out cruise missile attack. Check air speed, altitude, radar, compass and fuel. Then blast away with cannons, lasers and Sidewinder missiles. The Free BOOSTER-GRIP increases your firepower with 2 extra firing buttons! Just like that, you're streaking across the sky at Mach 3. What gives? Our new RAM PLUS power chip. It gives RAM PLUS games a memory 3 times as powerful as ordinary games. That means our ""3-D"" graphics rival any system around. You get the realistic action, extra detail, added game screens and arcade-quality sound you want."
"Winter Games","","Region Not Set","","Epyx, Inc.","Epyx","1987-01-01","4","No","Sports","Not Rated","WINTER GAMES is a series of seven exciting competitive events. Up to eight players can enter this international contest, each choosing a country for which to compete (no two players can choose the same nation to represent).

The object is to see your country come out on top. You'll compete in pure speed events like skating and in speed-and-control events like slalom, biathlon, bobsled and luge. You'll test your skill against competitors in distance and style events like ski jumping and hot dog skiing. You'll win by scoring the fastest time or by earning the most points. And the nation that wins the most events takes home the gold medal!"
"Winterjagd","","Region Not Set","","QuelleSoft","Quelle","1976-01-01","1","No","Sports","E - Everyone","Eine VCs 2600 Kopie der Firma Quelle, Deutschland"
"Wipeout 2600","","NTSC","","AtariAge | 																HomeBrew Software","AtariAge","2015-02-12","1","No","Racing","Not Rated","A demake of Wipeout for the Atari 2600

Avoid crashing into the other racers, or if you can: Blast them from behind with your missiles! Race against the time, speed up by driving over the speedboosts. Gain more time by driving over the energy symbols! Racing track that changes color if you last long enough!

Push the joystick left and right to move left and right. Push the button to fire."
"Wizard","","Region Not Set","","","Atari","2005-05-01","","No","Adventure","","Wizard is a video game created in 1980 for the Atari 2600 video game system by Chris Crawford, although it was not released until 2005. Wizard's ROM takes up 2K, the last Atari 2600 game programmed by Atari Inc. to use such a small amount.

The player plays as a wizard from Irata (Atari spelled backwards) and battles Imps. It takes place in a maze, but it's not a symmetric battle: the player is faster than the enemy, but the enemy can go through walls and fire faster than the player can.

Wizard was innovative in several ways. There was no need to aim, as the angle of the player's fire was automatically sent in the direction of the player's enemy. The enemy remained invisible when it was behind a wall, making it one of the first games to implement a line-of-sight algorithm. It also had a very realistic (for the time) heart beat, which would become louder as the player got closer to the enemy."
"Wizard of Wor","","Region Not Set","","CBS Electronics","Bally | 																Midway","1982-01-01","1","No","Puzzle | Shooter","","Wizard of Wor is an arcade shooter played from a top-down point of view.

The player controls a warrior who is trapped in a dungeon. The goal is to earn as many points as possible by shooting the numerous enemy creatures which wander about the maze like corridors. The creatures wander about at various speeds, may shoot darts at the player, and some even have the ability to disappear temporarily. At the bottom of the screen the player has a radar which can be used to locate creatures that are invisible."
"Wizard of Wor Arcade","","PAL","United Kingdom of Great Britain and Northern Ireland","AtariAge","Champ Games","2020-01-01","2","Yes","Action","Not Rated","I fear it is too late for myself and my crew...

...My hope is whomever finds this message can learn from our misfortune and perhaps be better prepared for the challenges that await.

There is an ancient legend passed down by deep space travelers. The legend of the Wizard of Wor. It tells of an evil wizard who studied in the sciences of dimensional travel and teleportation. It is said that the Wizard possesses the ability to entrap travelers at any point in space and teleport them to his labyrinthian planet. A planet populated by an array of malevolent creatures, all teleported there against their will. The wizard entertains himself by watching these creatures battle each other in a struggle for survival in the land of Wor.

The first time I heard this story I was a young recruit in the star academy. An old, veteran star pilot shared the tale with me over a few pints in the local spaceport. A rite of passage designed to spook young recruits.

Or so I thought.

En route to a lucrative mining job in the Midway 1980 asteroid cluster, our ship’s navigation computer suddenly malfunctioned. It reported our coordinates to be light years off our programmed course before losing all power. Our lifeless ship soon crashed into the jagged surface of the planet below.

Somehow my crew and I managed to survive the crash. We salvaged what we could and set out on foot to climb the tallest peak for a better vantage point. From this perspective we could see a landscape defined by an endless, sprawling maze that reached to the horizon and beyond!"
"Wizard of Wor Arcade (Hack)","","Region Not Set","","","","2016-01-01","2","Yes","Action","Not Rated","No overview is currently available for this title, please feel free to add one."
"Wolfenstein VCS","","Region Not Set","","Packrat Video Games","","2004-01-01","1","No","Adventure","Not Rated","No overview is currently available for this title, please feel free to add one."
"Wolfenstein VCS: The Next Mission","","Region Not Set","","AtariAge","","2005-01-01","1","No","Adventure","Not Rated","No overview is currently available for this title, please feel free to add one."
"Word Zapper","","Region Not Set","","U.S. Games","U.S. Games","1982-01-01","","No","Action","","Word Zapper is a one or two-player, full color, action game with 24 variations, designed to be played on the ATARI (R) Video Computer System (TM) or Sears Video Arcade.

The Joystick Controller links you with a most profound vehicle of amusement, the rotary wing Word Zapper. It is armed with vertical and horizontal firing lasers and capable of incredible maneuverability.

Opposing you is the Scroll -- a diabolic device designed to wear out the wrist an boggle the mind. The Scroll parades the alphabet across the screen, taunting you to duplicate a word or scrambled letters flashed at the bottom of the screen.

You must shoot each letter in perfect order, and you must match three words or letter combinations within 99 seconds.

Sounds easy? Wait until you meet the Scroll's friend, the Asteroids."
"Words-Attack","","Region Not Set","","Sancho / Tang's Electronic Co.","Home Vision","1983-06-01","2","No","Shooter","","Extremely rare Sancho prototype. Only one cartridge is known to exist.

The game seems to be unfinished, because it still has over 1K of free space left that could have been used for a valid 'word pool'.

This game was most probably originally made by Home Vision, because a Home Vision logo has been found inside this ROM."
"World End","The End of the World | Laser Base | Mid-Time | Space War | War Stars | Weltuntergang","Region Not Set","","Homevision","Gem International Corp","1983-04-04","2","No","Shooter","","You are the commander of a Laser Base and you must counter an enemy invasion from outer space. Galactic robots attack with galatic death rays, spider and destroyer of probes"
"Worm War I","","Region Not Set","","20th Century Fox","20th Century Fox","1982-01-01","2","Yes","Action","Not Rated","Your mission, as a master tank commander, is to drive through the city of Teriyaki and blast away as many Worms and Blocks as possible without running out of fuel."
"Wüstenschlacht","","Region Not Set","","QuelleSoft","Quelle","1970-01-01","1","No","Action","E - Everyone","Dreise Kopie von Chopper Command"
"X-Man","","Region Not Set","","gameX","Gamex","1984-11-01","1","No","Action","","You‘re ""X-Man"".  The macho super-stud of the year!

A ”Sexy Blond"" with a body that doesn’t quit is waiting behind the door to satisfy your every fantasy. You've got the equipment, you’re excited and ready to give her what she desires. All you've got to do is get through that door and do your stuff. Sounds easy? ...Wrong!

Coming at you are the ‘Crabs"" with their claws ready to tear your privates apart. Next come the ‘Scissors' whose sharp blades can cut off your manhood. And last are the ""Teeth“ who snap with a vise-like grip that will leave more than lust marks! Get the picture?

But this ‘Sexy Blond” is worth it And you're a man who's ready for challenge, action, and escape from tight spots. We promise that it you’ve got the stuff to avoid your attackers and get through the door you‘ll score in more ways than one!

Remember that behind the door awaits your sexy surprise and bonus points as well. See how far you can go and how much you can score as you take the ""X-Man"" Challenge. ""X-Man"". . .the adult video game that only you can bring to an exciting climax!"
"X'Mission","X Mission | UFO Patrol","Region Not Set","","Gem International Corporation | 																Home Vision","Gem International Corporation | 																Home Vision","1984-01-01","1","No","Action | Shooter","","It is a horizontal scrolling Shoot em´ up game. You try to avoid the UFOs while also trying to shoot them."
"Xanthiom 2600","","NTSC","","","","2023-01-04","1","No","Action | Adventure","Not Rated","Play the original Xanthiom as it would have been if released in 1981 for the Atari 2600! Play as Lieutenant Grisham on his first mission on Planet Coati 5!"
"Xenophobe","","Region Not Set","","Midway Games","Atari","1990-01-01","2","No","Action","","Xenos. The very name strikes fear into every colonist's heart. A distress call is received from space stations orbiting your homeworld, then silence. A single ship escapes, piloted by a battered man who tells the tale of pods that hatch into acid-spitting Xenos. A small band of engineers has been dispatched to combat the Xeno threat before it takes over all the space stations and, eventually, your homeworld. 

Xenophobe is a side-scrolling shooter with platform elements. Assemble your band of engineers and fight the Xenos on each station, striving to either clear it or abandon it. You start out with a standard issue laser, but can pick up additional weapons as you find them, including Phasers, Lightning Rifles, Poofer guns, and bombs."
"Xevious","","Region Not Set","","Atari, Inc.","Namco","1983-04-01","1","No","Shooter","","It's a nightmare, but it's true! Research shows that we are the actual aliens on Earth, and the ruthless Xevions are the original inhabitants.

Now the Xevions want Earth back -- minus humans! Their invasion forces are fierce -- the land is crawling with deadly Domogram Rovers; the sky is black with Toroid Patrol Fleets and Zoshi Death Squads.

Our puny weapons offer no defense. Earth's only hope is our powerful new Solvalou Fighter Plane. Its pilot will have a single mission: Penetrate the enemy ranks and destroy the Xevious Mother Ship.

The mission is dangerous. We can't guarantee success. But at this point, it's do or die!

One small problem. We still need a pilot. Any volunteers?"
"Xonox - Ghost Manor/Spike's Peak","","Region Not Set","","Xonox","Beck-Tech","1983-12-01","","No","","","As one of the Xonox ""Double Ender"" cartridges, this features Ghost Manor and Spike's Peak. Each of the two games was released separately, though it's generally more common to find them in this form. This particular double-ender is the most common to feature either of these games."
"Xonox - Motocross Racer/Tomarc the Barbarian","","Region Not Set","","","","1984-01-01","1","Yes","Action","E - Everyone","No overview is currently available for this title, please feel free to add one."
"Xonox - Robin Hood/Sir Lancelot","","Region Not Set","","Xonox","Xonox","1983-01-01","2","No","Action | Shooter","","As one of the Xonox ""Double Ender"" cartridges, this features Robin Hood and Sir Lancelot. Each of the two games was released separately, though it's generally more common to find them in this form. This particular double-ender is the most common to feature either of these games.
The Double-Ender is two games in one - each end of the cartridge has a different game. These cartridges are about 2.5 inches longer than a standard cartridge, and the case is wider in the middle. There is one long label that is typically blue, with game art for both sides split diagonally down the middle. Titles are printed in red text against a yellow banner. All the titles found on the Double-Enders can also be found in standard single-ended cases.
Xonox, based in Minnesota, started developing Atari cartridges during the height of the 2600's popularity. They contributed many high quality games available for the early platforms. Xonox capitalized on the novelty and perceived value of ""double-ender"" cartridges. These could be inserted into the console on one of the two ends, each end offering a different game. Different double-ender configurations could package the same game with different counterparts. Xonox was not the first company to try this; Playaround did it earlier with their adult-themed titles. Xonox eventually abandoned this idea and began releasing single versions of some of the titles previously offered as double-enders as well as a few new titles.
Xonox was one of many small video game companies to fold during the Video Game Crash of 1983."
"Xonox: Spike's Peak/Chuck Norris Superkicks","Xonox Double Ender","Region Not Set","","Xonox","Xonox","1983-01-01","1","No","Action | Adventure | Fighting","E - Everyone","This is a compilation containing two Xonox games on a single cartridge. The games are:
Chuck Norris Superkicks
Spike's Peak
The game cartridge has two sides, each with one game. To select a game you simply insert the appropriate end of the cartridge into the console."
"Yahtzee","","Region Not Set","","Hozer Video Games","Russell Babylon","2000-01-01","1","No","Life Simulation","Not Rated","Here is what the programmer, Russell Babylon, had to say: ""At present this is a one player game. The game follows standard Yahtzee rules. The only exception is that you can only score extra Yahtzees as a Yahtzee (some versions of the rules allow you to score extra Yahtzees as combinations less than a Yahtzee). The game control is very intuitive. You use the left joystick to play the game. From the title screen press the fire button to go to the game screen and roll the dice. The five dice are white in color which indicates they are all unselected. Pull the joystick down or move it right or left to highlight a die. The highlighted die will flash. Press the fire button to select the die. Move the joystick in any direction to move away from the die. Notice that the selected die will now be green in color. Repeat the above sequence to select all the dice you wish to keep. Now move the joystick up or down so that no dice are flashing and you have not highlighted any scoring options. Press the fire button to roll the unselected dice. You may roll the dice a total of three times. After any roll you may score your dice combination by pulling down or up repeatedly on the joystick until you have highlighted the scoring option you wish to use. Press the fire button when the appropriate scoring option is highlighted and if your dice combination is correct you will get the appropriate score. There are no take backs so be careful with your scoring."
"Yar's Revenge","","Region Not Set","","","","1970-01-01","1","No","Action","E - Everyone","No overview is currently available for this title, please feel free to add one."
"Yar's Return","","NTSC-U","United States of America","Atari, Inc.","Atari","2022-09-08","2","No","Action | Adventure","Not Rated","Yars' Return is the sequel to the 1982 title Yars' Revenge, the best selling original game for the Atari 2600.

Yars’ Return takes the gameplay of the Yars' Revenge—invading alien insects that shoot at you from behind a barrier, and periodically dash across the barrier to nibble at your defensive shield—and extends it. Gameplay was strictly horizontal in Yars' Revenge, enemies attacked from the left. In Yars’ Return enemies come at you from three directions, adding more variety and interest to the gameplay in this unreleased sequel."
"Yars' Return","","Region Not Set","","Atari Games","Atari","2006-01-01","2","No","Shooter","E - Everyone","No overview is currently available for this title, please feel free to add one."
"Yars' Revenge","","Region Not Set","","Sears, Roebuck and Co.","Atari","1977-01-01","2","No","Action","Not Rated","No overview is currently available for this title, please feel free to add one."
"Z-Blocks","","Region Not Set","","","","2000-01-01","2","No","Puzzle","Not Rated","Tetris clone"
"Z-Tack","","NTSC","","Bomb","Bomb","1983-06-14","1","No","Action","Not Rated","As in Imagic's Atlantis, the city is under attack, but in this case, you are the invader. Destroy the installations while they try to stop you. Many of the installations are hidden in caverns, so you'll need a precision shot to hit them."
"Zaxxon","","Region Not Set","","Coleco","Coleco","1982-01-01","2","No","Shooter","","This fantastic 3-dimensional space battle game puts you in control of a futuristic spaceship! Your ship zooms over an alien asteroid, and dives down to attack the enemy's installations. Your ship must avoid hazardous walls, enemy fire, and other unforeseen dangers! Can you survive and score?"
"Zippy The Porcupine","","Region Not Set","","AtariAge","Chris Spry","2017-08-24","1","No","Platform","E - Everyone","From the same mind that brought you Princess Rescue comes Zippy The Porcupine, a bootleg of the popular Mega Drive launch title Sonic The Hedgehog."
"Zoo Fun","Aufruhr Im Zoo","Region Not Set","","Suntek","Home Vision","1983-01-01","1","No","Puzzle | Strategy","E - Everyone","This game is based on the code of Panda chase from Home vision. In which there are animals that keep escaping from cages and it is your job to put them back in those cages."
"Zoo Keeper","","Other","","AtariAge","Champ Games","1984-01-01","1","No","Action","Not Rated","You are Zeke - zoo keeper extraordinaire!  What started out as a routine day at the zoo has turned into complete havoc, as Marcel the mischievous monkey has unlocked all of the cages and set the animals free!

It is your job to contain the escaped animals and capture them with your net to send them back to their cages while avoiding getting trampled with some well-timed jumped.

If that isn't enough to worry about, Marcel has also captured your girlfriend Zelda and tied her to a tree!  Make your way up the moving platforms, dodging the coconuts being hurled your way and be the hero!

Do you have the skills to complete all 99 levels and earn a spot in the renowned list of ""Best Keepers""?

GOOD LUCK!
FEATURES

1 or 2 player alternating turns.
3 skill levels:  NOVICE, STANDARD and ADVANCED.
Features all three levels from the arcade!
99 rounds to defeat.
Save your high scores to the AtariVox or SaveKey device.
Supports the QuadTari adapter that allows for 2 players with high score saves."
"Zookeeper","","NTSC","United States of America","AtariAge","AtariAge","2020-01-01","1","No","Action","Not Rated","No overview is currently available for this title, please feel free to add one."
