title,alternate_titles,region,country,publisher,developer,release_date,players,coop,genre,esrb_rating,description
"__Visible","","NTSC","","","","2023-01-01","1","No","Puzzle | Platform","Not Rated","Platformer game where you can't see the platforms.

Your goal is simple, reach the end. How fast can you complete this small game?"
"""Digital Monster"" Ver. GBs [Kunemon Edition]","","Other","","Unknown","?","2022-02-03","1","No","Life Simulation","Not Rated","""Digital Monster"" Ver. GBs (Kunemon  Edition) is a recreation of the Original Digital Monster virtual pet, adapted for the Nintendo Gameboy."
"001 Pokemon Rosso","","PAL","Japan","Nintendo","Game Freak","1996-02-27","1","No","Action | Adventure | Role-Playing","E - Everyone","Pokémon Versione Rossa e Pokémon Versione Blu introducono i giocatori alla regione di Kanto, dove sono stati scoperti Pokémon come Charmander, Pikachu e Mewtwo. Tramite l'esplorazione, i combattimenti e gli scambi, i giocatori avranno accesso a 150 Pokémon.
La tua avventura ha inizio a Biancavilla, nei panni di un giovane ragazzo. Dopo un pericoloso incontro con dei Pokémon selvatici, il Professor Oak ti insegna come catturare i Pokémon, dandoti le basi per diventare un allenatore. Nel corso dei tuoi viaggi dovrai catturare i Pokémon per registrarli nel tuo Pokédex, nonché migliorare come allenatore lottando nelle palestre sparse per la regione. Una volta che avrai dimostrato di essere un allenatore provetto, dovrai vedertela con i Superquattro, un gruppo di allenatori d'élite che metteranno a dura prova le tue capacità.
Non sarà certo facile dato che, oltre ai molti Pokémon selvatici, dovrai fare attenzione anche al Team Rocket, uno spregevole gruppo di ladri di Pokémon. Impedisci al Team Rocket di rubare Pokémon rari e metti fine alle loro malefatte!"
"002 Pokemon Blu","","PAL","Japan","Nintendo","Game Freak","1996-10-15","1","No","Action | Adventure | Role-Playing","E - Everyone","Pokémon Versione Rossa e Pokémon Versione Blu introducono i giocatori alla regione di Kanto, dove sono stati scoperti Pokémon come Charmander, Pikachu e Mewtwo. Tramite l'esplorazione, i combattimenti e gli scambi, i giocatori avranno accesso a 150 Pokémon.
La tua avventura ha inizio a Biancavilla, nei panni di un giovane ragazzo. Dopo un pericoloso incontro con dei Pokémon selvatici, il Professor Oak ti insegna come catturare i Pokémon, dandoti le basi per diventare un allenatore. Nel corso dei tuoi viaggi dovrai catturare i Pokémon per registrarli nel tuo Pokédex, nonché migliorare come allenatore lottando nelle palestre sparse per la regione. Una volta che avrai dimostrato di essere un allenatore provetto, dovrai vedertela con i Superquattro, un gruppo di allenatori d'élite che metteranno a dura prova le tue capacità.
Non sarà certo facile dato che, oltre ai molti Pokémon selvatici, dovrai fare attenzione anche al Team Rocket, uno spregevole gruppo di ladri di Pokémon. Impedisci al Team Rocket di rubare Pokémon rari e metti fine alle loro malefatte!"
"003 Pokemon Giallo","","PAL","Japan","Nintendo","Game Freak","1998-09-12","1","No","Action | Adventure | Role-Playing","E - Everyone","ulla scia dell'enorme successo di Pokémon Versione Rossa e Pokémon Versione Blu, Pokémon Versione Gialla riporta gli allenatori a Kanto per nuove divertenti avventure. E in Pokémon Versione Gialla, Pikachu ti segue per tutto il viaggio!
In Pokémon Versione Gialla, la grafica è leggermente migliorata rispetto a Pokémon Versione Rossa e Pokémon Versione Blu. Pokémon Versione Gialla aggiunge anche sfide e una modalità battaglia che ti permette di competere in modi divertenti. Ci sono persino dei fantastici minigiochi, come Surfing Pikachu!"
"1 bit game collection","1bit Game Collection","Other","","","","2021-12-16","1","No","Platform","Not Rated","Created by Filipe Bianchin as a test for GBStudio 3's capability's and released on itch.io"
"1 Call 1 Choice","","NTSC","","","","2025-07-25","1","No","Horror","AO - Adult Only 18+","Choices matter. They can even change lives. A single press of a button may change the course of their history."
"1-Bit Escape","","NTSC","","","","2022-01-01","1","No","Adventure | Puzzle","Not Rated","You wake up in a colorless room, in a bed that is far too small. Find the key to break out of the 1-bit escape room."
"10 Days Without Aliens","","NTSC","","","","2021-01-01","1","No","Action | Puzzle | Platform","Not Rated","10 Days Without Aliens is a top-down ""sim"" where you, a volunteer at an Antarctic signal relay station, just go to work for 10 Days and don't encounter any aliens whatsoever, at all, not even a little...

You and your fellow researchers are simply monitoring signals passing through the Antarctic region when some intriguing visitors arrive..."
"10 Seconds","","NTSC","","","","2025-01-01","1","No","Platform","Not Rated","You were kidnapped and attached with a strange device. You have 10 seconds to escape each room. Do you have the speed to make it to freedom?"
"1998 DY-22 in 1","DY-22 in 1","Region Not Set","","","?","1998-01-01","2","No","Action | Puzzle | Platform","Not Rated","A Game Boy bootleg multicart containing Teenage Mutant Ninja Turtles 3: Turtles Kiki Ippatsu, Contra: The Alien Wars (J), Super Mario Land, Hyper Lode Runner, Tetris, Space Invaders, Battle City, Dr. Mario, and Flipull. The games are repeated multiple times on the cart."
"2 Bit Alchemist Adventure","","NTSC","","","","2024-01-01","1","No","Adventure | Platform","Not Rated","You are one of many alchemist ins search of the mythological philosopher's stone. The stone rests in the depths of this temple. To get it, you will have to use your alchemical powers, which reduce your vital energy. Be careful not to use it up before reaching the stone."
"2021 moon escape","","Other","","","","1970-01-01","1","No","Adventure","Not Rated","2021: Moon Escape is an open world adventure based on exploration, combat and character progression where the game world is a constant threat to your survival and the success of your desperate but noble mission."
"2021: Moon Escape","","NTSC","United States of America","","","2023-03-31","1","No","Adventure","E - Everyone","Set in a galaxy devastated by an unprecedented war, you will play the role of Tars Nunien, a paladin of the Marked Brotherhood, whose only mission is to return the enemy war plans to the capital planet Astra Nova in the hope of organizing the last desperate defense against the terrible Kisur Barbarians.
2021: Moon Escape is an open world adventure based on exploration, combat and character progression where the game world is a constant threat to your survival and the success of your desperate but noble mission."
"2048-gb","","Other","","","","1970-01-01","1","No","Puzzle","E - Everyone","2048 for the gb, gbc, and gba."
"240p TestSuite Mini GameBoy","144p Test Suite","Other","","","","2015-10-23","1","No","240p-test-mini

Size-optimized ports of Artemio's 240p Test Suite to 8-bit consoles

I've remade Artemio Urbina's 240p Test Suite for three more platforms:

    Nintendo Entertainment System
    Game Boy and Game Boy Color (as ""144p Test Suite"")
    Game Boy Advance (as ""160p Test Suite"")

The NES and GB ports are in assembly language for speed and size efficiency. The GBA port is in C, but still size-optimized to fit well within the 256 KiB multiboot limit.

The GB and GBA ports have a different name because their LCD video timing doesn't match that of NTSC. They exist to test not only the TV but also the Super Game Boy or Game Boy Player accessory, which behaves as a scaler.

Some functionality has been rearranged to fit the controller or to combine the function of similar tests. Some help pages have been rewritten for completeness, conciseness, and English usage improvements. Some tests' graphics have been replaced to keep the software free.

To get set up to build the NES port, install GNU Make, Coreutils, Python 3, Pillow, and cc65 per nrom-template instructions. The port to Game Boy uses RGBDS instead of cc65. The GBA port uses devkitARM and libgba by devkitPro, but Python 3 and Pillow are still required to convert the proportional font.

Like Artemio's original versions, these ports of 240p Test Suite are free software under the GNU General Public License, version 2 or later.
About

Contributors 3

    @pinobatch
    pinobatch Damian Yerrick
    @ISSOtm
    ISSOtm Eldred Habert
    @lpla
    lpla Leopoldo Pla

ESRB Rating: Not Rated

 Utility | Unofficial
Genre(s): Utility | Unofficial","240p-test-mini

Size-optimized ports of Artemio's 240p Test Suite to 8-bit consoles

I've remade Artemio Urbina's 240p Test Suite for three more platforms:

    Nintendo Entertainment System
    Game Boy and Game Boy Color (as ""144p Test Suite"")
    Game Boy Advance (as ""160p Test Suite"")

The NES and GB ports are in assembly language for speed and size efficiency. The GBA port is in C, but still size-optimized to fit well within the 256 KiB multiboot limit.

The GB and GBA ports have a different name because their LCD video timing doesn't match that of NTSC. They exist to test not only the TV but also the Super Game Boy or Game Boy Player accessory, which behaves as a scaler.

Some functionality has been rearranged to fit the controller or to combine the function of similar tests. Some help pages have been rewritten for completeness, conciseness, and English usage improvements. Some tests' graphics have been replaced to keep the software free.

To get set up to build the NES port, install GNU Make, Coreutils, Python 3, Pillow, and cc65 per nrom-template instructions. The port to Game Boy uses RGBDS instead of cc65. The GBA port uses devkitARM and libgba by devkitPro, but Python 3 and Pillow are still required to convert the proportional font.

Like Artemio's original versions, these ports of 240p Test Suite are free software under the GNU General Public License, version 2 or later.
About

Contributors 3

    @pinobatch
    pinobatch Damian Yerrick
    @ISSOtm
    ISSOtm Eldred Habert
    @lpla
    lpla Leopoldo Pla

 Not Rated

Genre(s): Utility | Unofficial
ESRB Rating: Not Rated","240p-test-mini

Size-optimized ports of Artemio's 240p Test Suite to 8-bit consoles

I've remade Artemio Urbina's 240p Test Suite for three more platforms:

    Nintendo Entertainment System
    Game Boy and Game Boy Color (as ""144p Test Suite"")
    Game Boy Advance (as ""160p Test Suite"")

The NES and GB ports are in assembly language for speed and size efficiency. The GBA port is in C, but still size-optimized to fit well within the 256 KiB multiboot limit.

The GB and GBA ports have a different name because their LCD video timing doesn't match that of NTSC. They exist to test not only the TV but also the Super Game Boy or Game Boy Player accessory, which behaves as a scaler.

Some functionality has been rearranged to fit the controller or to combine the function of similar tests. Some help pages have been rewritten for completeness, conciseness, and English usage improvements. Some tests' graphics have been replaced to keep the software free.

To get set up to build the NES port, install GNU Make, Coreutils, Python 3, Pillow, and cc65 per nrom-template instructions. The port to Game Boy uses RGBDS instead of cc65. The GBA port uses devkitARM and libgba by devkitPro, but Python 3 and Pillow are still required to convert the proportional font.

Like Artemio's original versions, these ports of 240p Test Suite are free software under the GNU General Public License, version 2 or later.
About

Contributors 3

    @pinobatch
    pinobatch Damian Yerrick
    @ISSOtm
    ISSOtm Eldred Habert
    @lpla
    lpla Leopoldo Pla

ESRB Rating: Not Rated

Genre(s): Utility | Unofficial"
"2nd Space","","Region Not Set","","","Sachen","1993-03-27","1","No","Puzzle","","Never released, 2nd Space is a Game Boy puzzle game with strongly resembles Pac-Man. In this title, you play as a kind of small car to pass on all the boxes of a fixed screen. When you completely enclose a geometric shape, it turns to show an image fragment. Your objective is to return the entire image pieces without getting hit by the creatures that lurk in the level. These pass through the walls and throw projectiles that you need to ensure dodge them too. Finishing a level, you can admire the sketch as a whole and move to the next stage. Bonus items appear occasionally to freeze your enemies for example. It is also possible to defeat an opponent by turning a piece of image as it passes over."
"3 Choume no Tama: Tama and Friends - 3 Choume Obake Panic!!","Tama of 3rd Street: Tama and Friends - Third Street Ghost Panic!! | 3丁目のタマ タマ＆フレンズ 3丁目おばけパニック！！","NTSC-J","Japan","B-AI","Tom Create","1994-08-05","1","No","Action | Puzzle","Not Rated","3 Choume no Tama: Tama and Friends - 3 Choume Obake Panic!! is a Japanese exclusive Game Boy game based on the Tama and Friends anime series. The game puts you in control of the series protagonist, the energetic cat Tama, as you walk around town dodging cars and entering houses and other locations, which usually lead to various minigames."
"3-Fun Yosou Umaban Club","Sanpun Yosō Umaban Club | 3-Pun Yosō Umaban Club | 3分予想 馬番倶楽部","NTSC-J","Japan","Hect","Hect","1992-10-16","1","No","Sports | Board","Not Rated","A Japan-exclusive horse racing video game that allows players to place bets on horse races."
"32 in 1","32vt1025","Region Not Set","","","","2002-05-01","1","No","Unofficial","Not Rated","Compilation game with several games as Looney Tunes, Spider Man and Soccer mania

Actual release date not known"
"4-in-1 Fun Pak","4 in 1 Fun Pack | フォー イン ワン ファン パック","NTSC-U","United States of America","Interplay Entertainment Corp.","Beam Software","1992-09-01","2","No","Strategy","Not Rated","4-in-1 Fun Pak combines four board games to play against the CPU or a fellow gamer. The include titles are Chess, Checkers, Reversi and Backgammon. Each game features a number of different difficulty settings (1 being the easiest, 6 being the hardest), with simple black and white visuals and a challenging CPU opponent to take on. Multiplayer is available, either using the same Nintendo Game Boy between two players or using the system link option to play with two Nintendo Game Boys."
"4-in-1 Funpak: Volume II","4 in 1 Fun Pak: Volume II | 4 in 1 Fun Pack: Volume 2","NTSC-U","United States of America","Interplay Entertainment Corp.","Beam Software","1993-08-01","2","No","Strategy","Not Rated","4-in-1 Funpak: Volume II gives you, like its predecessor, four family-friendly games in one cart.  The games are Solitaire, Dominoes, Cribbage and Yacht (using Yahtzee's rules). You can play against the CPU or a second player, using the same Game Boy or, if you have the game link cable, two Nintendo Game Boys. Unlike the previous cart, there is no skill selection."
"5 Mazes","","NTSC","","","","2023-02-27","1","No","Puzzle","Not Rated","Get through five consecutive mazes, each one larger and more difficult."
"5 Mazes - Master Levels","5 Mazes: Master Levels","NTSC","","","","2023-03-07","1","No","Puzzle | Utility","Not Rated","Get through five consecutive mazes, larger and more difficult than in the previous games."
"5 More Mazes","","NTSC","","","","2023-03-05","1","No","Puzzle","Not Rated","A sequel to the acclaimed 5 mazes game, 5 more mazes brings in, yes, you guessed it, five more mazes - bigger and more difficult than before!"
"99 Nendohan: Eitango Center 1500","99年度版 英単語センター1500","NTSC-J","Japan","Imagineer Co., Ltd.","C-Lab","1998-07-10","1","No","Productivity","Not Rated","A portable database of English words for Japanese speakers."
"A Cat & His Boy","","NTSC","","Self-Published","","2023-04-30","1","No","Adventure","Not Rated","A Cat & His Boy is a short heartwarming narrative adventure for the Gameboy.

Can you as the mischievous cat named Midnight help your hooman friend Leif through a difficult time in his life?  Use all your cat like reflexes to help lift Leif's mood and find value in himself again!"
"A Crow's Life","","Other","","Self-Published","","2023-10-26","1","No","Action","Not Rated","A Crows Life is a side scrolling pixel art game where the player controls a crow that must avoid hooks that scroll across the screen. The game has an easy and hard mode, so that casual and more experienced players can try a different pace at the game. The game is designed for the Game Boy and is available for download in ROM format to be used with an emulator. Physical copies of the device can be obtained by emailing or messaging the developer at zrabatah@gmail.com. You can also visit zrabatah.com for other games and programs offered from the developer."
"A Dream I Had","","NTSC","","","","2022-02-20","1","No","Adventure","Not Rated","A DREAM I HAD is a ""1-Bit style"" GameBoy game inspired by Jungian archetypes, Tarots and astrology, populated by grotesque figures in a brutalist world.

The aim of the game is to reach completion through exploration, starting from being the Fool and interacting with the various representations of the Self, some harmless and others more dangerous."
"A Solution","Lösningen","Other","Sweden","","","2025-03-01","1","No","Adventure","Not Rated","A prime minister is murdered, and the entire nation is in shock. No one had believed that something like this could happen here. Yet, everyday life continues, in the firm belief that the police are doing their utmost to find a solution. And they are—but the solution they are seeking is not the same one the people are looking for."
"A-Force","Armour Force","NTSC","Taiwan","Sachen","Commin","1993-01-04","1","No","Action | Unofficial","Not Rated","A-Force is an Action game, developed and published by Sachen, which was released in Asia in 1993."
"Aa Harimanada","ああ播磨灘","NTSC-J","Japan","ASK Co. Ltd.","Atelier Double","1993-07-23","1","No","Fighting | Sports","Not Rated","Aa Harimanada (ああ播磨灘) is a 1993 sumo wrestling sports game, developed by Atelier Double and published by ASK, which was released in Japan in 1993."
"Abyss","","NTSC","","","","2025-08-26","1","No","Adventure","Not Rated","You wake up at home with a splitting headache, only to discover that something isn’t quite right. A strange broadcast urges you to stay inside and avoid contact with the outside world. As tension builds, your surroundings begin to shift in unsettling ways, and your attempts to reach loved ones are met with unexpected obstacles.

What starts as a simple quest for answers soon reveals a layered psychological mystery. The house itself seems to resist your escape, locking you deeper into a mystery that blurs reality."
"Adulting!","","NTSC","","","","2022-02-16","1","No","Life Simulation | Music","M - Mature 17+","It's Saturday. You've survived the work week. Congratulations! Now, before you can kick back and relax for the weekend there are just a few simple things to accomplish on your to-do list. 1) Buy coffee filters 2) Call parents 3) File tax returns 4) Take the dog for a walk 5) Return overdue library book Feeling ambitious? Perhaps you will suck it up and finally hit 'send' on e-filing those tax returns. But wait, what's this?! The date to e-file has passed?! You're going to need to print out your forms and mail them in old school which means you now need to pick up stamps. No worries, you think. You can swing by the post office on your way to the store to pick up coffee filters. You decide to head out, but where did you leave your keys? You ask your roommate. ""Where did you last have them?"" Ughhh!! Welcome to Adulting!"
"Adulting! Soundtrack","","NTSC","","","","2022-02-16","1","No","Music","Not Rated","Listen to 3 tracks from the game Adulting! as your fish contemplate life."
"Adventure Island","","NTSC-U","United States of America","Hudson Soft USA, Inc.","Now Production Co., Ltd.","1991-12-27","1","No","Platform","E - Everyone","Adventure Island is a 1991 Game Boy video game developed by Now Production and released by Hudson Soft USA in the USA on December 27, 1991.

In the South Pacific, Master Higgins lives peacefully wearing only a grass skirt and a cap. That is until the Evil Witch Doctor decides to capture the Princess Leilani and hold her as his own. It's up to Master Higgins to gather throwing axes, fireballs and skateboards in order to aid his noble quest.

Master Higgins moves across the screen from left to right and finds his power-ups in giant eggs. This includes a skateboard which results in a great speed enhancement - until Master Higgins gets hit and loses his power. If he is not on a skateboard a hit means instant death. Another game mechanic is starvation which gets indicated through a meter which steadily decreases. If it hits zero the hero dies and the only way to fill it up is by collecting food on the way. Bosses await him at the end of levels, all the way to the Evil Witch Doctor himself."
"Adventure Island II","Great Takahashi's Adventure Island III | Adventure Island 2","PAL","United Kingdom of Great Britain and Northern Ireland","Hudson Soft Company, Ltd.","NOW Production","1993-02-01","1","No","Platform","E - Everyone","Adventure Island 3 (高橋名人の冒険島III, Takahashi Meijin no Bōken Jima Surī, ""Great Takahashi's Adventure Island III"") is a side-scrolling platform game published by Hudson Soft that was originally released for the Nintendo Entertainment System in 1992. It is the third game in the Adventure Island released for the NES, following Adventure Island II. Unlike the first two games in the series, the NES version was never released in Europe. A portable version was also released for the Game Boy in 1993 titled Takahashi Meijin no Bouken Jima III, renamed to Adventure Island II: Aliens in Paradise outside of Japan.

Higgins can crouch, an ability he did not have in the previous NES games, but he loses the ability to backtrack during a stage. Unlike the previous game, the boss does not move to a different stage when the player loses a life.

The inventory system from the second NES game is still present, but this time he has eight items to choose from instead of just five. Higgins has a fifth dinosaur friend who can help him out: a triceratops (summoned by a star card) that can defeat enemies with his rolling attack. The other new items include a boomerang weapon that can be used as an alternative from Higgins' traditional stone axe weapon, and a crystal that provides Higgins with one hitpoint when he begins a stage.

There are different hidden rooms as well, such as a treasure room where Higgins can choose a new power-up, a surfing bonus round, a room containing a crystal (with an option to continue the level or skip it), and a room with the option of skipping a boss (which will also skip the stage) or not.

The Game Boy version features a password system, as well as an interactive overall map that allows the player to revisit previously completed stages to find new paths."
"Adventure Island II: Aliens in Paradise","","NTSC-U","United States of America","Hudson Soft USA, Inc.","Now Production Co., Ltd.","1993-02-01","1","No","Platform","E - Everyone","Adventure Island II: Aliens in Paradise is a 1993 Game Boy video game developed by Now Production and released by Hudson Soft USA in the USA on February 1, 1993.

A mysterious flying saucer just made off with Master Higgins' girlfriend and it's up to him to save her! But first he must defeat scores of mutated monsters across eight uncharted islands! Battle your way across all new dangers and challenges on the biggest Adventure Island yet! Find secret treasure chambers, surf through killer waves and grab all the bonus items you can handle as you master each realm! Action, adventure and more await you in this thrilling addition to the Adventure Island saga!"
"Adventures of Lolo","Lolo no Daibouken | ロロの大冒険","NTSC-U","United States of America","HAL America Inc.","HAL Laboratory","1994-01-01","1","No","Puzzle","Not Rated","Prince Lolo of Gentryland visited Eden, a country of love and peace, and enjoyed many pleasant days with Princess Lala of Eden. But one day, Egger, the King of Darkness, who had an evil plot to conquer Eden, spirited the Princess away before Lolo's eyes. After a long and difficult journey, Lolo has come to the evil Castle of the Labyrinth. The castle is guarded by an army of evil monsters led by Egger, the King of Darkness. Can Lolo solve the seemingly endless series of mazes and save Lala? Lolo is not gifted with strength or agility, but has great courage and patience. Now the battle of wits begins. Good luck, Lolo!"
"Aerostar","エアロスター","NTSC-U","United States of America","Vic Tokai","Vic Tokai","1991-09-01","1","No","Shooter","Not Rated","After the end of the Sixth World War, the Earth has been rendered inhospitable and uninhabitable by humanity. The Intergalactic Council ruled that Earth could once again be used by humans and sent people there to restore civilization there. Meanwhile, mutants have prospered in the long-lost wastelands of Earth and were unwilling to allow the humans to have it again. The Intergalactic Council has sent in a lone fighter called Aerostar to defend the Earth from a second act of total destruction."
"AF+ER","","Other","","","","1970-01-01","1","No","Adventure","Not Rated","AF+ER is the story of a child finding himself in a dreamworld, on that is a perfect reflection of the real one, but with a grim secret. And somehow these two worlds become almost seamlessly intertwined.


AF+ER is really about taking your time, exploring, and realizing choices you make may have rippling effects. In the dreamworld, you can search every nook of every house, and learn every NPCs darkest secrets, or merely get a voyeuristic insight into their life and motivation."
"Afutābāsuto","アフターバースト | After Burst","NTSC-J","Japan","NCS Corporation","Dual","1990-10-26","2","No","Action | Puzzle","Not Rated","Players must control a combat robot as they make their way towards their ultimate goal: destroying the enemy orb. Each level only has one screen to blast hostile robots, solve challenging platforms, and manipulate a series of short puzzles.

30 stages await players as they look forward to a boss battle on every tenth stage. A weapon is available; its gunfire can be altered by changing the angle of the gun. Even the distance of the shot can be changed by holding down the button for extended periods of time."
"Agro Soar","","PAL","Australia","Mattel Electronics","Laser Beam","1993-01-01","1","No","Action","Not Rated","Action game with dinosaurs, originally released in Australia.

It is essentially the same game as Baby T-Rex, We're Back: A Dinosaur's Story and Bamse."
"Aguri Suzuki F-1 Super Driving","鈴木亜久里のＦ１スーパードライビング","NTSC-J","Japan","LOZC/G. Amusements Co., Ltd.","Pixel","1993-05-28","1","No","Racing","Not Rated","Suzuki Aguri no F-1 Super Driving is a Racing game, developed by Pixel and published by LOZC G. Amusements, which was released in Japan in 1993."
"Akazukin Cha Cha","赤ずきんチャチャ","NTSC-J","Japan","Tomy","Access","1995-04-28","1","No","Role-Playing","Not Rated","Cha Cha is a cute little girl who is training to be a good magician. She was raised by her teacher Seravi, who is considered the world's greatest magician. Cha Cha almost always gets strange or disastrous results whenever she uses her magic, so she practices a lot. Cha Cha then embarks on a quest with her friends to find out about her real identity and her real family."
"AkiraDMG","","Other","","","","1970-01-01","1","No","Adventure","Not Rated","A Remake of Akira (Famicom) for Original Gameboy (DMG) featuring some new content and redesigned specifically for Original Gameboy. Hours of heart pumping visual novel action!"
"Akumajō Special: Boku Dracula-kun","悪魔城すぺしゃる ぼくドラキュラくん | Kid Dracula","NTSC-J","Japan","Konami","Konami","1993-01-03","1","No","Platform","Not Rated","No overview is currently available for this title, please feel free to add one."
"Alette If","Alette If (World) (Aftermarket) (Unl) (Neuromage Studio)","Other","","","","2019-01-01","1","No","Action | Adventure | Role-Playing","Not Rated","Alette If is a mystery RPG game developed for the Game Boy about Penny, a Metal Knight pilot who travels to a mysterious archaeological site to find her partner.

Nineteen years have passed, but the shadow of the Great War is still upon the world. On February 28, 2019, the 3th world war began. The war was between China and the United States of America. A feature of the Great War was the use of war robots, pilot operated biped machines, the Metal Knights. When China won the war, the world changed."
"Alfred Chicken","アルフレッドチキン | Alfred Chicken GameBoy","NTSC-U","United States of America","Mindscape International Ltd. | 																SUNSOFT","Hookstone | 																Twilight","1994-02-01","1","No","Action | Adventure | Platform","Not Rated","The player takes the role of a chicken named Alfred who must find his way through bizarre levels full of balloons, telephones, cheese and other strange elements. While he is on the ground, Alfred can walk, jump, and peck balloons and ground switches. While he is in the air he can dive bomb enemies or springs. Dive bombing enemies will destroy them. Dive bombing springs will bounce Alfred much higher so he can reach platforms well above his normal jumping ability. If he does not hit an enemy or a spring, Alfred will get stuck in the ground for a short time.

To complete a level, Alfred must find and peck all the balloons. The last balloon will take him to a boss fight. If Alfred dies, he starts as an egg located at the last balloon pecked.

Alfred can receive a few powerups during the game. For one power up, he must answer a telephone in secret areas to make Mr Pekles (a giant flower) give him a pot of jam. The jam gives Alfred the ability to shoot a bomb (about the size of Alfred himself) which bounces around the screen collecting things and hurting enemies. Another power up is a worm that spins around Alfred destroying enemies that it touches. You must find a can of worms to get this power up."
"Alien 3","Alien³ | エイリアン３","NTSC-U","United States of America","LJN","B.I.T.S., Ltd.","1993-01-01","1","No","Action | Horror","Not Rated","The Game Boy version of Alien³ differs significantly from the console games based on the third Alien film. Unlike the more shooter-oriented action on the consoles, this title is played from a top-down perspective, with a greater emphasis on exploration, acquiring items to beat limited puzzles, and survival.

As Ripley, you must navigate the corridors of the Fury 161 prison, searching for items to aid your escape. Unlike the film it is based on, multiple Aliens are running loose and attacking the prisoners, plus an Alien Queen nesting in the furnace. The player must map out the labyrinthine halls and ventilation systems to easily move around the complex. They must also find weapons to defend Ripley from the Aliens, along with a flamethrower and fuel to torch their eggs. Only after destroying the Queen and her eggs, may Ripley activate the crashed escape pod and leave the planet."
"Alien Olympics 2044 AD","","NTSC-U","United States of America","Ocean Software Ltd.","Dark Technologies","1992-01-01","2","No","Sports","Not Rated","Choose from eight species of aliens and compete in events such as 100 Qbits Sprint, Laser Leaping, Big Bounce, Laser Skeet, 200 Qbits Splurge, Lunge Leap Splat, Toxophilly, Flob Flop, Sabre Sling, Survival, Alien Hurl, Laser Skeet 2, Jetpack Tag, Lizard Leap, and Wall Jumping."
"Alien vs. Predator: The Last of His Clan","Alien vs Predator | AVP | エイリアン VS プレデター","NTSC-U","United States of America","Activision","ASK Kodansha","1993-11-01","1","No","Action","Not Rated","In the year 2593, on the planet Alpha Centauri 3, Predators looking for a hunting ground plant Alien eggs. The Aliens soon hatch and wipe out the human population. However, when the Predators move in for the hunt, they find they are vastly outnumbered and suffer the same fate. Only one of them survives. He theorizes that among the hatched Aliens there was a queen that laid additional eggs, which would explain the huge number of Aliens. The last survivor sets out to destroy the queen and regain the honor of his clan.

The Predator must traverse several side-scrolling levels on his way to the queen, while destroying Aliens in all their forms - facehuggers hatched from eggs, chestburster aliens and fully grown warriors. Various weapons are available: the standard weapon are the wrist blades. Ammunition for the shoulder cannon, the cutting disks and bombs must be picked up. The bombs not only work as weapons but can also be used to destroy barriers. To avoid a fight altogether, the Predator can also use his invisibility system, which runs down the energy supply. To recharge it, energy powerups must be collected. Also hidden in the levels are keys that open up doors blocking the way into the next area. A small radar map helps in navigating the maze-like corridors and also displays approaching enemies."
"All Humans Must Die!","All Humans Must Die","NTSC","","","","2021-06-29","1","No","Shooter","Not Rated","Are you ready for a little attack on humanity? Then get into the U.F.O. and kill as many people as possible in 60 seconds. But don´t get hit! We had to divert all shield power into the disruptor. Now we destroy these annoying little creatures with just one shot. But we are helplessly at the mercy of their unruly shots."
"All-Star Baseball 99","All-Star Baseball '99","NTSC-U","United States of America","Acclaim Entertainment, Inc.","Realtime Associates Seattle","1998-05-01","2","No","Sports","E - Everyone","All-Star Baseball 99 is the first handheld entry in the All-Star Baseball series and differs from its N64 counterpart.

The game features six different modes: exhibition games, a full season (either all 162 games of the 1998 season or various shortened runs), the '97 playoffs, the '97 All-Star game as well as the Home Run Derby, and a batting practice mode. In season and playoff mode, progress is saved via passwords.

On the field, players will control pitching, fielding and batting (bunts and swings are possible). The game also allows players to set team lineups and positions.

The game includes all 30 MLB teams of the 1998 season, including the '98 expansion teams Arizona and Tampa Bay."
"Alleyway","アレイウェイ | Areiuĕi","PAL","United Kingdom of Great Britain and Northern Ireland","Nintendo","Intelligent Systems | 																Nintendo Research & Development 1","1990-09-28","1","No","Action | Puzzle","E - Everyone","Interstellar ping-pong with a deadly energy ball! Your spaceship is at the gate of the Alleyway. Use your vessel to repel the energy ball. Atomize space grids with your return shots. Destroy the entire field and move on to even more challenging targets. You're in command in the Alleyway!"
"Altered Space: A 3-D Alien Adventure","アルタードスペース","NTSC-U","United States of America","Sony Imagesoft","Software Creations","1991-09-01","1","No","Adventure | Puzzle","Not Rated","The player is an astronaut trapped on an alien spaceship who has to try to find his way out while avoiding aliens and continually replenishing his oxygen supply. This was the first isometric view game on the Game Boy"
"Amazing Penguin","Osawagase! Penguin Boy | おさわがせ! ペンギンBOY","PAL","","Natsume","Natsume","1991-01-01","1","No","Puzzle","T - Teen","The character controls a penguin who must clear 40 levels worth of action. There are a certain amount of lines with switches and dots that need activating.[3] Once all the lines are cleared, so are any enemies that are remaining in that level. A strict time limit make players lose their lives in addition to bumping into an enemy.

There is no regularity to the movement of the character, giving an element of luck to the game. Some aspects of background graphics appear in certain levels (especially on levels 12, 20, 28, and 36).  Level 40 is essentially a giant maze which leads up to a castle that ends the game."
"Amazing Penguin [Limited Run Games]","","Other","","Limited Run Games","Natsume","2021-03-05","1","No","Action","Not Rated","The hunt is on in this exciting action-maze game! Join Pendich, the Prince of the Penguins as he battles the enchanted armies of Borbon The Great.

Attack with mighty kicks that blast the enemies across the screen. Clear the panels of each land to progress to the next level. It takes timing and strategy to win back the land from Borbon's invaders!

-40 levels of non-stop action and amazement!
-Password feature returns you to your last completed zone.
-Unlimited “continues” for hours of enjoyment."
"Amazing Penguin DX","Also know as: Amazing Penguin DX (v1.0) (marc_max)","Other","","","","2022-05-03","1","No","Action","Not Rated","No overview is currently available for this title, please feel free to add one."
"Amazing Tater","Puzzle Boy II | パズルボーイII","NTSC-U","United States of America","Atlus U.S.A., Inc.","Atlus U.S.A., Inc.","1992-02-01","1","No","Puzzle","Not Rated","This puzzle-game is the successor to Kwirk. The player has to guide a small potato to the exit of each level, which is made difficult by a number of obstacles. Crates have to be pushed out of the way or into holes to make them traversable. Difficulty is increased by the fact that there are crates and holes of several different shapes and sizes and many levels contain different types of spinning doors.

The game features four different modes of play: Beginners Mode in which the basics are explained and the player receives hints on how to solve each level; Practice Mode that lets the player choose the size of the levels which are then randomly picked; Puzzle Mode in which the player has to complete 40 levels and receives a score depending on the time it took him to complete a level; and finally Action Mode, which is basically a story mode containing two stories. The game also features a password system and four different difficulty levels."
"America Ōdan Ultra Quiz","アメリカ横断ウルトラクイズ","NTSC-J","Japan","Tomy","TOMY","1990-12-23","1","No","Puzzle","Not Rated","America Oudan Ultra-Quiz is a Miscellaneous game, published by Tomy Corporation, which was released in Japan in 1990."
"America Ōdan Ultra Quiz Part 2","アメリカ横断ウルトラクイズ Part 2","NTSC-J","Japan","Tomy","TOMY","1991-12-20","1","No","Puzzle","Not Rated","America Oudan Ultra-Quiz Part 2 is a Miscellaneous game, published by Tomy Corporation, which was released in Japan in 1991."
"America Ōdan Ultra Quiz Part 3","アメリカ横断ウルトラクイズ Part 3 ～チャンピオン大会～","NTSC-J","Japan","Tomy","TOMY","1992-11-27","1","No","Puzzle","Not Rated","America Oudan Ultra-Quiz Part 3 is a Miscellaneous game, published by Tomy Corporation, which was released in Japan in 1992."
"America Ōdan Ultra Quiz Part 4","アメリカ横断ウルトラクイズ Part 4","NTSC-J","Japan","Tomy","TOMY","1993-10-29","1","No","Puzzle","Not Rated","America Oudan Ultra-Quiz Part 4 is a Miscellaneous game, published by Tomy Corporation, which was released in Japan in 1993."
"Among Us","Among Us (World) (GBComp2021) (Aftermarket) (Unl)","Other","","","","2021-06-15","1","No","Adventure","Not Rated","Demake of Among us for the Gameboy

A proof-of-concept fan made port of Among Us.

It was entered into the Game Boy Competition 2021 (Game)."
"An Autumn With You","Autumn With You, An (World) (GB Compatible) (Aftermarket) (Unl) | Autumn With You, An","Other","","","","2020-09-07","1","No","Adventure","Not Rated","Your parents, your Nana and you have just moved to a remote location out in the country. Help them settle in and explore the wilderness around your Nana's house! It's said that there are spirits in this forest."
"Animal Breeder","あにまるぶりーだー","NTSC-J","Japan","J-Wing","J-Wing","1997-09-11","1","No","Strategy","Not Rated","Animal Breeder is the first entry in the Japanese Animal Breeder series."
"Animal Breeder 2","あにまるぶりーだー2","NTSC-J","Japan","J-Wing","J-Wing","1998-05-15","1","No","Strategy","Not Rated","Animal Breeder 2 is the second entry in the Japanese Animal Breeder franchise."
"Animal Forest - GB Folk","","NTSC","","","","2026-02-17","1","No","Sandbox","Not Rated","A proper demake of Animal Crossing for the gameboy. 

Features: 

- villagers that can give quests, befriend, tell stories based on the time

- time based events that can happen based on the clock, time of day and seasons

- holidays, festivals, mini-games

- insects to hunt, fruits to collect and sell, fishing to do, holes to dig and find treasures"
"Animaniacs","","NTSC-U","United States of America","Konami","Factor 5 GmbH","1995-07-01","1","No","Platform","E - Everyone","A lot of trouble is popping up at Warner Bros. Studio!

Yakko, Wakko and Dot are out of the water tower and running wild across the movie sets of ""Bungle in the Jungle"", ""Remember the A La Mode"" and ""To Scream or Not to Scream"". Guide their hilarious hijinks to find power-ups and avoid crazy traps like catapults, runaway trains, and giant boulders. Use each character's special abilities and unique talents on your quest to collect the key movie props on each set!"
"Another Bible","Megami Tensei Gaiden - Another Bible | アナザ・バイブル","NTSC-J","Japan","Atlus Co., Ltd.","Multimedia Intelligence Transfer","1995-03-03","1","No","Role-Playing | Strategy","Not Rated","Taking place in the world of Granas, there was once a great war between humans and demons. After a long conflict peace was restored between humans and demons. Eventually a demon cult appears and call out to the demons to free themselves of the humans, and so the demons began to oppose the humans. The protagonist, Cassiel, lost his parents and decides to abandon his hometown to travel. After rescuing the heroine, Pyutia, their journey becomes one geared towards saving the world."
"Another Code 1: Two Memories GB Demake","Another Code Two Memories GB Demake","NTSC","","","","2024-01-01","1","No","Adventure | Puzzle","Not Rated","The DS game Another Code: Two Memories, now demade for Gameboy. Completed even with a couple of known bugs!"
"Ant Soldiers","","NTSC","Taiwan","Sachen","Sachen","1993-01-04","1","No","Puzzle","Not Rated","Ant Soldiers is a Puzzle game"
"Aoki Densetsu Shoot!","蒼き伝説シュート！","NTSC-J","Japan","Banpresto Co., Ltd.","Affect Co.,Ltd","1995-04-07","1","No","Strategy | Sports","Not Rated","Aoki Densetsu Shoot! is a soccer management and simulation game released on both the Super Nintendo and the Game Boy. Aoki Densetsu Shoot! was developed by Affect and published by Banpresto (Game Boy version) and KSS (Super Nintendo version). Aoki Densetsu Shoot! is based on an anime of the same name."
"Arcade Classic No. 1: Asteroids / Missile Command","","NTSC-U","United States of America","Nintendo of America, Inc.","Atari","1995-07-01","1","No","Action | Shooter","E - Everyone","This is a compilation of two classic arcade games on one pack:
•Asteroids
•Missile Command"
"Arcade Classic No. 2: Centipede / Millipede","Arcade Classic No 2 Centipede and Millipede","PAL","","Nintendo","The Code Monkeys Ltd.","1995-08-01","1","No","Shooter","Not Rated","This is a compilation of two classic arcade games on one pack:
•Centipede
•Millipede"
"Arcade Classic No. 3: Galaga / Galaxian","Arcade Classic No 3 Galaga and Galaxian","PAL","","Nintendo","Namco","1995-09-01","1","No","Action | Shooter","Not Rated","This is a compilation of two classic arcade games on one pack:
•Galaga
•Galaxian"
"Arcade Classic No. 4: Defender / Joust","","NTSC-U","United States of America","Nintendo of America, Inc.","Williams Electronics, Inc.","1995-10-01","1","No","Action | Shooter","E - Everyone","This is a compilation of two classic arcade games on one pack:
•Defender
•Joust"
"Arcade Classics: Super Breakout / Battlezone","Arcade Classics - Super Breakout & Battlezone","NTSC-U","United States of America","Solid Software","Black Pearl","1996-10-01","1","No","Action | Adventure","E - Everyone","Battlezone:
 A standard enemy tank in the player's sights in the military training version The Bradley Trainer.
Gameplay is on a plain with a mountainous horizon featuring a memorable erupting volcano, distant crescent moon, and various geometric solids (in vector outline) like pyramids and blocks. The player views the screen, which includes an overhead radar view to find and destroy the rather slow tanks, or the faster moving supertanks. Saucer-shaped UFOs and guided missiles occasionally appear for a bonus opportunity. The saucers differ from the tanks in that they do not fire upon the player, and do not appear on radar. The player can hide behind the solids or maneuver in rapid turns once fired on to buy time with which to fire himself. Common play in the US could run from 25 cents to a dollar per game, depending on machine setting. The typical setting is for 25 cent play, with three tanks.

A standard enemy tank is worth 1,000 points, a supertank 3,000 points, and the flying saucer 5,000 points. The guided missile is worth 2,000 points when destroyed. Each of these targets can be destroyed with a single shot from the player's tank. An extra life is awarded when the player's score reaches 15,000 points, and a further tank is then awarded at 100,000 points. No additional tanks are awarded until the score counter rolls over at ten million, and additional bonus tanks are again awarded at indicated scores of 15,000 and 100,000. The game only includes one hostile enemy on the game board at all times; the player never has to battle two enemy tanks at once, or a tank and guided missile. The UFO can appear on the screen at the same time as an enemy tank, and it can occasionally be destroyed by enemy fire.

The geometric solid obstacles are indestructible, and can block the movement of a player's tank. However, they are also useful as shields as they also block enemy fire as well.

There was a bug in some machines which caused very high phony scores into the seven digits to be posted (after a player would enter his initials). Good players could actually reach this level after an hour or two of play.


SUPER BREAKOUT:
In Super Breakout, there are three different and more advanced game types from which the player can choose:
Double gives the player control of two bats at the same time—one placed above the other—and two balls. Losing a life occurs only when both balls go out of play, and points are doubled while the player is able to juggle both balls without losing either.
Cavity retains the single bat and ball of Breakout, but two other balls are enclosed on the other side of the wall, which the player must free before they, too, can be used to destroy additional bricks. Points are increased for this, but triple points are available if the player can keep all three balls in play.
Progressive also has the single bat and ball, but as the ball hits the paddle, the entire wall gradually advances downwards step by step, gaining in speed the longer the ball lasts in play."
"Arctic Zone","","Other","Taiwan","Sachen","Sachen","1993-01-04","1","No","Puzzle","Not Rated","Puzzle game"
"Aretha","アレサ","NTSC-J","Japan","Yanoman Corporation","Japan Art Media","1990-11-16","1","No","Role-Playing","Not Rated","Twin princesses were born in the Kingdom of Aretha, which benefits from the gods. The princesses were named Materia and Emilita, respectively, and were blessed by the people. However, at that time, a gold dragon suddenly appears and kidnaps Emilita. In turn, the Demon King Howard's army attacked the Kingdom of Aretha, killing King Riperton and leaving another princess missing. Time goes by, and Floyd, who picked up and raised the baby Materia, informed him of his upbringing and set out on a journey to defeat the Demon King Howard."
"Aretha II","アレサII","NTSC-J","Japan","Yanoman Corporation","Japan Art Media","1991-09-27","1","No","Role-Playing","Not Rated","A Japan-exclusive turn-based RPG game for the Super Famicom and Game Boy.

Aretha II: Ariel no Fushigi na Tabi (""Aretha II: Ariel's Mysterious Journey"") is a role-playing game developed by Japan Art Media and published by Yanoman Corporation for the Super Famicom platform. It is the sequel to the first Super Famicom Aretha. Ariel is once again called into action to save her friends Kyle and Doll (Dole) from peril.

The game has a novel equipment creation system that uses the colored souls of enemies to craft new gear depending on the configuration of colors the player uses. The player's party is dictated by the player's place in the story with characters joining and leaving at various points, similar to Final Fantasy IV. The eponymous heroine is the only constant.

The game should not be confused with Aretha II for the Game Boy. The original three Game Boy Aretha games were released several years earlier and have a separate arching storyline, following the adventures of the eponymous princess Aretha."
"Aretha III","アレサIII","NTSC-J","Japan","Yanoman Corporation","Japan Art Media","1992-10-06","1","No","Role-Playing","Not Rated","The third game in the Aretha roleplaying series."
"Argi Education: Job Interview Quiz","argi-education-job-interview-quiz","NTSC","","HomeBrew Software","","2020-04-24","1","No","Education | Quiz | Unofficial","Not Rated","Marcel Therrien's first attempt at a GBStudio ""edutainment"" game follows Argi the elf-like being, who has become under the surveillance of an unknown society from a different dimension!  Argi needs to answer questions regarding Job Interviews for an unknown reason, but, since treasure is involved, why not?
This game has been requested by the Rhode Island Transition Academy from West Bay Collaborative. This game is very short, and was made for the sole purpose of education, but that game was made to practice using GBStudio.

The game is free to play and/or download on Gamejolt"
"Art School Pocket","","NTSC","","","","2019-06-22","1","No","Adventure","Not Rated","ART, that world full of scoundrels.
But how does one become an artist? Is it enough to have a face made of cement and rich parents?... almost. That may work for a select few, but the rest of the truly talented need to study and prove they're artists with a degree.

Put yourself in the unexciting role of an art school student and earn your diploma solely and exclusively using your creative skills.
YOU CAN BE THE NEXT YOKO ONO!!!"
"Asmik-kun World 2","アスミッくん ワールド 2","NTSC-J","Japan","Asmik Ace Entertainment","Cyclone System","1991-05-24","1","No","Action","Not Rated","Asmik-kun World 2 (アスミッくん ワールド 2 Asumikkun Wārudo 2) is a Game Boy video game by Asmik, copyrighted in 1991.Unlike its predecessor, Boomer's Adventure in ASMIK World (Teke! Teke! Asmik-kun World), this game was never released outside Japan. Like its predecessor, the game is an excellent example of the trap-em-up genre, which also includes games like Heiankyo Alien and Space Panic.

In the game, Asmik-kun has to build a ""road"" from the entrance to the exit in each level. An enemy has come to kidnap the children on a certain world and the ""roads"" are intended for the children to be rescued and escorted safely back home.[3]"
"Astérix","","PAL-B","Germany","Infogrames Entertainment","Bit Managers","1993-06-11","1","No","Platform","Not Rated","OBELIX has disappeared !...
To ﬁnd Obelix travel throughout Gaul, across the Roman Empire, taking your search as far afield as the Egyptian Pyramids while battling with the Roman armies and avoiding Caesar’s spies. Magic potion, Romans, fights, punches, catapults, wild boars, not forgetting the ﬁsh that is not quite “fresh”... RELIVE THE ADVENTURES OF ASTERIX THE GAUL !"
"Astérix & Obélix","Asterix & Obelix","PAL-B","Germany","Infogrames Entertainment","Bit Managers","1995-08-17","1","No","Platform","Not Rated","Caesar has erected a new barricade around the village of the indomitable gauls, to keep them trapped inside. Join Asterix and Obelix and travel across the Roman Empire. Here you will enter a bullfight, participate in a rugby match, and even take part in the Olympic Games. Bring a souvenir from each country you visit, in order to prove to Caesar that the Gauls are the strongest heroes."
"Asteroids","","NTSC-U","United States of America","Accolade, Inc.","Atari","1992-02-01","1","No","Shooter","Not Rated","Asteroids is a conversion of the arcade game of the same name.

Play the role of a spaceship pilot trapped in a gigantic asteroid cloud and pulverize incoming asteroids with the ship's photon cannon. When all asteroids are destroyed, the player can then move on to the next round. In addition to the asteroids, the player will also face an Alien Robot Saucer which shoots randomly across the screen.

The player using the controller may rotate the ship (left or right) to any direction or move the ship forward. Shots will be fired according to the ship direction. The player has three reserved ships available to replace a destroyed spaceship. The spaceship is destroyed if an asteroid collides with the spaceship or is shot by an Alien Robot Saucer. Additionally, the player may opt to use the hyperspace warp to avoid collision. The warp however, may also destroy the spaceship in the process.

Asteroids when shot will break-up into smaller pieces or be destroyed. There are three types of asteroids: large asteroids, medium asteroids, and small asteroids. Large asteroids and medium asteroids when shot, will break-up into two smaller sized asteroids. Small asteroids when shot will be destroyed. 

Alien Robot Saucers come in two sizes: small and large. Both use photon lasers to shoot and will explode when destroyed. Alien Robot Saucers will not appear at the Novice Level."
"Asteroids Chasers","","NTSC","","","","2021-10-11","1","No","Action | Strategy","Not Rated","A tactical tile-placing game. Will you be able to mine the most from asteroids without dying? Be careful, 3 active mines and the asteroid field explodes, along with your profits! Avoid pirate ships that paralyze your probes."
"Astro Rabby","アストロラビー","NTSC-J","Japan","Information Global Service","Cyclone System","1990-10-12","1","No","Action","Not Rated","The game puts you in control of Rabby, a robotic bunny, whose goal is to recover stolen parts for his creator, Doc, that were taken by the Dortoise Troops. Doc's dream is to utilize the parts to allow Rabby to fly freely. The game is a top-down, vertically scrolling action game that can be considered a precursor to the Jumping Flash series. The player must jump along with platforms in search of a heart, which will allow the player to upgrade Rabby and proceed on to the next level. A level will loop indefinitely until the heart is found."
"Athletic World","","PAL","United Kingdom of Great Britain and Northern Ireland","Bitmap Soft","","2023-04-15","2","No","Adventure | Platform","E - Everyone","A boy and a girl are bored playing a ball game when a cat and a dog show up out of nowhere and they all go on an exciting new adventure in Athletic World.

Athletic World is a platform game like no other on the Gameboy. It will test your skills across 10 stages consisting of 10 events. Each event has different obstacles the player must overcome to advance to the next challenge."
"Atomic Punk","Bomber Boy | Dynablaster | ボンバーボーイ","NTSC-U","United States of America","Hudson Soft USA, Inc.","Hudson Soft Company, Ltd.","1991-05-05","2","No","Action | Puzzle","Not Rated","There are four modes of gameplay in Atomic Punk, including two single player modes and two multiplayer game modes.

Solo:

""Game A"" (known as ""Bomber Boy"" in the Japanese version) is similar to other games in the series, with a few differences. Power-ups, known as panels, which are usually gained in each level and carried over from one to the next, can also be bought from a store by using GP, which is collected depending on how much time it takes to complete a level and how many blocks are destroyed. At the beginning of each round, the player decides which panels to use to complete the round. Another difference is that the linear gameplay of the original, with the player advancing levels after completing each one, was changed to implement a world map with nine locations.

The second game mode, ""Game B"" (known as ""Bomber Man"" in the Japanese version) is the same as that in the original Bomberman game, but the stage area is squared rather than rectangular and the screen is always centered on Bomberman rather than scrolling when he touches the border.

Vs.:

Panel Mode, in which players begin with only one bomb to place at a time and a bomb blast length of one unit, and Bomb Up and Fire Up panels appear.

Powerful Mode, in which players have four bombs to place at a time and a bomb blast length of four units, and no panels appear."
"Atop the Witch's Tower GB","","Other","","","","2022-08-21","1","No","Adventure | Puzzle","Not Rated","Atop The Witch's Tower is a game about sacrificing a princess and the anxiety over performing the ritual for the very first time."
"Attack of the Killer Tomatoes","","NTSC-U","United States of America","Altron Corporation | 																THQ","Imagineering Inc.","1992-12-31","1","No","Platform","Not Rated","The game's protagonist is Chad Finletter, a young boy is on a quest to stop the evil scientist Dr. Putrid T. Gangreen from unleashing his Doomsday Tomato. During his journey he must fight through legions of mutant tomatoes, although this is a feat he will take on alone as the citizens of San Zucchini are too afraid of the mutant tomatoes to aid him.
 Much like other platform games of its time, the main method of killing the enemies is to jump on them, in this case squashing them, or breaking them into smaller tomato enemies. There are several bosses to take on including Zoltan, Beefstake, Mummato, Fang, Ketchuck and Tomacho."
"Auto Zone","","NTSC","","","","2021-10-09","1","No","Platform","Not Rated","While on a routine ferrying mission your scanners alert you to what seems to be signs of habitation. The source of the signals seem to be coming from the nearby dead moon. As a result of this information you are duty-bound to investigate. So having employed your XL-PROCON surface buggy your computer directs you towards the phenomena in an area called the 'Autozone'. This area has been explored before by several probes, but all have failed to report back. As a result of this, the area is regarded as dangerous. From the information orbital satellites have been able to obtain, scientists predict that somewhere in this zone there is pocket through which escape 'should' be possible. Success depends on dexterity and quick thinking..."
"Avenging Spirit","Phantasm | ファンタズム","NTSC-U","United States of America","Jaleco Ltd.","C.P. Brain","1992-12-31","1","No","Action","Not Rated","There is no rest, even in the afterlife.

A classic action game that introduced a unique system for possessing and controlling other characters is now available on the Nintendo eShop.

While out on a walk with his girlfriend, our hero is gunned down by an evil syndicate that wants to harness ghost energy. This syndicate plans to ransom the poor girl, who is the daughter of a prestigious scientist, to force her father to cooperate. But our hero's adventure isn't over. In fact, it's just beginning. He's come back as a ghost so that he can rescue his girlfriend from her kidnappers and finally rest in peace."
"Avenging Spirit [Retro-Bit]","ファンタズム | Phantasm","NTSC","","Retro-Bit","Jaleco Ltd.","2022-05-31","1","No","Action","Not Rated","Thirty years after haunting the Game Boy, Retro-Bit Publishing is excited to announce a brand-new one-time physical re-release of the enemy-controlling action game Avenging Spirit by Jaleco.

Originally released as an arcade cabinet in 1991 and ported one year later to the Game Boy, Avenging Spirit tells the story of a young man tragically murdered trying to stop a mysterious crime syndicate from kidnapping his girlfriend. Now, back from the dead as a ghost, the man teams up with his girlfriend's paranormal researcher father to rescue Gennifer and get his revenge on the criminal organization. He'll do this by possessing a wide assortment of enemy characters, including gangsters, commandos, robots, hitmen, mages and even vampires - all of which come with their own unique moves and abilities. 

Initially released in extremely limited quantities, Avenging Spirit remains one of the most sought-after Game Boy titles of all time. The influential possessing mechanics have made it a cult classic for those in the know, but few have been able to get their hands on this supernatural action game. This Retro-Bit Publishing will be the first time in three decades that gamers will be able to buy a physical copy of Avenging Spirit without spending hundreds (if not thousands) of dollars in the secondary markets.

GET INTO THE SPIRIT!

Gang members have kidnapped your girlfriend and slain you in the process.  On top of that, she’s being held for ransom unless her father gives up his research on “ghost energy”.  He tasks you with getting her back the only way you can - by possessing others to get things done!  Defeat the gang across 6 stages by using over 20 different hosts in this action-packed portable classic!

●	Ghastly Glow Cartridge for Game Boy Systems
●	Numbered Deluxe Hardcover Cartridge Packaging
●	Full-colored Instruction manual
●	Restored and translated game endings found previously only in the Japan release"
"Aventuras de Victor Sabiá","","NTSC","","","","2024-06-24","1","No","Adventure","Not Rated","You control Victor, a mockingbird who lives near the city. Every year, during the June festival, a human named Jessica comes to visit him, and he falls in love with her. To declare his love, he asks Cuca for help to transform him back into a human, and she grants his wish. However, if Victor doesn't manage to dance the quadrille with Jessica before the festival ends, he will transform back into a mockingbird! To find Jessica, Victor needs to win 4 games at the June festival, and then learn to dance the quadrille in the 5th and final game."
"Ayakashi no Shiro","あやかしの城 | Castle of Ayakashi","NTSC-J","Japan","SETA Corporation","SETA","1990-05-25","1","No","Role-Playing","Not Rated","Explore the Castle of Ayakashi as a ninja named Hayabusa in order to defeat the resurrected Doman, who controls the Demonouden. This Castle of Ayakashi has five dungeons, Suzakuden, Genbuden, Hakutoraden, Seiryuden, and Demonouden"
"Baby T-Rex","Agro Soar | Bamse | We're Back","Other","","Hi-Tech Expressions, Inc.","Beam Software","1994-10-01","1","No","Platform","Not Rated","It's REX To The Rescue!
You were once just a typical Tyrannosaurus-10 tons of terror with lots of teeth and really bad breath. Now, thanks to Captain NewEye' Brain Grain formula, you're the intelligent giant reptile called Rex - and you're hopping mad! Evil Professor ScrewEyes has ""dino-napped"" your prehistoric pals, Woog, Dweeb and Elsa, and is holding them prisoner in his castle. Only you have the brains and brawn to set them free!

Follow a mystical map that will take you from the outskirts of the Jurassic Jungle through the Cretaceous Caves to well within the castle walls. Then it's on to the Dungeon and, if you avoid extinction, up into the Tower. 16 levels of ""brain-draining"" obstacles, traps and other dangers await you-not to mention power-boosting inventions, carefully hidden bonuses and secret worlds of adventure.

So step on it big guy-or your friends could end up as colossal fossils!"
"Bad Apple","Bad Apple!!","Other","","","","2025-08-12","1","No","Music","Not Rated","Bad Apple is a music track from the Touhou Project series. A mesmerizing shadow art film has been ported to many platforms, including Game Boy."
"Bakenou TV '94","馬券王TV '94 | Baken-Ou TV '94","NTSC-J","Japan","Asmik Ace Entertainment","Graphic Research Co., Ltd.","1994-10-28","1","No","Sports","Not Rated","Bakenou TV '94 is a Sports game, developed by Graphic Research and published by Asmik Ace Entertainment, Inc, which was released in Japan in 1994."
"Bakenou V3","Baken-Ou V3 | 馬券王Ｖ３","NTSC-J","Japan","Asmik Ace Entertainment","Graphic Research Co., Ltd.","1993-12-17","1","No","Sports","Not Rated","Bakenou V3 is a Miscellaneous game, developed by Graphic Research and published by Asmik Ace Entertainment, Inc, which was released in Japan in 1993."
"Bakuchou Retrieve Master","爆釣リトリーブマスター","NTSC-J","Japan","Konami","Tose","1998-10-15","1","No","Role-Playing","Not Rated","Bakuchou Retrieve Master is a Role-Playing game, developed by TOSE and published by Konami, which was released in Japan in 1998."
"Bakuchou Retsuden Shou: Hyper Fishing","爆釣烈伝 翔 ～ハイパー・フィッシング～","NTSC-J","Japan","Starfish","","1998-07-24","1","No","Sports","Not Rated","Bakuchou Retsuden Shou: Hyper Fishing is a Sports game, published by Starfish, which was released in Japan in 1998."
"Balloon Kid","","NTSC-U","United States of America","Nintendo of America, Inc.","Nintendo R&D1 | 																Pax Softnica","1990-10-05","2","Yes","Platform","E - Everyone","Balloon Kid is a 1990 Game Boy video game developed by Nintendo R&D1 and Pax Softnica and released by Nintendo of America in the USA on October 5, 1990.

Take to the skies in a balloon to save your younger brother. In the little town of Pencilvania, there lived a brother and sister who loved to play with balloons. Alice and her younger brother Jim would spend countless days filling the skies with their balloons. One day, Jim filled all of his balloons and tied them together to make a beautiful balloon rainbow across the sky. But suddenly, a strong wind came and carried Jim away. As Alice, you must save your brother from peril. Float through eight different stages as you follow Jim's trail of balloons. Collect as many balloons as possible to earn bonuses. Test your piloting skills to avoid enemies, or let go of your balloons to face enemies on the ground. In ""Balloon Trip"" mode, compete for the highest score and move up the ranks. Take a big gulp of courage and give Alice a hand as she searches for her missing brother."
"Bamse","","Region Not Set","","Laser Beam Entertainment Pty. Ltd.","Beam Software","1993-01-01","1","No","Platform","","Skalman has invented a timemachine and together with bamse and Lille Skutt he's traveled an incredible 75 million years into the past. But there was a stowaway onboard, Vargen! He's kidnappped Skalman, and without him there is now way for Bamse and Lille Skutt to get back to their own time.

Can you help Bamse find Skalman and clear all the dangers on the way? It won't be easy and Bamse is gonna need all the help he can get."
"Banished","","Other","","","","2023-09-14","1","No","Action | Puzzle | Horror","Not Rated","""I… am… an OLD GOD…. long ago… I was trapped… Banished!... To another dimension… a thousand years, beyond reflections… however… the barrier has weakened… If only for a moment… long enough!... to consume!….

Will you consume your prey, or will you be trapped in the mirror world forever? Uncover the terrifying mysterious life of the monster from the mirror universe stalking and eating humans!  3 bone-chilling levels. Mirror world mechanic. Different NPC types.

The objective is to find the right moment to grab prey.

Plan your attack, but don't forget to improvise. Traveling through the real world drains your hunger. Eat humans to restore hunger and grow strong enough to reach the next level. Beware! Alerted humans give chase on sight and can destroy you. Use the mirror universe to traverse blocked paths but there are blocked areas there too. Catch the humans unaware. You have 3 respawns per level. You hunger and humans are the only threat to your immortality."
"Banishing Racer","バニシングレーサー","NTSC-J","Japan","Jaleco Ltd.","Jaleco Ltd.","1991-07-26","1","No","Platform","Not Rated","Banishing Racer (バニシングレーサー) is a Japanese platforming video game developed and published by Jaleco Entertainment for the Game Boy exclusively in Japan. It was released in Japan on July 26, 1991. Banishing Racer was also sold around Hong Kong. The game allows the player to take control of an animated car against numerous enemies that must be jumped on to defeat, in a fashion similar to Super Mario Land. The player has three lives before being allowed to continue or start over. One hit kills the player and forces a restart from the beginning of the level. The car model used within the game looks very similar to a Subaru 360."
"Barbie: Game Girl","","Region Not Set","","Hi-Tech Expressions, Inc.","Imagineering Inc.","1992-10-01","1","No","Platform","","Unlike most Barbie games, this game is a standard platform game rather than a simulation of the life of a female fashion model. Barbie must find an outfit for her date with Ken. The environment features a shopping mall level, an underwater level, and other worlds to explore. The game is also centered around collecting gems and pearls to fend off opponents.

Enemies in the game include the usual sharks found in underwater levels in addition to jellyfish. Moving cubes of sugar must also be defeated in the game. The bonus rounds of the game are essentially a Concentration-type game where matching identical cards lead to extra points for the player."
"Bart Simpson's Escape from Camp Deadly","","Region Not Set","","Acclaim Entertainment, Inc.","Imagineering Inc.","1993-12-31","1","No","Action | Platform","","School's out and Bart's ready for some summer fun in the sun! Until he got the news - Homer and Marge were sending him and Lisa off to summer camp. Not just any camp, but the infamous Camp Deadly! How bad could it be? Well, with Ironfist Burns as head counselor and Nelson and his band of bullies as bunkmates, it's not exactly paradise. Bart and Lisa are determined to get out - but first they've got to survive outrageous food fights, killer bees and a life-threatening game of capture the flag. Help Bart and Lisa escape, at least in time for school!"
"Baseball","","Region Not Set","","Nintendo","Nintendo","1989-07-31","2","Yes","Sports","","Baseball was one of the first games to launch with the Game Boy.

Although there is no difference between them other than uniform color, they are meant to represent the six members of the Japanese Central League. For the American version, the letters of the teams were renamed to more closely resemble several of the Major League Baseball teams:"
"Bases Loaded","Baseball Kids | Bases Loaded for Gameboy","Region Not Set","","Jaleco Ltd.","Jaleco Ltd.","1990-07-01","1","No","Sports","E - Everyone","This game is the first installment of the Bases Loaded series, followed by seven sequels across three generations of consoles.


Bases Loaded features baseball action with two game modes, USA mode or Japan mode. The difference between the two modes is that the Japan mode contains faster pitches. After selecting your mode of play you are given a choice of two teams: East and West. You can perform all of the basics of major league baseball: pitch, hit, field, pickoffs, pinch hit, and bring in a relief pitcher. Gameplay is viewed from a different perspective when hitting and when pitching. Link with a friend's Game Boy to go head-to-head."
"Bass Fishing Tatsujin Techou","バスフィッシング達人手帳","NTSC-J","Japan","Starfish","","1996-06-21","1","No","Sports","Not Rated","Bass Fishing Tatsujin Techou is a Sports game, published by Starfish, which was released in Japan in 1996."
"Bat-Son's Nightmare","","NTSC","","","","2026-03-14","1","No","Adventure | Platform | Horror","Not Rated","Bat-Son is finally getting his own game! What? Nobody asked for that? Well... here it is anyway.

Prepare to explore a dungeon where danger isn't just a probability - it's a guarantee. Can you navigate Bat-Son to safety and unlock the final gate, or will you succumb to death time and time again, forever leaving the mysteries of the nightmare unsolved?

WELCOME TO BAT-SON'S BRAIN.

    This demo can be played freely in the Itch browser on desktop or mobile. It is also available to download for use with any Game Boy hardware or Analogue Pocket.
    Use the arrow keys to move, the Z key to jump, and the X key to interact. Enter and Select open the menu and statistics screens, respectively."
"Batman Forever","","Region Not Set","","Acclaim Entertainment, Inc.","Probe Entertainment","1995-12-31","1","No","Fighting | Platform","","The Real Game Begins

Batman and Robin blast into Gotham City! Armed with incredible attacks, fierce combat moves, and an arsenal of gadgets, the Dynamic Duo are ready to battle the diabolical minds of Two-Face and The Riddler!

Without question... it's Batman Forever!"
"Batman: Return of the Joker","","NTSC-U","United States of America","Sun Corporation of America","Sunsoft","1992-05-01","1","No","Action | Platform","E - Everyone","The seedy underworld is crawling with criminals. Even worse - the JOKER is back on top of 'em all! Law and order means nothing... until now! Because BATMAN is here - and the action is hotter than ever! Ear-crunching sound effects. Pulse-quickening music. Graphics that are as hot as 16-bit. And this time, BATMAN hits fast and hard. Flying, leaping, and sliding to attack! And striking at the heart of the JOKER. The CAPED CRUSADER has a totally new arsenal at his command: Batarang, Crossbow, Sonic Neutralizer. He's even got a superfueled jetpack. And even more powerful weapons at the touch of a button. BATMAN has got to use all of his power. Because this world is a very dark place, and you never know where the JOKER is hiding!"
"Batman: The Animated Series","","Region Not Set","","Konami","Konami","1993-11-12","1","No","Platform","E - Everyone","FROM TV SCREEN TO GAME BOY SCREEN COMES HEROIC CRIME FIGHTING ADVENTURE.

Everyone's tuning in to Batman - The Animated Series. Now, for the first time, this hit TV series becomes an intense video game adventure. The Dark Knight and his partner Robin fight Gotham City's most infamous fiends in five original episodes of sizzling crime fighting action. Batman's strategic use of the grappling hook is crucial for surviving the onslaught of evil enemies. And Robin relies on his hang-from-the-ceiling skills to escape certain doom. Both of our heroes possess fists of amazing strength and must try to find weapon power-ups scattered throughout the mayhem."
"Batman: The Video Game","","NTSC-U","United States of America","Sun Corporation of America","Sunsoft","1990-06-13","1","No","Action | Platform","E - Everyone","He's totally new. Totally tough. And he'll stop at nothing to make sure justice prevails! From the dark streets of Gotham City to the deepest corners of the criminal underworld comes the Caped Crusader as you've never seen him before. Incredibly strong. Armed to the teeth. And ready to put his life on the line for the sake of all, on a search-and-destroy mission to end the Joker's reign of terror. He leaps, he flies, he dodges enemy fire and delivers it right back... with a vengeance. This is no kid stuff. This is as real as video gaming gets. If you liked what you saw in the movie, you're gonna love what you see here. Because this time around, Batman is all business, and he won't let anything stand in his way!"
"Battle Arena Toshinden","","Region Not Set","","Nintendo","Betop","1996-12-31","1","No","Fighting","","Get Ready To Rumble!

The Toshin Daibukai tournament has arrived. Ten of the toughest fighters in the world are taking part in the most grueling slugfest known to man. To win, each combatant must be completely focused. One slip and their fate is sealed. Who will be crowned the champion? That is up to you. So get off your duff and get ready for the fight of your life with Battle Arena Toshinden!"
"Battle Bull","","Region Not Set","","SETA Corporation","Jorudan","1991-01-01","2","No","Action","Not Rated","The player controls a driver of an excavation vehicle as he competes in a 48-level tournament of drilling things.

Players have to kill rival drivers only by pushing huge stones at them. Most of the other stones are a permanent part of the underground cavern; while others can be used to eliminate the opponents. Money is earned after each level for the purpose of upgrading the player's vehicle. Players can improve their engines, purchase extra lives, shovels that can dig better, and weapons to improve the odds on the playing field. A kill ratio is required to be met in order to reach the next stage. Otherwise, the player remains in the current level.

After finishing all 48 levels, the game proclaims that the ""battle is over"" and that the player becomes ""the new champion."" The final scene in the game is where the player looks over the sunset with his girlfriend along with the closing credits."
"Battle City","バトルシティー","NTSC-J","Japan","","Nova Co., Ltd.","1991-08-09","1","No","Action | Strategy","Not Rated","The player, controlling a tank, must destroy enemy tanks in each level, which enter the playfield from the top of the screen. The enemy tanks attempt to destroy the player's base (represented on the map as a Phoenix), as well as the human tank itself. A level is completed when the player destroys all 20 enemy Tanks, but the game ends if the player's base is destroyed or the player loses all available lives."
"Battle Crusher","バトルクラッシャー","NTSC-J","Japan","Banpresto Co., Ltd.","Sun L","1995-01-07","2","No","Action","Not Rated","Battle Crusher is a fighting game published by Banpresto and released only in Japan in 1995. Battle Crusher features a single player progression mode and a two player versus mode. Battle Crusher features twelve different playable characters, including some characters from the Gundam and Ultraman franchises."
"Battle Dodge Ball","バトルドッジボール","NTSC-J","Japan","Banpresto Co., Ltd.","Sun L","1992-10-16","2","No","Sports","Not Rated","Battle Dodge Ball is a part of the Japanese exclusive Compati Hero Series. Gundam, Kamen Rider V3, and Ultraman Taro are the main representatives of the 'heroes' side of the six teams in Battle Dodge Ball, with Zeong, Ika Devil, and Zetton rounding out as the villains.

The general gist of the game is that you can choose one of the six teams. You then fight each of the other five teams once per round in a short dodgeball game, two-on-two. Unlike normal dodgeball, you are not knocked out with a single hit. Rather, in Battle Dodge Ball, each character has a specific amount of HP. Once he takes enough hits to lose all his HP, he is out of the match.

The game also adds an RPG element in the ability to gain experience at the end of a match, win or lose, which can then be used to power up stats of your team's players."
"Battle of Kingdom","バトルオブキングダム","NTSC-J","Japan","Meldac","Lenar","1991-12-13","1","No","Strategy","Not Rated","Battle of Kingdom is a 1991 Game Boy video game that was jointly created by the Meldac, Live Planning, and the Lenar companies. It was only released for a Japanese market.

The object is to lead a kingdom through various battles using the format of a traditional board game. In order to advance to the next battle, players must destroy at least 92% of the monsters on the battlefield. Each stage represents a battle in a high fantasy campaign to save the world from an unknown evil force (that resides in a skull castle)."
"Battle Ping Pong","バトルピンポン","NTSC-J","Japan","Quest Corporation","Quest","1990-08-31","1","No","Sports","Not Rated","Battle Ping-Pong is a Game Boy game revolving around ping-pong (or table tennis as it is generically called). One person on either side of a small table with a net return a ball back and forth in a rally until the ball is either dead in play or bounces off the table."
"Battle Space","バトルスペース","NTSC-J","Japan","Namco","Namco","1992-12-25","2","No","Strategy","Not Rated","A pack-in game that came with the Barcode Boy in Japan.

Battle Space is a strategy game developed by Sofel and published by Namco for the Game Boy platform."
"Battle Unit Zeoth","バトルユニットゼオス","NTSC-U","United States of America","Jaleco Ltd.","Jaleco Ltd.","1991-07-01","1","No","Shooter","Not Rated","Battle Unit Zeoth takes place in the future where mankind is invaded by a race of alien robots known as the Grein. The Earth’s forces were triumphant in battle and the Grein forces fled the Solar System. However, as they retreated, the Grein left behind a secret underground base filled with self-replicating Grein machines.

Forty-two years after the Earth’s victory, the Grein base opened and a new attack force decimated the city of New Age. To retaliate, Earth’s military has stored a mecha that specializes in alien combat known as the Zeoth. It is the Zeoth’s assignment to stop the attack force, go into the Grein secret base and destroy the mechanical occupants before a new invasion force arrives."
"Battleship","","Region Not Set","","Mindscape, Inc.","Mindscape","1993-12-31","1","No","Strategy","","based on the board game of the same name.
The object is to sink the opponent's entire fleet without him sinking the player's fleet first. In this updated version, both the player and the computer get extra firepower from military aircraft and support weapons. There are even scenarios that start a player off in a pre-played game that he must resume (and overcome a bleak scenario)."
"Battletoads","","Region Not Set","","Tradewest, Inc.","Rare, Ltd.","1991-11-01","1","No","Platform","","’TOAD-NAPPED!

While partying on Lost Vega, a deep-space leisure station, the three Battletoads—Zitz, Rash and Pimple—get pleasantly side-tracked by a Thallian Thorax Dancer. Unfortunately, the dancer soon reveals herself as the evil Dark Queen! The ‘toads fight valiantly against overwhelming odds, but are eventually overpowered. Rash and Pimple are taken prisoner, but luckily, Zitz makes it to the Toadster and burns space back to the Vulture and the Battletoads’ mentor, Professor T. Bird. So, Zitz, the Dark Queen’s ‘toadnapped your best buddies—what’re you gonna do about it? You’re gonna get real MAD, that’s what—then you’re gonna get EVEN! Once you get to Armagedda, the Dark Queen’s planet, you’ve got a long way to go—into caverns, across swamps and even through the belly of the dreaded Wurm. And ultimately, you’re gonna have to defeat the terrible, the towering, the truly ’toadsplatting Robo-Manus mutant! Have you got what it takes to be a bonafide Battletoad? We’ll soon see, one way or another…"
"Battletoads & Double Dragon","Battletoads-Double Dragon | Battletoads and Double Dragon: The Ultimate Team","NTSC","","Tradewest, Inc.","Rare, Ltd.","1993-12-31","1","No","Fighting | Platform","E - Everyone","The Ultimate Team!

When a battle cruiser the size of a city and called the Colossus smashes out of the moon, its laser cannon glowing menacingly, you can bet it ain’t gonna be makin’ no social calls…

You can bet it’s gonna be creating some bad n’ crazy mayhem on good ol’ planet Earth- ‘specially when you know that the dreaded Dark Queen and the shady Shadow Boss are on board just rarin’ to rock n’ roll…

The dastardly duo are about to unleash their most monstrous plan yet- from their secret lunar base they intend to launch an invasion that’ll make them master of the world…

Neutralized by deadly glooming rays, Earth’s forces are powerless… that is until the Dragons join the ‘Toads!

Take a toadacious trip with the dream ticket as those terrific twins Billy and Jimmy Lee team up with Zitz, Rash and Pimple against the combined might of the gruesome twosome and their mindless minions, Big Blag, Abobo, Robo-Manus and Roper, in a toadally terminal new adventure!

So let’s get mad, bad n’ crazy once again as the BATTLETOADS join DOUBLE DRAGON in THE ULTIMATE TEAM!"
"Battletoads & Double Dragon [Collector’s Edition]","","NTSC","United States of America","Arc System Works Co., Ltd. | 																Limited Run Games","Rare, Ltd.","2025-10-24","1","No","Fighting | Platform","Not Rated","Lead the Double Dragons Billy and Jimmy Lee as they team up with Zitz, Pimple, and Rash against the gruesome twosome.

The Ultimate Team of ‘Toads and Dragons leaps onto the portable screen to bring down the Dark Queen and the Shadow Boss. Lead the Double Dragons Billy and Jimmy Lee as they team up with Zitz, Pimple, and Rash against the gruesome twosome. The crossover brings this iconic team together to fi ght Big Blag, Abobo, Robo-Manus, and more in this toadally epic adventure!

Battletoads & Double Dragon Collector’s Edition includes:

    Ultimate Team Green cartridge for Game Boy® 
    Numbered hardcover magnetic cartridge packaging
    Detailed instruction manual"
"Battletoads in Ragnarok's World","","NTSC","United States of America","Tradewest, Inc.","Rare, Ltd.","1993-06-01","1","No","Fighting | Platform","E10+ - Everyone 10+","Okay 'toads! Let's get EVEN! When the evil Dark Queen kidnaps both your best buddy and the best looking girl this side of the Mazallion Star Cluster -what are you gonna do about it? Are you gonna cry? Hide? Call the Starcops? No way! Because you're a BATTLETOAD and BATTLETOADS don't cry, hide, or call for help. BATTLETOADS get real MAD-and then they get EVEN!

So, strap on your Blaster, power-up the Toadster and get on downt o the Dark Queen's planet - but, watch out 'toad - this lady's bad, and she's got a whole mess of really nasty surprises lined up for you - like the Psyko Pigs, the Mutant Ratpack, Robo-Manus and the Saturn Toadtrap, to name but a few. You're gonna need all your fighting skills to defeat her - the Battletoad Butt, the Big Bad Boot and the Nuclear Knuckles. Hey, and don't forget to take along the Jet Turbo, the Space Board and the Speed Bike. Because you're gonna need 'em all, 'toad, if you're gonna rescue your friends and get the frog outta there with your green skin intact!"
"Batty Zabella","","NTSC","United States of America","Self-Published","","2023-05-03","1","No","Adventure | Horror","Not Rated","Batty Zabella is a comedy horror point and click adventure game for Game boy! If you are looking for some quirky horror fun, Batty Zabella will quench your taste for nostalgia. Roam around the house grounds solving puzzles and uncover mysteries.

 It also marks the debut of a new horror icon; Batty Zabella! Help save her family and rid her home of phantoms. She may give you sass while doing it, but you'll love it."
"Batty Zabella 2 XOXO XMAS","","NTSC","United States of America","","","2025-01-01","1","No","Adventure | Horror","Not Rated","Batty's back for a Christmas-themed adventure! Don't expect a typical holiday season, though - there are still plenty of creepy, crawly things lurking in her home. Batty Zabella 2 XOXO XMAS is a spooky-fun point-and-click adventure game for the Game Boy. This time, she’s back with even more sass, new puzzles, and a haunted mansion full of creepy surprises."
"Bear Boy","Bear Boy (World) (Aftermarket) (Unl)","Other","","","","2020-01-19","1","No","Action | Adventure","Not Rated","React fast to propel bear boy to victory!"
"Beavis and Butt-head","","Region Not Set","","GT Interactive Software Corp.","Torus Games","1998-12-31","1","No","Action","E - Everyone","The plot involves the pair doing dangerous activities in attempt to gain free access to a concert."
"Bee-Fore the Storm","","NTSC","","","","2025-03-09","1","No","Adventure | Shooter | Horror","AO - Adult Only 18+","When a freak storm destroys your nest and almost you with it, you're left nearly dead in the wreckage, but the wild winds brought with them strange things. One, a cloud of what seems like pollen, but that proves toxic in almost any concentration. The other, a mysterious seed, the juices of which were the only thing that kept you alive long enough to recover. But it did more than that. It changed you. Now you're able to resist the floating pollen in small quantities, but survival still won't be easy.

You're scrambling to repair the damage and rebuild the nest you lost. The storm caused a nectar drought from the intense rains and flooding, but you still have to eat. The pollen might not take immediate effect on you anymore, but it can build up and take over if you aren't wary. Worse yet, the clouds hovering ominously inform you that the storm will return soon. If you can just be ready for it, the pollen might be washed away, and nature might correct its own course. You must survive..."
"Beethoven: The Ultimate Canine Caper!","Beethoven's 2nd","Region Not Set","","Hi-Tech Expressions, Inc.","Unexpected Development","1993-10-01","1","No","Platform","","Beethoven's 2nd is a platform game where you get a chance to wear the metaphorical shoes of Beethoven - that lovable, big dog from the movie.

Your four puppies need to be rescued and brought back to their mom. As a responsible father and guardian you'll first need to find the puppy, avoiding dangers such as bad-tempered cats, mean dogcatchers, acorns which have a habit to drop down just when you pass underneath, and careless skateboarders. You can bark at these opponents to scare them away. And if you'll find a source of water (such as a rubber hose), you can make yourself wet and then - in a tense situation - shake off the water, eliminating everyone in the vicinity. 

Once you find your pup, you'll find out that getting him back to his mom is no easy task. While your puppy can - thankfully - walk on his own accord when you put him down, you'll still have to carry it over obstacles, and you'll be forced to fight all the enemies again while doing it."
"Beetlejuice","","Region Not Set","","LJN","Rare, Ltd.","1992-01-01","1","No","Platform","E - Everyone","based on the animated television series.
The game begins with the player taking control of Beetlejuice as he attempts to get rid of all the ghosts that he invited into Lydia Deetz's house (where she lives with her mother and father) He must then rescue Lydia from the evil Astoroth. Using bio-exorcist magic, players must defeat undead creatures through the cemetery and even inside the Neitherworld. Players can also ride on a mine cart and a Pogosnake (that operates in a similar fashion to Super Mario World's Yoshi). There are some elements of animated violence along with a dark Gothic theme (that explores into the realms of hauntings) in this video game."
"Berlitz French Translator","","Region Not Set","","GameTek, Inc.","Imagineering Inc.","1991-01-01","","No","","","Berlitz French Translator is a Miscellaneous game, developed by Imagineering Inc and published by GameTek, which was released in 1991."
"Berlitz Spanish Translator","","Region Not Set","","GameTek, Inc.","Imagineering Inc.","1991-01-01","","No","","","Berlitz Spanish Translator is a Miscellaneous game, developed by Imagineering Inc and published by GameTek, which was released in 1991."
"Best of the Best: Championship Karate","Super Kick Boxing | The Kick Boxing","Region Not Set","","Loriciel","Futura","1992-12-31","1","No","Fighting","","The object is to win the kick boxing championship by defeating an array of kick boxing masters in a series of fighting matches."
"Big to Small","","Other","","","","1970-01-01","1","No","Puzzle","Not Rated","Travel through forests, farmland, sewers, and more to help Elle the elephant, Gisele the goat, and Melanie the mouse find delicious food in 40 unique puzzles.  Use each animal's different abilities together to manipulate and maneuver past rivers, mouse holes, giant pipes, shrubs, mousetraps, and other obstacles."
"Big Value Twin Pack (Donkey Kong and Donkey Kong Land)","","PAL","United Kingdom of Great Britain and Northern Ireland","Nintendo","Nintendo","1995-06-29","1","No","Action | Adventure | Puzzle","E - Everyone","No overview is currently available for this title, please feel free to add one."
"Big Value Twin Pack (Super Mario Land and Super Mario Land 2)","","PAL","United Kingdom of Great Britain and Northern Ireland","Nintendo","Nintendo","1992-10-21","1","No","Action | Adventure | Puzzle | Platform","E - Everyone","No overview is currently available for this title, please feel free to add one."
"Big2Small","","Other","","","","2021-10-21","1","No","Puzzle","Not Rated","Travel through forests, farmland, sewers, and more to help Elle the elephant, Gisele the goat, and Melanie the mouse find delicious food in 40 unique puzzles.  Use each animal's different abilities together to manipulate and maneuver past rivers, mouse holes, giant pipes, shrubs, mousetraps, and other obstacles."
"Bikkuri Nekketsu Shin Kiroku! Dokodemo Kin Medal","びっくり熱血新記録！どこでも金メダル | The Astonishing New Records of Nekketsu: Portable Gold Medal","NTSC-J","Japan","Technos Japan Corp.","Million","1993-07-16","2","No","Sports","Not Rated","Toudou Mamoru's plan that tried to crush the other schools in the athletic meet, ended in failure. While his team played decent, he underestimated the strength of Nekketsu High. Toudou doesn't take the loss lightly, and goes back to the drawing board in his quest for complete domination.

With his wealth and influence, Kounosuke Todou is set on making things right and announces another event! Fight back, Kunio-Kun!"
"Bill & Ted's Excellent Game Boy Adventure","","Region Not Set","","LJN","Beam Software","1991-08-01","1","No","Action | Puzzle","","DeNomolos has hatched another plan to alter history in his favor. He has stolen special orbs called Time Fragments and scattered them all across time. Now Bill and Ted must travel across time to retrieve the time fragments to prevent the future from altering. But it won't be easy for the San Dimas duo. As DeNomolos has the aid of the evil robot Bill and Ted, plus he has brainwashed Death and some historical figures to stop them along the way.

Each level takes place on a single screen. Players must collect scattered time fragments while jumping platforms, climbing ladders or ropes, and avoiding enemies. Because this is a Game Boy game, all sprites are very simplistic as both Bill and Ted have almost identical game sprites. In addition, enemies are only differentiated by their actions."
"Bill Elliot's NASCAR Fast Tracks","","Region Not Set","","Konami","Distinctive Software, Inc.","1991-12-31","1","No","Racing","","Players compete against fifteen computer opponents, including Bill Elliott, who normally wins races that the player does not. Players can choose to run a single race, or the season championship. The season championship is comprised of eight races, consisting of each of the four tracks run twice. The distances for the races is selected by the player, and ranges from 10 miles to 500 miles. Players receive points towards the championship based on the points structure of the actual NASCAR Winston Cup series. Another separate game score is tallied inside the game, awarding higher points for longer race distances chosen. A bug possibly appears in the game, as frequently when the full distance is chosen for the season championship, some races are run with extended distances.

The Game Boy version is very similar to the NES version, except that Atlanta replaced Talladega. Additionally, Pontiac is excluded and players chose between a Ford, Chevrolet or Oldsmobile."
"Bin Day","","Other","","itch corp","","2023-05-20","1","No","Puzzle","Not Rated","It's Bin Day in Northfield, South Australia... But there's rubbish everywhere! Looks like it is time to tidy up the neighbourhood."
"Bionic Battler","","Region Not Set","","Electro-Brain","Toei Animation","1992-11-01","2","No","Action","Not Rated","Doom style, first-person action game"
"Bionic Commando","バイオニック コマンドー","NTSC-J","Japan","Capcom","Minakuchi Engineering","1992-07-24","1","No","Action | Platform","Not Rated","Bionic Commando is an action platform game released by Capcom for the Game Boy in 1992. It is an adaptation of the Nintendo Entertainment System version of Bionic Commando, changing the present day setting of the NES version into a futuristic science fiction one."
"Birdie bartender","","Other","","","","2022-06-02","1","No","Action","Not Rated","Help Birdie the bartender work her shifts so she can take a nice vacation!"
"Bishoujo Senshi Sailor Moon","美少女戦士セーラームーン","NTSC-J","Japan","Angel","Arc System Works Co., Ltd.","1992-12-18","1","No","Action | Adventure","Not Rated","Bishoujo Senshi Sailor Moon was a video game developed by Arc System Works and published for the Nintendo Game Boy by Angel (Bandai) in 1992. It was one of the first Sailor Moon-related video games to be released.

In this game, the player controlled Usagi Tsukino/Sailor Moon. The storyline was based on the first, third, and fourth episodes of the first season of the anime. Although they originally had not yet appeared in those episodes, in the game Usagi could meet and talk to Ami and Rei, who were NPCs (non-player characters).

The three levels were divided into two parts. First, Usagi could walk through the city, school or a health spa, occassionally talking to people. After talking to the right people, Usagi turned into Sailor Moon and entered another kind of level in which she fought numerous enemies.

By default, Sailor Moon could only use kicking attacks. Pressing the ""down"" button would make Sailor Moon sit down and cry, and if there were rocks on the wall nearby, her high-pitched crying would make the rocks explode and drop special items. These items gave different powers: one enabled her to use Moon Tiara Action for a limited number of times, one made her invincible for a short amount of time, etc.

The bosses were Morga, Kyurene, Jadeite, and Queen Beryl. Sailor Moon actually had to fight Jadeite each time after defeating the two Youma, and at the end of the last level, had to fight him again before facing Queen Beryl."
"Bishoujo Senshi Sailor Moon R","美少女戦士セーラームーンR","NTSC-J","Japan","Nintendo","Angel","1994-04-22","1","No","Adventure","Not Rated","Bishoujo Senshi Sailor Moon R was a video game released for the Nintendo Game Boy by Angel Studios in 1994.

In this game, the player could play using ""story mode"" or ""arcade mode."" In story mode, the player began play with Usagi Tsukino/Sailor Moon, then Chibiusa, then the Inner Senshi. Gameplay alternated between a story chapter where the player walked around the map and talked to other characters, followed by a platform level, and a boss room. In arcade mode, the player chose a character, and the non-combat parts of the game are skipped.

In both modes, the game was complete after five stages, most of which were rather short. The boss rooms sometimes started with a scene with Tuxedo Mask where the player would receive an extra life for picking up the rose item. Other items the player could pick up included hearts, which refilled some health, cake slices, which refilled more health, and a tiara, which offered a power-up to the character's attacks."
"Bitterroot","","Other","","itch corp","","2021-01-21","1","No","Puzzle | Horror","Not Rated","""Bitterroot is the story of the cursed Bitterroot Mansion, and the secrets it holds.

Created in the classic game boy style, and available as a ROM download that can be played on the original hardware, Bitterroot is an exercise in seeing how far the limitations of the Game Boy can be pushed to create a true atmospheric game.

You take on the role of a stranger stranded, who tries to find help but instead end us trapped in the web of the Bitterroot curse. 

Use your investigational skills to find key items that may help you escape the dark powers of the mansion. Fight off its otherworldly inhabitants, and try to piece together what caused this anomaly to occur.

Bitterroot really was a challenge in creating something that felt perhaps a bit more mature than what was readily doable on the original Game Boy. I wanted to attempt larger sprites, more elaborate and detailed backgrounds, and a clean UI.

Deluxe edition featuring concept art, sprites, and .pdf manual and box art coming soon!

Spanish translations thanks to Jorge Fernandez! Check out his games as well at https://arrozpegao.itch.io!

Game was built using the GBStudio software."""
"Black Bass: Lure Fishing","","Region Not Set","","Hot-B Co., Ltd.","Hot-B","1994-01-01","1","No","Sports","","There are only two lakes to fish at and a limited set of lures; unlike the Super NES video game Super Black Bass. Casting is done on an overhead view with a meter for the direction and another meter for the shadow of the fish. Trout, pike, catfish, and the infamous black bass can all be caught in this game.

The Game Boy Color version allows players to play against 99 AI-controlled fishermen. Tournament hours are twelve non-real time hours long and all locations are fictional. Each game originally came with a 40-page instruction manual and a precautions booklet. Both versions of the game notify players when they have lost their lure and/or their fish through a text-based message. Once a player runs out of a certain kind of fishing lure, it cannot be recovered until the next gameplay."
"Black Castle","","NTSC","Netherlands","itch corp","","2020-11-01","1","No","Action | Platform | Horror","Not Rated","The times were dark and the kingdom was threatened by a black warlock. His evil magic brought disease and destruction to the land, but none of the king's knights found the courage to fight him. One day a young knight appeared. He set out for the warlock's black castle to free the kingdom from his tyranny.

Fight your way through four exciting levels, find secret passages, hidden items and defeat the black warlock to take his medicine and cure the suffering people."
"Black Castle 2","","NTSC","","","","2026-03-07","1","No","Action | Platform","Not Rated","Black Castle 2 is an action platformer for the Gameboy. You can play the game using an emulator or a Gameboy compatible device.

Fight your way through five stages, find new weapons, hidden passages and items. Defeat the boss at the end of each stage and face the evil warlock Malakar in your final battle.


Years ago, the knight Aric defeated the sinister warlock Malakar in the Black Castle. But the victory was deceptive: Malakar survived, hidden in the shadows, and gathered new powers. Now he is back and stronger than ever.

With a ritual, he wants to plunge the world into eternal night. He has chosen Lyra, Aric's sister, as his sacrifice. Aric swears revenge. With his old blade, he sets off once again for the Black Castle...


Press the A button to jump and the B button to attack. The D-Pad left and right is used to advance through the castle. Press the start button to begin your quest or pause the action. The select button is not used."
"Blades of Steel","","Region Not Set","","Ultra Games","Konami","1991-08-01","2","No","Sports","Not Rated","Blades of Steel differs from the professional game in the NHL in the late 1980s in that it has no offside rule, and its interpretation of penalties is somewhat unique. The game's officials only call two penalties. Players who lose a fistfight are penalized for two minutes, an abstract reworking of the five-minute offsetting majors normally assigned in the event of a fight. Should a fight break out in front of one team's net, then the player on offense gets a penalty shot. The penalty shot is administered in the style of a soccer penalty shot, in that the shooting player must stand on the blue line, instead of moving towards the goaltender. The game also recognizes icing infractions, with an appropriate game reset and faceoff in the liable team's zone."
"Blaster Master Boy","","NTSC-U","United States of America","Sun Corporation of America","Sunsoft","1991-08-23","1","No","Action","E - Everyone","You thought the world would be free of radioactive threats from the underground world after the events of the original Blaster Master yet for reasons unknown several radioactive hotspots sprout from the ground all over the world. Once again you must get into your armour and journey to the underground caves in order to discover the truth behind the new menace.

Blaster Master Boy is a ""somewhat"" direct sequel of Blaster Master, your mission is to control your character through a series of underground dungeons from a top-down perspective and defeat the enemies you encounter there. You no longer have your trusty tank to take with you in side scrolling areas, nor your grenades, but to aid you in the dungeons you now have the ability to carry special bombs which can be used to kill enemies as well as clear paths through the dungeons à la Bomber King."
"Blaster Master Jr","Blaster Master Boy","PAL","","Nintendo","Aicom","1991-08-23","1","No","Action","Not Rated","Blaster Master Jr., known as Blaster Master Boy in North America and Bomber King: Scenario 2 (ボンバーキング　シナリオ2) in Japan, is an action video game developed by Aicom and published by Sunsoft. The game was released in 1991 for Game Boy.

Gameplay and premise:
Players control Jason, the protagonist of Blaster Master, with his car Sophia not present. Players have various abilities, including making Jason fire a gun and plant bombs that can be used to damage enemies and environment. Players will encounter power-ups that will allow Jason to clear obstacles. Players can also upgrade their weapons with other power-ups. Each stage features an exit that requires a key and a boss behind that exit.

Development:
It is a sequel to Robowarrior, a spin-off title in the Bomberman series by Hudson Soft. However, the game was marketed in western territories as a game in the Blaster Master series by Sunsoft. Aside from the title change, the game is the same in all regions.

Reception:
Hardcore Gaming 101 felt that the game was decent for a Game Boy title, but that they would not replay it due to being unremarkable. They speculated that the name change was due to a similarity between Blaster Master's overhead stages and these."
"Blitz Bomber","","NTSC","","","","2021-08-14","1","No","Shooter","Not Rated","Your beloved city has been attacked by enemy tanks. Only you can defeat them! It’s an old game made in a whole new way!"
"Blobby Volley GB","","Other","","","","2025-05-18","2","Yes","Party","Not Rated","Welcome to Blobby Volley GB, a demake of the addictive PC volleyball game.
Your goal is simple: hit the ball over the net and make it land on your opponent’s side to score points. The first player to reach the winning score (default: 15) wins the match."
"Block Droppin'","","Other","","Self-Published","","2024-04-05","1","No","Block Droppin’ is a fast-paced puzzle game to train your brain and test your reflexes: swap blocks to match three or more blocks of the same type, and use special blocks like bombs to your advantage. Block Droppin’ takes quick wits and concentration, so make sure your block-swapping skills are up to the task!

The game comprises two playing modes, Arcade and Puzzle, each with its own unique challenges and rewards.

That's it. Go play.

Trailer: YouTube

ESRB Rating: Not Rated

 PuzzleGenre(s): Puzzle","Block Droppin’ is a fast-paced puzzle game to train your brain and test your reflexes: swap blocks to match three or more blocks of the same type, and use special blocks like bombs to your advantage. Block Droppin’ takes quick wits and concentration, so make sure your block-swapping skills are up to the task!

The game comprises two playing modes, Arcade and Puzzle, each with its own unique challenges and rewards.

That's it. Go play.

Trailer: YouTube

 Not Rated

Genre(s): PuzzleESRB Rating: Not Rated","Block Droppin’ is a fast-paced puzzle game to train your brain and test your reflexes: swap blocks to match three or more blocks of the same type, and use special blocks like bombs to your advantage. Block Droppin’ takes quick wits and concentration, so make sure your block-swapping skills are up to the task!

The game comprises two playing modes, Arcade and Puzzle, each with its own unique challenges and rewards.

That's it. Go play.

Trailer: YouTube

ESRB Rating: Not Rated

Genre(s): Puzzle"
"Block Kuzushi GB","ブロックくずしGB","NTSC-J","Japan","Pow Studios","OeRSTED","1995-01-01","1","No","Action","Not Rated","Block Kuzushi GB is an Action game, developed by OeRSTED and published by Pow, which was released in Japan in 1995."
"Blodia","ブロディア","NTSC-J","Japan","Tonkin House","Tonkin House","1990-04-20","1","No","Puzzle","Not Rated","Blodia is a Puzzle game, published by Tonkin House, which was released in Japan in 1990."
"Bo Jackson: Two Games in One","","Region Not Set","","THQ","Equilibrium","1991-06-01","1","No","Sports","","It's two games in one -- play either baseball or football in this game headlined by Bo Jackson. In baseball, you can participate in all the major parts of the ballgame, such as pitching, hitting, and fielding. The field is displayed in 3D using an engine called ""3-D Sensation."" In football, the field is displayed as an overhead view in 2D with tiny players running around -- a sharp contrast to the graphic style of the baseball portion of the game. The football game allows you to design your own plays and watch them with instant replay."
"Boggle Plus","","Region Not Set","","Parker Brothers","Sculptured Software","1992-02-01","1","No","Puzzle","","Create words at home or on the road with Boggle Plus for Game Boy. Based on Parker Brothers' classic board game, which challenges you to create words from randomly generated letter cubes, Boggle Plus also includes additional play variants. ""Big Boggle"" offers additional letters, while ""Anagrams"" involves unscrambling jumbled words. ""Categories"" has you searching for words based on a specific theme, and ""Use All"" involves forming words with every letter displayed on the screen. Boggle Plus includes a built-in dictionary with 35,000 words and supports head-to-head play via Game Link Cable."
"Bokujou Monogatari","Harvest Moon","NTSC-J","Japan","Victor Interactive Software, Inc.","Victor Interactive Software, Inc.","1997-01-01","1","No","Role-Playing | Life Simulation","Not Rated","No overview is currently available for this title, please feel free to add one."
"Bomb Disposer","","Region Not Set","","Sachen","Sachen","1993-01-04","1","No","Puzzle","Not Rated","Puzzle game like Tetris."
"Bomb Jack","","Region Not Set","","Infogrames Entertainment","Bit Managers","1992-01-01","","No","Action","","Bomb Jack is an Action game, developed by Bit Managers and published by Infogrames, which was released in Europe in 1992."
"Bomber Boy","Atomic Punk | Dynablaster | ボンバーボーイ","NTSC-J","Japan","Hudson Soft Company, Ltd.","Hudson Soft Company, Ltd.","1990-08-31","1","No","Action | Puzzle | Strategy","Not Rated","No overview is currently available for this title, please feel free to add one."
"Bomberman Collection","ボンバーマンコレクション","NTSC-J","Japan","Hudson Soft Company, Ltd.","Hudson Soft Company, Ltd.","1996-07-21","4","No","Action","Not Rated","Compilation of three GameBoy games in the Bomberman series."
"Bomberman GB","Wario Blast","NTSC-J","Japan","Hudson Soft Company, Ltd.","Hudson Soft Company, Ltd.","1994-08-10","1","No","Action | Puzzle | Strategy","Not Rated","No overview is currently available for this title, please feel free to add one."
"Bomberman GB 2","","NTSC-J","Japan","Hudson Soft Company, Ltd.","Hudson Soft Company, Ltd.","1995-08-10","4","No","Adventure","Not Rated","Bomberman GB 2 (known simply as Bomberman GB outside Japan) is a game for the original Game Boy and was released in North America in April of 1998. It is the first portable game in the Bomberman series to feature a motif, with an adventurer/treasure hunter theme."
"Bomberman GB 3","ボンバーマンGB3","NTSC-J","Japan","Hudson Soft Company, Ltd.","Hudson Soft Company, Ltd.","1996-12-20","4","No","Action | Strategy","Not Rated","The 11th planet of Bomber Nebula, named Owen, faces a sudden earthquake. Deep within its underground, the terrible Evil Bomber had been trapped for ages. He finally rises to power and steals the Bomber Capsules from Bomberman. Bomberman and his friends then vow to take back the Capsules and defeat Evil Bomber...

This game was only released in Japan. It is the last game in the Bomberman GB trilogy and features the appearance of a few new characters like Cutie Bomber."
"Bonk's Adventure","B.C. Kid","Region Not Set","","Hudson Entertainment, Inc. | 																NEC Home Electronics, Ltd.","Red Company","1993-12-31","1","No","Action | Platform","","The game's protagonist is Bonk, a strong caveboy who battles anthropomorphic dinosaurs and other prehistoric themed enemies. Bonk's mission is to rescue Princess Za (a small pink Pleisiosaur-type reptile) who has been kidnapped by the evil King Drool (a large, green, Tyrannosaurus-type dinosaur). In the Arcade version, Bonk is also assisted by a female version of himself."
"Bonk's Revenge","BC Kid 2 | GB Genjin 2","Region Not Set","","Hudson Entertainment, Inc. | 																NEC Home Electronics, Ltd.","Red Company","1991-12-31","1","No","Platform","","In the Game Boy version of this title, Bonk can turn into one of three unique heroes: Master Bonk, Hungry Bonk, or Stealth Bonk. Becoming Master Bonk dresses Bonk in a cape and provides him with Vulcan-esque ears, and gives him the ability to move faster and jump higher. Becoming Hungry Bonk gives Bonk an animalistic appearance with evil eyes and a mouth full of razor-sharp teeth, and gives bonk the ability to chew enemies to death, as well as providing him with a much stronger head-butt that can kill nearby foes. Becoming Stealth Bonk dresses Bonk in a striped jail outfit, and gives him the ability to enter special locked doors that lead to areas such as the bank, where Bonk can collect Smileys, the butcher's, where Bonk can eat more slabs of meat in hope for a different power-up, and jail, where Bonk loses a portion of his Smileys.

Grabbing one of many tulips scattered throughout the game carries Bonk to a special bonus stage where he can face off against Mechabonk -- a RoboCop-esque version of Bonk—in a best-of-three battle to ""bonk"" one another off the edge of a small stage. Winning two rounds provides Bonk with an extra life, while a loss transforms Bonk into Wounded Bonk, where Bonk resembles a mummy and takes twice as much damage as usual.

The game overall is very similar to games in the Mario series, providing linear, side-scrolling action, multiple power-ups, and several small boss confrontations leading up to a final boss. Its treatment of power-ups is similar as well: taking a hit while powered-up causes Bonk to take no damage but instead lose his power. For those who struggle with the game, the game offers passwords after game-overs so the player does not need to start over from the beginning."
"Booby Boys","ブービーボーイズ","NTSC-J","Japan","Nihon Bussan Co., Ltd.","Nihon Bussan Co., Ltd.","1987-07-10","1","No","Action","Not Rated","Kid and Mac, who have traveled back in time from the 23rd century, have to defeat Demon Lord Dante and return to their original era."
"Boomer's Adventure in ASMIK World","Teketeke! Asmik-kun World","Region Not Set","","Asmik Corp. of America","Asmik Corp. of America","1990-04-01","2","No","Puzzle","Not Rated","This video game stars Boomer (Asmik-kun in the Japanese version), a pink dinosaur, coursing through maze-like levels. Boomer traps enemies by digging holes and letting the enemy fall in them. Boomer can also dig out items and keys needed to complete the levels. Passwords are revealed before and after every boss level. On the top floor is the ultimate boss. Defeat him in order to beat the game."
"Borbo's Quest","","NTSC","","","","2020-12-20","1","No","Adventure | Puzzle","Not Rated","Borbo's Quest is a short adventure game in which you play as Borbo, a 10 year-old kid set on a quest to retrieve their stolen birthday cake. Journey through a charming puzzle-filled world to track down Nasty Cake Jake and retrieve your precious cake."
"Borruga - Neo Pinball","","NTSC","","","","2022-08-08","1","No","Action","Not Rated","A 32K pinball/breakout/tennis 'ish game for GameBoy"
"Bottle Boy","","Other","","","","2022-12-03","1","No","Adventure | Platform","Not Rated","Alex, or ""Bottle Boy"" as he prefers to be called, is a small kid with a big imagination. He loves to watch retro black and white space movies and imagine himself as the hero of the story. Turns out, he gets his chance to show what he's got. 

Join Bottle Boy and help rescue his pet dog Sam from the invading Aliens!"
"Bouken! Puzzle Road","Daedalian Opus","NTSC-J","Japan","Vic Tokai","Vic Tokai","1990-04-20","1","No","Puzzle","E - Everyone","The game is essentially a series of 36 jigsaw puzzles with Tetris-like pieces known as pentominos that must be assembled into a specific shape. The puzzles start off with rectangular shapes and simple solutions, but the puzzles quickly grow more complex, with odder shapes like a rocket ship, a gun, and even enlarged versions of some of the pentominoes themselves. Each level is timed, and once the timer is started it cannot be stopped until the level is finished. One starts off the game with only three pentomino pieces, and at the completion of each early level, a new piece is awarded to the player. At the final level, the player is given the 2x2 square O tetromino and must complete an 8x8 square puzzle.

After completing each level, the player was given a password to access that level at a later time. Interestingly, each password was a common English four-letter word, so that by guessing common four-letter words, players could potentially access levels they had not actually reached by playing the game."
"Boulder Dash","","Region Not Set","","Nintendo","Beam Software","1990-09-01","1","No","Puzzle","","The ultimate underground journey, but be forewarned - nothing less than perfection is required! Boulder Dash will challenge your mind and reflexes like no other game. The objective is to search throughout each cave and collect as many jewels in as short a time as possible. Once the indicated amount has been collected, the door to the mysterious escape tunnel is revealed and you go to the next level. Boulders drop predictably enough, but you and Rockford also have to block growing amoebas, transform butterflies, outmaneuver fireflies, and overcome other numerous obstacles."
"Bounty Land","","NTSC","","","","2021-01-01","1","No","Role-Playing | Shooter","Not Rated","Find the varmints, shoot them and their posse and collect the bounty."
"Boxxle","Soukoban","NTSC","United States of America","Fujisankei Communications International Inc.","Thinking Rabbit","1990-02-01","1","No","Puzzle","E - Everyone","The player must maneuver boxes in a warehouse in order to make enough money to woo his desired girlfriend."
"Boxxle II","Soukoban 2","Region Not Set","","FCI","Atelier Double","1992-06-01","1","No","Puzzle","","The player must maneuver boxes in a warehouse in order to make enough money to woo his desired girlfriend."
"Brain Bender","BrainBender","Region Not Set","","Electro-Brain","Gremlin Interactive Ltd.","1991-11-01","1","No","Puzzle","Not Rated","An unusual puzzle game that involves manipulating mirrors in order to complete objectives. You'll advance across 120 levels while trying to eliminate specific obstacles, such as gas spheres, satellites, and computer-controlled ""electrobrains,"" by aiming the mirrors to reflect laser beams. A password system is used to resume progress."
"Brain Drain","","Region Not Set","","Acclaim Entertainment, Inc.","Bandai Co., Ltd.","1998-03-01","1","No","Puzzle","","Brain Drain is a puzzle game in which the player has to recreate a pattern, consisting of different symbols like apples or hearts, which is shown in the corner of the screen. The main playing field consists of said symbols, but randomly switched around. The player controls a frame which encloses four of the symbols. When pressing a button, the symbols are rotated clockwise around the frame. Of course the levels have to be solved within a time limit.

In the higher difficulty levels, the player also has to deal with so-called special effects which occasionally kick in during play, e.g. some symbols get hidden by ""?"" blocks, symbols rotate on their own or the controls are reversed. Three power-ups can be earned by completing bonus levels or finishing a level really fast: clock (stops time for 20 seconds), flash (skips the current level) and credit (gives a second try after time has run out). Clock and flash have to be activated manually; credits is applied automatically. Besides the regular playing mode, there is also the ""Brain Race"" available which involves solving a certain number of levels (depending on the difficulty) as fast as possible."
"Brain Wash","","NTSC","","","","2024-02-05","1","No","Puzzle","Not Rated","Use logic and think carefully! You have 10 tries to guess the secret number. Each time you try, the game will give you clues at how close you are to the answer.

3 levels of difficulty to Wash your Brain!"
"Bram Stoker's Dracula","","Region Not Set","","Sony Imagesoft","Probe Entertainment","1993-12-31","1","No","Action | Platform","","While based on the 1992 film of the same name, the game had very little to do with the actual movie. Several weapons can be used; ranging from the basic knife to the advanced shotgun weapon.

The 16-bit renditions of the game were straightforward hack and slash games where players had to slash generic enemies in order to get to Dracula. There is a time limit that forces players to move quickly around the levels. Each chapter of the game starts off with a cover from a book. Checkpoints are used to maintain progress in a level after losing a life. Each level has a daytime and night time equivalent. A boss appears at the end of each night time level in order to test the playing skills and to reinforce the concepts that were taught in the daytime version of the level.

The player controls a young lawyer named Jonathan Harker. Harker must free himself from Dracula's capture, follow him to London, and end his reign of terror."
"BreakThru!","","Region Not Set","","Spectrum Holobyte, Inc.","Realtime Associates Seattle","1994-11-04","1","No","Puzzle","","In the game, the player must move the cursor amongst a grid of different colored squares. All squares must be ""removed"", and squares can only be removed if they are directly touching two or more squares of the same color. Once squares are removed, blocks then shift downward and either to the left or right, to fill in the blanks. The game ends when either all blocks are removed, or time has run out.

If the player comes to a point in which none of the remaining square match, a few options remain. A few ""special items"" help clear out blocks that don't necessarily match, such as an airplane block that eliminates a full line of square in the direction it is pointed in, or a block of dynamite that blows up every square touching it. Additionally, the player can also chose to drop new, randomly generated squares into the equation."
"Brightwood Village","","NTSC","","","","2023-01-01","1","No","Adventure","Not Rated","Enjoy exploring the village and getting to know the villagers in this cute little game."
"Bubble Bobble","","Other","","Romstar Incorporated | 																Taito Corporation","Taito Corporation","1991-01-01","1","No","Action | Puzzle","Not Rated","Bubble Bobble is the story of two humans, Bub and Bob who wander into the mysterious cave of monsters and magically turn into dinosaurs. The only way to transform back is to reach the end of the cave...

Bubble Bobble is a platform game, with each level being a single screen. The enemies must be cleared from a level to go to the next one. With one player controlling Bub and the other controlling Bob, the player can jump and collect items for points (such as fruit). The real power Bub and Bob have however is the ability to blow bubbles. These bubbles can be as platforms to leap on, or to trap enemies. Enemies trapped in a bubble must be popped by jumping into them, wherein they'll turn to fruit. Additionally, power-ups sometimes float by in bubbles. They include lightning, which flies out horizontally at enemies, and water, which drags the player and enemies straight down flowing over platforms. Taking too long to complete any level will summon Baron Von Blubba, who will float around the screen trying to destroy the player."
"Bubble Bobble Part 2: Rainbow Islands","","Region Not Set","","Taito Corporation","Taito Corporation","1993-07-01","1","No","Platform","","A character named Robby has to rescue people from a village, who, according to this version's intro, have been captured by a skull character."
"Bubble Frog","","Other","","","","2024-01-26","1","No","Platform","Not Rated","Join Bubble Frog on his adventure to save all the Onigiri that poor little OniGary has lost! Travel dangerous places, from Pink Zone  to Blue Zone and then all the way to Yellow Zone and now the terrifying GREEN ZONE!"
"Bubble Ghost","","Region Not Set","","Accolade, Inc.","Pony Canyon","1990-06-01","1","No","Puzzle | Strategy","","The objective is to guide a bubble throughout a number of halls in a haunted house. If the bubble hits any walls or obstacles, then it will pop and the player loses a life. Obstacles include lit candles, electricity and fans. These can be all controlled by the ghost, who can wander around the level freely and blow at things - such as the bubble to add speed, the candle to put out the flame, or switches to turn them on or off.

It was the first French game adapted for the Game Boy."
"Bubsy II","","Region Not Set","","Accolade, Inc.","Images Software Ltd.","1995-12-31","1","No","Platform","","Defeat droves of dive bombing penguins! Squash squadrons of flying pigs! Trash tons of turbo-powered sheep!
It's all waiting for you in this wacky, whirlwind adventure through the Amazatorium.

Three wild worlds, two mind-boggling mini-games, and one totally cool bobcat named Bubsy!

- Nine fabulous, fur-flyin' levels
- About a bazillion barnyard bad guys including Oinker P. Hamm
- Mega-cool mini-games such as Frogapult (the ultimate in amphibian fun) and Liquid Lunacy (super duper deep sea silliness)
- Great graphics and awesome animations"
"Buddy Book Battle","","NTSC","","","","2023-01-01","1","No","Adventure | Role-Playing","Not Rated","The game is a classic RPG like the original Dragon Quest, but with the structure of a classic NES Mega Man game. What that means is that you choose a character to play as, and they come with a unique spellbook. You then pick a dungeon to play through, which has a randomized boss at the end. After beating that boss, you gain access to their spellbook. It'll make sense when you play it. 

There exists a magical race of beings called buddies. Through the use of spellbooks, they can use powerful magic. However, they can't actually read their own books. They have to partner up with a human who can read their book. Further, in order to draw out the full potential of each book, the buddy and human pair have to have a strong bond. And the best way to deepen their bonds is through combat.

One day, a buddy named Paige suggested to her group of friends that they should hold a friendly battle royale in order to increase the bonds with their partners and strengthen the group as a whole..."
"Bug Bites!","Bug Bites! (World) (Aftermarket) (Unl)","Other","","","","2023-05-20","1","No","Action","Not Rated","A game that might bug you a little..."
"Bugs Bunny Collection","バックスバニーコレクション","NTSC-J","Japan","Kemco","Kotobuki System Co., Ltd.","1997-12-19","1","No","Action","Not Rated","An Asian only  release containing ""Bugs Bunny"" and ""Crazy Castle II""."
"Burai Fighter Deluxe","","Region Not Set","","Taxan","KID Corp.","1991-01-01","2","No","Shooter","Not Rated","The player starts out with a relatively weak cannon but can upgrade to ring, laser, and missile weapons, which are much more powerful. The player can also choose from three difficulty settings: Eagle, Albatross, and Ace; but the fourth difficulty setting, Ultimate, must be unlocked. One proceeds by controlling the character in 8 directions and can shoot in a different direction from the direction he is looking.

Burai Fighter is a single player two dimensional automatic sidescroller. It has three difficulty levels to choose from. At the start, the screen moves from left to right, but it can move in all four directions and even change directions in the same level. The player is expected to keep up, because getting stuck on the edge means you die. You start out with a basic gun that you can fire in all eight directions. You can hold the fire button to lock your firing position. You float through space blowing up robots that sort of look like animals most of the time. At the end of a level you must defeat a boss to continue to the next level. At times, you may find a gap at the side of the screen. If you time it right and push in that direction, the orientation of the screen will change and take you into a secret room with some power ups. However, the higher difficulty levels have fewer secret rooms and your timing also needs to be perfect. This means you can quite simply walk into a death trap. The game is fairly linear otherwise, but there are a few forks in the road where you can either travel on the left side or the right side of the screen for a little while. If you pick the wrong side, you need to be an exceptionally skilled player to make it out of there."
"BurgerTime Deluxe","","NTSC-U","United States of America","Data East Corporation","Data East Corporation","1991-03-01","2","No","Platform","E - Everyone","Based on BurgerTime, the Arcade classic from 1982, BurgerTime Deluxe once again puts you in the role of chef Peter Pepper, a guy who can really build a burger. You maneuver the cook up and down ladders and left and right across floors in order to walk across various parts of giant hamburgers, such as large lettuce, big buns and massive meat patties. After you cross any section of any hamburger, it will drop one level and push any other burger part within that stack down a floor as well. The object of the game is to build all the hamburgers in each stage by dropping all the makings of each burger into completed stacks at the bottom of the screen.

As you go about your burger building business, Food Foes Mr. Pickle, Mr. Egg and Mr. Hot dog (also known as Frank N. Furter) will chase after you. You can destroy these culinary cutups by trapping them in falling burger parts or by tricking them into walking on a burger part you are in the process of dropping. To freeze the Food Foes, you can sprinkle a dash of pepper on them. You begin the game with a small pepper supply and can pick up additional pepper shakers that appear throughout the levels. You can also pick up bonus points (in the guise of cups and saucers) and extra lives.

Unlike the original BurgerTime, which had less than 10 different non-scrolling screens, BurgerTime Deluxe has seven levels with four stages in each level for a grand total of 28 screens, most of which scroll to some degree. A password feature enables you to return to the beginning of last level you played. Also, this version of the game features a two-player competitive mode (as long as you have two copies of the game, an extra Game Boy, and a link cable)."
"Burning Paper","","NTSC-J","Japan","LOZC/G. Amusements Co., Ltd.","Pixel","1993-02-26","1","No","Action","Not Rated","Burning Paper is a Puzzle game, developed by Pixel and published by LOZC G. Amusements, which was released in Japan in 1993."
"Bust-a-Move 2: Arcade Edition","Puzzle Bobble","Region Not Set","","Acclaim Entertainment, Inc.","Probe Entertainment","1998-12-31","1","No","Puzzle | Strategy","E - Everyone","Bust-A-Move 2 is a puzzle game that involves clearing or ""popping"" groups of bubbles by creating matches of three or more. A pointing device at the bottom of the screen is used to aim and launch a randomly generated bubble toward others of the same shade or pattern. Since launched bubbles can ricochet off walls, the challenge comes from estimating the angle you'll need to create potential matches. Clear each stage before the ceiling reaches the screen's bottom and you'll safely advance. The Game Boy version offers three play modes and a password save feature. You can challenge a series of 13 computer opponents, complete 100 puzzle levels, and race to clear 50 screens with the time attack option."
"Bust-A-Move 3 DX","","Region Not Set","","Acclaim Entertainment, Inc.","Taito Corporation","1998-01-01","1","No","Puzzle | Strategy","E - Everyone","Bust-A-Move 3 DX is the same game as Bust-A-Move '99. Besides the obvious differences because of technical limitations of the platform, e.g. the bubbles have to differentiated from of their shades instead of colour, it also has less playing modes. Only the arcade mode (a port of the original arcade version with the main singleplayer campaign or the possibility to challenge an AI opponent) and the challenge mode (beating a series of 25 levels as fast as possible) are available. 

Regarding gameplay, this is a tile matching game. There are bubbles of varying shades at the top of the screen and the player controls a stationary cannon at the bottom of the screen. The cannon is loaded with one bubble at the time and the direction of the shot can be varied left and right. The goal is to clear the screen by matching bubbles of the same colour."
"Buster Bros.","","Region Not Set","","Hudson Entertainment, Inc.","Hudson Entertainment, Inc.","1993-10-01","2","Yes","Action","","Eliminate bouncing balls in destinations around the world in Buster Bros. for Game Boy. Based on the 1989 arcade game, Buster Bros. has you guiding a pith helmet clad sibling in 50 levels across 17 cities. Aim a harpoon, grappling hook, or gun at each ball. A successful hit results in the sphere splitting into two or more targets, and play continues until all balls are removed from the screen. Avoid contact with the spheres by moving left and right, and collect assorted power-ups to help complete each stage. Two Game Boy owners can engage in cooperative play via Game Link Cable"
"Busty Bunny the Bounty Babe","","NTSC","","","","2022-01-08","1","No","Adventure | Platform","Not Rated","You are Busty, a buxom bunny bounty babe, looking to nab the ultimate score, a gang boss named Fanny Fennec, leader of the Fanny Pack. You land your 57 star cruiser spacecraft on the outskirts of Delta city on the planet 6-9. instantly you can see evidence of the gang. Propaganda posters litter the streets, urging people to join the pack or submit to it. Then you see them. Fennecs start to emerge from the dark, trash-filled alleyways. They glare at you menacingly. They know who you are and why you are here, and they are not going to go easy on you. Get ready for the fight of your life!

Survive the onslaught of enemies and get to the goal sign at the end of each level! pick up Bimbo-Cola to refill your health! 18 levels spread across 6 unique zones, with 3 amazing boss battles!"
"Caesar's Palace","","Region Not Set","","Virgin Interactive Entertainment, Inc.","Magnin and Associates","1991-12-31","1","No","Puzzle | Strategy","E - Everyone","It is named after the famous Caesars Palace on the Las Vegas Strip near Las Vegas, Nevada. In this game, the player has $2000 in chips and he must try to become rich (or become broke trying to). This game gives underaged people an experience previously limited to people 21 years of age or older. Because the game was marketed directly towards minor children, a disclaimer was added before the title screen that the game is intended for entertainment use only and not for actual gambling."
"candy quest","","Other","","","","1970-01-01","1","No","Adventure","Not Rated","After being summoned by the Pumpking on Halloween night, the four Pumpkids set out on a quest to collect as much candy as possible and light the four Confectionery Candles in order to perform a mysterious potion brewing ritual for their highness…

In this demo you’ll take control of PPK, (the Purple Pumpkid), and play through the first of four worlds, the Fall Forest. There you can find four main levels full of candy to discover and collect, an optional bonus level with a unique challenge, and a big bad boss for you to scare to death!

This demo is roughly a 45-minute playthrough and comes with three different ending art screens for you to achieve based on how much candy you collect. Two of which should be obvious on how to get, but the third may be a bit more obscure… How much candy will you collect?"
"Capcom Quiz: Hatena? no Daibouken","カプコンクイズ ハテナ？の大冒険","NTSC-J","Japan","Capcom","Capcom","1990-12-21","1","No","Puzzle","Not Rated","Capcom Quiz: Hatena? no Daibouken is a trivia game published by Capcom for the Game Boy platform. The game was only released in Japan."
"Captain America and the Avengers","","Region Not Set","","Mindscape, Inc.","Realtime Associates, Inc.","1994-12-31","2","No","Action | Platform","Not Rated","The Red Skull is using a mind-control device to unite the world's most dreaded super-villains under his command. The call goes out to the world's mightiest team of superheroes: AVENGERS ASSEMBLE! As Captain America, Iron Man, Hawkeye or Vision, it's up to you and a friend to foil the Red Skull's fiendish plan for world domination. Battle enemies like Whirlwind, Living Laser, Klaw, Grim Reaper and more! Live the Marvel legend in this picture-perfect translation of the blockbuster arcade smash!"
"Captain Tsubasa J: Zenkoku Seiha e no Chousen","キャプテン翼J 全国制覇への挑戦","NTSC-J","Japan","Bandai Co., Ltd.","Bandai Co., Ltd.","1995-09-14","1","No","Sports","Not Rated","Captain Tsubasa J: Zenkoku Seiha e no Chousen is a soccer game developed and published by Bandai for the Game Boy platform."
"Captain Tsubasa VS","キャプテン翼VS","NTSC-J","Japan","Tecmo","Graphic Research Co., Ltd.","1992-03-27","2","No","Sports","Not Rated","Captain Tsubasa VS is a soccer RPG/Strategy hybrid that plays out in a cinematic perspective. The game is based on the popular Japanese manga/anime of the same name and was released exclusively to Japan. As the game's title states, the game has a versus mode, which allows two Game Boys to be linked for 2-player versus play.

Captain Tsubasa VS is a prequel to the first Famicom game and plays identical to other Captain Tsubasa games published by Tecmo."
"Capybara Quest","","Other","","","","2022-06-01","1","No","Platform","Not Rated","CAPYBARA QUEST is an original 2D platformer for the Gameboy Color where you play as a Capybara on an adventure to rescue their baby from a mean pelican who flew off with it."
"Capybara Village","","Other","","","","2024-04-21","1","No","Adventure","Not Rated","A cozy little capybara-themed game."
"Card Game","","NTSC-J","Japan","Coconuts Japan Entertainment Co., Ltd.","Marionette","1990-06-15","1","No","Sports","Not Rated","Card Game is a Miscellaneous game, developed by Marionette and published by Coconuts Japan, which was released in Japan in 1990."
"Cargo","","Other","","Self-Published","Self-Published","2022-10-24","1","No","Action | Fighting | Horror | Unofficial","Not Rated","An old abandoned ship contains a precious cargo, but what is it, and is it worth the risk? You can try and make your way to the main deck and claim the treasure some vanished protecting. 

Make sure you track your oxygen and ammo, as any wrong move may turn out to be fatal!

Cargo is a short adventure game for the Game Boy. Play it in browser, or download it for your favorite emulator or Analogue Pocket."
"Casino FunPak","","Region Not Set","","Interplay Entertainment Corp.","Beam Software","1995-01-31","1","No","Strategy","Not Rated","All the famous games of chance and skill are right in your hands whenever you want to try your luck. Take a spin on SLots or play for big stakes with Video Poker. Move over to the Craps table the Roulette wheel or take on the dealer with Blackjack. Or select tournament Mode and tour the casino for a series of dramatic turns of fate. For ages 12 and up. Experience the thrill of Las Vegas action."
"Casper","","Region Not Set","","Natsume","Bonsai Entertainment Corp.","1996-11-30","1","No","Action","","Loosely follows the plot line of the 1995 film of the same name."
"Castelian","Nebulus","Region Not Set","","Triffix Entertainment Inc.","Bite Studios","1991-05-31","1","No","Platform","","A platform game with some distinctive unique features. The player character, a small creature called Julius, is on a mission to destroy eight towers that have been built in the sea, by planting bombs at the towers' peaks. Julius's progress is hindered by enemies and obstacles, which he has to avoid in order to reach the top of the tower"
"Castle Quest","","Region Not Set","","Hudson Entertainment, Inc.","Hudson Entertainment, Inc.","1993-12-31","1","No","Role-Playing","","A strategy game from Hudson that's played like a board game mixed with card battle confrontations. Your goal is to topple kings. You take turns moving your pieces one at a time. The player who topples an opposing king wins the round. But being a good chess player won't be enough to win. With magical attacks and Card Roulette to contend with, you'll have to be lucky too. In Quest Mode there are 24 kings to defeat, and the last is that fearsome King of Magic, Baron"
"Castledark","","Other","","","","2023-09-21","1","No","Adventure","Not Rated","Journey to Castle Vram and uncover the dark secret of the royal family. Use your blade to cut down the monsters that stand in your way, or boost your abilities with magic potions to cast Fireballs and burn them from a distance!"
"Castlevania II: Belmont's Revenge","Castlevania 2: Belmont's Revenge | ドラキュラ伝説 II Dracula Densetsu II | Castlevania: The Adventure II: Belmont’s Revenge","PAL","","Konami","Konami","1992-11-26","1","No","Action | Adventure | Platform | Horror","Not Rated","Castlevania II: Belmont's Revenge (ドラキュラ伝説 II Dracula Densetsu II?, lit. ""The Legend of Dracula II""), is an action-adventure platformer game developed and published by Konami for the Nintendo Game Boy handheld system and it is the second Castlevania game to be released on that system. It is the direct sequel to the system's previous title, Castlevania: The Adventure, and has Christopher Belmont, the star of the previous game, returning in a protagonist role, now on a quest to rescue his son, Soleil, from the powers of evil. The game was released in Japan on July 12, 1991, North America in August, 1991, and in Europe on November 26, 1992.
In 1998, the game was re-released for the classic Game Boy as part of Konami GB Collection, Vol. 3. The compilation featured Super Game Boy utilization and a picture frame. The collection, named Konami GB Collection, Vol. 4, was released in 2000 on the Game Boy Color in Europe, with new color schemes added to each stage of the game.

This game is sometimes referred to as ""Castlevania: The Adventure II: Belmont’s Revenge"", after the first Castlevania game for the Game Boy, to avoid confusion with the similarly-titled Castlevania II: Simon's Quest. However, that is not the game's official name.

The game takes place exactly one century before the original Castlevania game."
"Castlevania Legends","","NTSC-U","United States of America","Konami","Konami Computer Entertainment Nagoya","1998-03-11","1","No","Action | Platform | Horror","E - Everyone","Every legend has a beginning. Now discover the beginning of the Castlevania Legend in Castlevania Legends for Game Boy. In this single-player adventure, you play as Sonia Belmont, the very first in the line of vampire hunting Belmonts. Use your whip to fend off the forces of darkness, as you work your way through six stages of non-linear gameplay. Explore the legendary areas of Castlevania, including the surrounding forest and the infamous clock tower. Don't forget to collect hearts from the torches that litter the stages to gain extra lives. Adjustable difficulty settings allow you to choose the skill level at which you want to play. At the end of it all, Count Dracula himself awaits. Can you defeat him and put the evil to rest for another 100 years?"
"Castlevania: The Adventure","ドラキュラ伝説 Dracula Densetsu | The Legend of Dracula","PAL","","Konami","Konami","1990-09-28","1","No","Action | Adventure | Platform | Horror","Not Rated","Castlevania: The Adventure (ドラキュラ伝説 Dracula Densetsu, ""The Legend of Dracula"") is an action-adventure platformer video game, part of the Castlevania series, for the Nintendo Game Boy handheld system. It was the first entry in the series released on a handheld system. The game is known in Japan as Dracula Densetsu, which translates to English as The Legend of Dracula. It was released in Japan on October 27, 1989, and in North America on December, 1989. It was released in Europe and other PAL regions in 1990.
In 1997, the game was re-released for the classic Game Boy as part of Konami GB Collection, Vol. 1. The compilation featured Super Game Boy utilization and a picture frame. The collection was released in 2000 on the Game Boy Color in Europe, with new color schemes added to each stage of the game. It also became available for download on special flash RAM cartridge through the Nintendo Power service in Japan.

The original version of Castlevania: The Adventure became available on the 3DS Virtual Console in 2012 in Japan, Europe and North America. A remake of the game belonging to the ReBirth series by Konami was later released via WiiWare in 2009.

Plot
Transylvania, a small country in Europe, is associated even today with a demon's legend. With his powerful evil power, the legacy of Count Dracula has been dreaded by the people. However, no matter how many times Dracula comes back, he never manages to fully change the world into darkness as he is always put away by Simon, a descendant of the Belmont clan.

However, the devil Dracula has existed long before his first confrontation. Not as the devil Dracula, but as an evil sorcerer. Count Dracula was a fanatical demon worshiper, who built a dark castle at the outskirts of Transylvania and conducted evil rituals every night. He has summoned several demons from the other world to serve him and he himself has been trying to get eternal life by becoming a demon king possessing evil powers.

With each day, Count Dracula's evil powers became more frightening, as he spread fear and terror to the people of the village. Until one day, a man stood up. It was Christopher, an ancestor of the Belmont family. Christopher rushed to the dark castle. Many demons and traps laid out are waiting for him at the castle. Will he be able to defeat the transformed devil, Count Dracula, as expected?
— Official Japanese instruction booklet story for Castlevania: The Adventure."
"Cat Catch","","NTSC","","","","2023-12-23","1","No","Platform","Not Rated","You will have to overcome different levels in order to advance and obtain rewards! There are multiple minigames and secret items!"
"Catrap","Pitman","Region Not Set","","Asmik Corp. of America","ASK Kodansha","1990-12-31","1","No","Puzzle","","Banished to a mysterious underground labyrinth of complex mazes, two explorers are faced with one chance to reverse the curse: solve all 100 puzzles set out in mazes before them.

But watch it! Every maze has monsters patrolling the depths of the labyrinth. Help Catgirl and Catboy push around huge blocks to bridge a path to yet another maze, or topple a block a few stories over the pursuing monsters. If you make a mistake, simply use the rewind function and travel back in time to correct it. With 100 mazes in this labyrinth, it will be quite a challenge to get out of the curse’s reach.

Catrap is more than just a game of mindbending intrigue and action. Be the architect of the underground labyrinth and make your own games of intricate mazes.

Whether you choose to be a maze builder or a maze solver, we know you can help Catboy and Catgirl land on their feet."
"Cave Noire","カーブノア","NTSC-J","Japan","Konami","Konami","1991-04-19","1","No","Adventure | Strategy","Not Rated","You have come to the northern village Karuzu. As this village is surrounded by four dungeons many apprentice adventurers like yourself come here to improve their skill (level), there’s talk of the underground labyrinth (dungeon) being challenged day and night.

The leader of the adventurers guild said “You should train in the dungeon if you want to become a full-fledged adventurer. You appear to have some basic equipment, although the quest (objective) will be impossible to achieve with those alone. You should go get some items from the master of the forest. If you enter the dungeon, nobody will come to help. You need to be careful.”

Experience things as a true adventurer and do your best. Good luck."
"Centipede","","NTSC","","Majesco Entertainment","Accolade","1998-11-01","2","No","Shooter","E - Everyone","The classic arcade hit CENTIPEDE comes to Game Boy Color in this slightly enhanced version of the old favorite. This one- or two-player game has you firing pesticide at an oncoming centipede that is threatening the garden. As the pest weaves its way through the mushrooms dispersed throughout the screen, you'll have to use strategy as well as quickness to fight it off. The classic gameplay is replicated perfectly in this arcade port. 
DMG-AC4E-USA"
"Centipede [Accolade]","","NTSC","United States of America","Atari, Inc.","Accolade","1992-12-01","1","No","Shooter","Not Rated","Centipede is a vertically oriented shoot 'em up arcade game.  Accolade also released a version for the Game Boy in 1995 as part of their Arcade Classics series.
DMG-CZ-USA"
"Chacha-Maru Panic","茶々丸パニック | Chachamaru Panic","NTSC-J","Japan","Human Entertainment, Inc.","","1991-04-19","4","No","Action","Not Rated","Chacha-Maru Panic is an Action game, published by Human Entertainment, which was released in Japan in 1991."
"Chachamaru Boukenki 3: Abyss no Tou","茶々丸冒険記3 アビスの塔","NTSC-J","Japan","Human Entertainment, Inc.","Human","1991-08-02","1","No","Role-Playing","Not Rated","Chachamaru Boukenki 3: Abyss no Tou is a Role-Playing game, published by Human Entertainment, which was released exclusively in Japan in 1991.

Interestingly, the main character was modeled after a developer at Human that later would appear as referee in a Fire Pro Wrestling for Super Famicom."
"Chalvo 55 - Super Puzzle Action","チャルボ55 | Chalvo 55","NTSC-J","Japan","Japan System Supply","Japan System Supply","1997-02-21","1","No","Puzzle | Platform","Not Rated","Jump and bounce through devilishly designed levels to collect the crystals needed to defeat the bosses in this sequel to the unreleased Virtual Boy game Bound High"
"Championship Pool","","Region Not Set","","Mindscape, Inc.","Bitmasters,Â Inc.","1993-10-01","1","No","Sports","","The game is a straightforward, virtual version of pool, and includes several games: eight-ball, nine-ball, three-ball, ten-ball, fifteen-ball, straight pool (14.1 continuous), rotation, equal offense, and speed pool. The player may play against the computer or up to seven other players using the same console using the ""Party Pool"" (multiplayer) option. Other gameplay modes include ""Tournament"" (single-player, computer opponents), ""Freestyle"" (players make up own game rules), and ""Challenge"" (single-player, shot practice).["
"Chantey","","Other","","","","2025-03-25","1","No","Action","Not Rated","A rhythm RPG where music powers every spell. Story-driven, chill, and packed with original songs."
"Chantey prologue","Chantey","Other","","","","2023-11-02","1","No","Party","Not Rated","Chantey is a pirate metal top-down adventure game for the original Game Boy. It tells a compelling story of chanteying and piracy in the Caribbean sea of the 1700s. The game is a peculiar mix of top-down adventure and rhythm games, with a unique visual style and game mechanics. The player takes on the role of an unnamed pirate, who sets out to collect a number of magical sea chanteys, which the player performs in the rhythm game sections to overcome adversaries and terrors of the high seas (because, who wouldn't go into glorious battle with bloodthirsty swashbucklers and krakens, listening to the sound of a thunderous pirate metal song?)"
"Chase H.Q.","","Region Not Set","","Taito Corporation","Taito Corporation","1990-12-31","1","No","Racing","","At the start of each level the player is informed who they are pursuing, a great distance away: They must apprehend the criminal before their time limit expires. The criminal's car is constantly moving away, so if the player repeatedly crashes or drives too slowly, the criminal will escape. At some points during the game the road splits, and the correct turn must be taken, otherwise it will take longer to catch the criminal. When their vehicle is reached, the time limit is extended; the vehicle must be rammed a number of times until the criminal is forced to stop, then is arrested."
"Chase the Train Tintin!","","NTSC","","","","2025-06-17","1","No","Puzzle | Platform","Not Rated","This game follows Tintin, a popular character from comics and nostalgic media that most of us are well versed in. As the player, your job is to help him catch his train no matter what, however your mission isn't easy, as you will have to dive into puzzles and timed actions!

The story follows an old comic from journals dating back to 1930 and our main goal is to immerse the player in the nostalgic feeling of old BD's and videogames."
"Cherry Rescue","","Other","","","","2020-11-14","1","No","Platform","Not Rated","Barry's sister, Mary, has been captured by a mysterious foe, and you must rescue her!

Run, jump, and stomp the baddies who stand in your way, and get to the end of each level unscathed!"
"Chibi Maruko-Chan 2: Deluxe Maruko World","ちびまる子ちゃん2 デラックスまる子ワールド","NTSC-J","Japan","TAKARA Co., Ltd.","KID Corp.","1991-09-13","1","No","Adventure","Not Rated","A Chibi Maruko-Chan adventure game for Game Boy."
"Chibi Maruko-Chan 3: Mezase! Game Taishou no Maki","ちびまる子ちゃん3 めざせ!ゲーム大賞の巻","NTSC-J","Japan","TAKARA Co., Ltd.","KID Corp.","1992-03-27","1","No","Action","Not Rated","A Chibi Maruko-Chan action game for Game Boy."
"Chibi Maruko-Chan 4: Korega Nippon Dayo! Oujisama","ちびまる子ちゃん4 これが日本だよ!王子さま","NTSC-J","Japan","TAKARA Co., Ltd.","KID Corp.","1992-08-07","1","No","Strategy","Not Rated","A Chibi Maruko-Chan board game for Game Boy."
"Chibi Maruko-Chan Okozukai Daisakusen!","ちびまる子ちゃん おこづかい大作戦！","NTSC-J","Japan","TAKARA Co., Ltd.","KID Corp.","1990-12-07","1","No","Role-Playing","Not Rated","A Chibi Maruko-Chan RPG for Game Boy."
"Chibi Maruko-Chan: Maruko Deluxe Gekijou","ちびまる子ちゃん まる子デラックス劇場","NTSC-J","Japan","TAKARA Co., Ltd.","KID Corp.","1995-05-26","1","No","Adventure","Not Rated","A Chibi Maruko-Chan game for Game Boy."
"Chiki Chiki Machine Mou Race","チキチキマシン猛レース","NTSC-J","Japan","Atlus Co., Ltd.","","1992-03-27","1","No","Racing","Not Rated","A Japanese-only racing game for Game Boy based on the Wacky Races cartoon."
"Chiki Chiki Tengoku","チキチキ天国","NTSC-J","Japan","J-Wing","J-Wing","1995-04-28","1","No","Puzzle","Not Rated","Chiki Chiki Tengoku is a Puzzle game, published by J-Wing, which was released in Japan in 1995."
"Chikyuu Kaihougun ZAS","ZAS | Chikyū Kaihō Gun ZAS | 地球解放軍ジ・アース","NTSC-J","Japan","T&E Soft, Inc.","Technology and Entertainment Software","1992-12-18","1","No","Shooter","Not Rated","A Vertical Scrolling shooter/shmup released only in Japan.  It's notable for using the DMG Game Boy's passive-matrix image retention/ghosting to simulate transparency and multiple layers of parallax."
"Chomp and Stomp","Chomp N Stomp","NTSC","","","","2023-01-01","1","No","Action","Not Rated","Chomp N Stomp your way through a series of levels. Destroying houses to progress to the next level. You are the oversized lizard, that came from under the ocean. You are annoyed by the humans."
"Choosin' Pughs","","NTSC","","","","2025-07-25","1","No","Role-Playing","Not Rated","Have you ever met a pair of twins and thought, ""Man, how do I pick which one I want to date?"" Well, now you can!

""Choosin' Pughs"" is a totally normal RPG about exactly that: deciding which twin you'd like to date. Talk to each Pugh boy, find out his interests, and see which one is right for you. It's super easy and fun! And there's totally nothing lurking beneath the surface at all! Replays are encouraged, as there are multiple possible paths to take and endings to encounter."
"Choplifter II - Rescue & Survive","Choplifter II","Region Not Set","","Victor Interactive Software, Inc.","Beam Software","1991-09-30","1","No","Strategy | Shooter","E - Everyone","The gameplay revolves around piloting a rescue helicopter into hostile territory and rescuing hostages. Enemies like birds, fighter jets, and even ammunition fired from various weapons can harm the player's helicopter. Saving more hostages than the scenario requires will allow players to collect extra points. However, losing a lot of hostage will lead to a loss of continues; regardles of how many lives the player has during that time. This is to simulate a mission failure and/or becoming a SNAFU."
"Choplifter III","","Region Not Set","","Ocean Software Ltd.","Teeny Weeny Games, Ltd.","1994-01-01","","No","Action","","Choplifter III is an Action game, developed by Teeny Weeny Games and published by Ocean, which was released in Europe in 1994."
"Chousoku Spinner","超速スピナー | Super Speed Spinner","NTSC-J","Japan","Hudson Entertainment, Inc.","Hudson Soft","1998-09-19","2","No","Action | Adventure","Not Rated","In Chousoku Spinner the object of the game is to have ""yo-yo battles"", buy new yo-yos, and upgrade current yo-yos. Chousoku Spinner contains RPG-like elements such as traveling to various locations, talking to other characters, earning money to buy new items and a story.

The way disputes are settled in Chousoku Spinner is by having a yo-yo battle. The winner is the character who can keep their yo-yo going for the longest amount of time. First, the balance must be chosen, the more in the middle it is the better the balance will be. After the balance is chosen the power must be chosen."
"Chrome And Blood","","Other","","","","2024-01-01","1","No","Shooter","Not Rated","Chrome and Blood is a Battlestar Galactica inspired game designed for the Gameboy and Gameboy Color. It's the game we never had (and should of, so say we all) in the 80's and 90's! Based on the series, this free fan made game is a classic vertical shooter I created in GB Studio. The mission? Shoot up and destroy as many of those Cylon ""toasters"" as possible."
"Chuck Rock","","Region Not Set","","Sony Imagesoft","Spidersoft","1993-12-31","1","No","Platform","","The setting of the game is a fantasy prehistorical Stone Age-era world that is shared by both neanderthals, woolly mammoth, saber-tooth tigers, dinosaurs, and various assorted wild primeval monsters such as prehistoric mammals, giant insects, man-eating plants, and other exotica; thus, the setting is similar to that of films such as One Million Years B.C., or television shows such as The Flintstones or Dinosaurs."
"Chumbles Bumbles","","NTSC","","","","2023-11-12","1","No","Platform","Not Rated","You play Chumbles as he Bumbles (get it?) his way through 6 short levels. It's not a long game although there are 18 Gems to find! 3 in each level, some hidden, some not. See if you can find them all! :D (I'll warn you, one is mean)."
"Ciao Nonna","Ciao Nonna (World) (En,It) (v2.2) (Aftermarket) (Unl) | Ciao Nonna (World) (Es,Eu) (v2.2) (Aftermarket) (Unl)","Other","","","","2020-06-09","1","No","Life Simulation","Not Rated","Ofelia left her hometown years ago, estranged from her mother and most of the family; her grandmother her only link to the past she cut ties with.

But as she receives the news her grandmother has passed away, Ofelia has to return to Tor Marina once more..."
"Circus Carnage","","NTSC","","","","2024-01-27","1","No","Action | Fighting","Not Rated","Living next to a circus might sound like a dream, but not for Barry Brawls. The constant noise of clown horns or lion’s roars kept him wide awake. This time, he had enough.

Armed with frustration and a strong desire for silence, Barry crashed the circus party. With his trusty fists and a determination for peace, he was about to confront each performer - nobody would be spared in his quest for silence.

Join Barry Brawls on a chaotic rampage through “Circus Carnage”"
"Cliffhanger","","Region Not Set","","Psygnosis Limited | 																Sony Computer Entertainment","Malibu Interactive","1993-11-30","1","No","Action | Platform","","Based on the film of the same name.
A plane filled with terrorists attempting to steal money from a treasury plane while airborne is shot down by an FBI plane. The terrorists survive and send out a distress signal, which the main character, Gabe, responds to. However, Gabe does not know that the mayday signal is coming from a group of terrorists, and after reaching them, the terrorists capture Gabe's partner, Hal, and hold him hostage. Gabe must then set out and retrieve the money in order to save Hal."
"Collection Pocket","コレクションポケット","NTSC-J","Japan","Naxat Soft","","1997-11-21","1","No","Action","Not Rated","Collection Pocket is a Miscellaneous game, published by Naxat Soft, which was released in Japan in 1997."
"College Slam","","Region Not Set","","Acclaim Entertainment, Inc.","Iguana Entertainment","1996-12-31","1","No","Sports","","Its gameplay is nearly identical to NBA Jam, on which it is based. It includes most major Division I colleges, but there are many, such as the University of Tennessee, the University of Notre Dame, and Mississippi State University (who had just made a run to the Final Four that year), that are not included. The player can play tournaments, a season, or a single game. The game, however, did not enjoy the success of NBA Jam."
"ConeFuse","","Other","France","","","2025-01-07","1","No","Adventure | Puzzle | Strategy | Life Simulation","E - Everyone","Save the world! Don't let the evil cones destroy humanity!
It's just a simple gameboy-like game that you need to go to the top of the building while solving cones puzzles.
Made by Julien Navas from VLC Studio to present it has a contest at CES 2025 to win an original Gameboy covered in 24 carat gold, and for the first 20 to finish the game, you win a physical version of ""ConeFuse"".
(Creators of the famous VLC media player)"
"Contra: The Alien Wars","","Region Not Set","","Konami","Factor 5 GmbH","1994-12-31","1","No","Action","","Welcome to 2636 the year the notorious Red Falcon gets even-with an unprecedented alien onslaught orchestrated to push the Contra forces to their ultimate reaches. Plunge through a molten massacre on a high speed voyage to the guts of the archenemy alien. Check out the side and top perspectives that engulf you in a 3-D sensation. Pick off solar slimedogs while you scale over walls swing from girders and ropes whatever it takes to defeat Red Falcon's allies. Sweat through five gut-splitting stages including the Streets of the Neo City and the Mucho Grande Badlands."
"Cookies Bakery","Cookie's Bakery","Other","","","","2021-01-01","1","No","Adventure","Not Rated","Cookies Bakery is a GBStudio game that was made for the Secret Santa Jam, from leafthief for Dusk. The game can be played either in browser or downloaded as a Rom, to be played on the original Game Boy hardware or an emulator.

Four days until the annual Winter Festival! It sure is a busy time in your bakery, but you will help your fellow citizens, by providing them with bite-sized calm and contemplation: delicious cookies!

    Check in with the townspeople
    Participate in the Winter Festival
    Gather ingredients to bake a number of festive cookie recipes
    Fulfill cookie orders and make your customers happy"
"Cool Ball","Pop Up","Region Not Set","","TAKARA Co., Ltd.","Bit Managers","1991-02-17","1","No","Puzzle | Platform","","You and your best girl were floating happily in the vast void of space. Suddenly, the Big Bang occurs, separating the two of you. It's up to you to travel through time to find her. Before this can happen, you must go though a number of levels collecting items. However, the items must be collected in the proper order, and you will face a number of obstacles including piranhas, pterodactyls, rats, and birds. Keep bouncing and stay focused on the goal to be reuniting with you girlfriend in COOL BALL."
"Cool Hand","","Region Not Set","","Take-Two Interactive Software, Inc.","Tarantula Studios","1998-12-31","","No","Strategy","","A game released in Europe as a collection of card games.  Solitaire, Cribbage, and Blackjack."
"Cool Spot","","NTSC-U","United States of America","Virgin Interactive Entertainment, Inc.","NMS Software","1994-10-01","1","No","Platform","E - Everyone","A single-player platformer in which the player controls Cool Spot, who can jump, and attack by firing soda bubbles, which could be shot in all directions and while jumping. Cool Spot could also cling to and climb various things by jumping up in front of them. In each level the player must rescue other cool spots, who look exactly alike, from cages at the end of that level, which is not necessarily the point at the far right of the level map. In order to do so, the player is required to collect a certain number of ""spots"" that would change (usually increase) as the game progressed. ""Spots"" were placed across the level in large quantities, and were the game's substitute for items such as the coins in Super Mario Bros or Sonic the Hedgehog's gold rings (these were often used in this style of game, mostly for points and extra lives)."
"Cool World","","Region Not Set","","Ocean Software Ltd.","Enigma Variations Ltd | 																Ocean | 																Ocean Software Ltd.","1993-06-01","","No","Action","","The Golden Spike of Power, hidden atop the Ocean Hotel in Las Vegas, is the powerful wedge between Cool World and this world. And Holli's trying to steal it. If she removes it, she may destroy both her world and Jack's. As Jack, you're got to stop her from doing it -- because you know she will if she can!"
"Core Machina","","Other","","","","1970-01-01","1","No","Adventure","Not Rated","A steampunk detective shooter made for the Game Boy"
"Cosmic Courier: Trapped in Limbo","","Other","","itch corp","","2021-03-06","1","No","Adventure","Not Rated","Someone has ordered a package, but no one knows who. Find the real culprit so you can finally enjoy your days off. Developed in GBStudio."
"Cosmo Tank","","Region Not Set","","Atlus Co., Ltd.","Asuka Technologies","1990-09-01","2","No","Shooter","Not Rated","The player controls an armoured fighting vehicle from either a first-person perspective or a third-person perspective; depending on the level design. All games begin on a planet's surface with an overhead view. When the player enters a tunnel, the view switches to first-person. After destroying the Life Core inside a tunnel, the player travels to a new planet through a vertically scrolling stage.

Cosmo Tank has three modes. In quest mode, the object of the game is to destroy Alien Life Cores on five planets to free them from Master Insect. Players can earn experience levels in the quest mode by defeating enemies. The maximum amount of experience points that a player can earn is 999; which allows players to reach the level cap of 6. In training mode, the player practices in a closed area and is given a ranking. In vs. mode, the Game Link Cable is used to allow two players to race to defeat the alien leader.

After either beating the game or acquiring a game over, the player is given a rank that shows how far he made it in the game along with his target score. The lowest rank in the game is a skull and crossbones (signifying a casualty on the battlefield)."
"Crayon Shin-Chan 2: Ora to Wanpaku Gokko Dazo","クレヨンしんちゃん2 オラとわんぱくごっこだゾ","NTSC-J","Japan","Banalex","","1993-10-22","1","No","Platform","Not Rated","An action platformer for the Game Boy starring the popular anime character ""Shin-chan"". This is the second installment of the Game Boy Crayon Shin-Chan series."
"Crayon Shin-Chan 3: Ora no Gokigen Athletic","クレヨンしんちゃん３ オラのごきげんアスレチック","NTSC-J","Japan","Bandai Co., Ltd.","","1994-03-26","1","No","Action","Not Rated","Crayon Shin-Chan 3: Ora no Gokigen Athletic is an Action game, published by Bandai, which was released in Japan in 1994."
"Crayon Shin-Chan 4: Ora no Itazura Dai Henshin","クレヨンしんちゃん４ オラのいたずら大変身","NTSC-J","Japan","Bandai Co., Ltd.","Bandai Co., Ltd.","1994-08-26","1","No","Action","Not Rated","The fourth Game Boy Shin Chan game."
"Crayon Shin-Chan: Ora no Gokigen Collection","クレヨンしんちゃん オラのごきげんコレクション","NTSC-J","Japan","Bandai Co., Ltd.","","1996-12-20","1","No","Action","Not Rated","Crayon Shin-Chan: Ora no Gokigen Collection is an Action game, published by Bandai, which was released in Japan in 1996."
"Crayon Shin-Chan: Ora to Shiro wa Otomodachi da yo","クレヨンしんちゃん オラとシロはお友達だよ","NTSC-J","Japan","Bandai Co., Ltd.","Tose Co., Ltd.","1993-04-09","1","No","Adventure | Platform","Not Rated","Crayon Shin-Chan: Ora to Shiro wa Otomodachi da yo is a Miscellaneous game, developed by TOSE and published by Bandai, which was released in Japan in 1993.

Crayon Shin-Chan: Ora to Shiro ha Otomodachi Dayo is a platforming game
based off the Crayon Shin-Chan manga, mostly popular in Japan although
translated and published in a couple of other countries. The game is heavily
oriented towards platforming, with only a couple of blow bubbles-based weapons
littered throughout the game's short four levels.

Shin-chan can hop onto the heads of the enemy humans that are
interspersed around each stage, as well as use the bubbles to knock them out. He
can also hop onto hooks and branches, and scale telephone poles and trees.
There are also three mini-games in Crayon Shin-Chan along with a fourth
kind-of mini-game. Although all four mini-games are encountered in the course of
your playthrough, you can also access them from the title screen using the
second option presented to you.

Also of note is a timer in each of the level. For some weird reason, if
you try to collect everything in a level, there simply is not enough time, at
least in Level 2. Fortunately, you are given checkpoints throughout each of the
levels. Timing out will simply throw you back to one of the checkpoints."
"Crazy Burger","","NTSC-C","","Sachen","Sachen","1991-01-01","1","No","Action","Not Rated","An action game where you eat or avoid foods."
"Cryohazard","","Other","","","","2021-10-01","1","No","Adventure | Horror | Unofficial","Not Rated","SLEEP WHEN YOU'RE DEAD.

Inspired by classic point and click games, Choose Your Own Adventure books, and B-grade horror films, Cryohazard is a short story of waking from cryogenic sleep in a dilapidated research facility full of mystery, mayhem, and monstrous mutants.  Multiple endings and numerous gruesome deaths are abound in this game designed for the original Game Boy, compatible with emulators and real hardware."
"Crystal Quest","","Region Not Set","","Data East Corporation","","1991-12-31","1","No","Action","","The player controls a small, circular spaceship which must travel around the screen collecting crystals. This task is made more difficult by the aliens which constantly swarm out from the portals on both sides of the screen. These can be shot down by the ship's gun (which has unlimited ammo) or eliminated by activating one of the player's limited supply of ""smart bombs"", which will clear the screen of all current enemies."
"Cult Jump","カルトジャンプ","NTSC-J","Japan","Bandai Co., Ltd.","Sun L","1993-09-10","1","No","Adventure | Puzzle","Not Rated","Cult Jump is an adventure trivia video game developed by Sun L and published by Bandai Co. for the Game Boy. A crossover game exclusive to Japan, it was released on September 10, 1993 and features many popular characters from seven series in Weekly Shonen Jump.

The king of the JUMP world has been imprisoned in a castle far away. It is up to the reader of Shonen Jump to use all of his knowledge of their published works to beat opponents and rescue the king. Altogether, there are 50 long stages where the player needs to answer the questions posed by the opponents to survive and move on. A password will be displayed after beating each of these stages."
"Cult Master: Ultraman ni Miserarete","カルトマスター ウルトラマンに魅せられて","NTSC-J","Japan","Bandai Co., Ltd.","Minato Giken","1993-03-12","1","No","Puzzle","Not Rated","Players test their knowledge of the Ultraman tokusatsu series in this quiz game."
"Cutthroat Island","","Region Not Set","","Acclaim Entertainment, Inc.","Software Creations","1995-12-31","1","No","Adventure | Platform","","Based on the feature film of the same name.
The game casts players in the role of renegade treasure hunters. The player is able to choose between two characters: Morgan Adams, a female character who wields a rapier; or William Shaw, a buccaneer who is armed with a sword. The game features single player and two player action mode. During single player mode, the player's character must battle through 10 levels, encountering various foes such as pirates, redcoats and harbor masters. The game features two different gameplay styles to choose from: Swordplay and Brawling. In addition to all the swordplay, level two requires players to flee from prison guards in a quarry cart, and level five puts player atop a runaway horse-drawn carriage. As the player progresses through the game several items such as knives, bombs, bottles, torches, hammers, pistols, and other weapons are collectable."
"Cyber Dreamscape Battle-Deckers 2199","","NTSC","","","","2023-08-19","1","No","Role-Playing | Board","Not Rated","A fast-paced card-battle game played on arcade cabinets is a new, local fav in your college town, and the community even has a spot in the city mall to play in! Let's go, CyDream!

""You know it's fictional because there would never be this many out queer people at a game store in the early 2000s."" 

It's some time in the early 2000s, and Cyber Dreamscape Battle-Deckers 2199 is a digital-only card game that's developed a vibrant and loyal community thanks to its freedom of character expression and the giant game cabinets it's played on. Even in your small US college town, there are players who meet and trade matches at the nearby city mall. For better or worse, the game shop in the mall is the only location close by with an officially-sanctioned CDBD battle arena setup. This has let all kinds of hyper-local tournaments and events pop up at the game shop, with all kinds of players showing up to participate. Unfortunately, it's not all fun and games when not everyone in the community gets along or plays fair- even in a game where you can spectate a brawl between a slime-girl made of bubblegum and a wrestler in a teddy bear mask..!

~~~~~~~~~~~~~~~~~~~~~~~~~~~~~~~~~~~~~~~~~~~~~~~

Cyber Dreamscape Battle-Deckers 2199 is a card-battle game made for the Game Boy, inspired by shonen card-battle anime and manga of the '90s and early 2000s. It features snappy, puzzle-like card-play using an accessible card combo system built around simple, menu-based interactions. Each of 3 playable characters have their own custom deck, complete with signature cards and varying ratios of attack ""staples"". They each have their own unique special abilities as well! Taking roughly 15-20 minutes to complete a single tournament story run (told through dialog interactions at a local tournament event being held at the mall game store), simply choose your character and play out their tournament day! Or you can choose a fighter and start a quick single match against any of the game's opponents! There's no wrong way to CyDream~"
"Cyraid","","Region Not Set","","NEXOFT Corporation","Epoch","1991-12-31","2","Yes","Action","E10+ - Everyone 10+","3090 A.D. Earth exists as a united and peaceful federation... Until an insanely evil scientists known as ROGUE plants to conquer Earth with an army of dangerous robots, from his fortress CYRAID, high above the capitol city Trillilium.

 The Federation has called its best Agents of Peace, code named WARRIOR and FIGHTER, to destroy CYRAID. ROGUE's spies have informed him that WARRIOR and FIGHTER are brothers. To keep them from destroying CYRAID, ROGUE will kidnap NATASIA, their adored mother. If he can distract them from their mission, he may have enough time to conquer the Federation and rule Earth!"
"Daedalian Opus","Adventure! Puzzle Road","Region Not Set","","SUNSOFT","Vic Tokai","1990-07-31","1","No","Puzzle","","The game is essentially a series of 36 jigsaw puzzles with Tetris-like pieces known as pentominos that must be assembled into a specific shape. The puzzles start off with rectangular shapes and simple solutions, but the puzzles quickly grow more complex, with odder shapes like a rocket ship, a gun, and even enlarged versions of some of the pentominoes themselves. Each level is timed, and once the timer is started it cannot be stopped until the level is finished. One starts off the game with only three pentomino pieces, and at the completion of each early level, a new piece is awarded to the player. At the final level, the player is given the 2x2 square O tetromino and must complete an 8x8 square puzzle.

After completing each level, the player was given a password to access that level at a later time. Interestingly, each password was a common English four-letter word, so that by guessing common four-letter words, players could potentially access levels they had not actually reached by playing the game."
"Daffy Duck","Daffy Duck: The Marvin Missions","Region Not Set","","SUNSOFT","ICOM Simulations, Inc.","1995-01-31","1","No","Action | Platform","Not Rated","Shrinking rays and crushing platforms are commonly seen as the player tries to kill Martians that are standing in the way along with rock monsters and dragons. Lava won't instantly kill the player's character but falling into a bottomless pit will. In the end, Marvin the Martian must be destroyed in the final stage of the game.

The Game Boy version includes a secret ""hard"" difficulty level. Losing in this difficulty level will simply reset the game instead of bringing up the game over screen."
"Dagger's Last Testament","","NTSC","","","","2023-10-09","1","No","Adventure","Not Rated","A retired star pilot receives an unwelcome visit."
"Dai-2-Ji Super Robot Taisen G","第２次スーパーロボット大戦Ｇ","NTSC-J","Japan","Banpresto Co., Ltd.","WinkySoft","1995-06-30","1","No","Strategy","Not Rated","Dai-2-Ji Super Robot Taisen G is a Strategy game, developed by WinkySoft and published by Banpresto, which was released in Japan in 1995."
"Daiku no Gen-san: Robot Teikoku no Yabou","大工の源さん ロボット帝国の野望","NTSC-J","Japan","Irem Corp.","Irem Corp.","1994-03-25","1","No","Action | Platform","Not Rated","Another iteration in the Hammerin' Harry platformer series."
"Daisenryaku","大戦略","NTSC-J","Japan","Hiro","Hiro","1991-06-12","1","No","Strategy","Not Rated","Daisenryaku is a Strategy game, published by Hiro, which was released in Japan in 1991. It’s pretty simple: issue your commands in the Map mode (hit Select), and then get out of Map mode and the game plays itself out. Your units do what they’re told every turn until the order’s carried out, and then they sit there. Get as many cities as you can, because then you get more money. Infantry kills heavy infantry, heavy infantry kills tanks, and tanks kill infantry."
"Dangan GB","Dangan GB (World) (v1.1) (Aftermarket) (Unl) | Dangan GB (World) (Aftermarket) (Unl)","Other","","itch corp","","2019-03-27","1","No","Shooter","Not Rated","Dangan GB is a short simplistic boss-rush/bullet-hell shmup released for the Game Boy to celebrate the console's 30th anniversary.

Some features:
6 unique bosses with multiple phases
no bullet flicker
no slowdown
no tearing
plenty of bullets

Credits:
Code, Graphics and Design: snorpung
Music and Sound FX: nordloef"
"Dante's Detour - Chapter 1","","NTSC","","","","2022-12-22","1","No","Adventure | Platform","Not Rated","Get ready to explore! Delve into the mysterious world of Dante's Detour.

Follow a young dinosaur on his way to find a fallen star. You control Dante as he stumbles into a network of caves deep beneath his usual napping spot. 

Dante's Detour is an adventure platformer with many hazards and pitfalls. You have no choice but to descend into the unknown to find out just where the star went...

Explore a fantastical world of environments and characters that guide you on your journey of curiosity!"
"Darkman","","Region Not Set","","Ocean Software Ltd.","Enigma Variations Ltd | 																Ocean | 																Ocean Software Ltd.","1992-12-01","1","No","Action","E - Everyone","In this side-scrolling platformer, the player controls the Darkman, a superhero who can jump, kick and punch, as well as swing from a rope during action sequences between levels. In each level, Darkman disguises himself as the boss of the level, whom he must defeat before the time limit elapses."
"David Crane's The Rescue of Princess Blobette","A Boy and His Blob in The Rescue of Princess Blobette | David Crane's Rescue of Princess Blobette starring a Boy and his Blob | Fushigi na Blobby: Princess Blob wo Tsukue! | A Boy and His Blob 2 | David Crane's The Rescue of Princess Blobette starring a Boy and his Blob","Region Not Set","","Absolute Entertainment","Imagineering Inc.","1991-05-01","1","No","Puzzle | Platform","E - Everyone","Starring: A Boy and His Blob

The Rescue of Princess Blobette tells the story of a young, male protagonist and his blob companion as they attempt to rescue the latter's girlfriend, the titular Princess Blobette. The damsel in distress has been imprisoned by the Antagonistic Alchemist within the highest tower of the Royal Castle on the planet Blobolinia. Like its predecessor, A Boy and His Blob: Trouble on Blobolonia, The Rescue of Princess Blobette is a puzzle-platformer in which the player directly controls the boy as he is followed around by the blob, who is controlled by the computer AI. The pair must navigate the various passages and floors of the castle to locate and free Blobette. The boy can only run back and forth, cannot jump or swim, and will die if he falls a long distance or comes in contact with dangerous objects such as flame throwers and sewer serpents. However, the blob can be made to turn into useful tools when he is fed jelly beans of various flavors. Each flavor causes a different transformation. For example, feeding the blob a tangerine jelly bean will change him into a trampoline, which the boy can then use to reach high platforms. The player may also locate extra jelly bean sacks and numerous, optional treasures. Finding five peppermints will increase the player's extra lives by one."
"Dawn Will Come","","Other","","","","2021-09-20","1","No","Horror | Unofficial","Not Rated","It's dark. How long has it been dark?
Monsters prowl everywhere, supplies are scarce. Decide your tasks, carry them out, find more survivors to help, fight back the creatures that emerge from the Night. You must survive, because surely Dawn Will Come."
"Days of Thunder","","Region Not Set","","Mindscape, Inc.","Argonaut Games","1992-12-31","1","No","Racing","","A NASCAR racing simulation video game loosely based on the 1990 movie Days of Thunder. The game utilized elements from the movie, using a movie license from Paramount Pictures for its graphical elements, plot, and music soundtrack."
"De:Construction","","NTSC","","","","2023-10-20","1","No","Platform","Not Rated","You play Oliver, a blue-collar worker with a passion for construction, but as klutz as you are, you were never able to break through the market. Your clumsiness had a niche with the overbearing strength to demolish things with your bare fists or carry heavy equipment. So instead of constructing, you get to demolish what was already there. To prepare for future constructions.

Unfortunately, with a niche comes the fact that not all jobs are equally pleasant. You might find yourself in the most inhospitable places. This is your story..."
"Dead by Daylight","Dead by Daylight (Homebrew)","Other","","","","2021-03-09","1","No","Horror","Not Rated","Dead By Daylight For Gameboy/ Color, made for Retro Jam 2021! Currently Only Has One Map. Killer Mode Is Currently Only Unlocked  Via Specific Conditions."
"Dead Dungeon","","Other","","","","2021-09-15","1","No","Adventure | Horror | Unofficial","Not Rated","Dead Dungeon is a game about fighting through a dungeon to level up, improve your skills and beat the final boss.

This game was made for the Game Boy Competition 2021 and is intended to be played on a Game Boy Color."
"Dead Heat Scramble","","Region Not Set","","Electro-Brain","Copya System Ltd.","1990-12-31","1","No","Racing","","Players must choose between a dune buggy, a sand rail vehicle, and the incredible off-road truck. All races are strictly against the clock while the driver navigates through blockades on the road and other drivers that want to defeat the player. All of the ten courses must be unlocked in a linear fashion; all the races take place in a tube. Few power-ups exist in them game; including a chance to increase the player's nitro boost.

There are ten stages in the entire game. No penalties are given for bumping into the other drivers; unlike real life. Each course is in the shape of a half-pipe."
"Deadeus","Deadeus - Regular Edition","Other","","","","2019-08-21","1","No","Adventure | Horror","Not Rated","Deadeus is an authentic horror Gameboy game developed using Chris Maltby’s GB Studio engine, Featuring music by Stuart Busby.
The game centers around a small boy who has a prophetic nightmare telling him everyone will die in 3 days and that he has to investigate his village to see how he can save them, if at all.
The game has 11 endings and no direct path leaving it up to the player to decide which is the best course of action."
"Death Detective","","NTSC","","","","2020-03-27","1","No","Role-Playing | Horror","M - Mature 17+","Carl O'Donahue is a no-nonsense cop, and he's on the beat! Help him do his job the only way he knows how: TO THE EXTREME!

A rash of brutal crimes are sweeping the city.. Bodies have been unearthed at the local graveyard.. People are being killed.. Drugs are poisoning the locals, and it's up to Carl to track the culprits down.. DEAD OR ALIVE!!!

Never in the history of mankind has there been such a daring and brave crime fighter as Carl, and he needs YOUR help in solving these crimes!

YOU HAVE THE RIGHT TO REMAIN RADICAL!"
"Death Planet","deathplanet","Other","","","","2019-07-30","1","No","Flight Simulator | Unofficial","Not Rated","Death Planet is a fast-paced 3D flight game, where the objective is to reach the center of a doomsday battle station built by the evil galactic empire.

This a truly unique gaming experience for the Game Boy.

60 fps high precision 3-D game engine
13 shades of real time dithering
Five exciting stages with increasing difficulty
Amazing four song original music score
Wonderful, rich in detail pixel art
Only 32KB size ROM - no MBC or RAM required
Load the ROM file in a Game Boy emulator to play, or purchase the Game Pak from FerranteCrafts to play on a real Game Boy."
"Deep Dungeon","Deep_Dungeon | Deep_Dungeon_v1.3 | Deep Dungeon v1.3","Other","","","","2021-09-09","1","No","Role-Playing | Unofficial","Not Rated","Long ago, an ancient evil brought monsters into the world.

Humans lived in fear of the monsters, until three heroes appeared.

Through their efforts, the ancient evil was defeated, and its essence was sealed away in a dungeon.

Many years passed in peace, but slowly, monsters returned.

Now the villagers live in fear, waiting for the evil to return.

Once again, the call for heroes arises.

Will you be able to lead your adventurers into the dungeon, and vanquish the evil once and for all?"
"Deep Forest","","Other","","Armor Games","","2020-03-01","1","No","Adventure","Not Rated","Something seems odd when you can't find your faithful friend Squee in the morning. The forest is ill, and you'll need your squirrel friend's help to save the animal spirits. Use your witchy powers to discover the true cause of this turmoil and save the forest from its nightmare in a new retro adventure made with Chris Maltby's GameBoy Studio."
"Dennis The Menace","Dennis","Region Not Set","","Ocean Software Ltd.","Enigma Variations Ltd | 																Ocean | 																Ocean Software Ltd.","1994-12-31","1","No","Action | Platform","","Based on the 1993 movie of the same name.
The object is to defeat a burglar who managed to find Dennis' town via the local railroad connection. Stages include Mr. Wilson's house, the great outdoors, a boiler room, and eventually the big boss battle with the burglar himself."
"Desert Bus","Desert Bus (Homebrew)","Other","","","","2016-11-16","1","No","Racing","Not Rated","In this game, you drive a bus from Tucson, Arizona to Las Vegas, Nevada in real time."
"Desert Strike: Return to the Gulf","","Region Not Set","","Electronic Arts","Electronic Arts","1992-02-29","1","No","Action | Shooter","","After terrorist leader General Kilbaba has seized control of an unnamed ""small but wealthy"" Gulf emirate, overthrown the monarchy and installed himself as dictator, the United States sends a lone helicopter to destroy his army in a series of swift strikes. The game's plot was felt by commentators to be a thinly disguised reference to the Gulf War, while comparisons were drawn between Kilbaba and Saddam Hussein, and between the game's unnamed desert setting and Iraq."
"Dexterity","Funny Field | ファニーフィールド","NTSC-U","United States of America","SNK","SNK","1990-07-31","1","No","Puzzle","Not Rated","A game that consists of a square floor covered in seven rows and eight columns of tiles (56 tiles in total). The goal of the game is to flip all of the light tiles into dark tiles. There are several enemies as the level advances. The game has a total of 30 rounds."
"Diablo","Diablo Junior","NTSC","","Blizzard Entertainment","Blizzard","2008-05-04","1","No","MMO","M - Mature 17+","A port of Diablo was in development for the GameBoy, but soon cancelled for unknown reasons. This unreleased gem was first shown on PtoPOnline (now SuperiorVersion.com) back in 2007. Prior to that, no media had ever been released, nor had it ever been mentioned by Blizzard. This tech demo is a very unique look at what Diablo could have been, on the original GameBoy.

You can really see this game having massive potential since the PC version wasn’t much better graphically, meaning it would be close to the original. Implementing special features such as link cable multiplayer (since online would not be available) could have made this one of the higher rated games in GameBoy history."
"Dick Tracy","","Region Not Set","","Bandai Co., Ltd.","Realtime Associates, Inc.","1990-12-31","1","No","Action","","The game's introduction shows that Big Boy has escaped from the state penitentiary and kidnapped Tess, Tracy's love interest. The gameplay itself is purely level-based platforming, foregoing the overhead driving sequences of its NES counterpart.

Stylistically, the Game Boy version bears a strong resemblance to the side-scrolling mode of the NES version. Dick Tracy can punch and use the same weapons (hand gun, Tommy gun, tear gas), as well as grenades (which will instantly kill all non-boss enemies on the screen). This game also shares some common music with the NES version. Each of the five levels contains 12 hidden pieces of a photograph used to solve a puzzle at the end of each level.

At the end of each level, Dick Tracy would fight one of the antagonists from the film, including Shoulders, Flattop, and Pruneface). After defeating the boss, the player would need to solve the twelve-piece puzzle using the pieces found throughout the level to reveal a photo of the next boss to be pursued. If the puzzle could be solved within the allotted period of time, the player would be awarded a bonus life. For every two pieces placed correctly, the player would be awarded with one extra hit point. If any of the missing pieces were missed or if the puzzle isn't solved in time, then the game will automatically piece the whole image together (without any bonuses, of course). Then, Tracy would interrogate the fallen boss for where to search next for clues leading to Big Boy and Tess."
"Dicky 2 The Delux Spa Dilema","Dicky 2 The Dilemma of the Deluxe Spa","NTSC","","","","2022-05-25","1","No","Adventure","M - Mature 17+","Dicky has been hitting the gym pretty hard after his break up with his girlfriend. after a good long work out he likes to treat him self with a visit to his favorite spa, but when he got there the nice cashier told him he was banned with no clear reason why. Not deterred he vows to find out why he has been banned and find a way to revoke his banning."
"Die Maus","","Region Not Set","","Infogrames Entertainment","Bit Managers","1997-01-01","1","No","Puzzle","","Die Maus is a Puzzle game, developed by Bit Managers and published by Infogrames, which was released in Europe in 1997."
"Dig Dug","DigDug","Region Not Set","","Atari, Inc.","Namco","1992-12-31","1","No","Platform","","The objective of Dig Dug is to eliminate underground-dwelling monsters by inflating them with an air pump until they pop, or by dropping rocks on them. There are two kinds of enemies in the game:
Pookas - A race of round red monsters (said to be modeled after tomatoes) who wear yellow goggles.
Fygars - A race of green dragons who can breathe fire."
"Dino Breeder","ディノブリーダー","NTSC-J","Japan","J-Wing","Digital Kids","1997-08-22","1","No","Life Simulation","Not Rated","Released in 1997 for the Game Boy.

Dino Breeder is a virtual pet game developed by Digital Kids (later known as Ubisoft Nagoya) and published by J-Wing for the Game Boy platform.

In Dino Breeder the game starts with the player being able to choose one of six different dinosaur eggs. The player then gets to keep whichever dinosaur hatches from the egg and gets to name it.

Once players have chosen a dinosaur it can be fed, trained, or get into a battle. There is a story which can be progressed through by meeting certain criteria.

Dinosaurs have a set amount of hit points and if they are taken down to zero they will die leaving players the option to start the whole game over or start again at the last checkpoint with the current dinosaur."
"Dino Breeder 2","ディノブリーダー 2","NTSC-J","Japan","J-Wing","","1998-06-05","1","No","Strategy","Not Rated","The second in the dinosaur breeding RPG series. The stage is 30 years after the previous work. This time, we will choose one from two types of dinosaur eggs and raise it. There are four stages of growth, and the types of food given have changed. The number of scenarios has tripled, and fusion has doubled. In ""Doview"", you can now play online battles with dinosaurs raised by your friends."
"Dino's Offline Adventure","","Other","","itch corp","","2018-11-01","1","No","Platform","Not Rated","Dino's Offline Adventure is a port of the modern classic built into Chrome the web browser."
"Dirty Racing","ダーティ・レーシング","NTSC-J","Japan","Jaleco Ltd.","Gremlin","1993-01-08","1","No","Racing","Not Rated","Dirty Racing is a top-down racing game, developed by Gremlin Interactive and published by Jaleco Entertainment, which was released exclusively in Japan in 1993.

After a race, you are awarded money based on what place you qualified in, which can be used to purchase nitrous, upgrade, or repair your car in a manner similar to Tradewest's Super Off Road. You then move around a board game-like map to choose your next race.

Despite the game being Japanese exclusive, the entire game's text is in English. The game also shares another similarity with Super Off Road, that being scantily clad women who are shown when a race is finished."
"Disco Elysium - Gameboy Edition","Disco Elysium - Game Boy Edition | Disco Elysium: Game Boy Edition","NTSC-U","","","","2020-11-06","1","No","Adventure","Not Rated","Demake of Disco Elysium"
"Disco Elysium: Game Boy Edition","","NTSC","","HomeBrew Software","","1970-01-01","1","No","Adventure","Not Rated","A port of Disco Elysium for Nintendo Game Boy. Well, the first part of it at least."
"Disney's The Hunchback of Notre Dame","Hunchback of Notre Dame, The | Hunchback of Notre Dame | Hunchback of Notre Dame, The - 5 Foolishly Fun Topsy Turvy Games | Hunchback of Notre Dame, The: 5 Foolishly Fun Topsy Turvy Games | Hunchback of Notre Dame - 5 Foolishly Fun Topsy Turvy Games","Region Not Set","","Disney Interactive","Tiertex Design Studios","1997-03-01","1","No","Action","E - Everyone","Disney's The Hunchback of Notre Dame is an Action game, developed by Tiertex Design Studios and published by Disney Interactive Studios, which was released in 1997."
"Disney's The Little Mermaid","","Region Not Set","","Capcom","Capcom","1993-02-28","1","No","Action","","Ariel, the little mermaid who became human, and Eric, prince of the land, are head over fins in love. But Ariel's friends are in deep trouble! Ursula, the evil Witch of the Sea, has cast a spell on all watery creatures. If Ursula's not stopped, she'll take over the ocean! To save her friends, Ariel dives into the sea, becoming a mermaid again. But the water is full of jellyfish, lobsters, eels, and blowfish. Ariel quickly snares the fierce fish, while diving and leaping to escape danger. At Ursula's palace, the wicked witch attacks with her most treacherous tricks. Can Ariel defeat her in time to save the sea? It's the catch of the year! Swim to Ariel's favorite music, including the Academy Award-winning Under the Sea. Gasp as Ariel tackles slithery eels, snarling sharks, walruses and the amazing Soldierfish. Find out if Ariel can ever return to Eric. Your whole family will fall hook, line, and sinker for The Little Mermaid!"
"Disney's Aladdin","","NTSC-U","United States of America","THQ","NMS Software","1995-10-01","1","No","Action | Platform","E - Everyone","Based on the 1992 animated Disney film.

The player controls Aladdin, who must make his way through several levels based on locations from the movie: from the streets and rooftops of Agrabah, the Cave of Wonders and the Sultan's dungeon to the final confrontation in Grand Vizier Jafar's palace. The Sultan's guards and also animals of the desert want to hinder Aladdin in his way. He can defend himself with his sword or by throwing apples. Next to apples, Aladdin can also collect gems which can be traded for lives and continues with a traveling trader. Finding Genie or Abu icons enables bonus rounds. The Genie bonus round is a game of luck played for apples, gems or extra lives. In Abu's bonus round, the player controls the little monkey who has to catch bonus items that fall from the sky, but without touching any of the unwanted objects like rocks and pots."
"Disney's Darkwing Duck","","NTSC","","Capcom","Capcom","1993-02-23","1","No","Platform","Not Rated","The kingpins of crime are at it again! The mysterious criminal organization F.O.W.L. has hatched a plan to take control of the peaceful city of St. Canard. Six of their most heinous henchmen are running rampant through the city and only the daring Darkwing Duck can bring them to justice. Join Darkwing as he explores the woods to weed out Bushroot's evil plan. Search the warehouses along the wharf for Mega Volt and pull the plug on an electrifying scheme. Track down all six of F.O.W.L.'s crafty criminals and then prepare yourself as Darkwing squares off against the sinister Steelbeak in his fiendish floating fortress!"
"Disney's DuckTales","Duck Tales","NTSC","","Nintendo","Capcom","1990-07-01","1","No","Action | Platform","Not Rated","DuckTales (わんぱくダック夢冒険 Wanpaku Dakku Yume Bōken, lit. ""Naughty Ducks Dream Adventures"") is an action platformer video game developed and published by Capcom and based on the Disney animated TV series of the same name. It was first released in North America for the Nintendo Entertainment System in 1989 and was later ported to the Game Boy in 1990. The story involves Scrooge McDuck traveling around the globe collecting treasure and outwitting his rival Flintheart Glomgold to become the world's richest duck."
"Disney's DuckTales 2","Duck Tales 2","NTSC","","Capcom","Capcom","1993-12-03","1","No","Platform","Not Rated","Huey runs to his uncle Scrooge McDuck with a torn piece of paper, which is actually a piece of a treasure map drawn by Fergus McDuck. Inspired to discover the hidden treasure left by Fergus, Scrooge starts an expedition to find the missing pieces, unaware that his rival Flintheart Glomgold is also after the lost treasure of McDuck."
"Disney's Hercules","","NTSC","United States of America","THQ","Tiertex Design Studios","1997-07-01","1","No","Action | Platform","E - Everyone","You are Hercules... the strongest man on Earth. After learning of your true origins, you are informed by the mighty Zeus that no mortal may join the gods unless he has proven himself a hero. So, the adventure begins. Do what you must to pass each of your deadly tests, become a true hero and take your rightful place on Mt. Olympus!"
"Disney's Mulan","","NTSC","United States of America","THQ","Tiertex Design Studios","1998-10-01","1","No","Action","E - Everyone","Disney's Mulan is an Action game, developed by Tiertex Design Studios and published by THQ, which was released in 1998."
"Disney's Pinocchio","","NTSC","United States of America","Black Pearl Software","NMS Software","1996-10-01","1","No","Action","E - Everyone","Journey through as Geppetto, the carpenter's live wooden puppet, Pinocchio, as he did in his Disney animated film - which itself was based on a children's novel.

Have Pinocchio run, jump and twist-kick through all the familiar places, including the inside of a whale, and do good deeds enough to become the real human boy he's always wanted to be."
"Disney's Pocahontas","","NTSC","United States of America","THQ","Black Pearl","1996-04-01","1","No","Platform","E - Everyone","Disney's Pocahontas is an Action game, developed by Black Pearl and published by THQ, which was released in 1996."
"Disney's TaleSpin","","NTSC","","Capcom","Dual","1992-12-01","1","No","Action","E - Everyone","Soar into the wild blue yonder with Kit and Baloo, your madcap buddies. Scramble to win the world's zaniest flying contest ever, in Higher for Hire's famous flying machine, the Sea Duck. The prize: a lucrative air-transport contract and glory for all! Fly in the face of adversity as you compete against Shere Khan. Fend off lowdown high-altitude strikes by Air Pirate Don Karnage. This airborne bully will stop at nothing to see you fail! You've got non-stop ground action, too. Leap quagmires, ford rivers, and swing from vines through a treacherous jungle. So strap on your goggles, and hang on for dear life as you soar into the wildest adventure in aviation history!"
"Disney's The Jungle Book","","NTSC-U","United States of America","Virgin Interactive Entertainment, Inc.","Eurocom Entertainment Software","1994-08-01","1","No","Platform","E - Everyone","Get down to the bare necessities of life... and escort Mowgli through the jungle to the safety of the human village. Fight the boggle-eyed snake, Kaa, and defeat Shere Khan the hungry tiger in this exciting adventure based on Disney's classic! It'll drive you ape crazy!"
"Disney's Toy Story","","NTSC","United States of America","Black Pearl Software | 																Disney Interactive","Tiertex Design Studios","1996-05-01","1","No","Platform","E - Everyone","Join your old friend Woody in this side-scrolling adventure to save the toys of Andy's house. Navigate through Sid's work shop and use your alien friends to free you from the claw. Fun for all ages."
"DMG Deals Damage","","Other","","itch corp","","2019-04-21","1","No","Action","Not Rated","April, 21th, 2019. Today, the Game Boy turns 30 years old! But every other mobile gaming device is jealous of Game Boy timeless success. So they decide to team up to ruin the party. They came by and stole the cake! DMG, the first Game Boy model, must save the day! Use your hands to catch enemies and to smash them on the walls. You can also smash them together! Can you fight your way up to room #30 to retrieve your 30th birthday cake?"
"DMG Express","","Other","","Self-Published","","2021-04-13","1","No","Life Simulation","Not Rated","DMG Express invites you on a slow-paced trip by train, through a long scrolling landscape, past train stops and vending machines."
"Do I Pass?","Do I Pass | Do I Pass Gameboy 1.5 | Do I Pass (World) (En) (v1.5) (Aftermarket) (Unl)","Other","United States of America","itch corp","","2019-08-19","1","No","Unofficial","Not Rated","""Do I Pass"" is a visual novel where you play as a transgender woman who is worried about if she passes or not. With the help of a magical webpage she becomes a ghost and peeks into the minds of others to determine how they feel about her. There are three endings depending on the types of interactions she encounters from other people."
"Doc  Cosmos the saga begins","Doc Cosmos - The Saga Begins","Other","","","","1970-01-01","1","No","Adventure","Not Rated","Doc Cosmos is on the search for a powerful alien device that is rumoured to be able to allow the user to time travel. He arrives on the alien planet to begin his quest to obtain the device but soon gets stuck in the underground complex.

Use the device to switch between timelines to change Docs control scheme and alter the scenery in order to progress through the complex and find a way out. Search for keys to open the multitude of doors blocking Docs way. With your help Doc can get out with the device and begin his adventures in time!"
"Dodge Boy","ドッジボーイ","NTSC-J","Japan","Tonkin House","Tose Co., Ltd.","1991-12-06","1","No","Sports","Not Rated","Dodge Boy features six selectable teams. Each of the six teams are represented by a different country.

-Japan
-Germany
-U.S.A
-U.S.S.R
-Australia
-China"
"Dog Guardian","","NTSC","","","","2020-03-30","1","No","Adventure | Role-Playing","Not Rated","You are the local's every day hero!"
"Dog's Muck Island","Dog's Muck Island (World) (Aftermarket) (Unl)","Other","","","","2021-08-20","1","No","Adventure","Not Rated","Dog's Muck Island is a short Gameboy game inspired by Link's Awakening's fetch quest."
"Don't Call Me Mama But Yes I Am Your Mama","","Other","","itch corp","","2019-10-03","1","No","Adventure | Unofficial","Not Rated","Don't Call Me Mama But Yes I Am Your Mama is the ugly adventure of a Genomster engineer doing her best to create a strong creature for cool battles before her power gets shut off in five days."
"Donkey Kong","Game Boy Donkey Kong | Donkey Kong '94 | ドンキーコング","NTSC-J","Japan","Nintendo","Nintendo EAD | 																Pax Softnica","1994-06-14","1","No","Puzzle | Platform","Not Rated","Donkey Kong returns to Game Boy! This famous ape has kidnapped Pauline and climbed to the top of a perilous skyscraper. Challenged by many perils and unending puzzles, Mario must reach his arch rival. As he makes his way Mario will need to gather disappearing keys to unlock doors of hidden rooms. Donkey Kong devises evil tricks to confuse and trap him. Our heroic plumber has his hands full this time!"
"Donkey Kong [Player's Choice]","Game Boy Donkey Kong [Player's Choice] | Donkey Kong '94 [Player's Choice]","NTSC","","Nintendo","Nintendo","1994-06-01","1","No","Puzzle | Platform","Not Rated","Donkey Kong returns to Game Boy! This famous ape has kidnapped Pauline and climbed to the top of a perilous skyscraper. Challenged by many perils and unending puzzles, Mario must reach his arch rival. As he makes his way Mario will need to gather disappearing keys to unlock doors of hidden rooms. Donkey Kong devises evil tricks to confuse and trap him. Our heroic plumber has his hands full this time!"
"Donkey Kong Land","","NTSC-U","United States of America","Nintendo of America, Inc.","Rare, Ltd.","1995-06-26","1","No","Platform","E - Everyone","Donkey Kong Land is a 1995 Game Boy video game developed by Rare and released by Nintendo of America in the USA on June 26, 1995.

Monkey mayhem comes to Game Boy with all-new Kong adventures! Donkey Kong teams up with his sidekick, Diddy Kong, for new adventures and gorilla antics. Facing high-flying pigs, deadly Zingers, and reptilian Kremlings our duo swings back into action! Challenged by incredible perils they clamor their way through the mysterious pirate ship, perils in the snow, an unbelievable aquatic temple, and crazy capers in the sky. Grab a vine and join the thrills in the Land of Kong!"
"Donkey Kong Land [Player's Choice]","","NTSC","United States of America","Nintendo","Rare, Ltd.","1995-07-26","1","No","Action | Adventure | Platform","E - Everyone","Donkey Kong Land is a Jump & Run classic, developed by RareWare and released by Nintendo for the Game Boy in June 1995.

Cranky Kong, jealous of all the success Donkey Kong and Diddy Kong have had from Donkey Kong Country on the SNES, challenges the Kongs to beat another adventure on an 8-bit system (Game Boy). As King K. Rool agrees with Cranky and steals the bananas again, Donkey & Diddy Kong set out to go through another adventure!"
"Donkey Kong Land 2","","NTSC-U","United States of America","Nintendo of America, Inc.","Rare, Ltd.","1996-09-23","1","No","Platform","E - Everyone","Donkey Kong Land 2 is a 1996 Game Boy video game developed by Rare and released by Nintendo of America in the USA on September 23, 1996.

Wage battle against Kaptain K. Rool and his vast army of Kremlings. K. Rool kidnapped Donkey Kong and he's demanding the entire Banana Hoard as ransom. It's up to Diddy Kong and Dixie Kong to rescue their kidnapped pal. A wild assortment of friendly animals like Rambi the Rhino, Squitter the Spider, Squawks the Parrot, Rattly the Rattlesnake, and Enguarde the Swordfish help the two little monkeys in their adventurous mission. Each exciting level is filled with special traps, hidden items and dastardly Kremlings! Prepare yourself for the biggest Game Boy adventure yet!"
"Donkey Kong Land 2 [Player's Choice]","","NTSC","United States of America","Nintendo","Rare, Ltd.","1996-09-23","1","No","Action | Adventure","E - Everyone","Donkey Kong Land 2 is the first sequel to Donkey Kong Land for the Nintendo Game Boy and was released in 1996.

The story mainly complies to its SNES counterpart; K. Rool kidnapped Donkey Kong, demanding the entire Banana Hoard as ransom, so it's up to Diddy Kong and Dixie Kong to rescue their kidnapped pal. A wild assortment of friendly animals like Rambi the Rhino, Squitter the Spider, Squawks the Parrot, Rattly the Rattlesnake and Enguarde the Swordfish help the two little monkeys in their adventurous mission. Each exciting level is filled with special traps, hidden items and dastardly Kremlings! Prepare yourself for the biggest Game Boy adventure yet!"
"Donkey Kong Land 2 DX","","NTSC","United States of America","","Nintendo","2022-06-05","1","No","Platform | Unofficial","Not Rated","With this, the entire Donkey Kong Land series is now in color! Additionally, two new options can be accessed by pressing Select in the overworld: Follower Kong and New Kiddy Mode. Follower Kong tries to recreate the system of the SNES games where the Kong you are not currently playing will follow you, while New Kiddy Mode is an easy mode where Kiddy Kong works as an additional hit."
"Donkey Kong Land 3 2001","","Other","","","","2001-01-01","1","No","Action | Adventure | Unofficial","Not Rated","This is a bootleg version of the game ""Donkey Kong Land 3"" and is the same as its non-bootleg game boy counter part."
"Donkey Kong Land DX","","NTSC","United States of America","","","2021-07-22","1","No","Platform | Unofficial","Not Rated","This is a GameBoy to GameBoy Color conversion for Donkey Kong Land. It also includes some new features: a Time Attack mode, manual level names displayed in the corner of the screen in the overworld, restoration of unused music, and quality of life updates - an icon now appears in the bottom right of the screen when you have a Kong in reserve, and you can change the palette of your Kong. Some new features are accessed by pressing Select in the outside world."
"Donkey Kong Land III","","NTSC-U","United States of America","Nintendo of America, Inc.","Rare, Ltd.","1997-10-27","1","No","Platform","E - Everyone","Donkey Kong Land III is a 1997 Game Boy video game developed by Rare and released by Nintendo of America in the USA on October 27, 1997.

Fame-and-fortune seekers have flooded Donkey Kong Country in search of the fabled Lost World. Dixie Kong & Kiddy Kong rush through 36 Kong-sized levels of action and adventure. Use your animal friends - Squitter the spider, Squawks the parrot, Ellie the elephant, Enguarde the swordfish and Parry the parallel bird - to help you prove your adventuring skills and find the Lost World before someone else does!"
"Donkey Kong Land: Diddy's Kong Quest","Donkey Kong Land 2 | ドンキーコングランド","NTSC-J","Japan","Nintendo","Rare, Ltd.","1996-11-23","1","No","Adventure | Platform","Not Rated","Japanese version of Donkey Kong Land 2."
"Doomslinger Dungeon","","NTSC","","","","2024-09-23","1","No","Shooter","Not Rated","A first-person dungeon-crawling rougue-lite shooter for the Game Boy. Play as the Doomslinger, a mysterious gunslinger. Venture into a creepy dungeon and defeat all kinds of spooky monsters like ghosts, zombies and pumpkin monsters."
"Doraemon 2: Animal Wakusei Densetsu","ドラえもん２ アニマル惑星伝説","NTSC-J","Japan","Epoch Co., Ltd.","Agenda","1992-12-19","1","No","Action","Not Rated","A Doraemon action game for Game Boy."
"Doraemon Kart","ドラえもん カート","NTSC-J","Japan","Epoch Co., Ltd.","Epoch","1998-03-20","1","No","Racing","Not Rated","Based on the popular TV animation, Doraemon must race his friends and win the cup!"
"Doraemon no Game Boy de Asobouyo: Deluxe 10","ドラえもんのゲームボーイであそぼうよ デラックス10","NTSC-J","Japan","Epoch Co., Ltd.","Wizard","1998-11-27","1","No","Action","Not Rated","A Doraemon mini-game collection for Game Boy.

Doraemon no Game Boy de Asobouyo: Deluxe 10 is an Action game, developed by Wizard and published by Epoch, which was released in Japan in 1998."
"Doraemon no Study Boy 3: Ku Ku Master","","NTSC-J","Japan","Shogakukan Productions Co., Ltd.","Fujicom","1997-03-01","1","No","Education","E - Everyone","No overview is currently available for this title, please feel free to add one."
"Doraemon: Taiketsu Himitsu Dogu!!","ドラえもん 対決ひみつ道具!","NTSC-J","Japan","Epoch Co., Ltd.","Sakata SAS","1991-03-01","1","No","Action","Not Rated","A Doraemon action game for Game Boy."
"Double Dragon","","NTSC-J","Japan","Tradewest, Inc.","Technos","1990-08-01","2","No","Action | Adventure | Fighting","Not Rated","No overview is currently available for this title, please feel free to add one."
"Double Dragon 3: The Arcade Game","","Region Not Set","","Acclaim Entertainment, Inc.","The Sales Curve Ltd.","1993-03-14","2","No","Action","","Only one man knows the real story behind Marion's disappearance... and he's dead! Now the Double Dragons must rely on a mysterious fortune teller to locate Marion and her ransom - the Sacred Stones of Power! You'll fend off vicious street thugs, evil ninja warriors, deadly gladiators, Manchurian barbarians and more! Defeat your most dreaded enemies and out of pure respect they'll join your side - adding their Iron Claws and Shangai Stars to your all-new martial arts maneuvers - like the awesome mid-air somersault. Double Dragon III. If you survive the action, you'll rescue Marion, retain your honor and discover the truth behind the Sacred Stones. If you fail..."
"Double Dragon II","","Region Not Set","","Acclaim Entertainment, Inc.","Technos Japan Corp.","1991-11-30","2","No","Action","","Billy and Jimmy Lee, the Double Dragons, are back to avenge the loss of Marion. In their quest to defeat the evil Shadow Warriors, Billy and Jimmy must complete nine missions, facing deadly street gangs, ninjas and huge mutant fighters. The duo must traverse through construction sites, alleyways and underwater hideouts complete with secret elevator shafts, spiked ceilings and razor-sharp mechanical claws. Can Billy and Jimmy contend with the enemies placed before them and ultimately save the world?"
"Double Dribble: 5 on 5","Hyper Dunk (EU)","Region Not Set","","Konami","Konami","1991-12-31","1","No","Sports","","Compared to many sports-related Nintendo games of this era, Double Dribble resembled its sport with surprising accuracy. However, there were several quirks in the programming that are noteworthy, if only for their contribution to the overall experience of playing Double Dribble. The game clock, as in most early timed video games, was accelerated (far faster than real-time). In the third-quarter, third is abbreviated as ""3rt."""
"Double Yakuman","ダブル役満","NTSC-J","Japan","Vap Inc.","Imagesoft","1993-03-19","2","No","Puzzle | Strategy","Not Rated","Double Yakuman is a Japan only traditional mahjong game for Game Boy."
"Double Yakuman II","ダブル役満II","NTSC-J","Japan","Vap Inc.","Imagesoft","1993-09-17","2","No","Puzzle | Strategy","Not Rated","The third entry in the Double Yakuman series, after Double Yakuman and Double Yakuman Jr."
"Double Yakuman Jr.","ダブル役満Junior","NTSC-J","Japan","Vap Inc.","Imagesoft","1993-08-19","2","No","Puzzle | Strategy","Not Rated","The second game in the Japan only Double Yakuman series of Mahjong games, a simpler take on the original."
"Downtown Nekketsu Koushinkyoku: Dokodemo Daiundoukai","ダウンタウン熱血行進曲 それゆけ大運動会","NTSC-J","Japan","Technos Japan Corp.","Technos Japan Corp.","1992-07-24","4","No","Sports","Not Rated","Reihou Academy Student Council proposed a friendly athletic meet-up to apologize for the wrongdoings done by student council president Yamada. However, Toudou Mamoru, the new student council president who has been entrusted with the arrangement of the athletic meet, has no intention of apologizing. Instead he is plotting to crush the other schools, and reinstates The Double Dragons despite them being expelled for their kidnapping of Mami.

Nobody hesitates to participate. Nekketsu High School, led by Kunio, Hanazono High School led by Riki and Interschool Union led by Gouda all announce their participation in the competition. Thus Toudou can begin his plot with the 4 teams in place."
"Downtown Special: Kunio-Kun no Jidaigeki Dayo Zenin Shuugou!","ダウンタウンスペシャル　くにおくんの時代劇だよ全員集合！","NTSC-J","Japan","Technos Japan Corp.","Technos Japan Corp.","1993-12-22","2","No","Action | Role-Playing","Not Rated","Assemble everyone! It's time for a story on the go! 2 players can enjoy it together!

Kunio has to go see his master, Bunzo, because he is in some kind of trouble. Kunio's brother, Tsuu, tells him to wait. Right in front of the dojo, Kunio meets Asaji and Okoto. Apparently, Asaji and Okoto are fiances and Kunio appears to be jealous. Kunio enters Bunzo's Dojo. Tora, a local ruffian, has cursed Bunzo! To get rid of the curse, he needs some Kanpou. So begins Kunio's quest!"
"Dr. Brimley","Dr Brimley","NTSC","","","","2018-08-05","1","No","Puzzle","Not Rated","Hah Ah’m Wilford Brimley, and Ah’m now a licensed medical professional. Help Dr. Brimley fight diabeetus by stacking pills on any sugars he can find."
"Dr. Franken","","Region Not Set","","Kemco","Elite Systems Ltd.","1992-12-31","1","No","Platform","","The Game Boy release of the game uses a password-based saving system to save the player's progress. The game consisted of seven floors where various items and parts of Bitsy (Franky's girlfriend) were hidden. Keys and special items were needed to access additional areas to find more body parts and equipment required to resurrect Bitsy."
"Dr. Franken II","Dr. Franken 2","Region Not Set","","Jaleco Ltd.","MovieTime Ltd.","1997-10-31","1","No","Platform","E - Everyone","Franky, must escape the castle in which he is trapped in order to search for pieces of a gold tablet which will help him to stave off debt."
"Dr. Mario","","NTSC","United States of America","Nintendo of America, Inc.","Nintendo R&D1","1990-12-01","2","Yes","Puzzle","E - Everyone","Dr. Mario is a 1990 Game Boy video game developed by Nintendo R&D1 and released by Nintendo of America in the USA on December 1, 1990.

It's Dr. Mario for an intense new challenge! Mario throws multi-shaded vitamin capsules into a bottle that contains an ugly variety of nasty viruses. You can move, shift or spin the capsules as they fall. Arrange them to align with other capsules on top of a virus. If you can get 4 or more of the same shade in a row, POOF! They disappear! Destroy all of the viruses in the bottle and you progress to the next round where things get even more difficult. Dr. Mario, with germs that are fun to catch."
"Dracula Densetsu","ドラキュラ伝説 | Dorakyura Densetsu | Dracula Legend | Castlevania: The Adventure","NTSC-J","Japan","Konami","Konami","1989-10-27","1","No","Action | Platform","E - Everyone","Dracula Densetsu (also known as Castlevania: The Adventure) is a 1989 Game Boy side-scrolling action platformer video game developed and released by Konami in Japan on October 27, 1989."
"Dragon Ball Z: Goku Gekitouden","ドラゴンボールＺ 悟ご空くう激げき闘とう伝 | Dragon Ball Z: Goku's Fierce Battle Story","NTSC-J","Japan","Bandai Co., Ltd.","Bandai Co., Ltd.","1995-08-25","1","No","Role-Playing","Not Rated","Dragon Ball Z: Goku Gekitōden takes place immediately after Goku's battle with Vegeta and ends with Goku's final battle with Frieza (similar to the 1991 video game Dragon Ball Z II: Gekishin Freeza). Most characters from the Namek Saga can be fought during the story mode, including ones such as Zarbon and Frieza's transformed states.

The game features five playable characters, as well as Goku's Super Saiyan transformation. In Goku Gekitōden, moving about and fighting is in real time, unlike its predecessor. The game also features many extras, such as minigames and a tournament mode."
"Dragon Ball Z: Goku Hishouden","ドラゴンボールＺ 悟空飛翔伝","NTSC-J","Japan","Bandai Co., Ltd.","Bandai Co., Ltd.","1994-11-25","1","No","Role-Playing","Not Rated","This game begins with Goku being trained by Kami in his floating palace and ends after the defeat of Vegita. Combat is RPG/Strategy oriented, as the player chooses when to move, charge energy, punch, kick, or do any number of different special attacks, then watches as the events take place. You must take an active part in dodging attacks by pressing appropriate buttons at just the right moments. Fight to save the Earth from Vegita, or just face off against the other Z soldiers in a Tenkaichi Budokai tournament."
"Dragon Battle","","Other","","","","2020-10-16","1","No","Adventure","Not Rated","The world is ruled by powerful dragons. A champion is needed to save the world and defeat the Dragon King!

Choose a player class -- Serf, Knight, Wizard or Ryukyu -- and hone your skills in the Western Kingdom! Unlock new spells, solve riddles, purchase armor, weapons and magic items, and battle increasingly tough dragons."
"Dragon Quest Monsters 2 Iru no Bouken","Dragon Quest Monsters 2 [Iru]","NTSC-J","Japan","Enix Corporation","Enix","1970-01-01","1","No","Role-Playing","Not Rated","No overview is currently available for this title, please feel free to add one."
"Dragon Slayer Gaiden: Nemuri no Oukan","ドラゴンスレイヤー外伝 眠りの王冠","NTSC-J","Japan","Nihon Falcom Corp.","Epoch","1992-03-06","1","No","Role-Playing","Not Rated","A Game Boy spin-off in the Dragon Slayer franchise.

Dragon Slayer Gaiden is a role-playing game developed by Epoch and published by Nihon Falcom for the Game Boy platform. The game was only released in Japan."
"Dragon Slayer I","ドラゴンスレイヤーI","NTSC-J","Japan","Epoch Co., Ltd.","Falcom","1990-08-12","1","No","Role-Playing","Not Rated","Dragon Slayer is an action RPG designed by Yoshio Kiya and developed by Nihon Falcom. It became a success in Japan, and is credited for pioneering the action RPG genre.

Dragon Slayer is regarded as the progenitor of the action RPG genre, and is considered to be the first action-RPG. In contrast to earlier turn-based roguelikes, Dragon Slayer was a dungeon crawl RPG that was entirely real-time, with action-oriented, hack & slash, real-time combat. In some ways, the foundations of Dragon Slayer's action RPG gameplay can already be seen in Yoshio Kiya's previous 1983 game Panorama Toh.

Dragon Slayer featured an in-game map to help with the dungeon-crawling, required item management due to the inventory being limited to one item at a time, and introduced the use of item-based puzzles which later influenced The Legend of Zelda. Dragon Slayer's overhead action-RPG formula was used in many later games, laying the foundations for future action RPG series such as Hydlide, Ys, and The Legend of Zelda."
"Dragon's Lair: The Legend","Dragon's Lair | Dragon's Lair - The Legend","Region Not Set","","","","1991-01-01","1","No","Adventure","E - Everyone","Dragon's Lair: The Legend is a companion version to the NES version. Both were developed by Motivetime and published by CSG Imagesoft. This is a black and white platforming gamed only inspired by the game characters."
"Dragonborne","","Region Not Set","","","","2021-01-01","1","No","Adventure | Role-Playing","Not Rated","Get ready to experience a brand new adventure for Game Boy! Dragonborne is an adventure RPG created using GB Studio, help Kris on his journey to find his missing father, you will encounter various enemies and mini quests along the way, are you tough enough to battle through to each Dragon and defeat them before they wreak havoc on the region of Argon?"
"Dragonheart","","Region Not Set","","Acclaim Entertainment, Inc.","Torus Games","1996-05-01","","No","Action","","Dragonheart is an Action game, developed by Torus Games and published by Acclaim, which was released in 1996."
"DRAGONSLAYER","","NTSC","","","","2025-09-05","1","No","Role-Playing","Not Rated","After years of peace, the king has been killed by a dragon, reigniting an ancient war. Once again, the realm calls for vengeance - for a DRAGONSLAYER!

DRAGONSLAYER is a 1-bit roguelite rpg, built in GB STUDIO for GB COMPO 2025. Embark on a challenging journey to avenge your king and slay a dragon, loot powerful artifacts, and discover secrets. Can you survive long enough to save the realm, or will you fall to one of the many foes you'll face along the way?"
"Dropzone","","Region Not Set","","Mindscape, Inc.","Eurocom Entertainment Software","1992-01-01","","No","Action","E - Everyone","Dropzone is an Action game, developed by Eurocom Entertainment Software and published by Mindscape Inc., which was released in Europe in 1992."
"Duck Hunt GB","","Other","","","","2025-05-30","1","No","Shooter | Sports","Not Rated","A fully adapted port of the NES classic, now on Game Boy Color.

New features include:

    New zones: Discover brand-new areas inspired by other Zapper-based games like Wild Gunman.

    Boss battles: Each zone features an original boss, created exclusively for this version. 

In addition, Duck Hunt GB is fully compatible with the original Game Boy and all of its hardware revisions."
"Dull Ache","","NTSC","","","","2021-01-01","1","No","Adventure","Not Rated","You are a lone skeleton wandering through a dungeon filled with prisoners who have lost their will to live. Escape by any means necessary or die trying."
"Dungeon Crystal","","NTSC","","","","2025-01-01","1","No","Action | Adventure | Puzzle","Not Rated","What is Dungeon Crystal about?

Travel the seas, corrupted by evil crystals. Transform into different spirits and animals to solve puzzles. Find hidden treasures and become stronger to defeat the wild monsters. Save the islands by destroying the beautiful but destructive crystals. And take a break while catching some fish on your own sailing ship."
"Dungeon Land","Dungeonland | ダンジョンランド","NTSC-J","Japan","Enix Corporation","Random House","1992-12-15","1","No","Strategy","Not Rated","Dungeon Land is a strategy game released on the Game Boy.

Dungeon Land is a random dungeon strategy game developed by Random House and released on the Game Boy in Japan."
"DX Bakenou Z","ＤＸ馬券王Ｚ","NTSC-J","Japan","Asmik Ace Entertainment","Graphic Research Co., Ltd.","1992-04-17","1","No","Sports","Not Rated","A horse race betting game exclusive to the Game Boy in Japan."
"Dynablaster","Atomic Punk | Bomber Boy | ボンバーボーイ","PAL","","Hudson Entertainment, Inc.","Hudson Entertainment, Inc.","1991-10-01","2","No","Puzzle","Not Rated","This is the European release of Atomic Punk, a video game released for the Game Boy in 1990 by Hudson Soft and licensed by Nintendo, as part of the Bomberman series. It was the first game of the series to be released on the Game Boy."
"Earthworm Jim","","Region Not Set","","Playmates Interactive Entertainment, Inc.","Eurocom","1995-09-01","1","No","Platform","E10+ - Everyone 10+","Now you can eat dirt on the road. Earthworm Jim™, winner of Die-Hard Game Fan's Game of the Year, Game Player's Ultimate and Electronic Gaming Monthly's Genesis Game of the Year has wormed his way onto the Game Boy. This is the tightest conversion from a 16-bit to a hand-held ever! Now the head swinging, blaze blastin' action is totally mobile. So you can eat dirt everywhere you go!"
"Earthworm Jim 2 Menace 2 the galaxy","","PAL","","Crave Entertainment","David A. Palmer Productions","1999-12-01","1","No","Platform","Not Rated","Earthworm Jim: Menace 2 the Galaxy is a 1999 platform video game developed by David A. Palmer Productions[3] and published by Crave Entertainment for the Game Boy Color. It is the fourth installment in the Earthworm Jim series and is the most recent new game in the series as of 2026. The game received mixed reviews, with critics considering it inferior to the first two games in the series."
"Egbert","","NTSC","","","","2025-03-18","1","No","Action","Not Rated","A fast Arcade Action Game for all the family to play. Egbert works on the production line at 'LEYSPACE'. It was comfortable life until the invasion of the TEBBITES from the planet TOR. Egbert's union has been exterminated and the Tebbies have left their deadly Pets and Items running wild in the workplace. 

As if wasn't enough, the evil invaders have forced Egbert to take care of an Egg - damaging the Egg will have fatal consequences for poor Egbert.

Egbert is now on piecework - can he earn a decent wage? Can he even survive?

WARNING! You may get an ulcer by playing this game.

SEVEN levels of SKILL

1. Novice 2. Average 3. Good 4. Excellent 5. Gentleman 6. Wizard 7. The God!"
"Eijukugo Target 1000","英熟語ターゲット１０００","NTSC-J","Japan","Imagineer Co., Ltd.","C-Lab","1997-03-28","1","No","Strategy | Education | Productivity","Not Rated","Eijukugo Target 1000 is a Miscellaneous game, developed by C-Lab and published by Imagineer, which was released in Japan in 1997."
"Eiken 2-Kyuu Level no Kaiwa Hyuugen 333","","NTSC-J","Japan","Imagine Software","C-Lab","1997-10-27","1","No","Education","Not Rated","No overview is currently available for this title, please feel free to add one."
"Eitango Target 1900","英単語ターゲット１９００","NTSC-J","Japan","Imagineer Co., Ltd.","C-Lab","1996-12-13","1","No","Strategy | Education | Productivity","Not Rated","Eitango Target 1900 is a Miscellaneous game, developed by C-Lab and published by Imagineer, which was released in Japan in 1996."
"El Dueloroso","","Other","","","","1970-01-01","1","No","Action","Not Rated","A western-themed arcade game for the Nintendo Game Boy and Analogue Pocket"
"Elden Ring GB","","Other","","","","2022-01-01","2","No","Action | Adventure | Role-Playing | Unofficial","Not Rated","Elden Ring GB"" is an 8-bit fan-made remake of the Soul-like game of the same name for the Game Boy, a small Zelda-like game created by GB Studio. The remake included three regions (Precipice of Anticipation, Northern Limgrave , Stormveil Castle) and four bosses (Grafted Scion, Tree Sentinel, Margit, Godrick) from the original. Free digital release 2022."
"Elevator Action","","Region Not Set","","Taito Corporation","Taito Corporation","1991-12-31","1","No","Action | Platform","","In the game, the player assumes the role of a spy who infiltrates a building filled with elevators. He must collect secret documents from the building and traverse the 30 floors of the building using an increasingly complex series of elevators. The player is pursued by enemy agents who appear from behind closed doors. These agents must be dealt with via force or evasion. Successful completion of a level involves collecting all the secret documents and traversing the building from top to bottom. In the lower floors of the building, the elevator systems are so complex that some puzzle-solving skills are needed.

The Game Boy includes the ability to acquire different weapons, such as a machine gun that fired more rapidly."
"Elite Soccer","","Region Not Set","","GameTek, Inc.","Denton Designs","1994-08-01","","No","Sports","","Elite Soccer was also released for the Game Boy. Developed by Denton Designs, it was also published in Japan by Coconuts Japan as ""World Cup Striker"", and in Europe as ""Soccer""."
"Embers of Mana","Embers of Mana (v1.0) (Ok Impala!)","Other","","Romhacking","","2026-02-24","1","No","Action | Role-Playing | Family","Not Rated","Embers of Mana is a brand-new Mana adventure for the Game Boy. Embark on a grand journey filled with mystical locales, gripping story scenes, foreboding dungeons, and a sweeping soundtrack. All in the palm of your hand! In 1991, Squaresoft released Seiken Densetsu, the first game in the Mana series, known as Final Fantasy Adventure in the U.S. and Mystic Quest in Europe. Now, in 2026, Ok Impala! presents a faithful homage: a complete ROM hack built using the original game’s engine. Crafted over four years, Embers of Mana captures the spirit of 1991, when small, passionate teams created timeless handheld adventures. It delivers a fresh experience that feels authentic to the era—simple, immersive, and full of wonder. 

Features:-
• A brand-new story
• A completely original soundtrack
• An entirely new world and dungeons
• Custom graphics
• Thoughtful gameplay tweaks
• Super Game Boy compatibility
• And so much more—it’s essentially a brand-new Mana game!"
"Entomophobia - Episode 1","","Other","","","","1970-01-01","1","No","Adventure","Not Rated","The year is 2049.
Earth's population has gotten out of control. Within ten years there will be more people than crops available to sustain them. The world is in crisis. RenGen Corp has set up project Harvest, an outer space experimental facility designed to facilitate a way to grow crops larger and faster.  The mission was a success but during their experiments they also found a way to accelerate the growth of insects."
"Escape 2042 - The Truth Defenders","","Other","","","Orion_","2018-08-18","1","No","Action | Platform","Not Rated","""The game takes place in three different environments (prison, desert, forest) and is interspersed with 2 mini-games, including a reversed “Shoot’em Up” and an original rappelling game!
Avoid the security cameras, collect grenades to get rid of your enemies, exercise your working memory by hacking the computers of the prison to unlock the doors or to disactivate the safety systems.

The game is available in English, French, Spanish and Japanese languages !"""
"EXE - Cogito Ergo Sum",".exe","Other","","","","2022-04-05","1","No","Action | Adventure","Not Rated",""".EXE, Cogito ergo sum"" is a story told through a top-down roleplaying game. You'll be taking control of a little Protogen and your objective is to... is to...

Guess we don't know your objective here. What's going on? Why... are you like this? Where is everyone? Where are you? Who are you?

We do know though that you exist and you're awake."
"Exodus: Journey to the Promised Land","","Region Not Set","","Wisdom Tree, Inc.","Color Dreams","1990-01-01","1","No","Adventure","E - Everyone","Exodus is a video game that was released for the Nintendo Entertainment System by Color Dreams through its Wisdom Tree label in 1990. Like all Wisdom Tree games, Exodus was not officially licensed by Nintendo.

According to the game's instruction manual, the player controls the biblical figure Moses as he leads the Israelites to the promised land, meaning he goes through a labyrinth. Moses has the ability to shoot glowing ""W""s, which signify the word of God, to defeat enemies and remove obstacles. To finish each level, Moses must acquire five question marks as well as a certain amount of manna while avoiding enemies such as magicians and soldiers. After a level is completed, the player must answer five multiple choice Bible-related questions before advancing to the next level. After answering enough questions correctly, the player is rewarded with an extra life."
"Explosive Brick","Explosive Brick 99 | Explosive Brick 94","NTSC-C","China","Sachen","Sachen","1994-12-05","1","No","Puzzle","Not Rated","A game in the style of Breakout."
"Extra Bases","Famista | ファミスタ","NTSC-U","United States of America","Bandai Co., Ltd.","Namco","1991-04-01","2","No","Sports","Not Rated","Extra Bases is a baseball game developed by Namco for the original Game Boy. Extra Bases has a single player and two player mode. In both modes either five or nine innings can be chosen. There are 14 different selectable teams in the ""Bandai League"" and are all represented by just a letter of the alphabet.
 
Extra Bases features a password save system. There are two different stadiums that can be chosen to play in: City or Park.
Popular on Giant Bomb."
"F-1 Race","F1 Race","Region Not Set","","Nintendo","Nintendo R&D1","1991-02-03","4","No","Racing","","F-1 Race (F1レース F1 Rēsu) is a racing video game released in 1984 for the Family Computer in Japan. A version was released in 1990 for the Game Boy in Japan and in 1991 in Europe and North America, which included the Four Player Adapter for four player gameplay."
"F-1 Race [Four Player Adapter Bundle]","F-1 Race | F1 Race","NTSC","","Nintendo","Nintendo R&D1","1991-02-03","4","No","Racing","Not Rated","F1 Race is a racing video game released in 1984 for the Family Computer in Japan. A version was released in 1990 for the Game Boy in Japan and in 1991 in Europe and North America, which included the Four Player Adapter for four-player gameplay."
"F-15 Strike Eagle","","Region Not Set","","MicroProse Software, Inc.","MicroProse Software, Inc.","1993-06-30","1","No","Shooter | Flight Simulator","","The game begins when the player selects Libya (much like Operation El Dorado Canyon), the Persian Gulf, or Vietnam as a mission theater. Play then begins from the cockpit of an F-15 already in flight and armed with a variety of missiles, bombs, drop tanks, flares and chaff. The player flies plane in combat to bomb various targets including a ""primary"" and ""secondary"" target while also engaging in air-to-air combat with enemy fighters. The game ends when either the player's plane is destroyed or when the player returns to base."
"F-Zero: Project","F-Zero - Project (Homebrew) | F-Zero Project (Homebrew)","Other","","","","2020-02-24","1","No","Action | Fighting","Not Rated","This is a fan game for the F-Zero franchise and acts as a retelling of the origins of the Captain Falcon we all know and love.

Before he was Captain Falcon, he was just a rookie cop. Following the arrest of a major crime lord, the city was overrun by the Biker Boy gangsters. With rare, newfound powers of fire, he decides to take back his city. Unleash the Falcon Punch as you fight your way through crime-infested streets and save your city!"
"F1 Pole Position","","Region Not Set","","Ubisoft Entertainment","Natsu System","1992-12-31","1","No","Racing","","The actual names of the drivers are not used due to licensing arrangements. There are sixteen rounds divided in eight levels. Each level has a special rival to beat. The game structure has similarities with F-1 Race (Game Boy), but this time it requires a certain ability to control the Formula One car. Levels become more difficult because the rival becomes increasingly strong."
"Faceball 2000","","Region Not Set","","Bullet-Proof Software, Inc.","Xanth Software F/X","1991-12-01","4","No","Shooter","","An early first person shooter maze game, it is notable for being the only Game Boy game to support 16 simultaneous players. It used a special hardware device and cables created by Champagne."
"Family Jockey","ファミリージョッキー","NTSC-J","Japan","Namco","Use","1991-03-29","2","No","Sports","Not Rated","Family Jockey is a Sports game, developed by Use and published by Namco, which was released in Japan in 1991."
"Family Jockey 2: Meiba no Kettou","ファミリージョッキー２ 名馬の血統","NTSC-J","Japan","Namco","Use","1993-08-27","2","No","Sports","Not Rated","Family Jockey 2: Meiba no Kettou is a Sports game, developed by Use and published by Namco, which was released in Japan in 1993."
"Famista","ファミスタ | Extra Bases","NTSC-J","Japan","Namco","Namco","1990-09-14","2","No","Sports","Not Rated","Published in North America by Bandai as Extra Bases"
"Famista 2","ファミスタ２","NTSC-J","Japan","Namco","Namco","1992-07-30","2","No","Sports","Not Rated","Sequel to Extra Bases/Famista.

Famista 2 is a baseball game developed and published by Namco for the Game Boy platform. The game was only released in Japan."
"Famista 3","ファミスタ3","NTSC-J","Japan","Namco","Namco","1993-10-29","2","No","Sports","Not Rated","More baseball! Yay!

Famista 3 is a Sports game, published by Namco, which was released in Japan in 1993."
"Fanny and the Pack","Fanny & the Pack","NTSC","","","","2024-12-12","1","No","Action | Shooter | Platform","Not Rated","The cascades, 1922. The ways of the old west are all but dead, however Fanny Fennec and her gang, the Pack, still hold onto them. That all might end though as Fanny returns home after a long week on the trail only to find the Pack have been kidnapped, leaving Ferris as the only one to evade capture. Armed with nothing but a derringer, Fanny ventures out to defeat the rival gangs and rescue her own. Based on the hit animated show of the same name."
"Fastest Lap","","Region Not Set","","NTVIC","KID Corp.","1992-02-29","1","No","Racing","","Every detail of F-1 racing comes to the Game Boy with FASTEST LAP. Challenge the clock and try to get the best time on one of 16 different tracks. When you want some competition, take on the world and try to win the championship, or race against a friend for bragging rights. No matter how you race, there is plenty of action to go around in FASTEST LAP."
"Felix the Cat","","Region Not Set","","Hudson Entertainment, Inc.","Hudson Entertainment, Inc.","1993-12-31","1","No","Platform","","The game involves the player controlling Felix the Cat as he sets out to defeat the evil mad Professor who has kidnapped Felix's lovely girlfriend, Kitty. The Game Boy version plays virtually the same as the NES version, but features fewer levels."
"Ferrari Grand Prix Challenge","","Region Not Set","","Acclaim Entertainment, Inc.","System 3 Software Ltd.","1992-12-31","1","No","Racing","","Players practice up to six laps or qualify for every Formula One race of the season using metric units (kilometres per hour instead of miles per hour). It was one of the few 8-bit Formula One video games to adequately represent the Circuit Gilles Villeneuve as having an urban background along with several other urban race tracks represented in the 1990 Formula One season with the exception that Circuit de Catalunya is presented in this version as the round in Spain, alltough Jerez hosted the 1990 Spanish Grand Prix. Tire wear is possible resulting in trips to the pit crew for maintenance and repairs. A radio allows communication with the crew chief; he will advise whether repairs are necessary. The top speed of the vehicle is 335 kilometres per hour and turbo is not used in the game.

Before the first qualifying session can take place, the player must insert his name and his nationality. The name can be up to 10 characters long and the country has to fit into a three-character field. Since the game doesn't verify if the three-letter code matches up to a real nationality, it doesn't matter if the player makes up a nationality for a fictional country."
"FIFA International Soccer","","Region Not Set","","Electronic Arts","EA Sports","1993-07-15","1","No","Sports","","""FIFA International Soccer has it all... experience sheer brilliance"""
"FIFA Soccer 96","FIFA 96","NTSC-U","United States of America","EA Sports","Black Pearl","1995-12-01","1","No","Sports","E - Everyone","Next generation soccer is here! Features include: Silicon Graphics modeled players utilizing MotionDesign animation technology. New moves including 1-2 passing, fast dribble, volleys, dummies, fakes, and nutmegs! Over 3,500 real players with accurate strengths and weaknesses. Transfer real and custom players to create your dream team. 12 international leagues including English, Scottish, Italian, German and French."
"FIFA Soccer 97","Fifa 97 (EU)","Region Not Set","","EA Sports","Black Pearl","1996-11-01","","No","Sports","","FIFA Soccer 97 is a soccer game developed by Tierex Design Studios and published by Black Pearl, released in November 1996."
"FIFA: Road to World Cup 98","","Region Not Set","","THQ","Tiertex Design Studios","1997-12-01","","No","Sports","","FIFA: Road to World Cup 98 is a Sports game, developed by Tiertex Design Studios and published by THQ, which was released in 1997."
"Fighting Simulator: 2-in-1 Flying Warriors","Fighting Simulator 2 in 1","Region Not Set","","Culture Brain Inc.","Culture Brain Inc.","1992-04-01","2","No","Fighting","E - Everyone","AVAILABLE FOR THE 1ST. TIME ON THE GAME BOY! 2 GAMES IN 1, THIS IS ONE OF THE MOST POWERFUL VS TOURNAMENT GAME EVER MADE! I FIGHTING SIMULATOR MODE

There are 7 different contact sport to choose from in this game pack, including Kung-fu, wrestling, and boxing. Choose your favorite sport and play for the World Championship! By using the Game Link feature, you can enjoy a vs tournament with your friends. Fierce fights for the title of the strongest in the world begin now!

11 FLYING WARRIORS ACTION GAME MODE

Besides a fighting simulator mode, there is a scroll action game too. Our superhero Rick, fights against a mysterious enemy, the Dark Dragon, Fight through the numerous formidable enemies and traps and get the legendary treasure back from evil's hand."
"Final Fantasy Adventure","","NTSC-U","United States of America","Squaresoft","Squaresoft","1991-11-01","1","No","Action | Role-Playing","E - Everyone","Final Fantasy Adventure is a 1991 Game Boy video game developed by Square and released by Square Soft Inc. in the USA on November 1, 1991.

In the Empire of Glaive, a gladiator-slave is forced to fight evil monsters controlled by the Dark Lord. But when his best friend is mortally wounded, he learns of a secret pendant which will give him great power. As the hero, you must battle your way out of the Dark Knight's castle and search through a dangerous world for the girl who has the pendant. But you discover she has been captured by the Dark Knight's men. To free her, you must find the legendary sword and fight off the Dark Knight's beasts and overlords through deserts, snowfields, lakes, forests, and caves. Are you ready for the adventure of your life?"
"Final Fantasy Adventure DX","Final Fantasy Adventure DX (korxo) (v1.0)","Other","","","","1991-06-28","1","No","Role-Playing","Not Rated","No overview is currently available for this title, please feel free to add one."
"Final Fantasy Gaiden","聖剣伝説 | Mystic Quest | Seiken Densetsu: Final Fantasy Gaiden | Seiken Densetsu | Final Fantasy Adventure","NTSC-J","Japan","","Square Enix","1991-06-28","1","No","Action | Role-Playing","Not Rated","Known in North America as Final Fantasy Adventure."
"Final Fantasy Legend DX","","Other","","","","2025-08-27","1","No","Role-Playing","Not Rated","Final Fantasy Legend 1 DX. Fully colorized, several bugs in the original game fixed.

The first 'Final Fantasy' title on the Game Boy, Legend allows you to choose from 8 different characters, from the usual human male or female to zombie, wererat, redbull (not the drink), clipper or mutant male or female. No matter which you choose, the goal stays the same: Increase your experience points and abilities by defeating many varied enemies through-out the land.

Much like the FF series of old (and new), you can choose members to join your party and the quest that lies ahead (either warriors, mutants or creatures). Every character has a limit to the amount of moves available during every battle and experience points are gained after each fight, increasing stamina, power, etc."
"Final Fantasy Legend II","","NTSC-U","United States of America","Squaresoft","Squaresoft","1991-11-01","1","No","Role-Playing","T - Teen","Final Fantasy Legend II is a 1991 Game Boy video game developed by Square and released by Square Soft Inc. in the USA on November 1, 1991.

Long ago, the ancient gods possessed a powerful force called The Magi. But they later split it into 77 different pieces and scattered them throughout nine different worlds. You've been given one of those pieces. And now, along with your band of chosen warriors, you journey through each world searching for the rest of the pieces and your long-lost father. You face danger at every turn. But if you make the right decisions, you can conquer each world and recover all the pieces of The Magi. Get ready for a daunting adventure, filled with unexpected surprises and perils."
"Final Fantasy Legend II DX","","Other","","","","2025-08-30","1","No","Role-Playing","Not Rated","Final Fantasy Legend 2 DX The Game Boy classic now in full color!

Final Fantasy Legend II is a 1991 Game Boy video game developed by Square and released by Square Soft Inc. in the USA on November 1, 1991.

Long ago, the ancient gods possessed a powerful force called The Magi. But they later split it into 77 different pieces and scattered them throughout nine different worlds. You've been given one of those pieces. And now, along with your band of chosen warriors, you journey through each world searching for the rest of the pieces and your long-lost father. You face danger at every turn. But if you make the right decisions, you can conquer each world and recover all the pieces of The Magi. Get ready for a daunting adventure, filled with unexpected surprises and perils."
"Final Fantasy Legend III","","NTSC-U","United States of America","Squaresoft","Squaresoft","1993-08-01","1","No","Role-Playing","T - Teen","Final Fantasy Legend III is a 1993 Game Boy video game developed by Square and released by Square Soft Inc. in the USA on August 1, 1993.

Millennia ago, a fierce battle was waged for control of an idyllic world known as Pureland. After much fighting, the brave warriors of Pureland were protectively sealed in their own dimension, away from the rest of the universe. This was done by means of Talon, a powerful space craft capable of traveling through both time and space. Centuries have passed and the would-be master of Pureland have managed to create a rift in the galaxy, sending the Pureland Water Entity to devour all that stands in its path. You must journey through past, present, and future to find the 13 pieces of the now-divided Talon. Only then can you save the universe from total destruction."
"Final Fantasy Legend III DX","","Other","","","","2025-09-03","1","No","Role-Playing","Not Rated","Final Fantasy Legend III DX

Final Fantasy Legend III is a 1993 Game Boy video game developed by Square and released by Square Soft Inc. in the USA on August 1, 1993.

Millennia ago, a fierce battle was waged for control of an idyllic world known as Pureland. After much fighting, the brave warriors of Pureland were protectively sealed in their own dimension, away from the rest of the universe. This was done by means of Talon, a powerful space craft capable of traveling through both time and space. Centuries have passed and the would-be master of Pureland have managed to create a rift in the galaxy, sending the Pureland Water Entity to devour all that stands in its path. You must journey through past, present, and future to find the 13 pieces of the now-divided Talon. Only then can you save the universe from total destruction."
"Final Fantasy XI Adventure","Final Fantasy XI Adventure (World) (Aftermarket) (Unl)","Other","","itch corp","","2019-06-19","1","No","Adventure","Not Rated","The popular MMO Final Fantasy XI, now for the Game Boy! Featuring 30+ areas and 20+ songs rendered in an authentic gameboy fashion!

(NOTE: There is no real combat or leveling, this game is focused on exploration and story missions! Missions with combat mainly involve interacting with monsters to defeat them)"
"Final Reverse","ファイナルリバース","NTSC-J","Japan","Toei Animation","Shouei System","1991-04-12","1","No","Shooter","Not Rated","Final Reverse is an Action game, developed by Shouei and published by Toei Animation, which was released in Japan in 1991."
"Finchy Quest","","Other","United Kingdom of Great Britain and Northern Ireland","","","2024-12-01","1","No","Action | Adventure","Not Rated","A short adventure game based around characters created by RKG Video.

Finchy Quest has been created for the Nintendo Game Boy using GB Studio."
"Finders Keepers","","NTSC","","","","2021-10-13","1","No","Platform","Not Rated","Magic Knight has been sent to the Castle of Spriteland by the King of Ibsisima in order to find a special present for Princess Germintrude. If Magic Knight is successful in his quest, he may have proved himself worthy of joining the famous ""Polygon Table"", a reference to the mythical Round Table from the legends of King Arthur."
"Fire Fighter","","Region Not Set","","Mindscape, Inc.","Teeny Weeny Games, Ltd.","1992-01-01","1","No","Action","","Fire Fighter is an Action game, developed by Teeny Weeny Games and published by Mindscape Inc., which was released in Europe in 1992."
"Fish Dude","","Region Not Set","","SOFEL Co., Ltd.","ANex","1991-12-31","1","No","Action","","Players essentially get to control Fish Dude as he eats as many tiny fish in the ocean to get bigger and stronger. Once he is strong enough, players can successfully defend themselves against larger fish, seagulls that want to grab unsuspecting players out of the water and cats that want to eat players as a tasty snack. A variety of allies (includuing Octo Dude who is an octopus) can help Fish Dude when the problems grow too intense for him to handle alone.

With only three lives to lose until achieving a ""game over"" screen, the game requires cunning and dexterity to master. Levels allow players to scroll of the screen at the extreme ends of the field and come back on the other side of the playing field. There are 18 levels that get more difficult as the other fish get faster and more predators are introduced in an attempt to kill off the players. Each level concludes after 20 fish have been consumed.

Passwords are introduced from the third level onwards"
"Fishin' for Average Caucasian Boyfriends","","NTSC","","","","2024-03-08","1","No","Life Simulation","Not Rated","Go fishin' in this semi-autobiographical Game Boy game about expectations, queerness, and the possibility of dreaming bigger.

Based on a true conversation the artist had with her mom at a seafood restaurant, the game allows players to make the choice to fish–or not... 

What if we refuse to play the game?"
"Fist of the North Star: 10 Big Brawls for the King of the Universe","Hokuto no Ken: Seizetsu Juuban Shoubu","Region Not Set","","Electro-Brain","Shouei System","1990-04-01","1","No","Action","Not Rated","Fist of the North Star is a Game Boy title released in 1990. Developed by Shouei System and published by Electro-Brain in North America, the game is based on the Fist of the North Star license. Its gameplay is focused on one-on-one battles."
"Fix My Heart","","Other","","itch corp","","2021-09-29","1","No","Unofficial","Not Rated","This is a simple and short ""precision plataformer/speedrun"" game for Gameboy"
"Flappy Boy","","Other","","","Hack","2015-12-11","1","No","Unofficial","Not Rated","Small reproduction of Flappy Bird done for the original GB in a couple of days for the 2014 ""Flappy Jam"""
"Flappy Special","フラッピー・スペシャル","NTSC-J","Japan","Victor Entertainment","dB-SOFT","1990-01-01","1","No","Puzzle","Not Rated","The beautiful planet of Blue Star, home-planet to a young boy named Flappy , is invaded by Dark Emperor Ngalo-Ngolo. The proud inhabitants of Blue Star, wanting neither war nor the invasion, self-destruct along with the planet on a path of self-determination. Flappy, however, is boarded onto an escape capsule headed for neighboring Planet Seviras by his father and so survives. From his capsule he sees fragments of the exploded Blue Star rain down incessantly on Planet Seviras."
"Flashin'","","NTSC","","","","2021-05-08","1","No","Platform","M - Mature 17+","It was a nice warm spring day, the light breeze felt good on your exposed skin, and thanks to losing that bet with your college girlfriends, there is a lot of exposed skin! Now armed with only a cheap trench coat hastily bought from a nearby thrift store, you are tasked with one goal: Make it across town in you undressed state and don't get caught!

Hop, skip, and jump your way through 7 amazing levels, from the campus to the beaches, the shopping mall, and more. Flash and streak past as many people as you can as you strive to achieve a perfect score. The Man getting you down? Draining your health? feel free to grab some water or an energy drink at one of the many vending machines scattered about the city, or stop into a Pulsar Burger and grab one of their Double D-lite burgers to really fill you up. No shoes - no shirt - no service need not apply."
"Fleet Commander Vs.","フリートコマンダーＶＳ．","NTSC-J","Japan","ASCII Entertainment Software, Inc.","","1991-08-12","1","No","Strategy","Not Rated","Fleet Commander Vs. is a Strategy game, published by ASCII Entertainment, which was released in Japan in 1991."
"Flipull","","Region Not Set","","Taito Corporation","Taito Corporation","1990-04-01","","No","Puzzle","","Get into one of the gnarliest brain games around! Then use your reflexes and imagination to solve this wacky puzzle before time runs out! If you're fast, you'll get through all 50 levels, each one tougher than the last. But flip the wrong cube, and only your wits can save you!"
"Fly O'Clock","","NTSC","","","","2023-08-18","1","No","Action","Not Rated","Fly O’Clock is tiny, highly-addictive single arcade endless jumper with one-touch mechanics and unique GameBoy graphics.

The faster you play the more you risk and as you know: no risk no fun."
"FLYING ARROWS","Flying Arrows","NTSC","","","","2023-08-07","1","No","Action | Platform","E - Everyone","This is how it all starts. 
The moon approaches the Earth, bringing new changes to all of life. The order imposed by humans has been reversed. Wild animals have developed intelligence: firstly, they disarmed all human weapons, then imposed their order following Mother Nature's pure laws. 
The situation is now unbalanced against humans but you have now discovered the ability to call the five elements when flying your arrows! The wild animals are not the only ones that have been affected by the lunar approach. 
First, you have to get out of the zoo: mother wrote you a note with some suggestions to follow. A plan to set a new balance between humans and the wild around the world.
NOW it's on YOU."
"Flying Arrows 2: The Healer's Journey","","PAL","Italy","","","2025-04-01","1","No","Action | Platform","E - Everyone","This is how it all continues.

""No more zoos!"" the black wolf exclaimed. Everyone knows that the Master of the Beasts has been defeated by the Archer in the legendary Colusseum Battle. Wild animals have been freed from their master by one of their human prisoners. A new balance between wild animals and humans has been finally established.
Even if wild animals were wary of this new civilization, they all decided to work together in peace... or at least to try to. Next to the ExZoo Village there are now a forge, a hospital, a cemetery and a carpenter's shop. Former Veterinary 'Dessa the Healer freed some beasts in the Castle of Fear - right before the Colusseum Battle - and now she helps building the new community. 'Dessa, the mother of the Archer Hero, is resting out of the village, waiting for her son for the daily changing of the guard... when she gets some bad news.
GameBoy players! This is the start of your new adventure!!"
"Flying Dragon Cuff","fighting simulator 2 in 1","NTSC-C","Hong Kong","","","1990-11-28","1","No","Action | Fighting","Not Rated","No overview is currently available for this title, please feel free to add one."
"Foal's Creek","","NTSC","","","?","2023-10-21","1","No","Adventure | Unofficial","M - Mature 17+","People are going missing in Foal‘s Creek, a small settlement deep in the late 1880’s American West. Foal’s Creek may seem like a happy, sleepy town, but there is an evil that lurks below the surface."
"Football International","","Region Not Set","","Tonkin House","Tose Co., Ltd.","1991-01-01","","No","Sports","","Soccer is a Sports game, developed by TOSE and published by Tonkin House, which was released in Europe 1991."
"Foreman For Real","","Region Not Set","","Acclaim Entertainment, Inc.","Software Creations","1995-09-01","","No","Sports","","Foreman For Real is a Sports game, developed by Software Creations and published by Acclaim, which was released in 1995."
"Forest Of Fallen Knights","","Other","","","","2022-07-04","1","No","Adventure","Not Rated","A top down adventure, with a heavy focus on characters, lore, finding secrets and completing quests. 

Journey to the Forest of Fallen Knights, meet it's inhabitants, fight your way through, and discover why the knights have taken refuge in the forest. 

Two endings are available in the game. Will you be able to figure out the secret to obtain the True Ending?"
"Fortified Zone","","Region Not Set","","Jaleco Ltd.","Jaleco Ltd.","1991-09-09","1","No","Action","","Fortified Zone's plot follows two Mercenaries named Masato Kanzaki and Mizuki Makimura as they infiltrate a literal fortified zone, where they must take on mercenaries, soldiers, robots and monsters before destroying the central complex at the fortified zone's heart.

Gameplay:
Fortified Zone was ahead of its time in allowing the player to switch between characters during game play. Each character has their own strengths and weaknesses: Masato (the male mercenary) uses all the special weapons, but cannot jump. Mizuki (the female mercenary) can jump, but cannot use the special weapons. A top-down shoot-'em-up, the game had four multi-room levels, titled 'Field', 'Jungle', 'Caves' and 'Complex'. At the end of each level the player faces a 'boss' character: a cannon installation, a supertank, a dragon, a bulldozer and a large assault vehicle as the final boss. Items that can be picked up in gameplay include medical packs, flamethrowers, hand grenades, rocket launchers, 3-way machine guns and chain guns."
"Fortified Zone 2","Ikari no Yousai 2","NTSC","","Broke Studio","Jaleco Ltd.","2025-06-01","2","Yes","Action","Not Rated","After an endless siege, secret agents MASATO and MIZUKI have succeeded in destroying the enemy fortress. But their adventure isn’t over yet, and they’ve been given a new, even more explosive mission: infiltrate a new secret fortress and put a stop to a frightening project involving a weapon of mass destruction!

This fantastic Game Boy game, released exclusively in Japan in 1992 by Jaleco, is finally available outside of Japan!

Thanks to the joint effort of City Connection, Omaké Games and Broke Studio, an official localized version is now available."
"Frank Thomas: Big Hurt Baseball","","Region Not Set","","Acclaim Entertainment, Inc.","Realtime Associates, Inc.","1995-12-01","1","No","Sports","Not Rated","Frank wanted big league technology to match his two-time MVP award-winning style. He wanted authentic gameplay like pitchers losing arm strength. He wanted CD-quality sound FX including umpire calls, crowd cheering and bat cracking. He wanted 8 pitch selections and 27 stat categories. He wanted 6 modes of play including Season, All-Star Game, Home Run Derby, Playoffs, and Batting Practice. He wanted 28 3D rendered stadiums to crank home runs. He wanted motion captured sprites. And he wanted a ton of camera angles to check out all the action... he got it!"
"Franky, Joe & Dirk... On the Tiles","","Region Not Set","","Elite Systems Ltd.","Audio Visual Magic","1993-01-01","1","No","Puzzle","","The Joe and Mac, Dragon's Lair and Dr. Franken franchises combine in this tile sliding puzzle game. A rather bizarre concept given the source material but does the gameplay stand on its own merits?"
"Frasier Fantasy","","NTSC","United States of America","Unknown","?","2023-10-07","1","No","Role-Playing | Unofficial","Not Rated","Experience the thrilling adventure of living an evening as Dr. Frasier Crane!
FIGHT for your antique silverware! 
SNEAK through the live-in help's bedroom!
ATTEMPT to throw the ultimate dinner party!

Frasier Fantasy is a loving tribute to the show, ""Frasier,"" in turn-based RPG form. Filled with Easter Eggs and callbacks, this is the game for anyone wondering if Eddie ever blinked first."
"Friendly Curse","","NTSC","","","","2023-06-17","1","No","Platform","Not Rated","Friendly Curse is a platformer game with many narrative twists and captivating characters. I had to cut a lot of content for the GameJam Showdown, but I plan to continue updating the game. Be ready for approximately 30 minutes of gameplay with no rush. Share some thoughts, collect sweets, spend quality time cooking, and make new friends!"
"Frisky Tom","フリスキー・トム","NTSC-J","Japan","Nichibutsu","Nichibutsu","1995-07-14","1","No","Action","Not Rated","No overview is currently available for this title, please feel free to add one."
"Frog Detective -1","Frog Detective Minus 1 | Frog Detective Minus 1 (Homebrew)","Other","","","","2024-12-11","1","No","Adventure","Not Rated","If you look up the word Frog, detective, and prequel...well...you'd be reading a book and not playing this unofficial prequel to the Frog Detective games!

So put down that book and pick up the gauntlet that has been thrown down at your feet, to solve a mystery like no other."
"Frogger","","Region Not Set","","Majesco Entertainment","Morning Star Multimedia","1998-08-01","2","No","","","Frogger (フロッガー) is a 1981 arcade game developed by Konami and licensed for North American distribution by Sega-Gremlin. It is regarded as a classic from the golden age of video arcade games, noted for its novel gameplay and theme. The object of the game is to direct frogs to their homes one by one by crossing a busy road and navigating a river full of hazards. The Frogger coin-op is an early example of a game with more than one CPU, as it used two Z80 processors.[4]

By 2005, Frogger in its various home video game incarnations had sold 20 million copies worldwide, including 5 million in the United States.[5]


The game starts with three, five, or seven frogs (lives), depending on the settings used by the operator. The player guides a frog which starts at the bottom of the screen, to his home in one of 5 slots at the top of the screen. The lower half of the screen contains a road with motor vehicles, which in various versions include cars, trucks, buses, dune buggies, bulldozers, vans, taxis, bicyclists, and/or motorcycles, speeding along it horizontally. The upper half of the screen consists of a river with logs, alligators, and turtles, all moving horizontally across the screen. The very top of the screen contains five ""frog homes"" which are the destinations for each frog. Every level is timed; the player must act quickly to finish each level before the time expires.

The only player control is the 4 direction joystick used to navigate the frog; each push in a direction causes the frog to hop once in that direction. On the bottom half of the screen, the player must successfully guide the frog between opposing lanes of trucks, cars, and other vehicles, to avoid becoming roadkill.

The middle of the screen, after the road, contains a median where the player must prepare to navigate the river.

By jumping on swiftly moving logs and the backs of turtles and alligators except the alligator jaws, the player can guide his or her frog safely to one of the empty lily pads. The player must avoid alligators sticking out at one of the five ""frog homes"", snakes, and otters in the river, but may catch bugs or escort a lady frog for bonuses. When all five frogs are directed home, the game progresses to the next level, with increased difficulty. After five levels, the game gets briefly easier yet again gets progressively harder to the next fifth level.

Softline in 1982 stated that ""Frogger has earned the ominous distinction of being 'the arcade game with the most ways to die'"".[6] There are many different ways to lose a life (illustrated by a ""skull and crossbones"" symbol where the frog was), including:

Being hit by or running into a road vehicle
Jumping into the river's water
Running into snakes, otters or into an alligator's jaws in the river
Jumping into a home invaded by an alligator
Staying on top of a diving turtle until it has completely submerged
Riding a log, alligator, or turtle off the side of the screen
Jumping into a home already occupied by a frog
Jumping into the side of a home or the bush
Running out of time
Frogger is available as a standard upright or cocktail cabinet. The controls consist solely of a 4-direction joystick used to guide the frog's jump direction. The number of simultaneous players is one, and the game has a maximum of two players.

The game's opening tune is the first verse of a Japanese children's song called Inu No Omawarisan (The Dog Policeman). The song remained intact in the US release. Other Japanese tunes that are played during gameplay include the themes to the anime Hana no Ko Lunlun and Araiguma Rascal."
"Funny Field","Dexterity | ファニーフィールド","NTSC-J","Japan","SNK","SNK","1990-06-15","1","No","Puzzle","Not Rated","Players move around the tiled maze, avoiding an array of bizarre enemies from crabs to robotic snowmen via amoeba ghosts, flipping tiles from white to dark."
"Fushigi no Dungeon: Fūrai no Shiren GB: 〜Tsukikage-mura no Kaibutsu〜","不思議のダンジョン 風来のシレンＧＢ 月影村の怪物","NTSC-J","Japan","Chunsoft","Chunsoft","1996-11-22","1","No","Role-Playing","Not Rated","No overview is currently available for this title, please feel free to add one."
"Fydo's Magic Tiles","","Other","","","","2022-09-01","1","No","Puzzle","Not Rated","Fydo's Magic Tiles is a match-four action puzzle game for Game Boy and compatible systems! Match at least 4 tiles vertical or horizontal and clear them from the board. Pop magic bubbles with a match right next to them. Match 6 or more to start a combo, and keep matching to get bonus stars! Find and unlock all 17 Star Tiles to complete the game!"
"G-Arms: Operation Gundam","SDコマンドガンダム G-ARMS オペレーションガンダム | SD Command Gundam Series: G-Arms","NTSC-J","Japan","Bandai Co., Ltd.","","1991-05-18","1","No","Action","Not Rated","SD Command Gundam G-ARMS: Operation Gundam (SDコマンドガンダム G-ARMS オペレーションガンダム) is an Action game, published by Bandai, which was released in Japan on May 18, 1991 .

An action shooting game based on ""G-ARMS"", the earliest of the ""SD Command Chronicles"" series of SD Gundam works. It is based on the battle action scene of the Gachapon Warrior series."
"G-Man","","NTSC","","","","2021-11-30","1","No","Action","Not Rated","As a new graduate of the Space Geology College, G MAN is sent on a mission to recover samples from the heart of the Sea of Dreams. Being new to a low gravity environment, he spent a lot of his time experimenting with flying and consequently missed the Moonbus back to the Shuttle, which had set down 900 meters away earlier in the day. Has G MAN realized his predicament too late? He has only 7 minutes to reach the Shuttle before it takes off! But all is not lost - he does have his trusty short-range Jet-pac, and if he uses fuel efficiently as well as picking up more along the way, he could  get there in time... it's all down to your ability now kid..."
"G1 King! 3-Hitsu no Yosouya","","NTSC-J","Japan","Vic Tokai","Graphic Research Co., Ltd.","1993-03-26","1","No","Sports","Not Rated","No overview is currently available for this title, please feel free to add one."
"Galacard","","NTSC","","","","2024-07-30","1","No","Puzzle","Not Rated","Welcome to Planet Ack, human! We'd like to welcome you by teaching you how to play Galacard, our traditional card game. It might sound complicated at first, but it's actually pretty simple:

Each player starts their turn by drawing a Starting Card from their hand. Each card contains a number and a shape, but the other players can only see the latter. Your goal is to draw the highest number in the turn with a card of the same shape. There's also a card in the middle of the playfield called the Power Card. Drawing a card with that shape gives you an advantage even over the most powerful Starting Card, but just like with the latter, the highest one always wins. To clear a round, you must win the exact same amount of times as the goal you chose (0-6). If you're still lost, make sure to check out the Galacard Strategy Guide!"
"Galaga & Galaxian","ギャラガ&ギャラクシアン","NTSC-J","Japan","Namco","Namco","1995-07-14","1","No","Shooter","Not Rated","Galaga & Galaxian (ギャラガ&ギャラクシアン) is a 1995 video game compilation developed and published by Namco. It was released in North America by Nintendo as part of its Arcade Classic series, renaming it Arcade Classic Vol. 3: Galaga and Galaxian. It includes conversions of Galaxian (1979) and Galaga (1981), with both featuring support for the Super Game Boy peripheral for enhanced color and border backgrounds. The included port of Galaga was later re-released for Namco Gallery Vol. 1 and Galaxian in Namco Gallery Vol. 2, both released in 1996."
"Game & Watch Gallery","","NTSC-J","Japan","Nintendo","Nintendo R&D1","1997-02-01","1","No","Action | Puzzle","Not Rated","The Game & Watch Gallery is Nintendo's first portable compilation featuring their popular line of original 1980's handheld games, featuring the popular ""Mr. Game & Watch"" himself, as well as Mario and friends.

The compilation consists of four popular titles from the Game & Watch Series, each with a ""Classic"" and ""Modern"" version of each game:

    Octopus: Collects as much treasure as your bag can hold, while avoiding the octopus tentacles that continually swing around you. In the ""Modern"" version, Mario becomes the diver, and as he collects more treasure, his bag becomes heavier, making it harder to return to the surface. Mario can also delay the octopus tentacles by throwing treasure at them.


    Fire: Position your net to catch the falling people jumping from the burning building. The ""Modern"" version has Mario and Luigi rescuing Toad, Yoshi and Donkey Kong Jr. from Princess Peach's Castle. Each falling character has different weights and falling patterns.


    Manhole: The player must cover the holes to keep the continually walking people from falling through the manholes and into the sewers. In the ""Modern"" version, Yoshi must use his tongue to keep Mario, Toad and Donkey Kong Jr. from falling thought the hole, each character having different speeds and patterns.


    Oil Panic: The player must collect the dripping blobs of oil before they slip past and ruin everything. The ""Modern"" version has Bowser dropping oil blobs at Mario, who has to catch the oil and dump it over to Yoshi before the Koopa King gets the best of Mario.



Each mode (Classic and Modern) has two difficulties: Easy and Hard. The higher score a player gets in each version, new unlockable bonuses will become available via the ""Gallery Corner"". These bonuses include release dates, pictures and animations which tell in greater detail the history behind Gunpei Yokoi's portable creations."
"Game Boy Camera","Pocket Camera","NTSC","United States of America","Nintendo","Creatures, Inc. | 																Jupiter Corporation | 																Nintendo","1998-01-21","1","No","Utility","Not Rated","The Game Boy Camera, released as Pocket Camera in Japan, is a Nintendo accessory for the handheld Game Boy game console. It was released on February 21, 1998, in Japan, and manufacturing ceased in late 2002. As a toy for user-generated content, it can be used to shoot grayscale photographs, edit them or create original drawings, and transfer images between GBC units or to the 64DD art game suite Mario Artist. The accessory featured a 180°-swivel front-facing camera that allowed users to capture selfies. Its images can be printed to thermal paper with the Game Boy Printer. The GBC's cartridge contains minigames based on Nintendo's early games such as the arcade video game Space Fever and the Game & Watch handheld game Ball, and a chiptune music sequencer; photographers have embraced its technological limitations as artistic challenges."
"Game Boy Camera Gallery 2022","","NTSC","","","","2022-04-12","1","No","Life Simulation","Not Rated","Created as a passion project, the Game Boy Camera Gallery is a cute virtual gallery space filled with photos taken on well...the Game Boy Camera! Featuring over 40 photos from more than two dozen photographers, the gallery recontextualizes the Game Boy camera from a quirky peripheral to a unique art medium in its own right while still maintaining the ""funtography"" attitude. Oh, and there are a bunch of secrets."
"Game Boy Camera Gold","","NTSC","Japan","Nintendo","Creatures, Inc. | 																Jupiter Corporation | 																Nintendo","1998-01-21","1","No","Utility","Not Rated","The Game Boy Camera line has was released in five different standard colors of models: blue, green, red, yellow, and clear purple (Japan only). this is a limited edition gold themed for The Legend of Zelda: Ocarina of Time, which contains unique stamps, and was available only in the United States through a mail-order offer from Nintendo Power. It is thought that there are only 2000 in circulation."
"Game Boy Controller Kensa Cartridge","","Region Not Set","","Nintendo","Nintendo","1989-01-01","1","No","Puzzle | Sandbox","Not Rated","The Game Boy Controller Kensa Cartridge (Game Boy Controller Test Cartridge) allowed Nintendo Service Representatives to test the buttons on the Game Boy unit (or an SNES controller, if plugged into a Super Game Boy)."
"Game Boy Dash","","Other","","","","1970-01-01","1","No","Action | Platform","Not Rated","What if Geometry Dash had been created 25 years ago? That's the question I asked myself over a year ago as I started my journey of recreating this game for the Game Boy Color."
"Game Boy Gallery","","PAL-A","United Kingdom of Great Britain and Northern Ireland","Nintendo","Nintendo R&D1 | 																Tose Co., Ltd.","1995-04-27","1","No","Action","E - Everyone","Game Boy Gallery is a Game Boy video game released exclusively in Europe in 1995. The game includes five classic Game & Watch video games with enhanced graphics and sound (if the player wishes, he or she can choose an option that lets them listen to the original sounds of the Game & Watch games). The gameplay has also been slightly altered. The games that were included are Ball, Vermin, Flagman, Manhole, and Mario's Cement Factory (for information on each individual game, check their page). The game was succeeded by Game & Watch Gallery, which included Game & Watch games and remakes with Mario characters."
"Game Boy Gallery 2","Game & Watch Gallery | Game Boy Gallery","PAL","United Kingdom of Great Britain and Northern Ireland","Nintendo","Nintendo","1997-08-28","1","No","Puzzle","E - Everyone","Game & Watch Gallery (known as Game Boy Gallery in Japan, and Game Boy Gallery 2 in Australia and Europe) is the second of five games in the Game Boy Gallery/Game & Watch Gallery series. 

Original and updated versions of four Game & Watch hand held games!

Classic versions will take you back to the '80s and a simpler time in video games. Modern versions feature your favorite characters and will bring you to the present with improved play control and sound effects.

-Enjoy four different games!
Manhole - Don't let pedestrians fall.
Fire - Rescue the jumpers.
Octopus - Retrive the sunken treasure.
Oil Panic - Catch the dripping oil.

-New Interrupt Save feature lets you stop and restart anytime!

-Battery-backed memory saves all your scores!"
"Game Boy Test Cartridge","","NTSC-U","United States of America","Nintendo of America, Inc.","Nintendo of America","1990-01-01","1","No","Utility","Not Rated","Test Cartridge"
"Game Boy Wars","ゲームボーイウォーズ","NTSC-J","Japan","Nintendo","Intelligent Systems Co., Ltd.","1991-05-21","2","No","Strategy","Not Rated","Game Boy Wars (ゲームボーイウォーズ Gēmu Bōi Wōzu?) is a turn-based war simulator produced by Nintendo and Intelligent Systems that was released for the Game Boy in Japan only in 1991. It is a portable follow-up to the 1988 Family Computer war simulator Famicom Wars, making it the second game in Nintendo's Wars series. A series of sequels to the original Game Boy Wars were produced by Hudson Soft."
"Game Boy Wars Turbo","ゲームボーイウォーズターボ","NTSC-J","Japan","Hudson Entertainment, Inc.","Hudson Entertainment, Inc.","1997-06-27","1","No","Strategy","Not Rated","Game Boy Wars Turbo is an enhanced version of the original Game Boy Wars that was released on June 24, 1997. The main new feature in Game Boy Wars Turbo is that the CPU now has a better decision-making algorithm during its turns, allowing battles to proceed swifter than in the original. Turbo also features 50 new maps, as well as Super Game Boy support.

An alternate version of Game Boy Wars Turbo was released as a promotional giveaway by Weekly Famitsu featuring a set of maps submitted by readers of the magazine."
"Game de Hakken!! Tamagotchi","Tamagotchi","NTSC-J","Japan","Bandai Co., Ltd.","Tom Create","1997-07-27","1","No","Life Simulation","Not Rated","Tamagotchi is the name of a Game Boy game released in October 1997, also known as Game de Hakken!! Tamagotchi in Japan. It is very much like the original Tamagotchi, but with additional features such as music, contests, and more games.

Upon starting the game, players will select an egg of the 8 there are, which will hatch after a short period of time. After the baby hatches from the egg, the player can choose a name for it. Up to three characters can be raised at one time."
"Game de Hakken!! Tamagotchi 2","ゲームで発見！！たまごっち2","NTSC-J","Japan","Bandai Co., Ltd.","Tom Create","1997-10-17","2","No","Life Simulation","E - Everyone","No overview is currently available for this title, please feel free to add one."
"Game de Hakken!! Tamagotchi: Osutchi to Mesutchi","Tamagotchi | ゲームで発見!たまごっち オスっちとメスっち","NTSC-J","Japan","Tom Create Co., Ltd.","Bandai Namco Entertainment","1998-01-15","1","No","Life Simulation","E - Everyone","Game de Hakken!! Tamagotchi Osucchi to Mesucchi (ゲームで発見!たまごっち オスっちとメスっち) is a Game Boy Color game based on Mesutchi and Osutchi. The game was released on January 15, 1998 only in Japan by the Japanese game development company Tom Create and Bandai."
"Game of Life Kuzushi","Game of Life Kuzushi Jam","Other","","","","2025-08-10","1","No","Action | Puzzle","Not Rated","Game of Life Kuzushi is a homebrew game for Game Boy, that mixes Conway's Game of Life, with a block breaker game.

Unlike in regular block breaker games, here cells evolve periodically, following Conway's Game of Life rules:

Any live cell with two or three live neighbors lives on to the next generation.
Any live cell with fewer than two or more than three live neighbors dies.
Any dead cell with exactly three live neighbors becomes a live cell."
"GameBoy WORDLE","","Other","","","","2022-02-06","1","No","Puzzle","Not Rated","No overview is currently available for this title, please feel free to add one."
"Gamera: Daikaijuu Kuuchuu Kessen","Gamera: Guardian of the Universe | ガメラ 大怪獣空中決戦","NTSC-J","Japan","Angel","KID Corp.","1995-03-03","2","No","Action | Strategy | Fighting","Not Rated","Gamera: Guardian of the Universe (Gamera: Daikaijuu Kutyu Kessen) is a Gamera game for the original Gameboy. It was released to coincide with the movie of the same title, in 1995.

The game is essentially a turn-based battler, in a similar vein to the Pokemon games for the same console. Its battle system is similar to that of an RPG game, but other than that, the similarities end there.

Most of the attacks rely on Button Combos, but the game provides a list of combos for the more inexperienced player.

Gamera's enemies are Gyaos, Guiron and Viras. Eventually, the game's final battle pits Gamera against a clone of himself.

The game's language is in Japanese, but an English fan translation does exist."
"Gamera: The Guardian of the Universe (English Translation ROM)","","NTSC","United States of America","Angel","KID Corp.","2022-01-31","2","No","Action | Role-Playing | Strategy | Fighting","Not Rated","This is a complete English translation patch for the GB game Gamera - Guardian of the Universe.

This is a pretty interesting game. It plays like a cross between a Vs. Fighter and a turn-based RPG. As is the norm for any fighting game, battles are 1-on-1 and are determined on a best two-out-of-three basis. Pretty much it works like this: you hit a combination of buttons, and then watch Gamera perform whatever move you just did. It’s kinda neet-o."
"Ganbare Goemon: Sarawareta Ebisumaru!","がんばれゴエモン さらわれたエビス丸","NTSC-J","Japan","Konami","Konami Computer Entertainment Japan","1991-12-25","1","No","Action","Not Rated","Go For It, Goemon: Ebisumaru Has Been Kidnapped is the first Goemon game for the Game Boy.  It's in the style of the Famicom action games, played from an overhead view."
"Ganso!! Yanchamaru","元祖!! ヤンチャ丸","NTSC-J","Japan","Irem Corp.","IREM","1991-07-11","1","No","Action","Not Rated","This portable sequel is a unique game and not a port of one of the existing Kid Niki/Yanchamaru titles"
"Garfield Labyrinth","The Real Ghostbusters | Mickey Mouse IV: Mah? no Labyrinth","PAL","United Kingdom of Great Britain and Northern Ireland","Kemco","Kemco","1992-01-01","1","No","Puzzle | Platform","Not Rated","Garfield Labyrinth is a European exclusive video game released for the Nintendo Game Boy in the 1990s.

Alternate versions of this game were available in North America (as The Real Ghostbusters) and Japan (as Mickey Mouse IV: Mah? no Labyrinth)."
"Gargoyle's Quest","","NTSC-U","United States of America","Capcom USA, Inc.","Capcom","1990-07-01","1","No","Action | Adventure","E - Everyone","Gargoyle's Quest is a 1990 Game Boy video game developed by Capcom and released by Capcom USA in the USA on July 1, 1990.

The game consists of two gameplay styles. One half has the player traverse an overhead view, either on the world map or in towns. This is broken up by the other type of content: individual, action-platforming levels that sometimes feature a boss at the end. While traversing in the sections with an overhead view, the player is able to talk with residential ghouls and, if outside a town, is susceptible to random battle encounters. The player then must defeat the enemies in order to return to the overhead-view map. While on the overhead map, the player occasionally comes across ghouls who want to fight Firebrand for various reasons.

Firebrand can walk, jump (progressively higher with time), cling to walls using his claws, hover for a period (progressively longer with time), and fire offensive projectiles. The player starts with a weak projectile, but progressively gains new projectiles which grant more power and special abilities. Firebrand starts with two hit points, but gains more throughout the game based on items or blessings obtained; various enemies and objects drain different amounts of his health, represented by the hit points.

Throughout the game, the player gains various items including passive ones that increase Firebrand's abilities outright. Eventually, Firebrand acquires an item that allows the player to hover without ever needing to rest on the ground. A healing vial can be used to restore health. Additionally, the offensive projectiles that are learned over time each have unique traits or specialized uses. The Blockbuster, for example, is more powerful than its predecessor and can destroy special walls blocking the player's path. Another projectile temporarily covers sharp vertical surfaces allowing Firebrand to reach higher locations. These abilities guarantee a use for such projectiles even after more powerful projectiles are obtained, and provide a depth of valid options for attacking foes. Projectiles can be selected from a drop-down, pause menu at any time, same as healing vials."
"Gargoyle's Quest II: The Demon Darkness","Gargoyle's Quest II - The Demon Darkness | Gargoyle's Quest II - The Demon Darkness (Japan) (En) (v1.0) (bailli)","Other","","","","1970-01-01","1","No","Action","Not Rated","No overview is currently available for this title, please feel free to add one."
"Gauntlet II","","Region Not Set","","Mindscape, Inc.","Atari","1992-12-31","4","Yes","Action | Adventure","","The gameplay is very similar to the original Gauntlet, a topdown dungeon crawl supporting up to four players. The biggest difference from the original game is that players can choose identical classes, instead of being limited to a particular one for each joystick.

The Game Boy version was praised by the German Play Time magazine for its technical implementation (including 8-directional scrolling), faithful recreation of graphics, and for evoking nostalgic feelings with similar sound effects, however this version was criticized for difficult-to-recognize sprites and its technically weak theme music.["
"GB Corp.","","Other","","itch corp","","2021-10-01","1","No","Unofficial","Not Rated","GB Corp. is an incremental / idle game for the Game Boy, that rewards you for playing it on several console models. The core gameplay is quite simple. You hire consoles from the Game Boy line (Original GB, GB Pocket, GB Color and Super Game Boy), and they work for your ""push-button"" company. When you have earned enough money, you can hire more employees, and upgrade the ones you have so they bring back more income. Also, you must be careful of their power levels: change the batteries of your employees when they are empty! While the concept is quite simple, this game also has a unique feature: the consoles you hire are effectively working only when you run the game on the same console model! So, to put your GBC employees to work, you need to play the game on an actual Game Boy Color (or set your emulator to ""GBC mode""). If you want to make your GBP employees active instead, you'll have to unplug the cartridge and put it into a Game Boy Pocket from your collection (or change your emulator settings). The game uses a SRAM save, so the game progress is kept while switching consoles. This ""console change"" is a real gameplay mechanic and not a simple gimmick. When you only have a handful of employees, changing batteries isn't a burden. But when you employ dozens of them, it costs loads of money. However, when you switch from one console model to another (say, you switch the cart from a GBC to an original GB), all the active employees get a new set of batteries for free!"
"GB Dash","GB Dash (World) (v1.0) (Aftermarket) (Unl)","Other","","","","2026-02-15","1","No","Puzzle | Platform","Not Rated","Jump and fly your way through danger along the rhythm in this game featuring four original levels of increasing difficulty. Master all four gamemodes to unlock new colors for your icons!"
"GB Genjin","GB原人 | Bonk's Adventure","NTSC-J","Japan","Hudson Entertainment, Inc.","Red Entertainment","1992-01-01","1","No","Action | Adventure","Not Rated","Bonk's Adventure is a scrolling platform game developed by Red Company and Atlus and released in 1989 in Japan and 1990 in North America for the TurboGrafx-16. In Japan it was titled PC Genjin (PC原人), a play on the Japanese name for the system, PC Engine. The first game in the Bonk series, it was followed by two more games for the TurboGrafx-16 before branching out to other platforms.

Bonk's Adventure was ported to the NES and Amiga, as well as being released as a coin-operated arcade game, under different titles (FC Genjin and BC Genjin). A completely different game with the same name appeared on the Game Boy (under the title GB Genjin in Japan)."
"GB Genjin Land: Viva! Chikkun Oukoku","GB原人ランド ビバ!チックン王国","NTSC-J","Japan","Hudson Entertainment, Inc.","A.I Co., Ltd.","1994-04-22","1","No","Action","Not Rated","GB Genjin Land: Viva! Chikkun Kingdom (GB原人ランド ビバ!チックン王国, GB Genjin Land: Viva! Chikkun Ōkoku lit. GB Primitive Man Land: Viva! Chicken Kingdom) is an action video game that was released by Hudson Soft for Game Boy on April 22, 1994 exclusively in Japan. It is a unique entry in Bonk series as it consists of multiple mini-games rather than being a standard side-scrolling platformer."
"GB Lunar Lander","GB Lunar Lander (World) (GB Showdown 2023) (Aftermarket) (GB Studio)","Other","","","","1970-01-01","1","No","Action","Not Rated","The ultimate lunar landing adventure designed exclusively for the iconic Game Boy! Defy gravity, navigate treacherous terrain, and prove your piloting skills in space.

Embark on a nostalgic journey as an intrepid astronaut tasked with safely landing spacecraft on the rugged lunar surface. With retro '1-bit' aesthetics and addictive gameplay, GB Lunar Lander merges classic charm with modern mechanics for an unforgettable lunar odyssey.

Guide your spacecraft through obstacles, counteract lunar gravity, and touch down on designated landing zones. But beware of escalating challenges like asteroids and treacherous caverns!

Inspired by ""Lunar Lander 1979"" and ""Lunar Lander"" for the gameboy(it was only released in Japan!)"
"GB Pachi-Slot Hisshouhou! Jr","","NTSC-J","","Sammy Corporation","","1994-01-01","1","No","Board","Not Rated","No overview is currently available for this title, please feel free to add one."
"GB Pachio-kun","Pachio-kun","NTSC-J","Japan","Coconuts Japan Entertainment Co., Ltd.","Coconuts Japan Entertainment Co., Ltd.","1993-11-19","1","No","Adventure | Board","E - Everyone","Pachio-kun heads to the Game Boy for an adventure in pachinkoing."
"Gear Works","","Region Not Set","","Sony Imagesoft","Teque Software Development","1993-10-01","","No","Action","","Gear Works is an Action game, developed by Teque Interactive and published by Sony Imagesoft, which was released in 1993."
"GeeBeeパーツコレクション","GeeBee Parts Collection","Other","Japan","","","2022-11-06","1","No","Action","Not Rated","A collection of mini-games, CG and music. This is a retro derivative game created by GB Studio. Please play it for personal enjoyment.

A museum that displays the memories that everyone holds in their hearts. This time, we will introduce the ""GeeBee"" museum from among the many museums out there.

This museum is filled with exhibits centering on retro games. It seems that a slight change has occurred through interaction with various people.

Why not take this opportunity to see it?"
"GeeBeeパーツコレクション GOLD","GeeBee Parts Collection Gold","Other","Japan","","","2023-01-01","1","No","Action","Not Rated","A collection of mini-games, CG, and music. This is a retro derivative game remade using GB Studio 3.1 from a previously created and released game.
Please play it for personal enjoyment.

A museum that displays the memories that everyone holds in their hearts. This time, we will introduce the ""GeeBee"" museum from among the many museums out there. The GeeBee Dream World Museum is filled with exhibits centered around retro games. It is divided into four main stages:

The main ""museum"" stage.

The ""King of Demons"" stage is located at the back of the museum.

A ""virtual world"" stage (wired) that can be accessed from the museum's search PC.

A stage (palace) that can be connected to from the virtual world, where ""distorted desires are embodied.""

These four stages are sprinkled with bits of retro games... no, games from all eras.

Why not take this opportunity to check it out? Can you find all the pieces?"
"Gekitou Power Modeler","激闘パワーモデラー","NTSC-J","Japan","Capcom","Japan System Supply","1998-11-27","1","No","Action | Fighting","Not Rated","School is over for you and your friend Louis. Summer vacation has begun, and Louis hears about an upcoming tournament involving modelers and is excited about his chances. He is dismayed, however, when he remembers that your allowance cannot cover the cost of a model. He has been saving for quite some time and only has enough for one part. Your Mother has a surprise for you however. You won the grand prize in the model contest that you entered! The grand prize is one model of your choosing. Filled with confidence from your new model, you decide to enter the tournament."
"Gekokujo","Gekokujo Jam","Other","","","","2025-08-30","1","No","Strategy","Not Rated","This is a Risk-like strategy game, that uses cards instead of dice. Set in the Sengoku period of Japan. You play as the Oda against 6 other clans and rebels. Features a massive campaign map of 61 regions, campaign and battle AI and a 82 card deck."
"Gelatinous: Humanity Lost","","Other","","","","1970-01-01","1","No","Adventure","Not Rated","Deep in the Amazon, a lone treasure hunter in search of Ultimate Power gets more than he bargains for when he's turned to goo and falls deep into the bowels of an ancient temple.

As the gooey treasure hunter, you start with nothing. No powers. No weapons. Not even the ability to jump.  Only by exploring the temple can you begin to understand and unleash the powers of the slime.

Keep playing to unlock new powers, own your enemies, and hopefully uncover the secret to regaining your humanity."
"Gem Gem","","NTSC-J","Japan","Vic Tokai","Graphic Research Co., Ltd.","1991-03-29","1","No","Puzzle","Not Rated","No overview is currently available for this title, please feel free to add one."
"Genesis","","NTSC","","","","2021-09-24","1","No","Action | Shooter","Not Rated","The year is 2120, Earth has been attacked by an evil AI - GENESIS. One single fighter has broken through the ferocious siege, fight your way through hordes of enemies to reach the main processor of Genesis and destroy it.
The future of mankind depends on you...

Test your agility to dodge enemy fire and collect shield energy and power-ups from enemy remains. Make your way through 4 action packed levels and beat each boss to reach the main processor.

Can you overcome the evil invasion of Genesis?"
"Genesis 2","","NTSC","","","","2023-01-01","1","No","Action | Shooter","Not Rated","Fight your way through five exciting levels and defeat the boss at the end of each level to face the AI GENESIS in your final battle."
"Genjin Collection","原人コレクション | Genjin Korekushon","NTSC-J","Japan","Hudson Soft Company, Ltd.","Red Company","1996-11-22","1","No","Platform","E - Everyone","Genjin Collection (原人コレクション, Genjin Korekushon) is a compilation video game released for the Game Boy. It was only released in Japan and features 3 Game Boy Bonk games in 1 pack."
"Genjin Kotts","原人コッツ","NTSC-J","Japan","B-AI","KID Corp.","1995-03-24","1","No","Action","Not Rated","Genjin Kotts is an Action game, developed by Kid and published by B-AI, which was released in Japan in 1995."
"Genki Bakuhatsu Ganbaruger","","NTSC-J","Japan","Tomy","Sun L","1992-11-27","1","No","Action","Not Rated","No overview is currently available for this title, please feel free to add one."
"George Foreman's KO Boxing","","Region Not Set","","Acclaim Entertainment, Inc.","Beam Software","1992-09-01","","No","Sports","","You're ""Big George"" Foreman and you've got an appetite for BIG action that only KO BOXING can satisfy. Take on a roster of 15 heavyweight contenders as you go for the World Championship. Rook your opponents with stinging left-right combos! Pound your way to the title with a spectacular ""Big George"" Super Punch - while the computer ""judge"" tracks the action! GEORGE FOREMAN'S KO BOXING puts the power of the greatest knockout artist in your hands!"
"Ghost of the Arcade","","Other","","","","2023-01-01","1","No","Action | Adventure | Life Simulation","Not Rated","Play many arcade games as you haunt an arcade.

    5 different monster-related arcade games
    A story full of dark humor and gaming references
    32 collectible figures to get from a gacha machine
    Arcade Mode: Just play the arcade games without the story"
"Ghost Town","","NTSC","","","","2021-10-10","1","No","Adventure","Not Rated","Once a prosperous place to live, your town has been turned into a Ghost Town by the evil wizard Belegro with a spell. After he cast the spell, he took all the treasure and hid them in one room. Your quest is to search the town in this top view flick-screen arcade adventure using the items found and using them on other screens. There are secret items and many obstacles and dangers and if any are touched, then this loses your life and the game has to be started again."
"Ghostbusters II","","Region Not Set","","Activision","Kemco","1990-04-02","1","No","Action","E - Everyone","In the game, the player is presented with four Ghostbusters to choose from: Peter, Ray, Egon, or Winston. The NES version features their accountant, Louis, as a fifth playable character. This, along with the North American version of Ghostbusters II, were the only titles ever released that allowed players to play as Winston. While the action can be performed by oneself in the NES version, a secondary player may join the game with the ability to press B on a second controller to release a ghost-catching trap. The objective of the game is to trap all the ghosts in an area until an arrow appears which alerts the player where to travel to next. A boss appears at the end of each stage."
"Glory Hunters","Glory Hunters - Chapter 1 (World) (v0.2) (Demo) (Aftermarket) (Unl)","Other","","Self-Published","","2024-06-08","1","No","Action | Role-Playing","Not Rated","Welcome to Glorianta!  A land where everybody seeks glory!

The adventure begins at the center of the map, and players must travel to one of the four corners of the world to seek the aid of a god who can prevent a meteorite from devastating the land. The choice of which god to seek is entirely up to the player. Reaching a god typically takes about 5 hours—ideal for anyone who doesn’t want to commit to a lengthy game but still desires a fulfilling experience. However, for those seeking a greater challenge, it is possible to meet all four gods in a single run, unlocking a fifth god and extending gameplay to over 20 hours, catering to hardcore gamers."
"Go Go Ackman","ゴーゴーアックマン","NTSC-J","Japan","Banpresto Co., Ltd.","Banpresto Co., Ltd.","1995-08-25","1","No","Action","Not Rated","Go Go Ackman is a maze game like Pac-Man, based on the manga of the same name."
"Go! Go! Hitchhike","Go! Go! ヒッチハイク","NTSC-J","Japan","J-Wing","","1998-07-10","4","No","Board","Not Rated","A board game where players hitchhike around the world."
"Go! Go! Tank","ゴー！ゴー！タンク","NTSC-U","United States of America","Electro-Brain","Copya System Ltd.","1991-05-01","1","No","Action","Not Rated","A peaceful nation has been invaded by an enemy army. It's up to you to conquer the army and save your nation!"
"Goal!","","Region Not Set","","Jaleco Ltd.","Tose Co., Ltd.","1993-08-01","","No","Sports","","The clock ticks down. The roar of the crowd rises in a deafening chant of ""U-S-A! U-S-A!"" Suddenly, your winger breaks free, and spots the open man in the middle. Pass... shot... GOAL! It's America's favorite new sport, soon to become your favorite new home video game, thanks to Jaleco! Because GOAL! brings soccer to life like you've never seen it. You play with a full team of 11 players, each one rated in 7 different skill categories. You can match them against a team controlled by the computer or another player. You can even team up with a friend and match your combined skills against the best computer team. So if you want soccer at its best, tune in to the undisputed champion of home soccer software: GOAL!"
"God Medicine: Fantasy Sekai no Tanjou","ゴッドメディスン ファンタジー世界の誕生","NTSC-J","Japan","Konami","Konami Computer Entertainment Nagoya","1993-07-20","1","No","Role-Playing","Not Rated","God Medicine: Fantasy Sekai no Tanjou is a fantasy RPG for Game Boy.

Overview
The story in God Medicine is heavily metatextual. It concerns a video game company called Phantom, which is hard at work on its newest Role Playing Game venture. Suddenly, the entire company is destroyed. Three hardcore RPG fanatics embark on a quest to discover what happened to Phantom, and find that a demon from their game's world is responsible.

Release History
God Medicine: Fantasy Sekai no Tanjou was released only in Japan, on July 20, 1993. An enhanced version called God Medicine Hukkokuban was released in 1999 via Nintendo's ""Nintendo Power"" downloadable game service. It included, among other things, a bestiary and support for the Super Game Boy."
"Godzilla","","NTSC","United States of America","Toho Company Ltd.","Compile","1990-10-13","1","No","Puzzle","E - Everyone","The game is a 2D side-scrolling video game where Godzilla can only walk around or climb ladders, vines or crystals. A prominent part of the game is his punch, the only attack he has, which is used to punch and destroy boulders, and to kill or push enemies. The main point of each room is to destroy all of the boulders, by pushing them against a wall and hitting it again. Once all of the boulders are gone, one or two arrow panels will appear somewhere in the room. Touching one will take Godzilla to the room in a large map corresponding to its direction. As levels are completed, the direction is revealed on the map for further use.

There are two power-ups; the hourglass and the lightning bolt. The hourglass stops all enemy movement for a short period of time. The lightning bolt kills all enemies on-screen except for Ghidrah."
"Godzilla-Kun Kaijuu Daikessen","ゴジラくん 怪獣大行進 | Godzilla-Kun","NTSC-J","Japan","Toho Company Ltd.","Compile","1990-12-18","2","No","Puzzle","Not Rated","Godzilla (ゴジラくん 怪獣大行進 Gojira-kun: Kaijū Daikōshin, lit. ""Godzilla-kun: Great Monster March"") is a 1990 video game developed by Compile and published by Toho for the Nintendo Game Boy. It is a puzzle game in which the player controls Godzilla as he moves through a maze while fighting and avoiding various other monsters from the franchise. The North American and European version of the game is essentially a port of the 1985 MSX game Godzilla-kun, while the Japanese version incorporates characters and other elements from the then-ongoing serialized manga SD Godzilla World: Godzilla-kun and features slightly altered gameplay and character designs.

Various monsters have captured Godzilla-kun's girlfriend, Bijira, and it is up to him to rescue her by traveling through a maze with the help of his family members."
"Golf","","Region Not Set","","Nintendo","Nintendo","1990-02-01","2","No","Sports","E - Everyone","Nintendo GOLF lets you choose your clubs, change your stance, control your swings - even select the angle of impact! You'll view the hole from both close up and far away, judge the changing conditions of the green, and measure the wind velocity. But watch out! When the wind changes, so does the flight of your ball. With Nintendo's state-of-the-art graphics and realistic game play, you'll really believe you're on the fairways. So play Nintendo GOLF, because there's not a video golf game on par with it anywhere!"
"GOOD LUCK MR. BATTO","","Other","","","","1970-01-01","1","No","Action","Not Rated","Play as Mr. Batto as you save the small planet of Nimbus from an upcoming disaster! Meet the inhabitants and work together in this old-school adventure to save the day!"
"Goose-A-Gotchi","Goose A Gotchi | Gooseagotchi","Other","","itch corp","","2023-05-20","1","No","Life Simulation","Not Rated","Why did gramps send me this goose? Why is it so angry? Maybe we can become friends?"
"Gorf Saves Halloween","","Other","","","","1970-01-01","1","No","Adventure","Not Rated","You are Gorf the Ghost. It's Halloween but everyone is too scared to trick or treat because of an evil skeleton in the graveyard. Explore the town, help your friends, and save Halloween!"
"Gorf the Ghost Saves Halloween","","Other","","","","2021-10-22","1","No","Adventure | Horror | Unofficial","Not Rated","You are Gorf the Ghost. It's Halloween but everyone is too scared to trick or treat because of an evil skeleton in the graveyard. Explore the town, help your friends, and save Halloween!"
"Gradius: The Interstellar Assault","","NTSC-U","United States of America","Konami","Konami","1992-01-10","1","No","Action | Shooter","E - Everyone","Gradius: The Interstellar Assault is a 1992 Game Boy video game developed by Konami and released by Konami Inc. in the USA on January 10, 1992.

YOU'RE CORDIALLY INVITED TO THE GALAXY'S HOTTEST COOKOUT!

Smell the challenge, as the flames of destruction scorch your courage and ignite your fears. Just when you thought life was cool, the Bacterion Beast Squadron launches a massive counterattack that makes all other intergalactic battles seen like picnics. These plutonian chow hounds are starving for a victory. And if you're not careful, they'll char your hide, then serve you up like a stuffed Sarubian Space Pig!

-Two megs memory intensifies five unbelievable new levels of deep space devastation.
-Plot the galaxy's most feared fighter, and out-blast hundreds of psychotic space freaks who'll roast your tail with weapons unlike any you've ever encountered.
-Unique duel scrolling battlefield speeds up the action and adds 3D effects to the carnage.
-Select from three different pre-attack modes: Intruder Missiles, Laser Warfare and Double Guns 'A Blazing.
-Capture Power-Up Spheres and increase your firepower with Ripple Blasts, Multiple Warheads, Ghost Fighters and Force Fields.
-Sharpen your tactics in ""Practice Galaxy"" where you can increase your odds of survival... slightly!"
"Grander Musashi RV","グランダー武蔵RV","NTSC-J","Japan","Bandai Co., Ltd.","Tose","1998-07-24","1","No","Sports","Not Rated","A simple and full-scale fishing game where you can experience the fun of bass fishing. The purpose of ""Tournament Mode"" is to compete with rivals for fishing results and become a tournament leader. The news (newspaper) screen will be displayed for one tournament, and you can feel the results of your efforts, such as checking your ranking and displaying one side if you win. The lure can enjoy realistic bass fishing depending on the target location. In addition, lures that appear in software are also used in the play, and those that are actually commercialized have appeared."
"Great Greed","Bitamīna Oukoku Monogatari | Vitamina Kingdom Story","NTSC","United States of America","Namco","Namco","1993-04-01","1","No","Role-Playing","Not Rated","Sam, a resident of the ""real world,"" is transported to the fictional world of Greene in order to prevent Biohazard Harry (simply referred to as ""Bio-Haz"" in the game) from continuing to pollute Greene, a world of seven nations. Sam finds himself stuck in Greene because Microwave, who brought him there in the first place, lost her power in the previous battle. Sam's adventures range from collecting debut records to helping to expose a corrupt politician."
"Gremlins 2: The New Batch","","NTSC-U","United States of America","Sun Corporation of America","Sunsoft","1991-01-09","1","No","Platform","E - Everyone","Gizmo is trapped inside Clamp Centre by the evil Gremlins. Your mission? Help him battle his way to the control center and rid the city forever of the Gremlin menace! It's not going to be easy. You'll have to use cunning and wits to survive with only the weapons you find inside Clamp Centre... matches, a flashlight, tomatoes, and a homemade bow and arrow. But, if you're lucky, the door to Mr. Wing's Magic Shop may mystically appear... and let you buy some very special - and powerful - items to help you. This game has all the traps, mazes, and lightning quick moves to push your skill to the limits. And it has graphics that seem to come alive on the screen. Gremlins. Stopping them is not going to be easy. Don't say we didn't warn you!"
"grimaces birthday","","Other","","","","1970-01-01","1","No","Adventure","Not Rated","No overview is currently available for this title, please feel free to add one."
"Grimlore","","Other","","","","1970-01-01","1","No","Adventure","Not Rated","Figure out who is worthy for a sacrifice during your tricks and treats!

The game randomly generates who is the criminal on every replay.  (new game)"
"Gun Law","","NTSC","","","","2021-12-03","1","No","Action","Not Rated","Four months of bloody alien attacks have taken their toll - all the surviving inhabitants have fled and arson attack have been made on your weapon stores, they destroyed what they could not carry away. You are left alone armed with a single machine gun. You live on your nerves and let your trained instincts take over - prepare to shoot on sight. As you progress through the level of the enemy defenses the alien become more blood-thirsty and turn what were once your own rockets and grenades against you. Take cover behind the trees, houses and fences but don't stop for too long or you'll find yourself surrounded. The alien are ruthless and the fighting bloody but you must survive."
"Gunman Clive","Gunman Story","Other","","","Atari Games","2015-11-01","1","No","Platform | Unofficial","Not Rated","Gunman Clive (Gunman Story in Japan) is a side-scrolling action video game developed and published by Swedish indie video game development studio Hörberg Productions. It was first released for Android on 2 April 2012. The game follows a lone gunslinger in a futuristic Wild West as he tries to save the mayor's daughter from a group of technologically well-armed bandits.

On November 1st, 2015, the developer released a free Game Boy demo ROM that includes the full Stage 1 of Gunman Clive 1.

http://www.gunmanclive.com/gameboy/"
"Guns & Riders","","Region Not Set","","","","2016-03-28","1","No","Action","E10+ - Everyone 10+","Guns & Riders is a new Game Boy classic game in 2016! Developed by J.M. Climent (Kanfor). Protect people by eliminating bandits. Bang! Bang!"
"Gunship","Gunship (World) (Aftermarket) (Unl)","Other","","","","2022-04-01","1","No","Action | Shooter | Party","Not Rated","No overview is currently available for this title, please feel free to add one."
"Hal Wrestling","Pro Wrestling","NTSC","United States of America","HAL America Inc.","Human","1990-12-01","2","No","Action | Sports","Not Rated","Get a headlock on fun with Hal Wrestling! Eight rompin', stompin' brutes squares off in a head-to-head matches any sports fan can enjoy! All the pro wrestling moves you can use and a few you haven't seen before! Go one-on-one against the computer or a friend, or round up your own four-man wrecking crew for thunderous action! Hal Wrestling - we're coming to get YOU!"
"Hammerin' Harry: Ghost Building Company","大工の源さん ゴースト ビルディング カンパニー | Daiku no Gen-san: Ghost Building Company","NTSC-J","Japan","Irem Corp.","Tamtex","1992-07-31","1","No","Action | Adventure | Platform","Not Rated","No overview is currently available for this title, please feel free to add one."
"Harbour Attack","","NTSC","","","","2022-11-05","1","No","Action","Not Rated","In Harbour Attack, you pilot a submarine through three stages to destroy an enemy cargo ship.

Stage 1: Side-view navigation from left to right, avoiding mines and nets while managing air supply and depth. Going too deep, running out of air, or hitting obstacles costs a life.

Stage 2: Another side-view stage where you surface to attack planes and ships, replenishing air while avoiding bombs, torpedoes, and depth charges. An octopus also appears on the C64 version.

Stage 3: First-person view of the enemy harbour, where you guide a torpedo toward a cargo ship’s target while dodging moving barges. You must destroy the ship before your air runs out to complete the mission."
"Harvest Moon GB","","NTSC-U","","Victor Interactive Software, Inc.","Victor Interactive Software, Inc.","1997-12-19","1","No","Construction and Management Simulation | Life Simulation","E - Everyone","Harvest Moon GB is the second game in the Harvest Moon series of video games, and was developed by Victor Interactive Software. Harvest Moon GB is the first portable Harvest Moon game, developed for the Game Boy. A Game Boy Color version was released later under the name Harvest Moon GBC."
"Hatris","","Region Not Set","","Bullet-Proof Software, Inc.","Bullet-Proof Software, Inc.","1991-05-01","","No","Puzzle","","Remember Tetris? The way those cubes kept coming at you? That was tricky enough, but what if they were half a dozen different hats instead? Derbies, baseball caps, cowboy hats, wizard hats, top hats and crowns? Well, that's the whole idea behind Hatris. The hats keep coming at you two at a time. All you have to do is stack them up five at a time and - poof - they're history. It sounds perfectly simple. Until you get into it. Then you'll wish you had six heads instead of one. Because this is the latest game from Alexey Pajitnov, the designer of Tetris, and his partner Vladimir Pokhilko. And anyone who could turn geometry into a contact sport is a force to be reckoned with. And this time they really want you to use your head. If you don't, you'll look pretty strange with that pile of hats on it!"
"Hauntsfield","","Other","","","","2021-10-22","1","No","Adventure | Unofficial","Not Rated","Oh no!  Someone has stolen all the pumpkins from your farm, and the Hauntsfield festival is tomorrow!

Get to know the townsfolk and try to get the pumpkins back in time...

Hauntsfield is a short Halloween RPG designed for Game Boy.

Play time is about 40-60 minutes. The game has spooky themes, but isn't scary and is appropriate for kids & adults alike."
"Hayaoshi Quiz: Ouza Ketteisen","早押しクイズ ～王座決定戦～","NTSC-J","Japan","Jaleco Ltd.","Jaleco Ltd.","1998-07-31","3","No","Quiz","Not Rated","Hayaoshi Quiz: Ouza Ketteisen is a quiz game, published by Jaleco Entertainment, which was released in Japan in 1998. It has enhanced graphics and a custom border when played on the Super Game Boy."
"He Fucked The Girl Out Of Me","He Fucked The Girl Out of Me - 1.1 - Gameboy | He Fucked The Girl Out of Me (v1.1) | He Fucked The Girl Out of Me (v1.1) (Aftermarket)","Other","United States of America","","","2022-05-20","1","No","Life Simulation | Unofficial","AO - Adult Only 18+","A game about trauma and sex work.

Trigger Warnings are listed in-game.

Originally released on itch.io at: https://taylormccue.itch.io/trauma"
"Head On","Power Racer | ヘッド-オン","NTSC-J","Japan","Tecmo","Sega","1990-01-01","2","No","Action | Puzzle | Strategy | Racing","Not Rated","Head On is a racing game which takes obvious game elements from Pac-Man.  It is addictive in its own way, since you drive a small car around a track collecting pellets and avoiding contact with the opponent's car. There are items you can collect along the way, but there are also hazards and obstacles designed to mess with your progress. There are only two game modes, one on a regular course with no items (sort of like a survival mode), and a special mode where there are items and obstacles to face. You can also play in the special mode against a second human player. It can be fun, albeit tough to put down, so give it a try!"
"Heart Knight","","NTSC","","","","2019-04-29","1","No","Action","Not Rated","Your valiant unicorn mount has fallen. You make a deal with a demon to resurrect your friend.

Offer your health as sacrifice and slain enemies to gain it back."
"Heavyweight Championship Boxing","","Region Not Set","","Activision","Tose Co., Ltd.","1990-09-01","1","No","Sports","","Once the player chooses a boxer, the other challengers must be defeated in order to gain the title. Points can be distributed and re-distributed on the fighter's health meter, stamina, and how fast he moves around in the ring. Either uppercuts or normal punches can be used to wear down the opponent in the game."
"Heiankyo Alien","","NTSC","United States of America","Meldac","Hyperware","1990-04-01","2","Yes","Action | Puzzle","Not Rated","1000 years ago the city of Kyo was suddenly invaded by aliens. A Kebiishi (knight of the past) was entrusted to defend the city.

The game starts with a maze where the kebiishi and some aliens appear. The aliens start moving through the maze wherever they please. While trying to keep from getting eaten, the kebiishi digs holes where the aliens will likely travel. If an alien comes to a finished hole, it will fall in and be trapped for a while. While the alien is trapped in the hole, you can fill the hole to bury it. If all aliens are buried, the round ends and you can proceed to the next round.

The Game Boy version includes both the original arcade version as well as an enhanced version with new graphics and original features such as a super alien that has special powers, moves to avoid holes and chases the keibiishi. Two players can play via the video link cable."
"Heracles no Eikou: Ugokidashita Kamigami","ヘラクレスの栄光 動きだした神 | Heracles no Eikou - Ugokidashita Kamigami (Japan) (En) (v1.01) (HTI) | Hercules no Eikou - Ugokidashita Kamigami (english v1.01)","NTSC-J","Japan","Data East Corporation","Sakata SAS","1992-12-27","1","No","Role-Playing","Not Rated","Heracles no Eikou: Ugokidashita Kamigami is a spin-off entry in the Glory of Heracles series for the Gameboy and is a direct continuation of the first game. The title was developed by SAS Sakata and published in Japan on December 27, 1992 by Data East. An English fan translation was released by HTI in 2012 under the title ""The Glory of Heracles: Snap Story."
"Hermano","","Other","","","","2023-09-15","1","No","Action","Not Rated","During the Day of the Dead, Mano visited the grave of Nano, his brother. It is said that during that night the doors of the underworld open so that the dead can reunite with their living relatives.

But those same doors let hundreds of lost souls, monsters and demons out into the world of the living people. A demon took Mano to hell just when his brother was about to revive.

You are Nano the undead, and you will have to find the keys that open the doors which will take you to the path of hell, where you will rescue your Hermano!"
"Hero of Bitcoin - The Game","","Other","","","","2023-05-16","1","No","Adventure | Platform | Education","Not Rated","Hero of Bitcoin is a game inspired by Bitcoin culture and is set in the beautiful Bitcoin-sovereign nation of El Salvador. You will be taken to iconic places such as Bitcoin Beach, the volcano and more, all the way to the bank's doorstep."
"Hero Shuugou!! Pinball Party","ヒーロー集合！！ ピンボールパーティ","NTSC-J","Japan","Jaleco Ltd.","Jaleco Ltd.","1990-01-12","1","No","Action","Not Rated","Hero Shuugou!! Pinball Party is an Action game, published by Jaleco Entertainment, which was released in Japan in 1990."
"Hiden Inyou Kikouhou: Ca Da","秘伝陰陽気功法図式謎遊戯 華佗","NTSC-J","Japan","Yonezawa PR21","Outback","1991-11-22","1","No","Puzzle","Not Rated","Hiden Inyou Kikouhou: Ca Da is a Puzzle game, developed by Outback and published by Yonezawa PR21, which was released in Japan in 1991."
"High Stakes Gambling","","Region Not Set","","Electro-Brain","Sculptured Software","1992-06-01","","No","Puzzle","","High Stakes Gambling is a Miscellaneous game, developed by Sculptured Software and published by Electro Brain, which was released in 1992."
"Hit the Ice - VHL: The Official Video Hockey League","Hit the Ice - VHL - The Official Video Hockey League | Hit the Ice (Williams)","Region Not Set","","Williams Electronic Games, Inc.","Taito Corporation","1992-10-01","1","No","Sports","E - Everyone","Featuring a cartoonish representation of the sport, Hit the Ice features games with three players on each team (forward, defense, and goalie). Unlike standard hockey, there are very few rules, as players are encouraged to trip, elbow and kick opponents."
"Hitori de Dekirumon!: Cooking Densetsu","ひとりでできるもん クッキング伝説 | You can do it alone!: Cooking legend","NTSC-J","Japan","Vap Inc.","Jorudan","1992-12-18","1","No","Role-Playing","Not Rated","A popular program on NHK Educational TV has become an RPG. Like the show, Mai-chan, the main character, will challenge the RPG. The battle scene with the enemy is in a quiz format."
"Hokuto No Ken","Fist of the north star","NTSC-J","Japan","Toei Animation","","1989-12-22","1","No","Action | Fighting","Not Rated","No overview is currently available for this title, please feel free to add one."
"Home Alone","","Region Not Set","","THQ","Imagineering Inc.","1991-11-01","1","No","Action","","Save the neighborhood from Harry and Marv! Kevin's been left home alone, and the two sneaky crooks are prowling his street. Who's in danger now? Kevin - or the bullying housebreakers? Race from house to house on Kevin's sled, keeping your eyes peeled for the villains. Dodge stumps and slick ice 'cuz time's running out. Arm yourself with a BB gun and all the home-made weapons you can find and assemble. Keep the robbers running before they can loot the goods! 5 different houses to save. Set and launch a variety of attacks and ambushes to snare the thieves. Assemble household items to make and use hilarious weapons like a flashbulb shotgun, a snowball bazooka and a glue-bomb launcher. Comic animation and slap-stick action relive all the fast, zany humor of the hit movie."
"Home Alone 2: Lost in New York","","Region Not Set","","THQ","Imagineering Inc.","1992-10-01","1","No","Action","","Guess who's all alone again... only this time in the biggest metropolis of them all - New York City! Help Kevin McCallister in his newest comedy adventure! Marv and Harry bring reinforcements this time to nab the kid that sent them to jail. As Kevin, you'll collect assorted toys and items to blast your opponents right out of action and into early retirement! This time it seems a whole city is out for Kevin. Voracious vacuum cleaners and mean house detectives chase him through a posh hotel. Watch out for nasty gang members in Central Park and beware of holes in the floor of his uncle's townhouse - all the while looking out for a dangerous reunion with the Wet Bandit Gang! Now you can show them what ""just a kid"" can do!"
"Hong Kong","香港","NTSC-J","Japan","Tokuma Shoten Publishing Co., Ltd.","Onion Software","1990-08-11","1","No","Puzzle","Not Rated","A Game Boy version of a Famicom  Disk System game by the same name. It's a puzzle game from the same mold as Shanghai in which you match Mahjohng tiles, restricted by certain rules. The tiles are stacked up like bricks, and matching a tile removes it. If you remove a tile and leave the ones above it unsupported, then they fall and it's game over."
"Honmei Boy","","NTSC-J","Japan","Nichibutsu","","1994-10-07","1","No","Sports","Not Rated","No overview is currently available for this title, please feel free to add one."
"Honoo no Doukyuuji: Dodge Danpei","炎の闘球児 ドッジ弾平 | Honoo no Toukyuuji: Dodge Danpei | Honō no Tōkyūji: Dodge Danpei","NTSC-J","Japan","Hudson Entertainment, Inc.","","1992-04-24","2","No","Sports","Not Rated","A dodgeball game based on a serial manga.

The game plays similarly to other ""action"" dodgeball games such as Technos' Super Dodgeball, though the game presents various modes based on story beats. For instance, the game starts with a one-on-one duel in which each combatant has five hits before they're out."
"Hook","","Region Not Set","","Sony Imagesoft","Enigma Variations Ltd | 																Ocean | 																Ocean Software Ltd.","1992-04-01","1","No","Platform","","PETER PAN has now grown up, and is far away from NEVERLAND, but his old enemy CAPTAIN HOOK has not forgotten and schemes his revenge. Kidnapping Peter's children, he lures our hero back to the island of PIRATES and ""LOST BOYS"" for a final confrontation. With the help of TINKERBELL, the faithful fairy, you take on the role of PETER in this magic adventure fraught with danger and excitement."
"Hoshi no Kirby","Hoshi no Kābī | 星のカービィ | Kirby of the Stars | Kirby's Dream Land","NTSC-J","Japan","Nintendo","HAL Laboratory","1992-04-27","1","No","Action | Platform","Not Rated","Dream Land is in peril! An evil king has stolen the magic Twinkle Stars. If they're not recovered, the people of Dream Land could starve. Meet Kirby, a roly-poly little hero, as he runs, jumps, floats and swims in search of the treasured Twinkle Stars. He'll puff his way through castles, caves, dungeons and forests. In his path are many wicked and greedy enemies but Kirby has a special way to defeat them! It's non-stop action all the way to the top of Mt. Dedede!"
"Hoshi no Kirby 2","星のカービィ2 | Kirby's Dream Land 2","NTSC-J","Japan","Nintendo","HAL Laboratory","1995-03-21","1","No","Adventure | Platform","Not Rated","The Rainbow Bridges have disappeared! Help Kirby solve the mystery. Search the seven Rainbow Islands while battling King DeDeDe and his horde of evil minions! Meet Rick the Hamster, Kine the Fish and Coo the Owl. Each holds important abilities that can multiply the magnitude of Kirby's powers. Earn the mysterious Rainbow Sword and prepare to face Kirby's most menacing rival ever - the evil Dark Matter!"
"Hot Slots","","NTSC","","","","2022-01-01","1","No","Board","AO - Adult Only 18+","A simple 'hot' slot machine game for original 1989 (DMG) Game Boy.

WARNING: ADULTS ONLY! This game contains sexually explicit content. Viewer discretion is advised."
"Hudson Hawk","","Region Not Set","","Sony Imagesoft","Special FX","1991-01-01","1","No","Platform","","The player assumes the role of Hudson Hawk, a cat burglar. He is sent on a mission to steal three Da Vinci artifacts. Walking through various levels in this platform game, the player must avoid sounding alarms. In addition, security guards and dogs show up to hamper the mission. Hudson Hawk can pacify the enemies by punching them or throwing a ""ball"" at them.

Enemies include a rhinoceros stampeding in the Vatican library and a kangaroo."
"Hugo","","Region Not Set","","Laguna GmbH","Laguna","1994-01-01","1","No","Puzzle | Platform","","Hugo's wife Hugolina gets kidnapped by the Horned King, ruler of the castle Arbarus, after agreeing to his invitation; and Hugo has to free her and defeat the King.
It's actually a conversion of Mickey Mouse by Kemco."
"Hugo 2","","Region Not Set","","Laguna GmbH","Bit Managers","1997-01-01","1","No","Platform","E - Everyone","Hugo 2 is a Miscellaneous game, developed by Bit Managers and published by Laguna, which was released in Europe in 1997."
"Hunter in the Lost Forest","Hunter in the Lost Forest (World) (En) (GB Compatible) (Aftermarket) (Unl) | Hunter in the Lost Forest","Other","","","","2024-01-19","1","No","Adventure","Not Rated","Advance through a total of 20 stages while defeating enemies.
The key to victory is to assess the actions of the enemies appearing from 4 directions!
Take aim and draw your bow while paying attention to obstacles such as trees and logs on the map.


When you defeat enemies on the map, there is a random chance that a heart will appear that will restore your health when touched.
Lucky if it comes out! Let's use it to survive.
Please note that if you take this heart, your score will decrease. It's up to you whether you want to increase your score or recover your HP!"
"Hyper Black Bass '95","","NTSC-J","Japan","Black Label Games","","1995-10-20","1","No","Sports","Not Rated","No overview is currently available for this title, please feel free to add one."
"Hyper Dunk","","Region Not Set","","Konami","Konami","1994-01-01","1","No","Sports","Not Rated","IT'S TIME FOR A LITTLE HARDWOOD HYSTERIA

Your coach leads the team in a pre-game moment of silence. The only sound heard from the locker room is the methodical dripping of a leaky showerhead. Then, with intensity in his eyes, coach looks up and growls ""Time to crash the boards!"" The screams of 40,000 strong reverberate through the packed arena as you blast out of the tunnel and into the blinding camera light of the national media. Welcome to the only pro-style, five on five game ever to hit the hardwood!
In this conquest to be the best, youll need to have more talent in your little fingers than the competition as you try to slam, pass, steal, free throw, jump shoot and drive the lane against eight different teams. Each with players of varying strength and weakness. The cameras will even zoom in when you go airborne for the rim rockin' slams! But you don't become a foul-happy hatchet man or the refs will have you turning the ball over more than a flapjack cook at a Pancake Emporium. Pump up the high-tech hi tops, you're jammin' with the big boys now!"
"Hyper Lode Runner","","NTSC-J","Japan","Bandai Co., Ltd.","","1989-09-21","1","No","Action | Platform","Not Rated","No overview is currently available for this title, please feel free to add one."
"Ikari no Yousai 2","怒りの要塞2 | Fortified Zone 2","NTSC-J","Japan","Jaleco Ltd.","Jaleco Ltd.","1992-02-21","2","No","Action","Not Rated","The two special agents Masato Kanzaki and Mizuki Makimura receive a new important mission: destroying the ultimate weapon the enemy is developing in its secret base."
"Impossible Game(boy)","Impossible Gameboy (World) (Aftermarket) (Unl)","Other","","itch corp","","1970-01-01","1","No","Unofficial","Not Rated","A small auto-runner for the Gameboy based on games like ""The Impossible Game"" and ""Geometry Dash""."
"in the dark","","Other","","","","1970-01-01","1","No","Adventure","Not Rated","It was a simple mission: Investigate an unidentified distress signal from a cruiser-class ship orbiting a barren planet in the Rigel system. Ikalo Pann, the Captain of the Star Leviathan, navigated through the debris surrounding the derelict ship until it was within scanner range. A scan of the ship pinged with no purchase for organics, life support systems were still functional, but losing power.

With no signs of life coming from the vessel, they feared the worst but proceeded to dock with the airlock and climb aboard. Upon entering the main deck, they noticed the warped sound of a klaxon going off, echoing down the halls. Ikalo signaled to her crew to follow her further into the ship towards the living quarters. As they entered the next room, the warning alarm suddenly stopped and the doors behind them shut tight, followed by the grinding gears of a locking mechanism.

The display on a monitor in the middle of the room came to life, a cursor pulsed rhythmically, illuminating the Captain's surroundings with a soft neon green glow. Suddenly, a pattern of lights animated on the monitor, and as they came to rest, a puzzle appeared over the on-screen grid. It was clear that this was all tied to the ship. They had fallen into a trap! There was only one hope - solve the puzzles to bypass the locks... and as the power continued to drain from what little remained of the backup power and life support systems, it was only a matter of time before they succumbed to their fate."
"In This House","","NTSC","","","","2025-01-02","1","No","Adventure","Not Rated","In This House is a horror-adventure video game for Nintendo Game Boy, Analogue Pocket and PC. It uses timeless four-color 8-bit graphics to tell a universal story about the struggle for one's identity within a family.

You play as Bianca, a young woman who is visiting her grandpa at the 5th anniversary of her parents' death. She doesn't feel welcomed by her family, which also includes her aunt Barbara, her uncle Julian and her cousins: Leo and Seb.

The meeting is cut by sudden information: a mutated rabies virus is spreading and soon infected walking corpses find their way to the house the family is staying in. If that wasn't enough, Bianca starts to see a ghost of a girl who is related to terrible secrets hidden by the family. Your task is to survive one terrifying night and uncover the truth about your loved ones."
"In Your Face","","Region Not Set","","Jaleco Ltd.","Jaleco Ltd.","1990-12-01","","No","Sports","","In Your Face is a Sports game, developed and published by Jaleco Entertainment, which was released in 1990."
"indestructotank","","Other","","","","1970-01-01","1","No","Adventure","Not Rated","The world faces an insurmountable danger that it has never seen before. In desperation, Earth calls on a hero, and Dirk Danger answers the call, manning the mighty IndestructoTank, an… indestructible bouncing tank? He may not be the hero they wanted, but he’s certainly the hero they need.

IndestructoTank! is an arcade style game that seeks to bring the classic Flash game to your Game Boy, as you destructively bounce across helicopters, planes, and more, trying to score high combos and gather points to spend on upgrades. Hop into the IndestructoTank!, and get ready for a ride!"
"Indiana Jones and the Last Crusade","","Region Not Set","","Ubisoft Entertainment","NMS Software","1994-07-01","1","No","Action | Platform","","The search for the Holy Grail is on! Hitler must have the Grail to secure his domination of the world and is willing to do anything to get it. Indy's father, Dr. Jones Sr., was close to finding the Grail, but was kidnapped. Now Indy must save his father and find the Grail before it's too late! Explore six treacherous levels of excitement in a race against time, evil and ancient mysteries!"
"Infall","","Other","","","","2023-09-19","1","No","Adventure","Not Rated","You were ejected. How long can you survive in space? Dodge asteroids and satellites as you rack that high score [distance from origin] and survive as long as possible in this infinite fall in the void."
"InfoGenius Productivity Pak: Berlitz French Translator","Berlitz French Translator","NTSC-U","","GameTek, Inc.","Imagineering Inc.","1991-01-01","1","No","Productivity","Not Rated","Berlitz French Translator is a Miscellaneous game, developed by Imagineering Inc and published by GameTek, which was released in 1991.

The perfect companion for school, work or travel, the French Translator contains the same words and phrases as the Berlitz Dictionaries... with 12,500 words per cartridge, and 300 of the most commonly used phrases. You can even convert prices with the currency converter, or change to and from the metric system. Traveling from country to country? Changing languges is as easy as changing cartridges. It's the ideal tool for business people, students, teachers, and travelers. Just type in a word or phrase in French or English and the equivalent instantly appears. And you'll find the phrases you need most in convenient categories, with easy-to-use menus. All this right at your fingertips, with instant access to the information you need when you need it... with the Infogenius French Translator."
"InfoGenius Productivity Pak: Berlitz Spanish Translator","Berlitz Spanish Translator","NTSC-U","","GameTek, Inc.","Imagineering Inc.","1991-01-01","1","No","Productivity","Not Rated","Berlitz Spanish Translator is a Miscellaneous game, developed by Imagineering Inc and published by GameTek, which was released in 1991.

The perfect companion for school, work or travel, the Spanish Translator contains the same words and phrases as the Berlitz Dictionaries... with 12,500 words per cartridge, and 300 of the most commonly used phrases. You can even convert prices with the currency converter, or change to and from the metric system. Traveling from country to country? Changing languges is as easy as changing cartridges. It's the ideal tool for business people, students, teachers, and travelers. Just type in a word or phrase in Spanish or English and the equivalent instantly appears. And you'll find the phrases you need most in convenient categories, with easy-to-use menus. All this right at your fingertips, with instant access to the information you need when you need it... with the Infogenius Spanish Translator."
"InfoGenius Productivity Pak: Frommer's Travel Guide","","NTSC-U","","GameTek, Inc.","NovaLogic, Inc.","1991-01-01","1","No","Productivity","Not Rated","InfoGenius Productivity Pak: Frommer's Travel Guide is a Miscellaneous game, developed by NovaLogic and published by GameTek, which was released in 1991.

The perfect travel companion, the Travel Guide covers 15 of the most popular and most traveled cities in the U.S.; Atlanta - Boston - Chicago - Denver - Honolulu - Las Vegas - Los Angeles - Miami/Fort Lauderdale - New Orleans - New York - Orlando - San Francisco - Santa Fe - Seattle - Washington. Compiled from the famous bestselling Frommer's Guides, the most up-to-date and valuable visitor information has been formatted and organized for instant access and ease to use. Reliable and detailed, Frommer's reports on accommodations and restaurants are clear and concise, with full listings of sights, attractions, sports, shopping, culture, and nightlife. Also included aare informative introductions to each city to make the most out of your visit."
"InfoGenius Productivity Pak: Personal Organizer and Phone Book","","NTSC-U","","GameTek, Inc.","Imagineering Inc.","1991-09-01","1","No","Productivity","Not Rated","InfoGenius Productivity Pak: Personal Organizer and Phone Book is a Miscellaneous game, developed by Imagineering Inc and published by GameTek, which was released in 1991.

A phone book, a day planner, and a calendar all in one. Store up to 90 names and phone numbers. Keep track of appointments and events with the built-in day planner, and find dates up until the year 2000 with the built-in calendar. Also featured is a complete listing of the most often used 800 numbers, a world clock with over 75 cities, a fully functioning calculator and a notepad. Have it all at the touch of your fingertips, with instant access to the information you need when you need it... with the InfoGenius Personal Organizer cartridge."
"InfoGenius Productivity Pak: Spell Checker and Calculator","","NTSC-U","","GameTek, Inc.","Imagineering Inc.","1991-01-01","1","No","Productivity","Not Rated","InfoGenius Productivity Pak: Spell Checker and Calculator is a Miscellaneous game, developed by Imagineering Inc and published by GameTek, which was released in 1991.

Now you can check the spelling of over 60,000 of the most frequently misspelled words without consulting the dictionary! Just type in the word as you think it is spelled and the InfoGenius Spell Checker instantly shows you the correct spelling. If the word is misspelled, the Spell Checker finds its most probably match...phonetically. Plus, the cartridge converts your Game Boy into a full-functioning calculator! It's the ideal tool for business people, students, and travelers. Much faster and more convenient than any dictionary, the Spell Checker and Calculator is perfect for desk, home, and use on the go. Put it all right at your fingertips, with instant access to the information you need when you need it... with the InfoGenius Spell Checker and Calculator."
"Initial D Gaiden","","NTSC-J","Japan","Kodansha Ltd.","MTO","1998-03-08","2","Yes","Racing","E - Everyone","Initial D Gaiden is a 1998 game for the Nintendo Game Boy. It is the first video game based on the Initial D series. The game was only released in Japan."
"Inspector Waffles Early Days","Inspector Waffles Early Days (v2) (World) (Aftermarket) (Goloso Games)","Other","","","","2023-04-26","1","No","Action","Not Rated","This time, follow Waffles in his first days as a Inspector and prove to everyone that you are more than just a rookie. Find clues, report to your partner and solve cases!"
"Interblocked","","NTSC","","","","2022-02-13","1","No","Puzzle","Not Rated","10,000 Levels to beat with 5 different tiers of difficulty, all in the palm of your hands.  Built for the original 1989 Game Boy and with portability in mind, come back to where you left off at any time with your progress saved each time you beat a level.  Do you have what it takes to beat every level?"
"International Superstar Soccer","","Region Not Set","","Konami","Konami","1998-10-01","","No","Sports","","International Superstar Soccer is a Sports game, developed by Konami Computer Entertainment Nagoya and published by Konami, which was released in 1998."
"Inventory Full","Inventory Full (v1.0.3)","Other","","","","2024-12-28","1","No","Action","Not Rated","Steal your party members' items and sell them on a flea market app! What happens if you list a cursed doll... 

A mini Game Boy-style action game made with GB Studio. You can clear it in as little as 3 minutes, so feel free to give it a try! Streaming is also welcome!"
"Ippatsu Gyakuten: DX Bakenou","一発逆転！ ＤＸ馬券王","NTSC-J","Japan","Asmik Ace Entertainment","Graphic Research Co., Ltd.","1991-05-17","1","No","Sports","Not Rated","Bet on virtual horse races in this Japanese only Game Boy game.

Ippatsu Gyakuten! DX Bakenou is a horse race betting game developed by Graphic Research and published by Asmik Ace Entertainment for Game Boy."
"Iron Man / X-O Manowar in Heavy Metal","","Region Not Set","","Acclaim Entertainment, Inc.","Realtime Associates, Inc.","1996-08-01","","No","Action | Platform","","Metal titans, Iron Man and X-O Manowar, come together for the first time ever to tackle one heavy-duty cosmic crisis! It's an apocalyptic meltdown of furious action, with the ultimate in Super Hero power and realism! Featuring Bi-Directional firepower, Chest-Beam blasts, multi-hit combos and Z-axis shooting, ultimate boss battles and enhanced weapon power!"
"Ishido: The Way of Stones","","NTSC","United States of America","Publishing International","Nexoft","1990-11-01","1","No","Puzzle","Not Rated","From Stonehenge to the Great Pyramids...From the earliest North Americans to the ancient civilizations of the Far East...The stones of ISHIDO have spanned continents and cultures for eons of time to arrive here in your hands, drawing you into their spell of endless fascination.

The object of ISHIDO is to place as many stones as possible onto the game board in combinations that maximize your score. Easy to learn, and yet challenging, for players of all ages, ISHIDO combines the elements of skill, strategy and luck in a game that will captivate you for countless hours...As it has captivated others for centuries."
"Itsudemo! Nyan to Wonderful","いつでも！にゃんとワンダフル","NTSC-J","Japan","Banpresto Co., Ltd.","Banpresto Co., Ltd.","1998-06-26","1","No","Life Simulation","E - Everyone","A dog and cat pet simulation game. Super Gameboy compatible."
"J-League Fighting Soccer: The King of Ace Strikers","Ｊリーグ ファイティング サッカー","NTSC-J","Japan","Information Global Service","Graphic Research Co., Ltd.","1993-01-19","1","No","Sports","Not Rated","J-League Fighting Soccer: The King of Ace Strikers is a Japan-exclusive soccer simulation video game for the Game Boy and Family Computer.

The Game Boy version (released almost 5 months before the start of the inaugural season of the J. League) was the first title officially licensed by the J. League."
"J-League Winning Goal","Jリーグ ウィニングゴール","NTSC-J","Japan","Electronic Arts Victor","Graphic Research Co., Ltd.","1994-04-02","1","No","Sports","Not Rated","J-League Winning Goal (Jリーグ ウィニングゴール J-Rīgu Uiningu Gōru) is a soccer game released for the Game Boy and Family Computer that revolves around the J-League. There is an exhibition, a season mode, a playoff mode, and a practice mode. The object in the game is to win the championship so that the player's chosen team can be called the greatest team in all of Japan"
"Jabberwocky","Jabberwocky (World) (Aftermarket) (Unl)","Other","","","","2019-12-01","1","No","Adventure","Not Rated","As the story is told, a brave hero will save our village from the mythical Jabberwocky.. the deadline? Tomorrow! Join Hiro on his quest to keep his status as the hero of the village and save the local folk from the foretold misfortunes that burden them.

Jabberwocky is an adaptation from the poem written by Lewis Carroll first published 1871, portraying the tale that has lived for generations and more to come. It features authentic GameBoy graphics and sound, running completely under the limitations of the hardware itself. This adventure RPG game was designed and created for the Lost Cartridge Jam held by Astrojone in 3 days."
"Jack Nicklaus Golf","","NTSC","United States of America","Tradewest, Inc.","Sculptured Software","1992-05-01","2","No","Sports","Not Rated","The biggest name in golf brings you the most realistic and feature-backed golf simulation ever! Play on two of Jack Nicklaus' favorite courses or design an unlimited number of your own. One to four players can compete on beginner and expert levels. You control every detail of the action. The password feature even lets your take a break. If you're ready to play against the best, JACK NICKLAUS GOLF is your game!"
"James Bond 007","","Region Not Set","","Nintendo","Saffire Corporation","1998-02-01","1","No","Platform","E - Everyone","An arms smuggling ring threatens to create a new world order. The peace and security of the entire planet is at stake. MI6 sent agent 008 into Turkey to dismantle the operation. Soon thereafter, all contact was lost with 008. M makes a decision to send their best agent, James Bond, to investigate the whereabouts of 008. As Bond carries out this latest order, he becomes entangled in his deadliest mission yet. As James Bond, you must use all of your expertise to unravel the sinister plot. It is up to you to determine friend from foe as you uncover clues. Along the way, weapons and items will be found that assist you in overcoming the many obstacles placed in your path. Be sure to keep an eye open for Q and his unique brand of help. Be careful, Bond, you may not be able to charm everyone!"
"Jane in the Jungle","","NTSC","","","","2022-01-08","1","No","Platform","Not Rated","Jane in the Jungle is a demake of the MS-Dos Games ""Jill of the Jungle"". This demo contains 2 levels and a bunch of mechanics from the original game."
"Janken Man","ジャンケンマン","NTSC-J","Japan","NCS Corporation","NCS Corporation","1991-12-27","1","No","Action","Not Rated","Janken Man is an Action game, published by NCS, which was released in Japan in 1991."
"Jantaku Boy","雀卓ボーイ","NTSC-J","","Namcot","Namcot","1992-01-24","4","No","Puzzle | Board","Not Rated","A four player Mahjong game on the Gameboy"
"Jeep Jamboree: Off Road Adventure","","Region Not Set","","Virgin Games, Ltd.","Gremlin","1992-07-01","2","No","Racing","","There are several options in the game including: difficulty level, whether to race in MPH or KM/H, steering ability, whether or not to have a track map, chevrons, and position flashing. The object is to race laps around a muddy race track while trying to get first place. There are twenty tracks to race in; each with a timer that forces the player to race fast. There is an option to either do a single race or a multi-race tournament against a computer opponent or through a human playing while using the Game Boy link cable and another copy of the video game. Items in the background like electric lines and rocks help provide a road-like feeling to the races.

In a single-player race, the player will race to the finish line against a field of approximately nineteen other drivers."
"Jelly Boy","","NTSC","","Ocean Software Ltd.","Probe Entertainment","1995-03-01","1","No","Action | Platform","Not Rated","Jelly Boy puts in the control of a jelly baby with morphing powers, sort of 
like if A Boy and His Blob merged together in some ungodly ritual. His quest is
to find various items inside a weird factory so that the elevator doorman will
allow him to go up and meet the dude in charge. Awesome music, polished 
graphics, a whole bunch of detailed levels and worlds and a bizarre sense of
humor brighten up an otherwise generic platformer."
"Jeopardy!","","Region Not Set","","GameTek, Inc.","Data Design Interactive","1991-03-01","1","No","Puzzle | Strategy","","Join your host Alex Trebek in the Nintendo 64 version of Jeopardy! With its 3D rendered set, high-quality 16-bit audio and detailed video capture of Alex Trebek, you will feel as if you were really on the set. Featuring 4,000 brand new answers and questions and 650 different categories directly from the TV show."
"Jeopardy! Platinum Edition","","Region Not Set","","GameTek, Inc.","Data Design Interactive","1996-12-01","2","No","Puzzle | Strategy","","Not much new in this installment of the classic trivia game show."
"Jeopardy! Sports Edition","","Region Not Set","","GameTek, Inc.","Data Design Interactive","1994-05-01","1","No","Puzzle | Strategy | Sports","","Sports version of the classic trivia game show."
"Jeopardy! Teen Tournament","","Region Not Set","","GameTek, Inc.","Data Design Interactive","1996-02-11","1","No","Puzzle | Strategy","Not Rated","An easier version of the classic trivia game show."
"Jikuu Senki Mu","時空戦記ムー | Space-time battle record Mu","NTSC-J","Japan","Hudson Entertainment, Inc.","Hudson","1991-09-13","1","No","Role-Playing","Not Rated","There used to be a continent called ""Mu Continent"", which was ruled by the king of the country called Prina. King Lars II suddenly turned the state religion of Neil into the evil religion of Max. Shortly after the Neil people were ousted from the sanctuary, the Queen of Purina suddenly disappeared. In addition, the newborn son of the king was taken away by someone. After the conversion, monsters began to appear in various parts of the continent. People began rumors that the people of Neil were manipulating monsters. It's been 16 years since then. The demons, who continued to grow in power, finally invaded Purina Castle. The seriously injured king runs to the remote village ""Eribe""."
"Jimmy Connors Tennis","","Region Not Set","","Ubisoft Entertainment","NMS Software","1993-11-01","1","No","Sports","","The player can compete in an ATP World Tour at one of three difficulty levels, or just practice hitting tennis balls."
"Jinsei Game Densetsu","","NTSC-J","Japan","TAKARA Co., Ltd.","Advance Communication Company","1991-06-28","4","No","Role-Playing | Board","Not Rated","Jinsei Game Densetsu is a board game RPG with fantasy elements based on ""The Game of Life"""
"Joe & Mac","","Region Not Set","","Data East Corporation","Motivetime Ltd.","1991-12-31","1","No","Platform","","The objective of the game is to rescue group of girls who were kidnapped by a rival tribe of cavemen. The game features a health system by which the player loses health over a period of time, apart from during boss battles."
"Joe Blade 2","","NTSC","","","","2023-01-23","1","No","Action","Not Rated","The year is 1995, the setting London. The streets are crawling with punks, thugs and muggers! The ordinary urbanite masses remain prisoners in their crumbling homes, too terrified to venture outside, into the crime ridden inner-city horrorscope beyond their front doors. Only one man can clean up the city... That man is JOE BLADE.

Joe Blade - teenage pin up and pop idol, media celebrity, hero of the people, defender of the flag, helper to those less fortunate than himself. Mean tough and fearless, his very name strikes fear into the cold hearts of every punk, thug and muggers.

The mission: You are Joe Blade... Using only your skills of hand to hand combat you must clean up the city. The punks wear armor to protect themselves from each other, so in order to HIT a punk you must kick him in the head, this is achieved by jumping over him. You do not to kill them. You must also rescue 12 citizens you must walk into him (and jump) then solve a subgame."
"John Madden Football","John Madden Football '93","NTSC","United States of America","Ubisoft","NMS Software","1993-11-22","2","Yes","Sports","Not Rated","A cancelled port of John Madden Football '93. Announced in 1993 by Ubisoft"
"John Madden Football '93","John Madden Football","NTSC","United States of America","Ubisoft","NMS Software","1993-11-23","1","No","Sports","Not Rated","A cancelled port of John Madden Football '93. Announced in 1993 by Ubisoft."
"Jordan vs Bird: One on One","","Region Not Set","","Electronic Arts","Electronic Arts","1992-02-01","1","No","Sports","","Michael Jordan of the Chicago Bulls and Larry Bird of the Boston Celtics were the only two players in the game, which allowed the player to participate in a one-on-one basketball game. Mini-games included a slam dunk contest (utilizing Jordan) and a three-point contest (utilizing Bird)."
"Joshua & the Battle of Jericho","","Region Not Set","","Wisdom Tree, Inc.","Wisdom Tree, Inc","1992-01-01","1","No","Puzzle | Platform","","You play Joshua, the leader of God's people after Moses. You must lead God's people into the Promised Land, but there are many puzzles and obstacles that stand in your way - falling rocks, bad soldiers and other things. Using your horn and other special weapons to defeat enemies, you will face ancient biblical baddies like the Hitties, the Amorites, the Gibeonites, and the Gezerites."
"Judge Dredd","","Region Not Set","","Acclaim Entertainment, Inc.","Probe Entertainment","1995-06-01","1","No","Action | Platform","","Mega-City One is in ruins. Corruption is rampant. It's time to take the law into your own hands. Armed with explosive Lawgiver firepower - heat seekers, ricochet rockets, incendiary missiles and more - take on Mean Machine, the ABC Robot and other brutal barriers to justice. Take to the skies on your high-speed Lawmaster motorcycle and pacify even the most persistent perps! You're not above the law. You ARE the law!!!"
"Jungle Strike","","Region Not Set","","Ocean Software Ltd.","Malibu Interactive","1995-06-01","1","No","Shooter","","Now the storm hits the jungle! The Desert Madman is dead - now his vicious son plots a nuclear strike against the U.S.A. He's enlisted a powerful ally - a ruthless South American Drug Lord with an army of hi-tech mercenaries. It's YOUR mission to take them out! Turn night into day with your explosions on a deadly night mission. Penetrate the Drug Lord's air defenses in an F-117A Stealth fighter. Stalk the terrorists from the streets of Washington D.C. to the deadly jungles, rivers and snow-covered peaks of South America! Stunning cinematics and digitized sound effects create a spectacular movie-like experience!"
"Jungle Wars","ジャングルウォーズ","NTSC-J","Japan","Pony Canyon, Inc.","Atelier Double Co. Ltd.","1991-06-21","1","No","Role-Playing","Not Rated","Jungle Wars is a Role-Playing game, published by Pony Canyon, which was released in Japan in 1991."
"Jurassic park","","NTSC","United States of America","Limited Run Games","Universal Co., Ltd.","2024-09-13","1","No","Adventure","T - Teen","Explore Isla Nublar in each of these releases, recreating the excitement and thrills of the historic franchise. Play as Dr. Alan Grant, or in some releases as a Velociraptor, as you collect eggs, survive dangerous local wildlife, restore power to the park and collect new weapons and eventually escape!"
"Jurassic Park Part 2: The Chaos Continues","","NTSC","United States of America","Limited Run Games","Universal Co., Ltd.","2024-09-05","1","No","Adventure","T - Teen","Explore Isla Nublar in each of these releases, recreating the excitement and thrills of the historic franchise. Play as Dr. Alan Grant, or in some releases as a Velociraptor, as you collect eggs, survive dangerous local wildlife, restore power to the park and collect new weapons and eventually escape!"
"Kaeru no tame ni Kane wa Naru","カエルの為に鐘は鳴る | For the Frog the Bell Tolls","NTSC-J","Japan","Nintendo","Intelligent Systems Co., Ltd.","1992-09-14","1","No","Action | Role-Playing","Not Rated","In a land far away, the two princes—Richard (of the Custard Kingdom) and the game's main protagonist (prince of the Sablé Kingdom)—have shared a friendly rivalry since they were small children. They often compete, although it usually ends in a tie or close win. In Fencing however, Prince Richard is always the victor. One day a messenger arrives from a small neighboring kingdom, warning the princes that the evil King Delarin has invaded the Mille-Feuille Kingdom and captured the beautiful princess Tiramisu. In yet another boastful attempt to best the Sablé Prince, Richard grabs a boat and rushes towards the kingdom. The Sablé Prince is left trying to catch up. While on his journey, he and Richard (and many others) are transformed into frogs in an attempt to reveal the true happenings in this kingdom."
"Kaiju kai kai","","Other","","","","2023-09-17","1","No","Adventure","Not Rated","Minigame compilation about a Kaiju's daily life. It's designed to support grayscale GameBoy, but also work on GameBoy Color. Current version is just a demo with 3 minigames."
"Kaijuu Ou Godzilla","怪獣王ゴジラ | Godzilla, King of the Monsters | The Monster King, Godzilla","NTSC-J","Japan","Bandai Co., Ltd.","Bandai Co., Ltd.","1993-12-17","1","No","Action | Adventure","Not Rated","Released only in Japan, this side-scrolling adventure puts you in control of Godzilla as he battles through waves of both monsters and the military. Featuring over 20 of Godzilla's past friends and foes, this isn't a beat em' up, it's a destroy em' all!"
"Kakomunja snake","かこむん蛇","NTSC-J","Japan","Ubisoft","NAXAT Soft","1990-11-01","1","Yes","Puzzle | Strategy","Not Rated","No overview is currently available for this title, please feel free to add one."
"Kamen Rider SD: Hashire! Mighty Riders","仮面ライダーSD 走れ! マイティライダーズ","NTSC-J","Japan","Yutaka","Yutaka","1993-08-20","1","No","Racing","Not Rated","Race against generations of Kamen Rider!

-Kamen Rider 1-
-Kamen Rider 2-
-Kamen Rider V3-
-Kamen Rider Riderman-
-Kamen Rider X-
-Kamen Rider Amazon-
-Kamen Rider Stronger-
-Kamen Rider Skyrider-
-Kamen Rider Super-J-
-Kamen Rider ZX-"
"Karakuri Kengou Den Musashi Lord","The Samurai Lord Musashi | からくり剣豪伝ムサシロード","NTSC-J","Japan","Yutaka","Tose","1991-04-27","1","No","Action","Not Rated","Karakuri Kengou Den Musashi Lord (English Patched) (からくり剣豪伝ムサシロード) is a Action video game published by Tose, Yutaka released on 19910427 for the GameBoy."
"Kaseki Sousei Reborn","化石創世リボーン","NTSC-J","Japan","Starfish","","1998-07-17","1","No","Role-Playing","Not Rated","One day, human beings dug up the underground world. There were many creatures that I had never seen and those that were born from fossils.
Mankind dispatches an expedition to the world. The hero secretly gets into the vehicle of the expedition team in which his brother participates and sticks to the base of the underground world.
Since there is no way to return to the ground immediately, the main character will participate in the investigation of the underground world as a special case."
"Kawa no Nushi Tsuri 3","","NTSC-J","Japan","Victor Interactive Software, Inc.","Tose","1997-09-19","1","No","Adventure | Role-Playing","Not Rated","No overview is currently available for this title, please feel free to add one."
"Ken Griffey Jr. Presents Major League Baseball","","Region Not Set","","Nintendo","Software Creations","1997-10-01","","No","Sports","","From power hiting to playing awesome defense, ""The Kid"" can do it all! Now, you can too, with KEN GRIFFEY JR. PRESENTS MAJOR LEAGUE BASEBALL®! Hundreds of unique characters from your favorite teams are here-- the very best Major League Baseball has to offer!
Dive or leap to make the catch! Jump over the hard slide of the lead runner, pivot and fire to first for a rally-killing double play! Feel the pain when you slam into the outfield fence and rob your opponent of extra bases! Do you have what it takes to play ball with ""The Kid""?"
"Kenzie's Birthday Dash","","NTSC","","","","2020-04-15","1","No","Adventure","Not Rated","The Birthday Bandits have stolen Kenzie's presents, and it's up to the whole family to stop them in this brand-new Game Boy game!  You'll have sixty seconds to pick up as many gifts as you can from each of the four levels."
"Kepler's Castle","","NTSC","","","","2020-12-06","1","No","Platform","Not Rated","When looking for the king, Kepler found out that the ""king"" was an impostor called Koepernick. Before he could do anything, Kepler was locked up in the same cell where the true king was imprisoned.

Now Kepler has to break out of the prison and find the key to the cell to free the true king. Help Kepler to discover the rooms of the castle in search for the right key!"
"Kero Kero Cowboy","","Other","","","","2025-05-07","1","No","Adventure","Not Rated","Kero Kero is a frog on a journey to wrangle the wild west's most dangerous outlaws & bring peace to the untamed land. Face dastardly foes, perilous platforming challenges, and intense shootouts across deserts, mines, mountains, trains, forests, and beyond!"
"Kid Dracula","","NTSC-U","United States of America","Konami","Konami","1993-03-01","1","No","Platform","E - Everyone","Kid Dracula is a 1993 Game Boy video game developed by Konami and released by Konami Inc. in the USA on March 1, 1993.

His pearly fangs drive the girls wild, while his dead-of-the-party sense of humor makes them scream. He's Kid Dracula, star of the mythical Transylvania 92010, and the coolest living corpse ever to stake his claim on the Game Boy. If you thought Mario had a way with magic, you should see junior jugular's spellbinding powers, including the mesmerizing bat transformation. Poof! Nobody wings it better than Kid Drac."
"Kid Icarus: Of Myths and Monsters","","NTSC-U","United States of America","Nintendo of America, Inc.","Nintendo R&D1, TOSE","1991-11-05","1","No","Platform","E - Everyone","Kid Icarus: Of Myths and Monsters is a 1991 Game Boy video game developed by Nintendo R&D1 and Tose and released by Nintendo of America in the USA on November 5, 1991.

A lighthearted adventure with mythical challenges. Angel Land is up to its halos in woes as mythical monsters are running rampant. Pit, the original Kid Icarus, must save the realm again. Armed with his trusty bow, he'll zap the bad guys and find the Three Sacred Treasures hidden by Palutena. Only after this grueling training will he be strong enough to take on the dark forces behind Angel Land's troubles. Pit will encounter old friends and new enemies - from helpful Centurions to the dreaded Eggplant Wizard - as he journeys from the depths of the underworld to the towers of the sky palace. Find hammers to shatter special walls and reveal helpful items. Collect hearts by fighting off Pit's foes. Train hard and battle harder. Pit's challenges make the labors of Hercules look like a walk in the park."
"Kid Niki","","Region Not Set","","","Irem Corp.","1991-01-01","1","No","Action | Platform","","One day in Feudal Japan, Kid Niki, the most radical of ninjas, is training at his Ninja School. Suddenly, a passing bird is struck down by an arrow and lands at Niki's feet. Attached is a note explaining that Niki's girlfriend, Princess Margo, has been kidnapped by the evil Stone Wizard. With the cry of ""Will help you!"" Niki bursts through the wall of his school and sets off on his quest to save Margo."
"Kikou Keisatsu Metal Jack","機甲警察 メタルジャック | Armored Police Metal Jack","NTSC-J","Japan","Takara","KID Corp.","1992-01-08","1","No","Strategy","Not Rated","Twenty years into the future, a city now called ""Tokyo"" has developed into one of the few world-class high-tech centers, ""Tokyo City."" The main character, Ken Kanzaki, is a young investigator assigned to the criminal investigation section of the Metropolital Police. He is one of the finest sharpshooters in the Police. One day, Ken is ordered to provide security for a party held by ""Zaizen Konzern,"" a world-class plutocracy.

All of a sudden, Spector robots appear and disrupt the party. Zaizen, a commander-in-chief, is killed, and both Ken and Jun. Zaizen's son is fatally injured by the robots. Two of the party's guests, an auto-racer, Ryo Aguri, and a wrestler, Go Goda, also receive serious injuries. Three severely injured young men are operated upon by scientists from the Metropolitan Police. Several days later, a robot corp led by a mysterious organization called ""Ido"" appears in the floating town of Tokyo Bay. But the Police and the Army have no effective strategies to contain them.

At that moment, three young men attired in mechanical suits enter. They are the very three young men, Ken, Ryo, and Go, who have been turned into cyborg investigators through the operation. They call themselves ""Armored Police Metal Jacks"". ""Metal Jacks,"" dazzlingly switching from ""Jack Suits"" to ""Jack Armors,"" completely demolish the robot corp and achieve victory, thus signals the beginning of the battle between the high-tech criminals and ""Metal Jacks"" with a futuristic ""Tokyo City"" in the background."
"Killer Instinct","","NTSC-U","United States of America","Nintendo of America, Inc.","Rare, Ltd.","1995-11-01","2","Yes","Fighting","E - Everyone","Killer Instinct is a 1995 Game Boy video game developed by Rare and released by Nintendo of America in the USA on November 1, 1995.

Killer Instinct! First it tore into the arcades. Then it burst into your house only on the Super NES. Now, it comes home again, this time on Game Boy! Choose from eight characters, including T.J. Combo, Fulgore, Jago, B. Orchid, Chief Thunder, Spinal, Sabrewulf, and Glacius, and battle your way to victory in Killer Instinct. The same great combo strategies are there along with power-packed special moves and gruesome danger moves. Learn each character's special attacks and combinations in the Practice mode, and when you are ready for competition, challenge a friend or take on the Arcade mode. Killer Instinct is also powered up on Super Game Boy! Brawl it out in high-tension arcade action!"
"King James Bible","","Region Not Set","","Wisdom Tree, Inc.","Wisdom Tree, Inc","1994-01-01","1","No","Platform","E - Everyone","Finally! Game Boy has found it's ultimate calling. The Bible on Game Boy is the perfect addition to my devotion time Bible studies. The complete word search and quick reference capabilities make it a must for anyone who owns a Game Boy. Keep a fresh set of Batteries around - you'll be reading this Bible a lot..."
"Kingdom Crusade","","NTSC","United States of America","Electro-Brain","Sculptured Software","1992-11-01","2","No","Strategy","Not Rated","Your quest, brave hero, is of extreme urgency. The fate of the kingdom rests in your hands, you must defeat your enemy by taking control of his army and his fortresses. Use your army wisely because although you have your own legion of wizards, giants, paladins, and knights, the enemy army is similarly equipped and will fight for their own crusade. Good luck and may Merlin's mystical brow guide you on your way."
"Kingyo Chuuihou! Wapiko no Waku Waku Stamp Rally!","","NTSC-J","Japan","Yutaka","Tom Create","1991-12-14","1","No","Adventure","Not Rated","No overview is currently available for this title, please feel free to add one."
"Kininkou Maroku Oni","鬼忍降魔録 ＯＮＩ","NTSC-J","Japan","Banpresto Co., Ltd.","WinkySoft","1990-12-08","1","No","Role-Playing","Not Rated","Kininkou Maroku Oni is a Role-Playing game, developed by WinkySoft and published by Banpresto, which was released in Japan in 1990."
"Kinnikuman: The Dream Match","キン肉マン ザ・ドリームマッチ","NTSC-J","Japan","Yutaka","Yutaka","1992-09-12","2","No","Action","Not Rated","Kinnikuman: The Dream Match is an Action game, published by Yutaka, which was released in Japan in 1992."
"Kirby no Block Ball","カービィのブロックボール | Kirby no Burokkubōru | Kābi no Burokkubōru | Kirby's Block Ball","NTSC-J","Japan","Nintendo","HAL Laboratory, Inc.","1995-12-14","1","No","Action | Puzzle | Shooter","Not Rated","Kirby's back with fast-paced, four-way action!

It's a breakaway bash in this wild new Kirby game of Block Ball! By destroying the blocks on the screen, you clear stages and obtain powers that help you in your final confrontation with King Dedede.

Paddles on all four sides of the screen make this an intense four-way action contest. Your quick reactions and your careful use of Kirby's powers will determine your ultimate fate!"
"Kirby no Pinball","Kirby's Pinball Land | カービィのピンボール","NTSC-J","Japan","Nintendo","HAL Laboratory","1993-11-27","1","No","Board","Not Rated","No overview is currently available for this title, please feel free to add one."
"Kirby's Block Ball","","PAL","","Nintendo","HAL Laboratory | 																Nintendo R&D1 | 																Tose","1995-12-01","1","No","Action","Not Rated","No overview is currently available for this title, please feel free to add one."
"Kirby's Block Ball [Not For Resale]","","NTSC-U","United States of America","Nintendo","HAL Laboratory | 																Nintendo Research & Development 1","1996-05-13","1","No","Puzzle","Not Rated","This is a kiosk demo for Kirby's Block Ball. The only difference from the retail version is that it does not save your progress and has a ""Not for Resale' block on the label."
"Kirby's Dream Land","","NTSC-U","United States of America","Nintendo of America, Inc.","HAL Laboratory","1992-08-01","1","No","Platform","E - Everyone","Kirby's Dream Land is a 1992 Game Boy video game developed by HAL Laboratory and released by Nintendo of America in the USA on August 1, 1992.

The gluttonous King Dedede has stolen all of the food from the inhabitants of Dream Land for a midnight feast, so Kirby, a resident of Dream Land, goes to retrieve the food and stop Dedede. Kirby's Dream Land plays like other platformers of the 8-bit and 16-bit era of video games: Kirby must use various natural abilities and occasionally external abilities or items while heading toward the goal at the end of each level. Like many 1980s-era platformers, the player can accumulate points, with an extra life granted when the player has enough points. However, because Kirby lacks a save function, scores are not recorded. Also, there are no save files, so the player has to start over again when the Game Boy is turned off, if the player chooses to return to the title screen after a Game Over, or if the player resets the game. All levels are played on a two-dimensional plane, letting Kirby move only left, right, up, and down. Kirby can walk, jump, and fly. Kirby can also inhale objects and enemies, swallowing them or spitting them out as projectiles."
"Kirby's Dream Land (Nintendo Classics)","星のカービィ | Hoshi no Kirby","PAL","","Nintendo","HAL Laboratory","1996-01-01","1","No","Platform","Not Rated","No overview is currently available for this title, please feel free to add one."
"Kirby's Dream Land 2","","NTSC-U","United States of America","Nintendo of America, Inc.","HAL Laboratory, Inc.","1995-05-01","1","No","Platform","E - Everyone","Kirby's Dream Land 2 is a 1995 Game Boy video game developed by HAL Laboratory and released by Nintendo of America in the USA on May 1, 1995.

The Rainbow Bridges have disappeared! Help Kirby solve the mystery. Search the seven Rainbow Islands while battling King Dedede and his horde of evil minions! Meet Rick the Hamster, Kine the Fish, and Coo the Owl. Each holds important abilities that can multiply the magnitude of Kirby's powers. Earn the mysterious Rainbow Sword and prepare to face Kirby's most menacing rival ever - the evil Dark Matter!"
"Kirby's Dream Land DX","Kirby's Dream Land 1 DX | Kirby's Dreamland DX | Kirby Dream Land DX | Kirby Dreamland DX","NTSC","","Romhacking","?","2020-06-21","1","No","Adventure | Platform | Unofficial","Not Rated","Just like Legend of Zelda: Link’s Awakening DX and Tetris DX, Dream Land DX is a port of the monochrome Gameboy game to the Gameboy color. Experience Masahiro Sakurai’s first game in an all new light.

The gluttonous King Dedede has stolen all of the food from the inhabitants of Dream Land for a midnight feast, so Kirby, a resident of Dream Land, goes to retrieve the food and stop Dedede. Kirby's Dream Land plays like other platformers of the 8-bit and 16-bit era of video games: Kirby must use various natural abilities and occasionally external abilities or items while heading toward the goal at the end of each level. Like many 1980s-era platformers, the player can accumulate points, with an extra life granted when the player has enough points. However, because Kirby lacks a save function, scores are not recorded. Also, there are no save files, so the player has to start over again when the Game Boy is turned off, if the player chooses to return to the title screen after a Game Over, or if the player resets the game. All levels are played on a two-dimensional plane, letting Kirby move only left, right, up, and down. Kirby can walk, jump, and fly. Kirby can also inhale objects and enemies, swallowing them or spitting them out as projectiles."
"Kirby's Pinball Land","","NTSC-U","United States of America","Nintendo of America, Inc.","HAL Laboratory, Inc.","1993-11-30","1","No","Action","E - Everyone","Kirby's Pinball Land is a 1993 Game Boy video game developed by HAL Laboratory and released by Nintendo of America in the USA on November 30, 1993.

Choose your world and take aim! Kirby will be launched into the fast-paced danger of uncharted worlds, but you can help him face his foes head on. It's a pinball race to check out each new world's surprise enemies and pitfalls. Flip Kirby in battles against lethal eyeballs, a shooting tree and mace-swinging maniacs. Take aim and leap to new worlds!"
"Kirby's Star Stacker","","PAL","","Nintendo","HAL Laboratory","1997-04-01","2","No","Puzzle","Not Rated","No overview is currently available for this title, please feel free to add one."
"KirbyNightmare","Kirby'snightmare","NTSC","United States of America","","","2024-11-06","1","No","Shooter","Not Rated","Kirby embarks on a shoot em up adventure across five deadly stages. Only one life makes this short game a grueling challenge which will keep you coming back for one more try!

Length: 5-15 minutes"
"Kitchen Panic","キッチン パニック","NTSC-J","Japan","Coconuts Japan Entertainment Co., Ltd.","Bits Laboratory","1991-05-10","1","No","Action","Not Rated","Kitchen Panic is an Action game, developed by Bits Laboratory and published by Coconuts Japan, which was released in Japan in 1991."
"Kizuchida Quiz da Gen-San Da!","Kizuchi da Quiz da Gen-san da! | 木づちだ クイズだ 源さんだ！！","NTSC-J","Japan","Irem Corp.","Irem Corp.","1992-12-18","1","No","Puzzle","Not Rated","A quiz game starring the protagonist of the Hammerin' Harry/Gen-San games."
"Klax","","Region Not Set","","Hudson Entertainment, Inc.","Tengen","1991-07-01","","No","Puzzle","","KLAX - It's simple in concept and easy to play. Catch the colored tiles with the paddle and flip them into bins to make same colored stacks, diagonals and rows of three. Sounds easy? It is. The hard part is pulling yourself away from this fun and addictive game!"
"Knight Quest","","Region Not Set","","Taito Corporation","Lenar","1992-07-01","1","No","Role-Playing","","Sir Will accepts a series of bold quests to defend his land. Battling dread beasts and wizards most foul, the brave Knight shall face his greatest fears - and his finest hours."
"Koi wa Kakehiki","Love and Peace | 恋は駆け引き","NTSC-J","Japan","Pony Canyon, Inc.","Graphic Research Co., Ltd.","1991-07-21","1","No","Puzzle","Not Rated","Connect lovers on a path and keep the rivals away in this puzzle game."
"Konami GB Collection Vol. 1","コナミＧＢコレクション ＶＯＬ．１","NTSC-J","Japan","Konami","Konami","1997-01-01","1","No","Action | Adventure | Racing | Shooter","Not Rated","Games included:

- Gradius (originally released as Nemesis)
- Dracula Densetsu / Castlevania: The Adventure
- Konami Racing (originally released as F1 Spirit)
- Contra / Probotector (released in North America as Operation C)"
"Konami GB Collection Vol. 2","コナミ ＧＢ コレクション ＶＯＬ．２","NTSC-J","Japan","Konami","Konami","1997-01-01","1","No","Adventure | Racing","Not Rated","Games includes:

- Twinbee Da!! / Pop n' TwinBee
- Ganbare Goemon: Sarawareta Ebisumaru! / Mystical Ninja Starring Goemon
- Motocross Maniacs
- Guttang Gottong (originally released outside Japan as Loco-Motion)"
"Konami GB Collection Vol. 3","コナミ ＧＢ コレクション ＶＯＬ．３","NTSC-J","Japan","Konami","Konami","1998-01-01","1","No","Action | Adventure | Shooter | Platform","Not Rated","Games included:

- Gradius II: The Return of the Hero (originally released in Japan as Nemesis II, Nemesis II: The Return of the Hero in Europe, and Gradius: The Interstellar Assault in North America)
- Dracula Densetsu II / Castlevania II: Belmont's Revenge
- Yie Ar Kung-Fu
- Kekkyoku Nankyoku Daib?ken / Antarctic Adventure"
"Konami GB Collection Vol. 4","コナミＧＢコレクション ＶＯＬ．４","NTSC-J","Japan","Konami","Konami","1998-01-01","1","No","Action | Adventure | Shooter","Not Rated","Games included:

- Parodius Da! / Parodius
- Quarth / Block Game
- Konamic Sports / Track & Field (originally released in Japan as Konamic Sports in Barcelona)
- Frogger"
"Konamic Ice Hockey","Blades of Steel | コナミック アイスホッケー","NTSC-J","","Nintendo","Konami","1987-01-01","2","No","Sports","E - Everyone","At the beginning of the game, players can select either ""Exhibition"" or ""Tournament"" matches. An exhibition match is just one game played against either the computer or another player. Tournament matches are similar to the NHL playoffs. It starts out as one team of the player's choice going against other teams in a playoff style tournament. The team that is successful in beating all of the opposing teams is awarded the Cup.[2]

Fighting in the game is initiated whenever two players bump into each other three times in a row without hitting another player. The two players will stop skating and engage in pre-fight confrontation where they are able to exchange punches if they choose. If one player is able to rapidly punch their opponent during the pre-fight there is a chance they will knock their opponent down and neither player suffers a penalty. If mutual punches are thrown during the pre-fight sequence, then a voice yells ""fight"", the fight screen appears, and the gamers take control of their players. During the fight a player can punch high, punch low, block high, or block low and is given a health bar of five hits. The loser is the first person to get hit five times, is given the penalty, and sent to the penalty box (the winner is not punished), creating a power play opportunity of 5-on-4 skaters. Up to four players can be penalized, for a maximum of a 5-on-1 advantage. If a fight occurs close to one of the nets, the referee may break up the fight and call a ""penalty shot"".

During the second intermission, either a playable mini-game will appear for Player One to play or a Konami ad will appear featuring a bear shooting the puck into a net mouthing the words ""Nice Shot!"" The mini-game is actually an advertisement for Contra and other Konami games, in which (at one point) a little spaceship is trying to destroy a much larger spaceship, this being a reference to Gradius.

If the score is tied at the end of the game, a shoot out (similar to a penalty shot) is used to determine the winner. Each team gets five shots. The team with the most goals after five shots is the winner. If, after that, the game is still tied, each team keeps getting one more shot until a winner is determined.

There are a total of eight teams (four from Canada and four from the United States), each one representing a city that housed a NHL team at the time of development. The four Canadian cities are Toronto, Vancouver, Montreal, and Edmonton. The four American teams are from New York, Chicago, Los Angeles and Minnesota. Teams are depicted with jerseys that vary in color.

This game also features distinct voice samples, which were rare at the time in NES games. Most notably, the voice says ""Blades of Steel!"" on the title screen, ""FACEOFF!"" before each faceoff, ""FIGHT!"" when a fight breaks out, ""Get the pass"" after a successful pass is made, ""Penalty Shot,"" and an ""Aaahhh!"" made by the losing player after a fight, or when a player skates into a goalie. The NES passing sound bite is garbled and has been interpreted as ""With the pass"", ""It's a pass"", etc. but the arcade passing bite is clearly audible and confirms the phrase as ""Get the pass"". The arcade version has a greater variety of sound bites and commentary owing to the hardware's better speech faculties and extra memory.

Blades of Steel differs from the professional game in the NHL in the late 1980s in that it has no offside rule, and its interpretation of penalties is somewhat unusual.[citation needed] The game's officials only call two penalties. Players who lose a fistfight are penalized for two minutes, an abstract reworking of the five-minute offsetting majors normally assigned in the event of a fight. Should a fight break out in front of one team's net, then the player on offense gets a penalty shot.[citation needed] The penalty shot is administered in the style of a soccer penalty shot, in that the shooting player must stand on the blue line, instead of moving towards the goaltender. The game also recognizes icing infractions, with an appropriate game reset and faceoff in the liable team's zone"
"Koro Dice","ころ ダイス","NTSC-J","Japan","King Records","A-Wave","1990-12-07","2","No","Puzzle","Not Rated","Roll a die through a maze of obstacles in this puzzle game.  You have to reach the exit with the correct side facing up."
"Koukou Nyuushideru Jun: Chuugaku Eijukugo 350","高校入試 でる順 中学英熟語 ３５０","NTSC-J","Japan","Imagineer Co., Ltd.","C-Lab","1997-07-25","1","No","Strategy | Education | Productivity | Quiz","Not Rated","Koukou Nyuushideru Jun: Chuugaku Eijukugo 350 is a Miscellaneous game, developed by C-Lab and published by Imagineer, which was released in Japan in 1997."
"Koukou Nyuushideru Jun: Chuugaku Eitango 1700","高校入試 でる順 中学英単語 １７００","NTSC-J","Japan","Imagineer Co., Ltd.","C-Lab","1997-06-27","1","No","Strategy | Education | Productivity | Quiz","Not Rated","Koukou Nyuushideru Jun: Chuugaku Eitango 1700 is a Miscellaneous game, developed by C-Lab and published by Imagineer, which was released in Japan in 1997."
"Krusty's Fun House","","Region Not Set","","Acclaim Entertainment, Inc.","Audiogenic Software Ltd.","1993-01-01","1","No","Puzzle","Not Rated","Hey, kids! Give a hoot! Help out your old pal Krusty the Clown! My official Krusty's Fun House is infested with rats! There are over 60 levels in this game, and they're all crawling with the little varmints! I've got my loyal cadets, Bart and Homer Simpson, Sideshow Mel, and Corporal Punishment to guard the rat traps, but I need you to lead the filthy rodents into those traps! Then we blow 'em up! We incinerate 'em! We laser-blast 'em! We electrocute 'em! We Krusterize the little stinkers! Hoo boy! Did I mention the snakes, aliens and flying pigs? Well, watch out for those riffraff! If you can't Krusterize 'em, at least avoid 'em... they're worse than the #@!*%! rats! Making Krusty's Fun House vermin-free is not a pretty task, kiddy cadets - but someone's gotta do it!"
"Kudzu","","Other","United States of America","mega cat studios","","2024-01-05","1","No","Action | Puzzle","Not Rated","Zoen, a master gardener and your mentor, has wandered into the fast-growing kudzu field and mysteriously disappeared. It is up to you and your arsenal of gardening tools - such as a rake, hoe, and machete - to hack your way through the overgrowth and bring Zoen back.

Kudzu is a non-linear adventure game about a man trying to save his mentor from a world-eating plant. Play as Max, the apprentice gardener, who discovers that his mentor, Zoen, has mysteriously wandered into the nearby kudzu (a group of coiling and climbing perennial vines) field. Dangerous creatures await including snakes, bugs, angry flowers, and numerous other hazards!"
"Kung Fu Master","Spartan X","PAL","","Irem Corp.","Irem Corp.","1991-02-08","1","No","Action","Not Rated","Leap into Action!

Trouble's brewing under the blistering desert sun. The arch-fiend Daddy Long Legs and his army of Ninja Mercenaries, Kung Phooeys, and other bandits are cooking up something evil in their Pyramid-shaped factories and not telling anyone about it. Bruce Leap, Kung-Fu Master and part-time camel racer, must once again jump into the fry and set things straight. Leap has no need for guns, his hands and feet are themselves lethal weapons."
"Kuusou Kagaku Sekai Gulliver Boy: Kuusou Kagaku Puzzle - Puritto Pon","空想科学世界ガリバーボーイ ～空想科学ﾊﾟｽﾞﾙ ﾌﾟﾘｯとﾎﾟﾝ～","NTSC-J","Japan","Bandai Co., Ltd.","Bandai Co., Ltd.","1995-04-28","1","No","Puzzle","Not Rated","A puzzle game adaptation of the Gulliver Boy anime series for the Game Boy."
"Kwirk","Kwirk - He's A-Maze-Ing!","Region Not Set","","","","1990-03-01","2","No","Action | Puzzle","Not Rated","Kwirk has three game modes: Going Up?, Heading Out?, and Vs. Mode, each one with its own set of rules. The object is to get from one end of the room to the staircase on the other by rotating turnstiles, moving blocks, and filling holes with blocks.

Kwirk has three skill levels: Level 1 - Easy, Level 2 - Average and Level 3 - Hard. After, one of two viewpoints may be selected: Diagonal or Bird's Eye. In Diagonal view, characters and blocks have shadows and appear in crude 3D, whereas in Bird's Eye view everything is 2D, viewed from the top down. The three skill levels and two viewpoints are featured in all three game modes."
"La Familia NAO","","Other","","","","2023-11-05","1","No","Adventure","Not Rated","One day, in a country called ""Crescent Island"", a girl named NAOMI visits the hospital to see her poor, twin brother, NAOTO. He has an unknown disease called the ""AKU AKU DISEASE"". (AKU means bad in Japanese.) However, NAOTO's not the only one. Every patient in the hospital is suffering from the same illness. So, NAOMI went and asks DR. MEDICOLE to help her twin brother. And the other patients too."
"La lellenda de la cerda","","PAL","Spain","Nintendo","Nintendo","1999-02-01","1","No","Adventure","AO - Adult Only 18+","La Lellenda de la Cerda es un rom hack humorístico de estilo paródico que modifica un clásico juego de aventuras para contar una historia completamente absurda y llena de referencias de la cultura popular española. El jugador controla a la Cerda, una heroína improbable que debe recorrer un mundo lleno de enemigos ridículos, diálogos satíricos y situaciones exageradas.

Con gráficos editados, nuevos personajes, cambios en el mapa y un tono desenfadado, el juego combina exploración y humor irreverente para ofrecer una experiencia única pensada para fans de los hacks creativos y las parodias de videojuegos retro."
"Lamborghini American Challenge","","Region Not Set","","Titus Interactive, S.A..","Titus","1994-05-01","","No","Racing","","Lamborghini American Challenge is a Racing game, developed and published by Titus Software, which was released in Europe in 1993."
"Laser Squad Alter","","NTSC","","","","2022-02-15","1","No","Strategy","Not Rated","Laser Squad is a turn-based tactics war game where the player completes objectives. The Gameboy version is similar to the original game only in terms of track and characters, a completely rethought version where our mission is to kill 12 enemy forces. You can choose from two levels and both have the same task."
"Last Action Hero","","Region Not Set","","Sony Imagesoft","Bits Studios","1993-10-01","1","No","Action","","Last Action Hero blasts you out of the real world - onto the silver screen - and back again, in a non-stop action-adventure based on the epic fantasy feature starring Arnold Schwarzenegger. As movie hero Jack Slater, you'll team up with your biggest fan, Danny Madigan, who's got a magic movie ticket that's the ticket to serious trouble. Leaping between both the movie world and the real world with this magic ticket, you'll get into wild chases and deadly fights with the most dangerous criminals imaginable. Last Action Hero delivers all the excitement of the Schwarzenegger film with just one difference... you're the star! But this time, you must ultimately defeat the arch henchman Benedict to ensure a happy ending."
"Lazlos' Leap","","Region Not Set","","DTMC, Inc.","Hect","1992-10-01","","No","Puzzle","","Lazlos' Leap is a Puzzle game, developed and published by Hect, which was released in 1992."
"Lee Carvallo's Putting Challenge 2","","Other","","itch corp","","2024-02-11","1","No","Adventure | Puzzle | Unofficial","Not Rated","Hi-D-Ho Gamerinos!  

André & Wally Productions present Lee Carvallo's Putting Challenge 2, a sequel to the wholly unsuccessful, critically panned golfing simulator released back in 1995. 

In this Point & Click Adventure, you play as Lee Carvallo. Puzzle your way through a series of events in his life. Sleep where he sleeps, eat what he eats, golf where he golfs!"
"Legend of the Mana Sword","Legend of the Mana Sword (vDuke 2024-03-29) | Legend of the Mana Sword (vAmanda 2024-03-29)","Other","","","","2024-03-29","1","No","Action | Role-Playing | Education","Not Rated","Legend of the Mana Sword focuses on making the first game of the Mana series both a better experience for first time players, and more fun for returning players.

If you’ve never played a Mana game before, Legend of the Mana Sword is a good place to start your adventure.

If you’ve already played later Mana games, it will be familiar yet new.

If you’ve previously played the original (whether it was called Final Fantasy Adventure, Mystic Quest, or Seiken Densetsu) then Legend of the Mana Sword helps the game you remember better live up to its true potential.

Choose one of the two included patches. Your choice mainly affects your main character.

Features include:

New title and title screen.
Super Game Boy border adapted from orioto’s Vision of a Tree.
Two choices for the main character.
Gameplay bug fixes including the infamous Heal bug.
Script improvements inspired by the original Japanese script and the lore of later Mana games.
Hints improved for some of the more baffling puzzles.
Small graphics tweaks.
“Lazy DX” enhancements.
Bug fixes and improvements throughout."
"Legend of the River King GB","","Region Not Set","","Natsume","Tose","1998-08-01","1","No","Sports","E - Everyone","You'll need all your angling and survival skills to succeed in this unique fishing RPG. On a perilous quest to capture a mysterious and mystical fish, you'll deploy a variety of tackle in both quiet lakes and raging rapids. Along the shores, dangerous animals are a constant threat. To get supplies, you'll sell some of your catch at village markets. You can also try your hand at raising a pet fish from embryo to adult and watch as it grows and even changes species!"
"Legend: Ashita e no Tsubasa","LEGEND ・ 明日への翼 ・","NTSC-J","Japan","Quest Corporation","Quest","1991-05-31","1","No","Role-Playing","Not Rated","Legend: Ashita e no Tsubasa is a Role-Playing game, published by Quest, which was released in Japan in 1991."
"Legion of Evil","","NTSC","United States of America","Limited Run Games","","2024-09-10","1","No","Action","M - Mature 17+","A young warlock's apprentice is lucky to survive the magical accident of his of doing.

A Newt's eye looks so similar to a toad's one! It was a simple mistake with grave consequences!

Being transported to infinite plains stretching across the totality of a previously unknown realm is no joke! These lands are home to hordes of bizarre, hostile creatures.

The hero has very little with him but his training and his courage. Will he find a way home, or will he be dinner?"
"Lemmings","","Region Not Set","","Ocean Software Ltd.","DMA Design Limited","1994-08-01","1","No","Puzzle","E - Everyone","A unique mind-boggling game of multiple skill levels. Take command of the wackiest collection of misdirected rodents ever seen on your screen. Featuring fantastically animated graphics and simple yet addictive gameplay."
"Lemmings 2: The Tribes","","Region Not Set","","Psygnosis Limited","Spidersoft","1994-02-09","1","No","Puzzle","","A whole new world! Those lovable green-haired Lemmings are back with a whole new bunch of skills, levels and mayhem to challenge your dexterity and tax your wits. You've gotta save those goofy critters. The Lemmings have split into 12 different tribes and are spread all over Lemming Island. It's up to you to lead them on. With your brains and their magic, you'll be unstoppable as you blaze through tons of awesome puzzles! Take the adventure to a higher level and reunite The Tribes!"
"Leo Legend","","NTSC","","","","2023-06-01","1","No","Sports","E - Everyone","Leo Legend is the first game from GreenBoy Games.

As noted by the developer, Leo Legend is a very simple game, which they consider to be more of a collectible item than a game for players.

You are put in the role of a player who must shoot and save penalties in a one-on-one match against the CPU. The objective is to score five goals to win."
"les Schtroumpfs: Autour Du Monde","The Smurfs Travel The World","PAL","France","Infogrames Entertainment","Virtual Studio","1996-01-01","1","No","Platform","E - Everyone","Night falls at the Smurf Village. Inquisitive Smurf brings Smurfette along to Papa Smurf's laboratory to see the Magic Crystal that allows them to travel to anywhere in the world, but suddenly Smurfette breaks it, and they are gone! Now they must face the challenges in all continents in order to retrieve all shards of the Crystal and return home. (In the Master System and the portable versions of this game, there is also the additional task of cleaning the various regions of the world that the two Smurfs visit of its pollution.)"
"Let It Die","","NTSC","","","","2024-06-06","1","No","Adventure","M - Mature 17+","Working for survival, but that's not enough, not for capitalism.

Let It Die is a small point-and-click adventure game that puts you in the shoes of Laura, an intergalactic delivery person who has been sent on a rather peculiar mission by her company. Unravel this mystery and survive, or not."
"Lethal Weapon","","Region Not Set","","Ocean Software Ltd.","Eurocom Entertainment Software","1993-04-01","","No","Platform","","Lethal Weapon is an Action game, developed by Eurocom Entertainment Software and published by Ocean, which was released in 1993."
"Life's Too Short GB","","NTSC","","","","2023-08-10","1","No","Adventure | Puzzle","Not Rated","In Life's Too Short GB, you take on the role of a celestial problem-solver as you're tasked with repairing a rift between two vampires who have dramatically fallen out and confined themselves to their respective coffins...

You'll need to explore the mansion, meet various spooky characters and solve simple puzzles in order to put the mansion back together and mend the rift in the vampires' relationship!"
"Light Boy Game","","NTSC","","","","2021-09-29","1","No","Platform","Not Rated","The world was invaded by the darkness that robbed humans of their bodies. In a past life Wigyu was a child who fell through the rift that opened up when the earth broke after the cataclysm. Among wandering souls in the depths of what is left of the world Wigyu will have to find the last remnants of light."
"Lightseeker","","Other","","","","2023-09-14","1","No","Action","Not Rated","An ancient thing awoke in the north. Wherever his shadow fell... the skies grew dark.

And the world burned.

Survivors took refuge in the dungeons, vast ruins deep beneath the earth. Some of them dare to wander the dark in search of long, forgotten light.

Venture inside a dark dungeon full of horrors, deep beneath a ruined world. Each room you will hunger, but each killing give you rations to fend off starvation or buy stronger weapons.

Here in the Abyss your armor is your life. Find stronger armors to survive further in the dark halls, or just delay the inevitable death. And heed my words, you will die. But with each death you will keep your loot to face the creatures stronger."
"Lingo","","Region Not Set","","Altron Corporation","PCSL","1994-01-01","1","No","Puzzle","","Lingo is a Miscellaneous game, developed by PCSL and published by Altron, which was released in Europe in 1994."
"Little Indian in Big City","","Region Not Set","","Nintendo","Nintendo","1996-01-01","1","No","Action","","A 2D scroller where you play an Indian who avoids obstacles and kills enemies as you travel from the forest to the city."
"Little Master 2: Raikou no Kishi","","PAL","","Tokuma Shoten Publishing Co., Ltd.","Zener Works","0007-02-03","1","No","Strategy","E - Everyone","Little Master 2: Raikou no Kishi is a Strategy game, developed by Zener Works and published by Tokuma Shoten, which was released in Japan in 1992."
"Lock 'N' Chase","","NTSC","","Data East Corporation","Data East Corporation","1990-07-01","1","No","Action | Adventure | Puzzle","Not Rated","There's money to be had, and it's waiting to be nabbed. Be an ace in Lock'N Chase.

This classic arcade game invites you to play as a thief who's trying to score big by collecting his weight in gold. Duck in and out of alleys while scooping up coins along the way. Maybe you'll get lucky and find some extra treasure. But being on the wrong side of the law is never easy, as the police are hot on your tail. If you think they're coming too close, try using a sliding door or power-up items to block their chase.

Think you can make a clean getaway? Test your skills in Lock'N Chase."
"Looney Tunes","","Region Not Set","","Sun Corporation","Sunsoft","1992-10-01","","No","Action","","This side-scrolling game allows the player to control different Looney Tunes characters and their different abilities to advance through the levels, seven in all. The player can use Daffy Duck (throwing a frisbee to defeat enemies with Mario-style gameplay), Tweety Bird (elude Sylvester throughout the level), Porky Pig (control a bi-plane to shoot down enemies), Taz (really only a bonus game in which he has to collect as many steaks as possible in 60 seconds), Speedy Gonzalez (elude ghosts and ghouls in a haunted mansion), Roadrunner (of course running from his arch enemy, Wile E. Coyote) and finally Bugs Bunny (gameplay similar to Daffy)."
"Looney Tunes 2: Tasmanian Devil in Island Chase","Looney Tunes 2 - Tasmanian Devil in Island Chase ~ Taz-Mania","PAL","","Bandai Co., Ltd.","Sunsoft","1994-10-12","1","No","Platform","E - Everyone","The Tasmanian Devil has busted out of the Acme Zoo on an island-hopping mission to find a safe place to live. Big game hunters want to grab the spinning devil and put him behind bars. It's up to you to keep Taz from becoming a permanent display!
Leap, bounce and spin through five gigantic islands-each with devilish traps and hidden dangers for Taz to survive. Guide him through monster-infested swamps and sticky pools of quicksand on islands scattered across the South Pacific. Taz-Mania'll keep you spinning!

Blast through the tropics with the tornado spin and knock off enemies right off the screen!Squash enemies with a ""Taz Stomp"" to temporarily stun them!Ride on a wild rollercoaster and a haunted mine car!Make it to Dodo Island to face off against diabolical dinosaurs!Big Hat Hunter wants the ultimate prize-Taz in his collection!"
"LoopZ","","Region Not Set","","Mindscape, Inc.","Argonaut Games","1991-03-01","","No","Puzzle","","It couldn't be simpler. You get pieces of different sizes and shapes. One by one you put them down on the playing board - soon you've made your first loop. Yeaaaah! Now it's not so easy. This time you didn't get the pieces you wanted. Never mind - just start another loop. All of a sudden the board's getting just a little too crowded. Now you're struggling to find a place to drop the pieces (who cares where they go, you can't afford to let the timer run down because you'll lose a life). Now it's getting really hectic. Did you honestly think this game was simple (and this is just the first level of Game A). Pretty soon you'll be dreaming about LOOPZ. Wondering if next time you'll be able to make a longer loop than ever before - or more loops than your record. Will LOOPZ drive you crazy? You bet!"
"Lost in the City","","Other","","","","2026-02-28","1","No","Adventure","Not Rated","Lost in the City is the bigger, bolder sequel to Lost in the Woods, bringing back the same lovable bunny in an all-new urban adventure.

After finally escaping the woods, you think you’re heading home… until your car breaks down on the edge of a sprawling city. Stranded once again, there’s only one thing to do: help everyone.

Explore rooftops, parks, shops, and hidden corners of the city as you jump, climb, and platform your way through a world packed with personality. Take on quirky quests from oddball city folk, uncover secrets tucked between buildings, and slowly piece together a way out — one good deed at a time.

With expanded levels, more quests, and tighter platforming, Lost in the City builds on  the original while introducing a livelier, more complex world to get lost in.

You escaped the woods…
Now try surviving the city.

Suitable for all ages.

Playtime 20 - 30 mins."
"Lost in the Woods","","NTSC","","","","2025-10-19","1","No","Adventure | Platform","Not Rated","You’re a little bunny who’s, you guessed it, totally lost in the woods! To get home, you’ll need to lend a paw to the friendly woodland critters who call this forest home. From greedy frogs to suspicious cats, every creature has a story, and a problem only you can solve.

Explore a vibrant pixel-art forest filled with wonder. Make your way through platforming challenges. With elements of 2D top down, Platforming and point and click.

Wholesome, quirky, and full of charm, Lost in the Woods brings back the retro magic of classic handheld adventures — where exploration meets heart.

Will you help everyone… or stay lost forever?"
"lost knight","","Other","","","","1970-01-01","1","No","Adventure","Not Rated","The Knight went into the wilderness searching for adventures, but got lost. Now he is trying to get back home. Will he be able to do it?

You are in control of the knight, he is lost, and now he needs your help. You have to tell him in which direction to go, so he can get out of this labyrinth. But beware the enemies and traps! Maybe some equipment might help."
"Lost Terminal","","PAL","United Kingdom of Great Britain and Northern Ireland","PixelHeart","PixelHeart","2024-08-01","1","No","Action | Platform","E - Everyone","Lost terminal is our first Game Boy compatible game created by Maxime Schutz in partnership with JoshProd. Discover this runner-like platform game where you will cross different maps to go through the story. Story: There are some cogs that must always work, at the risk of seeing the world fall apart. Today, it’s the Underworld […]"
"LSDJ","Little Sound DJ","NTSC","United States of America","","","2000-01-01","1","No","Music","Not Rated","Little Sound Dj is a Game Boy music sequencer used by video game musicians, Grammy winners, and chiptune virtuosos over the world. It is regularly praised for being intuitive, fast and fun."
"Lucky Luke","","Region Not Set","","Infogrames Entertainment","Bit Managers","1996-01-01","1","No","Platform","","Lucky Luke is an Action game, developed by Bit Managers and published by Infogrames, which was released in Europe in 1996."
"Lucle","","Region Not Set","","In-house","Vic Tokai","1994-01-01","1","No","Puzzle","","Lucle is a Puzzle game, developed and published by Vic Tokai, which was released in Japan in 1994."
"Ludare OS - Triple Dare Edition","","NTSC","","","","2022-04-16","1","No","Puzzle","Not Rated","Ludare OS is the latest, greatest, and safest OS available for the Nintendo Game Boy.

On the extreme off chance malicious software is found, the most sophisticated artificial intelligence will be deployed to combat any data loss!*(*Actual A.I. ability fluctuates wildly)

This version is basically a puzzle game...hidden within a math game...hidden within a short point and click narrative."
"Lumberjack","","Other","","HomeBrew Software","","2017-10-21","1","No","Action | Adventure | Unofficial","Not Rated","Lumberjack is a small, arcade style version of Amiga and C64 mini game, both based on Timberman available on mobile and PC. Chop down a tree, collect points before time runs out and avoid getting knocked out by the branches and evil owl.

Controls are easy to master. On real hardware use left on the d-pad and A button to chop from the left or right side."
"Lunar Journey","","Other","","","","2019-10-01","1","No","Adventure","Not Rated","Get ready for an out-of-this-world adventure with Lunar Journey, the latest release from Green Boy Games. In this game, you play as an astronaut on a mission to collect six vital minerals on the moon. However, the moon is not as deserted as you may have thought. Aliens are everywhere, and you'll need to interact with them in order to accomplish your mission. With a vast world to explore, Lunar Journey promises hours of exciting gameplay as you meet different kinds of aliens, some friendly, some not so much."
"Lunar Lancer","","NTSC","","","","2024-10-06","1","No","Shooter","Not Rated","LUNAR LANCER is a shoot 'em up for the Nintendo Game Boy, released in 2024 to celebrate the console's 35th anniversary. The game is available as a free downloadable ROM.

The gameplay is pretty intuitive. The only thing you need to know is how power-ups work: Collecting a power-up replenishes the weapon energy at the bottom of the screen. Press ""A"" to use your upgraded weapon (and deplete your weapon energy). Pressing ""B"" will always use your standard weapon, allowing you to save weapon energy."
"Lunar Lander","ルナ ランダー","NTSC-J","Japan","Pack-In-Video Co., Ltd","Pack-In-Video Co., Ltd","1990-09-21","1","No","Action","Not Rated","Lunar Lander is an Action game, published by Pack-In-Video, which was released in Japan in 1990."
"Mach Go Go Go","","NTSC-J","Japan","Tomy","Tose","1998-08-08","1","No","Racing","E - Everyone","Mach Go Go Go is a Racing game, developed by TOSE and published by Tomy Corporation, which was released in Japan in 1997."
"Mad Magazine's Official Spy vs. Spy","Mad Magazine's Official Spy vs. Spy","Region Not Set","","Kemco","First Star Software","1992-09-01","2","No","Action","Not Rated","Players take on the role of a spy in white (or black), and go on a mission to go to four different locations and collect 4 items: a CD, passport, key and a sum of cash (and a brief-case to contain these things). But there's a snatch, another spy is also on the same mission. Players have to sweep him out of their way and collect the items before he does!"
"Madden 95","Madden NFL 95","Region Not Set","","EA Sports | 																Malibu Interactive","Halestorm","1994-11-01","1","No","Sports","","The first to be released to a handheld, being released for the first time to both the Game Boy and Sega Game Gear."
"Madden 96","Madden NFL '96","Region Not Set","","Black Pearl Software","Halestorm","1995-10-01","1","No","Sports","","All 30 NFL teams, including Jacksonville and Carolina. Hidden codes reveal secret teams and players. Create Player Combine Scouting - Game within the game. All-new 3-D rendered graphics and animations: over-the-top dives, kneeling catches, logos in the end zone, clothesline tackles, left-handed QB/kickers. General Manager feature - trade and sign players. Over 20 new offensive and defensive plays. Full season with Playoffs and Super Bowl."
"Madden 97","Madden NFL '97","Region Not Set","","Black Pearl Software","Tiertex Design Studios","1996-11-01","1","No","Sports","","NFL Football--MADDEN STYLE! 
 Full NFL SEASON, playoffs, Super Bowl, and Pro Bowl 
 TV-STYLE PRESENTATION -- Live commentary with Madden and Summerall, plus James Brown in the studio 
 Over 100 NFL TEAMS 
 NFL PLAYER rosters 
 CREATE and TRADE players 
 Over 500 MADDEN designed plays 31 3-D rendered NFL STADIUMS 
 Multiple CAMERA ANGLES 
 10 real NFL PENALTIES 
 Player and team season STATS tracked in over 60 catergories"
"Magic Knight Rayearth 2nd: The Missing Colors (JPN)","Magic Knight Rayearth 2nd | 魔法騎士レイアース　２ｎｄ．～The Missing Colors～","NTSC-J","Japan","Tomy","Pandora Box","1995-10-27","1","No","Role-Playing","Not Rated","Mahou Kishi Rayearth 2nd: The Missing Colors is a Role-Playing game, developed by Pandora Box and published by Tomy Corporation, which was released in Japan in 1995."
"Magical * Taruruuto-kun","まじかるタルるートくん","NTSC-J","Japan","Bandai Co., Ltd.","Tose Co., Ltd.","1991-06-15","1","No","Platform","Not Rated","Fifth grader Edojou Honmaru is one of the most trodden-upon losers in his class, until he meets Magical Taluluto-kun. Taluluto's powers help him deal with all his hardships, such as girls, bullies, and numerous other challenges."
"Magical * Taruruuto-kun 2: Raiba Zone Panic!!","Magical * Taruruuto-kun 2 | まじかるタルるートくん ２ ライバーゾーンパニック！！","NTSC-J","Japan","Bandai Co., Ltd.","Tom Create","1992-07-10","1","No","Action","Not Rated","Magical * Taruruuto-kun 2: Raiba Zone Panic!! is an Action game, developed by Tom Create and published by Bandai, which was released in Japan in 1992."
"Magical Tower","","NTSC","China","Sachen","Sachen","1993-12-01","1","No","Action","Not Rated","Magical Tower is an Action game, developed and published by Sachen"
"Magnetic Soccer","","Region Not Set","","Nintendo","Nintendo","1992-01-01","2","No","Sports","","Each team has eight players (one goalkeeper, two attackers/defenders, and three midfielders). When the player moves a row, all of them are moved at once unlike on an actual table soccer set. Rows cannot be moved in an upward or a downward position; only from left to right. Stopping the ball and performing powerful shots is only one aspect of the game. Players can also incapacitate one of the opposing players on a well-timed shot. A tied game results in a penalty shootout.

Three different surfaces are available. Players can practice without a computer opponent and a spectator mode allows newcomers to see two computer-controller opponents face off."
"Mahou Kishi Rayearth","魔法騎士レイアース","NTSC-J","Japan","Tomy","Pandora Box","1995-01-02","1","No","Role-Playing","Not Rated","Mahou Kishi Rayearth is a Role-Playing game, developed by Pandora Box and published by Tomy Corporation"
"Mahoujin GuruGuru: Yuusha to Kukuri no Daibouken","魔法陣グルグル　～ 勇者とククリの大冒険 ～","NTSC-J","Japan","TAKARA Co., Ltd.","KID Corp.","1995-04-28","1","No","Role-Playing","Not Rated","No overview is currently available for this title, please feel free to add one."
"Mai Nurse","Mai Nurse (v1.01) (Homebrew)","Other","","","","2024-04-05","1","No","Puzzle","Not Rated","Help Mai get rid of viruses with pills, line up 4 slots of the same color horizontally or vertically to destroy them and progress through the levels in this classic puzzle game!"
"Maid's Crisis","","NTSC","","","","2025-06-23","1","No","Adventure","AO - Adult Only 18+","After a fun-filled night, Mimi the maid oversleeps the next day. Problem is that her master will come back soon and he won't be happy to see what she has done the last night. So, she has to quickly remove all traces of it before it is too late.

It doesn't help that someone has hid her clothes somewhere. Nor that Mimi is easily distracted and certain things might cause her to vividly remember the last night. Not a good thing, when you don't actually have time to do so."
"Makai Toushi SaGa","魔界塔士 Ｓａ・Ｇａ","NTSC-J","Japan","Squaresoft","Squaresoft","1989-12-15","1","No","Role-Playing","Not Rated","Standing in front of the tower, the hero and party learn that they cannot climb it to paradise without first unsealing its base door. In the base world, three kings named Armor, Sword, and Shield fight for dominance using a piece of legendary equipment corresponding to their names. Visiting King Armor, the party learns that he is in love with a girl who returns his feelings, but cannot marry him, as a bandit holds her village hostage in return for her love. They defeat the bandit, and the king gives them his armor in gratitude. King Sword attacks the heroes, who vanquish him and take the sword. Lastly, King Shield is murdered by his own steward, and after a short fight, the party recovers his shield. Restoring the items to a statue of a great hero, they receive the Black Sphere, but are attacked by Gen-bu, the first of four fiends controlled by Ashura. They defeat him and use the power of the Sphere to enter the tower.

They climb the tower and come to another door; inside lies a second world surrounded by large bodies of water. By navigating caves, they find a floating island which allows them to travel around the world by air. They locate an old man, Ryu-O, and solve his riddle to obtain the Airseed, allowing them to breathe underwater and enter the undersea palace. They encounter the second fiend, Sei-ryu; they defeat him and recover half of the second sphere. Upon returning to Ryu-O, he reveals himself to be the guardian of the other half of the sphere, and the two halves form the Blue Sphere.

Using the Blue Sphere to continue up the tower, the party comes to a world of clouds, dominated by Byak-ko and an army of thugs. They learn that Byak-ko recently wiped out an underground resistance movement, except for Millie and Jeanne, the two daughters of its leader. The party temporarily joins Byak-ko's gang to find the girls, and attempt to defend them until Millie betrays Jeanne and the party is captured. Breaking free, they confront the fiend, who tries to kill Millie; Jeanne takes the blow and the party engages the fiend. They defeat him, recover the White Sphere, and continue their journey.

The fourth world is a post-apocalyptic wasteland; Su-Zaku roams the surface defended by an impenetrable forcefield. The party retreats to an abandoned subway for refuge and meets Sayaka, who directs them to the nearest town. There the party is confronted by the leader of a biker gang, So-Cho, but his sister Sayaka intervenes and the two groups agree to work together to defeat Su-Zaku. As they gather the needed parts for a device to deactivate the forcefield, So-Cho sacrifices his life to guide the party through an atomic power plant. Beasts then ambush the town, and Su-Zaku kidnaps Sayaka. The party defeats Su-Zaku, earns the Red Sphere and travels on.

Climbing the tower, the party discovers the remains of a family that attempted to reach Paradise but failed, and a library suggesting Ashura is controlled by someone else. They encounter him at the top, guarding the final door; he offers each of them control of one of the worlds, but they refuse and defeat him. Before they can pass through the door, a trap drops them to the bottom floor. Encountering the allies they made along their journey, they decide to rescale the tower. As they climb stairs that wrap outside of the tower, they engage each of the fiends revived and defeat them. They find the Creator at the summit, and learn that the fiends and the tower itself are actually part of a game created by him to see heroes defeat evil; for succeeding they would be granted a wish as a reward. Angry at his manipulation, they reject the reward and challenge the Creator, who insists that because he created everything he was allowed to use them as he saw fit. They then attack and defeat the Creator in a fierce battle. The heroes then discover a door leading to an unknown location; they consider entering, but decide to return to their own world"
"Makai-Mura Gaiden: The Demon Darkness","魔界村外伝 The Demon Darkness | Gargoyle's Quest II: The Demon Darkness","NTSC-J","Japan","Capcom","Sun L","1993-04-16","1","No","Adventure | Platform","Not Rated","The Law of the Claw!

Before Man ruled the world there were the monsters of Etruria. One such beast Firebrand the Gargoyle. must act to
restore the magic that quickly fades from the Ghoul Realm. Join him on his perilous journey as he looks for the origin of a mysterious dark beam of light. 

This epic quest features a hero with leathery wings and the claws of a lion. Breathe fire at hideous creatures that hunger for your essence. Dodge magical assaults. deadly traps and cunning opponents that will stop at nothing to protect their ghastly secret! See if you have what it takes to solve riddles while battling for your very life!

Gargoyle's Quest II was ported to the Game Boy in 1993 in Japan only, under the name Makai-Mura Gaiden: The Demon Darkness (魔界村外伝 The Demon Darkness). This port was an enhanced version of the original title containing two new levels. It was scheduled to be released in North America in July 1993 but was later canceled."
"Malibu Beach Volleyball","","Region Not Set","","Activision","Tose Co., Ltd.","1990-03-01","1","No","Sports","","Welcome to Malibu: Volleyball capital of the world. This is where the best come to play--and show off their tans. If you want in, sign up. But keep your eyes on the ball...there'll be plenty of time for bikini-watching after the match!"
"Maniac on the Run!","","NTSC","","","","2016-11-02","1","No","Platform","Not Rated","Join Larry the Maniac as he goes on a 10 level rampage after escaping from the Mushroom Mental Facility! Journey alongside our anti-hero as thoughts of Mario slowly drive Larry mad, eventually taking over his entire perception of reality!

Hack of: Super Mario Land"
"Marble Madness","","Region Not Set","","Mindscape, Inc.","Tengen","1991-05-01","","No","Action","","It couldn't be simpler. You get pieces of different sizes and shapes. One by one you put them down on the playing board - soon you've made your first loop. Yeaaaah! Now it's not so easy. This time you didn't get the pieces you wanted. Never mind - just start another loop. All of a sudden the board's getting just a little too crowded. Now you're struggling to find a place to drop the pieces (who cares where they go, you can't afford to let the timer run down because you'll lose a life). Now it's getting really hectic. Did you honestly think this game was simple (and this is just the first level of Game A). Pretty soon you'll be dreaming about LOOPZ. Wondering if next time you'll be able to make a longer loop than ever before - or more loops than your record. Will LOOPZ drive you crazy? You bet!"
"Marchen Club","メルヘン倶楽部","NTSC-J","Japan","Naxat Soft","","1992-09-25","1","No","Strategy","Not Rated","Marchen Club is a Strategy game, published by Naxat Soft, which was released in Japan in 1992."
"Mario","","NTSC-U","United States of America","","","1970-01-01","1","No","Sandbox","E - Everyone","No overview is currently available for this title, please feel free to add one."
"Mario & Yoshi","Yoshi | Mario and Yoshi","PAL","","Nintendo","Game Freak","1991-12-14","1","No","Puzzle","E - Everyone","Yoshi, known as Mario & Yoshi in PAL regions, is a puzzle video game developed by Game Freak and published by Nintendo. It was released for the NES and Game Boy platforms. Both versions were first released simultaneously in Japan on December 14, 1991, and released in all other regions the following year."
"Mario no Picross","マリオのピクロス | Mario's Picross","NTSC-J","Japan","Nintendo","Jupiter Corporation","1995-03-14","1","No","Puzzle","E - Everyone","No overview is currently available for this title, please feel free to add one."
"Mario's Picross","","NTSC-U","United States of America","Nintendo of America, Inc.","Ape Studios | 																Jupiter Corporation","1995-03-16","1","No","Puzzle","E - Everyone","Mario's Picross is a 1995 Game Boy video game developed by Ape and Jupiter and released by Nintendo of America in the USA on March 16, 1995.

Help Mario unlock the mystery of Picross! The secrets lie in the numeric codes on the top and left side of the window. Deciper these numbers and uncover a hidden picture in each mind-bending puzzle!

Quick wits and a speedy pace are required to solve the clues before the clock runs out! Chisel away strategic boxes and reveal the hidden image in record time!

Be careful! Every mistake will cost precious minutes!"
"Mario's Picross X","","Other","","","","2018-08-08","1","No","Puzzle","Not Rated","Mario’s Picross X is a full hack of Mario’s Picross, with 256 new puzzles to solve.

All of the puzzle solutions in Mario’s Picross X are based on retro gaming sprites and images, containing characters such as Mario, Sonic, Kirby, Link and Jet Set Willy.

The package for this hack contains solutions for each of the puzzles, including references to the games/systems on which they are based.

Good luck!"
"Marmalade Boy","","NTSC-J","Japan","Bandai Co., Ltd.","Tom Create","1995-01-27","1","No","Strategy","E - Everyone","Marmalade Boy is a Strategy game, developed by Tom Create and published by Bandai, which was released in Japan in 1995."
"Marron's Day","","Other","","","","2024-11-28","1","No","Adventure | Puzzle","Not Rated","Save the town festival in Marron's Day, a silly pocket-sized adventure where you're a bunny! For Game Boy and PC.

Play as Marron, a young bunny, and help the cute animal friends in town so that they'll sign up for stalls at the town festival! Enjoy the cosy and retro pixel art graphics as you explore the town.

Features:

A top-down town to explore and adorable animal friends to help
Cosy minigames to go with a heartwarming story!
Cute pixel art and beepy chiptune music
Authentic retro gameplay - it can practically* run on the handheld game console of your childhood!"
"Maru's Mission","","Region Not Set","","Jaleco Ltd.","Tose Co., Ltd.","1991-03-01","","No","Platform","","The Master Traveler takes on the Monsters of the World.

Play as the ninja Maru in this action-packed side-scrolling game that will take you on a journey across the world. While Maru is out for a walk with his girlfriend Cori, an evil samurai named Muramasa suddenly appears and kidnaps her. In Maru's efforts to track her down and rescue her, he must face a number of mythological monsters while gaining new and powerful weapons in order to defeat them. Using the hints that are left behind by his enemies, Maru will follow a trail that will lead him across six different locations - including the bug-infested forests of America and the scorching deserts of Egypt. Help our hero on his mission as he fights to rescue Cori."
"Marzipan Beef Reverser","","Other","","itch corp","","2022-03-21","1","No","Action | Platform | Unofficial","Not Rated","Help Marzipan whip steaks back onto a horrifying skeletal bovine carcass in order to bring it back to life! But beware, -or should we say... beRARE- the steaks can also hurt you! A micro game to celebrate MAR21 (marzi) day!

Can you unlock the HIDDEN BOSS?!"
"Masakari Densetsu Kintarou: Action Hen","Masakari Densetsu | マサカリ伝説 ～ 金太郎アクション編","NTSC-J","Japan","Tonkin House","Tose","1992-08-07","1","No","Action","Not Rated","Masakari Densetsu: Kintarou Action-Hen is an Action game, developed by TOSE and published by Tonkin House, which was released in Japan in 1992."
"Master Karateka","マスター カラテカ","NTSC-J","Japan","Bandai Shinsei","Broderbund Software","1989-01-01","1","No","Action | Fighting","Not Rated","The player controls an unnamed protagonist who is attempting to rescue his love interest, the Princess Mariko, from Akuma's castle fortress. The game exhibits a combination of a side-scrolling platform and fighting game elements similar to a beat 'em up."
"Matchbox","","NTSC","","","","2023-10-20","1","No","Horror","Not Rated","Flame, breath. Wood and soil. Coffin simulator."
"Matthias Sammer Soccer","","Region Not Set","","Infogrames Entertainment","TOMY","1997-01-01","1","No","","E - Everyone","Matthias Sammer Soccer is a soccer game made for Germany.  The game features a field spread North to South where your player moves North and the opponent moves the ball South.  The game was released in Germany in 1997.

Goal!!!!!!"
"Maui Mallard in Cold Shadow","","NTSC-U","United States of America","Disney Interactive","Bonsai Entertainment Corp.","1998-08-01","1","No","Action | Platform","E - Everyone","When he morphs into a ninja, you better duck! Play as Maui. Play as the Ninja. Play as Maui. Play as the Ninja. Try not to get dizzy. Find the missing Shabuhm Shabuhm idol before your island paradise goes kaboom kaboom! 40 hours of intense gameplay. So pack plenty of attitude. And your bug gun. Come beak to beak with MudDrakes, Rotting Pirates, Duck Zombies, Amazon Warriors. And a bunch of fowl-tempered hangers-on. Laugh in the face of danger from the top of a volcano, the bottom of the sea, the Realm of the Dead, and Ninja Training Grounds. Then get the heck out! Live every level like it's your last - 'cuz it may be!"
"Max: Rubble Saver II","","Region Not Set","","Infogrames Entertainment","A-Wave","1992-01-01","1","No","Action","","Max (Rubble Saver II) is an Action game, developed by A-Wave, which was released in Japan in 1992."
"Mazekko Monster","超魔神英雄伝 ワタル まぜっこモンスター","NTSC-J","Japan","Banpresto Co., Ltd.","Alpha Unit","1997-12-12","1","No","Role-Playing","Not Rated","No overview is currently available for this title, please feel free to add one."
"Mazekko Monster 2","Chou Mashin Eiyuuden Wataru: Mazekko Monster 2","NTSC-J","Japan","Banpresto Co., Ltd.","Alpha Unit","1998-08-07","1","No","Adventure | Role-Playing","Not Rated","Chou Mashin Eiyuuden Wataru: Mazekko Monster 2 is a Role-Playing game, developed by Alpha Unit and published by Banpresto, which was released in Japan in 1998."
"McDonaldland","","Region Not Set","","","","1992-01-01","1","No","Platform","Not Rated","M.C. Kids is a 1992 platform game developed and published by Virgin Interactive. It was initially released for the Nintendo Entertainment System in February 1992 in North America, and by Ocean Software in May 1993 in Europe. As a licensed product for the McDonald's fast food franchise, the game occasionally features the various logos and characters from McDonald's restaurant signage and television advertisements, for the purposes of plot advancement and power-ups. It stars two children who venture into the fantasy world of McDonaldland in order to return Ronald McDonald's magical bag, which has been stolen by the Hamburglar.

M.C. Kids was also released for the Commodore 64, Amiga, Atari ST, and MS-DOS, though all of these home computer versions were only sold in Europe.[1] Additionally, a different version of the game was released for the Game Boy, as McDonaldland. This version was released outside of Europe as Spot: The Cool Adventure, themed upon the Cool Spot franchise. Virgin Interactive would release another game based on the McDonald's franchise for the Sega Mega Drive/Genesis called Global Gladiators that is more of a traditional side-scrolling action-adventure game."
"Medarot: Kabuto Version","メダロット（カブトバージョン）","NTSC-J","Japan","Imagineer Co., Ltd.","Natsume","1997-11-28","2","No","Role-Playing","E - Everyone","No overview is currently available for this title, please feel free to add one."
"Medarot: Kuwagata Version","メダロット（クワガタバージョン）","NTSC-J","Japan","Imagineer Co., Ltd.","Natsume","1997-11-28","2","No","Role-Playing","E - Everyone","No overview is currently available for this title, please feel free to add one."
"Mega Man II","","PAL","United Kingdom of Great Britain and Northern Ireland","Capcom | 																Nintendo","JSH","1992-07-31","1","No","Action | Platform","E - Everyone","The demented Dr. Wily is at it again! This time he's stolen the experimental Time Skimmer and skipped into the future. But Wait! Four of his strongest cyborgs have been left behind to squash the mighty Mega Man!"
"Mega Man III","","NTSC-U","United States of America","Capcom USA, Inc.","Minakuchi Engineering","1992-12-18","1","No","Platform","E - Everyone","Mega Man III is a 1992 Game Boy video game developed by Minakuchi Engineering and released by Capcom USA in the USA on December 18, 1992.

Battle at the Center of the Earth!

That sinister scientist Dr. Wily is at it again! Now, he and his renegade robots have purloined an off-shore oil rig and are drilling through the Earth's crust. It's up to Mega Man to shut down their scheme before Wily can harness the molten power of the Earth's core to fuel his latest metallic monstrosity!

Join Rush, Flip-Top and Mega Man as they battle wave after wave of mechanical maniacs as they search through Wily's fiendish fortress. Battle Snake Man, Spark Man, and six other robot masters as you near Wily's lair. Sneak inside and summon the power of the Mega Buster as you face the awesome power of Wily's ultimate creation!"
"Mega Man IV","","NTSC-U","United States of America","Capcom USA, Inc.","Minakuchi Engineering","1993-12-12","1","No","Platform","E - Everyone","Mega Man IV is a 1993 Game Boy video game developed by Minakuchi Engineering and released by Capcom USA in the USA on December 12, 1993.

A huge celebration at the World Robot Expo is shattered by the sight of a flying saucer streaking across the sky. But instead of holding little green men, this saucer holds one very mad scientist! Armed with a mind control machine that transmits a sinister signal. Dr. Wily is ready to mesmerize all the robots of the city into an army of mindless metallic mercenaries!

Battling the effects of Wily's mind control machine, Mega Man and his robotic reenforcements, Rush and Beat must blast to molten metal an army of foes led by eight of Wily's greatest robot masters! And should Mega Man survive, Dr. Wily is waiting to unleash the heavy artillery with his latest creation, the awesome Wily Tank!"
"Mega Man V","","NTSC-U","United States of America","Capcom USA, Inc.","Minakuchi Engineering","1994-09-10","1","No","Platform","E - Everyone","Mega Man V is a 1994 Game Boy video game developed by Minakuchi Engineering and released by Capcom USA in the USA on September 10, 1994.

They came from outer space!

From the cosmic reaches of outer space, comes mankind's greatest threat. Hordes of alien robots have swarmed down from the heavens all the Earth's weapons are powerless to stop their ravenous rampage. Now the only hope to stop these alien invaders lies with one man - Mega Man!

Blast off for new worlds of excitement as Mega Man launches an all-out attack on the alien armada! Rocket into battle and dodge the deadly rings of SATURN and face the molten menace of MERCURY! Search the galaxy for alien gems and construct the ultimate ""Mega Arm"" weapon and blast these invaders all the way back to Alpha Centauri!"
"Mega Man World V DX","Rock Man World V DX","Other","","","Capcom","2022-12-25","1","No","Action | Platform | Unofficial","E - Everyone","One of the most beloved (and overlooked) Mega Man games, can now be played in full color!"
"Mega Man World: Dr. Wily's Revenge GBC","","Other","","Capcom","Capcom","2023-01-26","1","No","Action | Platform | Unofficial","Not Rated","This is a GB to GBC conversion hack for Mega Man: Wily’s Revenge, the first in the Mega Man World series."
"Mega Man: Dr. Wily's Revenge","","NTSC-U","United States of America","Capcom USA, Inc.","Minakuchi Engineering","1991-12-06","1","No","Platform","E - Everyone","Mega Man: Dr. Wily's Revenge is a 1991 Game Boy video game developed by Minakuchi Engineering and released by Capcom USA in the USA on December 6, 1991.

They're alive, and ripping up the town! Insane industrial wizard Dr. Wily has revived 8 of his robot masters in another try at taking over the world. Dr. Wily's really raving this time. As you blaze and blast your way closer, he runs further into even nastier mazes, and hides behind terrifying tons of mechanized maniacs, including the all-new Mega Man Hunter! Yikes, Mega Man. This one's a close shave!"
"Megalit","","Region Not Set","","TAKARA Co., Ltd.","Takara","1992-08-16","","No","Puzzle","","When a wicked witch decides to rule the world with the power of her magic jewels, her terrifying plot leads her to kidnap elves, princesses, and even fairies. You're the brave warrior who's decided to save all the captured innocents, but the witch gets wind of your plan and turns you to stone. Now, your efforts turn to breaking the spell, which is going to require cracking the ancient puzzle of Megalit. If the princesses and magical beings stand any chance of making it out of the witch's clutches, you'd better solve the code quickly."
"Megami Tensei Gaiden - Last Bible","女神転生外伝 ラストバイブル | Megami Tensei Gaiden: Rasuto Baiburu","NTSC-J","Japan","Atlus Co., Ltd.","Multimedia Intelligence Transfer","1992-12-25","1","No","Role-Playing","Not Rated","No overview is currently available for this title, please feel free to add one."
"Meitantei Conan: Chika Yuuenchi Satsujin Jiken","Detective Conan: Chika Yuuenchi Satsujin Jiken | 名探偵コナン 地下遊園地殺人事件","NTSC-J","Japan","Bandai Co., Ltd.","Act Japan","1996-12-27","1","No","Adventure","Not Rated","No overview is currently available for this title, please feel free to add one."
"Meitantei Conan: Giwaku no Gouka Ressha","名探偵コナン 疑惑の豪華列車","NTSC-J","Japan","Bandai Co., Ltd.","Act Japan","1998-08-07","1","No","Adventure","Not Rated","No overview is currently available for this title, please feel free to add one."
"Melanie and the Magic Forest","Melanie and the Magic Forest (World) (v1.1) (GB Compatible) (Aftermarket) (Unl)","Other","","itch corp","","2022-04-19","1","No","Adventure | Unofficial","Not Rated","Melanie and the Magic Forest is a relaxing, no combat Game Boy adventure game filled with magic, quirky characters, and late 90's references. Explore the Magic Forest as Melanie and help your fellow residents. Grow some vegetables, make new friends, and most importantly - pet the dog!!"
"melon journey pocket","","Other","","","","1970-01-01","1","No","Adventure","Not Rated","Your journey begins one day when you and your friend decide to take a trip to Melon Forest You spend your time happily fishing and harvesting wild radishes, thinking fondly of the delicious dinner the two of you will soon have.

Just as your friend heads into the forest on a search for firewood, a vicious storm rolls in. After being separated, you spend the night alone, determined to find them in the morning.

You roam around, asking the citizens of Hog Town if they’ve seen your friend and unfortunately, you find out that in this world no information comes free."
"Mercenary Force","Tenjin Kaisen","Region Not Set","","Meldac","KAZe Co., Ltd.","1990-10-31","1","No","Shooter","E - Everyone","Over one hundred years ago during the mighty Shogun era, the Lord of Darkness sent his fearsome army to terrorize the Japanese countryside. Using the Dark Lord's powerful magic, his evil minions spread famine, plague, and pestilence wherever they went, leaving the peaceful population hopelessly oppressed. All who challenged the wicked Lord were mercilessly slain as a warning to all those who had any further thoughts of rebellion. Then one day while meditating, the great Shogun, Tokugawa, had a divine vision where he saw a small group of mighty warriors rise up to defeat the evil Lord. He immediately set out to recruit the five bravest and most skillful fighters in the land. After months of searching he was finally ready to put his dream into action. It was time to unleash the Mercenary Force."
"Metal Masters","","Region Not Set","","Electro-Brain","Bit Managers","1993-12-01","2","No","Fighting","","AT A TIME WHEN MACHINES ARE WORTH MORE THAN MAN

One man is worth more to humanity than any machine ever was. The evil Baron Harkan has long sought to dominate the world and now, with the political power he has gained through shrewd investments in the Metal Master Tournaments and the discovery of a Super Robot, his plans seem unstoppable. Only you, a novice Metal Master, sponsored by the League for Freedom can defeat Harkan's robot army and find the pieces to the Super Robot before he does. Or can you?"
"Metal Masters [Limited Run]","","NTSC","United States of America","Limited Run Games","Bit Managers","2022-02-14","2","No","Fighting","Not Rated","AT A TIME WHEN MACHINES ARE WORTH MORE THAN MAN

One man is worth more to humanity than any machine ever was. The evil Baron Harkan has long sought to dominate the world and now, with the political power he has gained through shrewd investments in the Metal Master Tournaments and the discovery of a Super Robot, his plans seem unstoppable. Only you, a novice Metal Master, sponsored by the League for Freedom can defeat Harkan's robot army and find the pieces to the Super Robot before he does. Or can you?

Originally published by Electro-Brain in 1993

Republished by Limited Run Games in 2021"
"Meteorite","","NTSC","","","","2022-09-22","1","No","Shooter","Not Rated","Your ship is lost in a meteorite field, your only hope is to blast them with your lasers. You can play in two different game styles. In hard mode: Steer your ship with the thrust button it will move in the direction it is pointing. But be careful! If your ship is standing diagonally, you can't fire."
"Metroid II: Distress Call","Metroid II - Distress Call","Other","","","","1970-01-01","1","No","Platform","Not Rated","No overview is currently available for this title, please feel free to add one."
"Metroid II: Return of Samus","メトロイドII RETURN OF SAMUS","NTSC-J","Japan","Nintendo","Nintendo R&D1","1992-01-21","1","No","Action | Adventure | Platform","Not Rated","Metroid II: Return of Samus is an action-adventure game developed and published by Nintendo for the Game Boy. The first Metroid game for a handheld game console. The game follows bounty hunter Samus Aran on her mission to eradicate the Metroids from their home planet, SR388, before the Space Pirates can obtain them. Players must find and exterminate the Metroids to progress."
"Metroid II: Return of Samus [Player's Choice]","","NTSC-U","","Nintendo","Nintendo","1991-11-01","1","No","Platform","E - Everyone","A Sinister Planet Threatens the Galaxy!

Space Hunter Samus Aran returns to battle a planet crawling with evil creatures bent on universal domination in this bigger than ever sequel to the NES classic, Metroid.

Take control! Guide Samus through cavernous corridors, ancient ruins and alien traps. On the mysterious planet of the Metroids, you'll find artifacts of a lost civilization that grant amazing powers. Cut through creatures in a buzz-saw blur! Roll through hidden tunnels and climb sheer walls!

A battery back-up allows you to save your progress as you fight to the heart of the planet and search for the merciless Metroid leaders. If you are a cunning explorer, you'll earn the best of several super endings.

Enter this exciting Metroid sequel and experience the thrills of Game Boy like never before!"
"Metroid II: Return of Samus DX","","NTSC","","Romhacking","","2013-03-07","1","No","Action | Adventure","E - Everyone","This is basically an updated version of Dan Davis’ already excellent color file from the Game Boy Colorizer homepage. There are too many individual changes to list, but in general terms here are the changes in the updated version:

    All inadvertently revealed secrets are once again secrets!
    All mismatched tiles now match!
    Small changes to a few sprites.
    Very small color changes to a few background elements."
"Michael the Ant Thumper","","Other","","","","2023-01-19","1","No","Adventure","Not Rated","Michael is a super rich, super strong CEO.

One day his factory is overrun by ants! He really doesn't like ants but he does really like thumping ants with his punching glove Thumpers!

Help Michael save the day and his factory!

Michael the Ant Thumper is a Game Boy Color game that runs on real Game Boy hardware! There are four endings to the story, can you unlock them all?!"
"Mickey Mouse","","NTSC-J","Japan","Kemco","Kemco","1989-09-05","1","No","Action | Puzzle | Platform","Not Rated","No overview is currently available for this title, please feel free to add one."
"Mickey Mouse IV: The Magical Labyrinth","MICKEY MOUSE IV 魔法のラビリンス","Region Not Set","","Kemco","Kemco","1993-04-23","1","No","Puzzle","","It's the mouse everyone loves! Mickey must figure out the puzzle to escape. Help him fight enemies and solve the labyrinth's magical mystery!"
"Mickey Mouse: Magic Wands","Mickey Mouse - Magic Wand","Other","","Nintendo","Kemco","1998-05-15","1","No","Puzzle","E - Everyone","A great adventure with Magic Wands!
Hurry and rescue your friends from the wicked witch's castle!

Mickey Mouse and his friends have become lost while playing near the edge of the forest. Mickey's friends have been trapped in Yashja the wicked witch's castle. Hurry and rescue your friends, Mickey! Take the Magic Wands and begin your great adventure."
"Mickey's Dangerous Chase","","Region Not Set","","Capcom","Now Production Co.","1991-05-15","1","No","Platform","","Mickey Goes After a Missing Present and the Culprit Who Swiped It!

Who's got Minnie's missing present? Big Bad Pete is the culprit! He swiped Minnie's present and spoiled the surprise. Now Mickey's after him, and the chase leads through some very dangerous places. Mickey meets barking bulldogs, slippery weasels, hairy tarantulas, and even worse critters. Tricks, traps, and collapsing escape routes make Mickey scurry. He scampers through his Hometown, into the Woods and up the Mountain. He chases Pete through a Factory and up to the Rooftops for a final showdown. Can you help Mickey stop Pete and get the missing present back? Better hurry!

-Mickey throws boxes at the bad guys while grabbing Stars and Prizes.

-A speedboat, jalopy, and bouquet of balloons add high fun to Mickey's chase."
"Mickey's Ultimate Challenge","","Region Not Set","","Hi-Tech Expressions, Inc.","Designer Software","1994-02-23","1","No","Puzzle","","Five Magical Puzzles
Full Of Family Fun!

""The sky is rumbling!
The sky is rumbling! What ever can it be?"" cry the citizens of Beanwick.

""Is it a storm? Is it a monster? Is it the end of the Kingdom?"" I don't know, but I'll find out, says Mickey, ""if I have to search every room in the Castle of Beanwick to solve the mystery!""

In Mickey's Ultimate Challenge, volunteer as Mickey or Minnie to help the Kingdom of Beanwick solve the mystery of the rumblings in the sky. But, first you must prove worthy of the challenge--by thinking your way through a series of fiendishly clever puzzles, players from 4 to 104 can take full advantage of the game's interactive capabilities to put their critical thinking skills to the ultimate test. Five incredible locations!

Five brain-teasing challenges starring many of your favorite Disney characters. Solve them all for a chance to see what's really up, up there!

Is this all a dream? Play Mickey's Ultimate Challenge and decide for yourself!"
"Micro Doctor","","NTSC","","","","2020-10-01","1","No","Adventure","E - Everyone","In Micro Doctor, you play as a tiny doctor who delves into the human body to save lives! The adventure takes place entirely inside the human body, allowing you to explore and learn about the different systems in an exciting and unique way. Your mission is to eliminate germs, bacteria, and viruses that are wreaking havoc on the body. You must take medicine and use your expertise to save the day. This exciting game is based on the real systems of the human body, making it a fun and educational experience for all ages."
"Micro Machines","","Region Not Set","","Ocean Software Ltd.","Enigma Variations Ltd | 																Ocean | 																Ocean Software Ltd.","1995-01-01","4","No","Racing","","Hit the gas and race on 16 outrageous, high-speed tracks in 8 different worlds. It's totally unique racing action in an oversized world where anything (and everything!) can happen."
"Micro Machines 2: Turbo Tournament","","Region Not Set","","Ocean Software Ltd.","Codemasters","1996-02-22","1","No","Racing","E - Everyone","The second game of the Micro Machines series. Like in its predecessor, you behind the steering wheel of an extremely small car. You race around on interesting places, like a table, a treehouse and many more. The control of the cars is sometimes quite difficult, especially if you don't know the tracks (the top-down view is not very clear). The CD-ROM version additionally features CD-Audio music and a track editor.

Micro Machines 2: Turbo Tournament is a Driving game, developed by Codemasters and published by Ocean, which was released in Europe in 1996."
"Midori no Makibao","","NTSC-J","Japan","Tomy","Tose","1996-01-01","1","No","Action | Racing","E - Everyone","No overview is currently available for this title, please feel free to add one."
"Mighty Morphin Power Rangers","","Region Not Set","","Bandai Co., Ltd.","Tom Create","1994-08-01","","No","Fighting","","It's Morphin Time! Five ordinary teens morph into the Power Rangers to foil the plans of the Evil Empress Rita Repulsa and save planet Earth. Choose your favorite Power Ranger color - Red, Yellow, Blue, Pink or Black! Battle huge, fierce and spectacular enemies! Even the Green Ranger and the fearsome Dragonzord! Sharpen your ""Zord Play"" in eight awesome difficulty levels!"
"Mighty Morphin Power Rangers: The Movie","","NTSC-U","United States of America","Bandai America, Inc.","Tom Create","1995-08-01","1","No","Action | Fighting","E - Everyone","The Power Rangers stripped of their Mighty Morphin Powers and forced to flee Earth? Rita Repulsa and Lord Zedd overwhelmed by an evil far greater than their combined nastiness? The Command Center totally obliterated and Zordon on the brink of death The fate of the world in the slimey hands of Ivan Ooze, the most sinister monster the universe has ever seen? Could this be a bad dream? Don't count on it. It all happens in the Morphinominal Mighty Morphin Power Rangers the Movie! And now, you can battle Ivan Ooze, the vilest villain in Nintendo history, and a whole host of his mean and ugly minions in this hyperaction, seven level, no-hold-barred brawl featuring the eye-popping graphics and ear-pounding sounds of the Super NES. So, morph into action, and lead the Power Rangers on to their greatest victory."
"Milon's Secret Castle","","Region Not Set","","Hudson Entertainment, Inc.","Hudson Entertainment, Inc.","1993-01-01","","No","Platform","","Guide Milon through the four levels of Garland Castle in his quest to reach the top floor and vanquish the big boss! The journey is a difficult one though, because the castle is locked up tight and Milon doesn't have the keys. You will have to use your bubble attacks to fend off the castle baddies while busting up every block in sight trying to find all of the hidden treasure and other secrets throughout the game. Unlike most platformers, Milon's Secret Castle is less about defeating all of the enemies in an area, and more about scouring every bit of each room to find the secrets that lie within Garland Castle! Milo can uncover practically anything in the game. This includes: items, power-ups, money, shields, keys, level exits, even shops! The only way to get to each level boss is to find the right secret items!"
"Miner 2049er","","Region Not Set","","Mindscape, Inc.","Big Five Software","1992-10-15","2","No","Platform","E - Everyone","""Bounty Bob"" is mining a radioactive mine in the year 2049. Help him ""claim"" all of the various stations (multiple screens). Avoid contact with the deadly mutant organisms by running away, or hopping over them. Collect various articles left by previous miners for bonus points."
"Minesweeper","マインスウイーパー","NTSC-J","Japan","","Pack-In-Video Co., Ltd","1991-12-13","1","No","Puzzle","Not Rated","Minesweeper is a single-player puzzle game. The objective of the game is to clear a rectangular board containing hidden ""mines"" without detonating any of them, with help from clues about the number of neighboring mines in each field."
"Mini 4 Boy","","NTSC-J","Japan","J-Wing","","1996-12-27","1","No","Strategy","Not Rated","Mini-4 Boy is a Strategy game, published by J-Wing, which was released in Japan in 1996."
"Mini 4 Boy II","","NTSC-J","Japan","J-Wing","J-Wing","1997-09-27","1","No","Strategy","Not Rated","Sequel to Mini 4 Boy and published by J-Wing."
"Mini-Putt","","NTSC-J","Japan","A-Wave","A-Wave","1991-02-15","1","No","Sports","Not Rated","Mini-Putt is a Sports game, published by A-Wave, which was released in Japan in 1991."
"Miracle Adventure Esparks","ラクルアドベンチャー エスパークス","Region Not Set","","Tomy","Sun L","1992-12-11","1","No","Action","","Long before God even born, the Earth was formed by the law of nature. However, Dr. Gallipoli, which appeared from the dark world, scattered and dispersed his own monsters in various places as much as possible and began to conquer the world. One boy and one white monkey went on a journey to find a peaceful stone neutron to defeat Dr. Gallipoli."
"Miracle Adventure of Esparks","Ushinawareta Seiseki Perivron","NTSC-J","","","","1992-12-11","1","No","Action","Not Rated","Long before God even born, the Earth was formed by the law of nature. However, Dr. Gallipoli, which appeared from the dark world, scattered and dispersed his own monsters in various places as much as possible and began to conquer the world. One boy and one white monkey went on a journey to find a peaceful stone neutron to defeat Dr. Gallipoli."
"Missile Command","","Region Not Set","","Accolade, Inc.","The Code Monkeys Ltd.","1992-03-01","","No","Action","","Missile Command is an Action game, developed by The Code Monkeys and published by Accolade, which was released in 1992."
"Mission Mars","","NTSC","","","","2022-01-12","1","No","Action","Not Rated","You have been sent on a mission to raid the caverns on Mars. However these caverns are known to be filled with booby traps. Your task is to reach the center of the caverns and land your ship. Each cavern has 5 stages to survive and you will need a lot of skill to do so. You can control your ship LEFT, RIGHT, FAST and SLOW, you can also drop bombs."
"Mixing Bowl","","NTSC","","","","2024-07-11","1","No","Action","E - Everyone","A rhythm game where you have to follow the moves on the screen to mix your cake batter properly."
"mob creche parallel game","","Other","","","","1970-01-01","1","No","Adventure","Not Rated","A white line extends, where time silently flows. On this narrow path, shadows jostle and walk.

Please, gather the flowers."
"Mogura Nya","Mole Mania | モグラーニャ","NTSC-J","Japan","Nintendo","Nintendo EAD | 																Pax Softnica","1996-07-21","1","No","Action | Puzzle","E - Everyone","Mole Mania is a 1996 Game Boy video game developed by Nintendo EAD and Pax Softnica and released by Nintendo in Japan on July 21, 1996."
"Mole Mania","","NTSC-U","United States of America","Nintendo of America, Inc.","Nintendo EAD | 																Pax Softnica","1996-12-29","1","No","Action | Puzzle","E - Everyone","Mole Mania is a 1996 Game Boy video game developed by Nintendo EAD and Pax Softnica and released by Nintendo of America in the USA on December 29, 1996.

Join Muddy Mole in a race to destroy enemies and obstacles in an attempt to defeat the evil farmer, Jinbei. Blast strategic exits using black balls and tunnel your way to the next action-packed level. Help Muddy solve the incredible puzzles of Jinbei Land and reunite him with his beloved mole family. You'll dig the fast pace and challenging fun of Mole Mania!"
"Mommy?","Mamae","NTSC","","","","1970-01-01","1","No","Adventure","Not Rated","A 3D pre-rendered first-person Point and Click game for the GameBoy with original graphics, voice acting and story.

You are in control of Lucy, her mother ends up forgetting to pick her up from school. Something happened and you end up trapped and alone there at night, you need to find a way to find your way out.

A macabre and desperate story, are you ready to face it?

Contains 3 different ENDINGS."
"Momotarou Dengeki 2","Momotaro Thunderbolt 2 | 桃太郎電劇２","NTSC-J","Japan","Hudson Entertainment, Inc.","Hudson Entertainment, Inc.","1994-12-16","1","No","Action","Not Rated","Momotaro Thunderbolt 2 is an Action game, published by Hudson, which was released in Japan in 1994."
"Momotarou Dengeki: Momotaro Thunderbolt","Momotarou Dengeki | 桃太郎電劇","NTSC-J","Japan","Hudson Entertainment, Inc.","Amccus","1993-08-08","1","No","Action | Platform","Not Rated","Momotarou Dengeki: Momotaro Thunderbolt is an platformer, published by Hudson, which was released in Japan in 1993. It follows the famous Japanese folklore of Momotaro the peach boy."
"Mona and the Witch's Hat","","Other","","itch corp","","2018-02-07","1","No","Platform | Unofficial","Not Rated","What a peaceful day! As the sun sets and the moon begins to shine its light over the village, a young witch finishes her busy day of potion making by hanging her hat and going to bed. Her cat, Mona, doesn't want to go to bed though. She's more interested in the treats the Witch left out! But things don't go as planned when the Witch's hat falls on Mona's head and everything comes to life. Now she has to turn everything back to normal!"
"Money Idol Exchanger","マネーアイドル エクスチェンジャー","NTSC-J","Japan","Athena Co., Ltd.","C-Lab","1997-08-29","1","No","Puzzle","Not Rated","Money Idol Exchanger is a Puzzle game, developed by C-Lab and published by Athena, which was released in Japan in 1997."
"Monopoly","","Region Not Set","","Parker Brothers","Sculptured Software","1991-12-01","","No","Strategy","","Rich Uncle Pennybags is your animated Master of Ceremonies as Depression-era Atlantic City comes to life - from the rolling lawns of Park Place to the lowly backyards of Baltic Avenue! Perform all the wheeling and dealing feats that have made the MONOPOLY game the most popular in the world."
"Monster Max","","Region Not Set","","Titus Interactive, S.A..","Rare, Ltd.","1994-02-01","1","No","Action","","Monster Max is an Action game, developed by Rare Ltd. and published by Titus Software, which was released in Europe in 1994."
"Monster of the Weekend","","NTSC","","","","2022-06-21","1","No","Life Simulation","Not Rated","It's your first weekend home alone, which is a huge responsibility. Also a huge responsibility? Taking care of the weird monster you found in the woods!

Monster of the Weekend is a short, lighthearted adventure/virtual pet game, where the assortment of weird crap you feed to your little monster will determine how it grows and changes. But remember: nothing lasts forever. And your mom is allergic to pets! Better make this weekend count."
"Monster Race","もんすたあ★レース","NTSC-J","Japan","Koei Co., Ltd.","Koei","1998-03-06","1","Yes","Racing","Not Rated","Monster * Race is a Racing game, published by Koei, which was released in Japan in 1998."
"Monster Truck","","NTSC-J","Japan","Varie","Another","1990-10-19","1","No","Racing","Not Rated","Monster Truck is a Racing game, developed by Another and published by Varie, which was released in Japan in 1990."
"Monster Truck Wars","","Region Not Set","","Acclaim Entertainment, Inc.","Gremlin Graphics","1994-11-01","","No","Racing","","Monster Truck Wars is a Driving game, developed by Gremlin Graphics and published by Acclaim, which was released in 1994."
"Montezuma's Return","","Region Not Set","","WizardWorks Software","Utopia Technologies","1998-01-01","1","No","Platform","E - Everyone","Max Montezuma is a soldier descended from an ancient Aztec emperor. Max stumbles across a deserted, uncharted island, and accidentally crashes his plane on it. Prior to Max's arrival, the island is undiscovered. Max only has a flashlight, canteen, and an entire lost Aztec civilization before him. He must restore the desecrated tomb of his ancestors, discover the link between the ancient Aztecs and a race of saucer-flying aliens, and more, in his adventure."
"Monty on the Run","","NTSC","","","","2021-10-19","1","No","Platform","Not Rated","Monty has escaped from prison and is now in peak physical condition, allowing him to move quickly through numerous hideouts and secret locations. To secure his freedom, Monty must collect gold coins scattered throughout the game."
"Mortal Kombat","","Region Not Set","","Acclaim Entertainment, Inc.","Midway","1993-09-13","2","No","Fighting","","PREPARE YOURSELF...

The #1 arcade hit is here: from Sub-Zero, Rayden and your favorite Kombat Warriors to the grueling endurance and intense mirror matches! Execute bone-shattering combos and ferocious finishing moves! Defeat the half-human dragon Goro, and destroy the shape-changing Shang Tsung to become the Supreme Mortal Kombat Warrior!"
"Mortal Kombat & Mortal Kombat II","","Region Not Set","","Acclaim Entertainment, Inc.","Probe Entertainment","1997-11-01","1","No","Fighting","T - Teen","Mortal Kombat I
PREPARE YOURSELF...

The #1 arcade hit is here: from Sub-Zero, Rayden and your favorite Kombat Warriors to the grueling endurance and intense mirror matches! Execute bone-shattering combos and ferocious finishing moves! Defeat the half-human dragon Goro, and destroy the shape-changing Shang Tsung to become the Supreme Mortal Kombat Warrior!

Mortal Kombat II
Nothing, NOTHING can prepare you! The fierce kombatants of the #1 arcade smash gather for Mortal Kombat II, a battle to defeat the shape-shifting demon Shang Tsung and his ruthless master, Shao Kahn. Brutal special moves, Babalities, hidden surprises, outrageous finishing moves -- ALL yours to kommand. Let the Kombat Kontinue..."
"Mortal Kombat 3","","Region Not Set","","Acclaim Entertainment, Inc.","Software Creations","1995-11-01","1","No","Fighting","","Get ready for the fight of your life... Eight selectable fighters - including 6 new characters and 1 fighter hidden within the game! Five direct-from-the-arcade backgrounds to keep you jumping! Secret portals that allow you to smash up and down into different backgrounds for the ultimate bi-level battlefield! New fatalities and babalities! Intense, fully-digitized fighters for the most realistic action you've ever encountered!"
"Mortal Kombat II","","Region Not Set","","Acclaim Entertainment, Inc.","Midway","1994-09-12","2","No","Fighting","M - Mature 17+","Nothing, NOTHING can prepare you! The fierce kombatants of the #1 arcade smash gather for Mortal Kombat II, a battle to defeat the shape-shifting demon Shang Tsung and his ruthless master, Shao Kahn. Brutal special moves, Babalities, hidden surprises, outrageous finishing moves -- ALL yours to kommand. Let the Kombat Kontinue..."
"Motocross Maniacs","","Region Not Set","","Ultra Games","Konami","1990-01-19","2","No","Racing","","This is pure insanity. And to take the checkered flag, you'll need sheer intensity to throttle past hundreds of obstacles, including the Head Spinning Loop and the Sky Riding Ramp. You'll also need precision skills to refuel with Nitro Turbo Boosts that'll power you to victory! There are 8 championship tracks and 3 ultra-challenging levels (Rookie, World Class and Daredevil) to choose from. You can even race against the clock or computer. Or attach your Video Link and spit some mud in the face of a friend. So get down and dirty in an off-road rad race where speed and courage are the difference between popping wheelies and biting the dust."
"Mouse Trap Hotel","","Region Not Set","","Electro-Brain","Imagineering Inc.","1992-10-01","","No","Action","","Mouse Trap Hotel is an Action game, developed by Imagineering Inc and published by Electro Brain, which was released in 1992."
"Mr. Chin's Gourmet Paradise","","Region Not Set","","Romstar Incorporated","Romstar","1990-10-01","","No","Platform","","In this high skill action adventure game, Mr. Chin is in hot pusuit of his favorite treat. He has come all the way from China to eat as many luscious gourmet peaches as he can before anyone else discovers how to eat this unique treat. As Mr. Chin, you must pursue the mysterious Momos and zap them into peaches with your demoe beam. So hurry up and run, jump, zap and eat as many peaches as you can before they make dinner out of you!"
"Mr. Do!","","NTSC-U","United States of America","Ocean of America, Inc.","Ocean Software Ltd.","1992-11-01","1","No","Action","E - Everyone","The object of Mr. Do! is to score as many points as possible by digging tunnels through the ground and collecting cherries. The title character, Mr. Do (a circus clown), is constantly chased by red monsters resembling small dinosaurs, and the player loses a life if Mr. Do is caught by one. The game is over when the last life is lost."
"Mr. Nutz","","Region Not Set","","Ocean Software Ltd.","Enigma Variations Ltd | 																Ocean | 																Ocean Software Ltd.","1994-01-01","","No","Platform","","MR. NUTZ - Only he can prevent a new and permanent ice age. To help him on his way he's got a lotta Nutz, a lotta gutz, and one enormous tail!"
"Ms. Pac-Man","Ms. PacMan","Region Not Set","","Namco","Namco","1993-10-01","","No","Action | Puzzle","","Ms. Pac-Man is here to drive you totally wild and crazy with more fun than you've ever imagined! Four feisty ghosts are chasing MS. PAC-MAN. Use your skill and strategy to rack up points while outrunning the gobbling ghosts. Grab an energy pill, and score even more points. Now gobble up all those fearless ghosts!"
"Muhammad Ali: Heavyweight Boxing","","Region Not Set","","Virgin Interactive Entertainment, Inc.","Gremlin Graphics","1993-07-01","","No","Sports","","Muhammad Ali: Heavyweight Boxing is a Sports game, developed by Gremlin Graphics and published by Virgin Interactive, which was released in 1993."
"Multivers","","Other","","","","1970-01-01","1","No","Adventure","Not Rated","You come home, and see a creature from elsewhere playing with your gameboy!

Barely time to realize what is happening, the creature leaves with your gameboy through a portal.

It’s up to you to catch up to get your due before the portals close!"
"Murder Mansion","","NTSC","","","","2019-11-23","1","No","Role-Playing | Puzzle","Not Rated","The young yet unsuccessful detective Charles Carter is on his biggest case, the mysterious death of the mansion owner Sir William Adams.
Can you find all clues, interrogate the six suspects and convict the murderer by confronting them with your collected evidence from you inventory?"
"My Dinner with André","My Dinner with Andre","Other","","itch corp","","2022-11-18","1","No","Unofficial","Not Rated","Hi-D-Ho Gamerinos!

My Dinner with André is a Simpsons Fan Game inspired by the Noise Land Video Arcade game featured in the episode 'Boy Scoutz 'n the Hood' from Season 5.

Join actors André Gregory and Wallace Shawn at the dinner table as they discuss the important matters of life. Choose from three separate retorts as you progress through an approximately 10 minute long discussion created in the spirit of Louis Malle's 1981 comedy film of the same name.

Each retort will lead to unique dialogue:

Tell me more: André will keep talking.

Trenchant Insight: Wallace will offer some insight of his own.

Bon Mot: Wallace will offer a witticism."
"My Final Cursed Days","","NTSC","","","","2024-09-22","1","No","Role-Playing","Not Rated","You were born only to be used by others as the living vessel for a powerful magic lineage. You've lived your life knowing that the curse placed on you would take effect someday, with only speculation on what that might even mean. When you find out there's a small village that used to host those who do the dangerous work known as ""dungeoneering""- crossing a portal into the strange labyrinths known as dungeons in the hopes of returning with objects of magical power- you know you have to go there. With word coming to you that you've got only a short time left before the curse fully manifests itself, you decide to use whatever time you have to try and find some way to put a stop to it here. So having nothing left to lose, and the potential to find a powerful enough magic item to cure the deepest curse, becoming a dungeoneer it is! But can you even manage against the monsters, magic, and misery of these places? Do you even want to?"
"My Friendly Little Island","My-Friendly-Little-Island","Other","","","","1970-01-01","1","No","Platform","Not Rated","My Friendly Little Island is a cute game about personal growth and making friends. It starts out as a slow, simplistic adventure game. However, with every new skill you unlock, the game’s dynamics change more and more into a fast-paced platformer."
"My Friendly Little Island Deluxe","","NTSC","","","","2023-01-01","1","No","Adventure | Platform","Not Rated","A Friendly Island Awaits You

My Friendly Little Island Deluxe is a cute game about personal growth and making friends. It starts out as a slow, simplistic adventure game. However, with every new skill you unlock, the game’s dynamics change more and more into a fast-paced platformer.

    Unlock new skills to fully explore your island
    Help new friends and populate your village
    Feel the music become livelier with every new villager
    Change your looks with cosmetic items
    Experience the day-night cycle
    Save feature unlocked early into the game
    Enhancements and a bit of additional content of the Deluxe version
    Lots of coconuts :)"
"Mysterium","","Region Not Set","","Asmik Corp. of America","Maxis Software","1991-07-01","","No","Role-Playing","","Mysterium is a Role-Playing game, developed by Maxis and published by Asmik Corporation of America, which was released in 1991."
"Mystic Quest","","Region Not Set","","SUNSOFT","Squaresoft","1993-01-01","1","No","Role-Playing","","In the Empire of Glaive, a gladiator-slave is forced to fight evil monsters controlled by the Dark Lord. But when his best friend is mortally wounded, he learns of a secret pendant which will give him great power. As the hero, you must battle your way out of the Dark Knight's castle and search through a dangerous world for the girl who has the pendant. But you discover she has been captured by the Dark Knight's men. To free her, you must find the legendary sword and fight off the Dark Knight's beasts and overlords through deserts, snowfields, lakes, forests, and caves. Are you ready for the adventure of your life?"
"Mystical Ninja: Starring Goemon","","Region Not Set","","Konami","Konami Computer Entertainment Nagoya","1998-04-01","1","No","Action | Adventure","E - Everyone","A giant UFO has appeared over Oedo Castle, and the Mystical Ninja is off to save the world again! Control Goemon and his giant robot, Impact, Ebisimaru, a truly twisted ninja, Yae, the part-time militant mermaid, and Sasuke, a mechanical warrior. This brave band must travel from town to town, collecting information and purchasing helpful items in their quest to defeat the dreaded Peach Mountain Shoguns."
"Nail 'N Scale","","Region Not Set","","Data East Corporation","I'Max","1992-04-01","","No","Action","","Nail 'N Scale is an Action game, developed and published by I'Max, which was released in 1992."
"Nakajima Satoru Kanshuu F-1 Hero GB: World Championship '91","中嶋悟監修 F1 HERO GB","NTSC-J","Japan","Varie","Natsu System","1991-12-27","1","No","Racing","Not Rated","Nakajima Satoru Kanshuu F-1 Hero GB: World Championship '91 is a Racing game, developed by Natsu System and published by Varie, which was released in Japan in 1991."
"Namco Classic","ナムコクラシック","NTSC-J","Japan","Namco","Tose Co., Ltd.","1991-12-03","1","No","Sports","Not Rated","Namco Classic is a Sports game, developed by TOSE and published by Namco, which was released in Japan in 1991."
"Namco Gallery Vol. 1","ナムコギャラリー VOＬ.1","NTSC-J","Japan","Namco","Tose Co., Ltd.","1996-07-21","1","No","Action | Sports | Platform","Not Rated","Namco Gallery Vol. 1 is a Miscellaneous game, developed by TOSE and published by Namco, which was released in Japan in 1996."
"Namco Gallery Vol. 2","ナムコギャラリー VOＬ.2","NTSC-J","Japan","Namco","Tose Co., Ltd.","1996-11-29","1","No","Action | Sports | Platform","Not Rated","Namco Gallery Vol. 2 is a Miscellaneous game, developed by TOSE and published by Namco, which was released in Japan in 1996."
"Namco Gallery Vol. 3","ナムコギャラリー VOＬ.3","NTSC-J","Japan","Namco","Tose Co., Ltd.","1997-07-25","1","No","Action | Shooter | Sports","Not Rated","Namco Gallery Vol. 3 is a Miscellaneous game, developed by TOSE and published by Namco, which was released in Japan in 1997."
"Nangoku Shounen Papuwa-Kun: Ganmadan no Yabou","南国少年パプワくん","NTSC-J","Japan","Enix Corporation","Daft","1994-03-25","1","No","Action | Puzzle","Not Rated","Welcome to Papuwa Island, where the wildlife is strange and the locals are even weirder!

This is a solid little Action Puzzle game based on an old comedy manga/anime series that doesn’t seem to be very well known outside of Japan. The title may ring a bell thanks to the Super Famicom game of the same name (with its own fan translation provided by Frank Hughes), which, while both looking and playing completely differently to this game, was actually released on the exact same day!

The aim of this game is to destroy all of the blocks in a level in one punch (after charging the strength of the punch with the A button). The blocks will regenerate after a couple of seconds if you didn’t manage to take them all out at the same time. By pushing and pulling barrels into the correct position - while avoiding enemies - you can force the shockwave from Papuwa’s punch to split off into different directions. By failing to destroy all of the blocks with the first punch, you do actually get the opportunity to collect some items, which can come in handy for boss battles. Those take place on every 5th stage."
"Nanoloop music generator","","Region Not Set","","Oliver Wittchow","Oliver Wittchow","2000-06-01","1","No","Music","E - Everyone","Nanoloop  is a sequencer for Game Boy. Sound is generated by the Game Boy's sound chip and restricted to raw rectangular waves, noise and a 4-bit wave form.
The original nanoloop was a study project at the University of Fine Arts of Hamburg.The first public performace took place at the Liquid Sky club, Cologne (which no longer exists) in early 1998. Nanoloop cartridges have been commercially available within Germany since late 1999, worldwide sales started in 2000. In 2002, the first nanoloop-only album, nanoloop 1.0 was released on Disco Bruit, followed by a few other CD- and countless online releases."
"Navy Blue","海戦ゲーム 「 NAVY BLUE 」","NTSC-J","Japan","Use Corporation","Use Corporation","1989-12-12","1","No","Strategy","Not Rated","Strategy game similar to Battleship."
"Navy Seals","","Region Not Set","","Ocean Software Ltd.","Enigma Variations Ltd | 																Ocean | 																Ocean Software Ltd.","1991-09-01","","No","Platform","","A non-stop, action-packed arcade-style thriller based on the heroic missions of the world's most elite, superbly trained commando unit... the U.S. NAVY SEALS. You have a number of perilous missions to complete. Outmaneuver the enemy, destroy hostile missile sites, and rescue the hostages. You begin with the briefing. You may end with a victory... It's the middle ground that hurts!"
"NBA All-Star Challenge","","Region Not Set","","LJN","Beam Software","1991-02-01","","No","Sports","","NBA All-Star Challenge is a Sports game, developed by Beam Software and published by LJN Ltd., which was released in 1991."
"NBA All-Star Challenge 2","","Region Not Set","","LJN","Beam Software","1992-05-01","","No","Sports","","NBA All-Star Challenge 2 is a Sports game, developed by Beam Software and published by Acclaim Japan, which was released in 1992."
"NBA Jam","","Region Not Set","","Acclaim Entertainment, Inc.","Beam Software","1994-11-01","","No","Sports","","The popular granddaddy of arcade-style basketball is back. NBA Jam brings the supercharged, ""in-your-face"" highlights of NBA play to life with over-the-top, thrilling three-on-three basketball. Perform monster dunks and alley-oops and shoot from valuable hotspots to catch ""on-fire"" and obliterate the competition. You can choose from all 29 current NBA teams, players, and arenas and even outdoor playground courts like Rucker Park and LA's Venice Beach. With no fouls to slow down the game, be as rough and flashy as you can be."
"NBA Jam: Tournament Edition","","Region Not Set","","Acclaim Entertainment, Inc.","Torus Games","1995-06-01","","No","Sports","","NBA JAM Tournament Edition brings you more senses-shattering slam dunking excitement than ever! More than twice as many NBA TE superstars, more than double the secret characters, Hot Spots, Super Jam Power-Ups and -OH MY- nine all-new rim-rattling slam dunks plus all the original jams!"
"NBA Live 96","","Region Not Set","","Black Pearl Software","Tiertex Design Studios","1996-03-01","","No","Sports","","New for NBA Live '96: New player animations - big blocks, tip-ins, tip-in slams, spin moves, crossover moves, two foot takeoff. New moves - one-on-one, spin dribble and crossover. Two new teams - the Vancouver Grizzlies and Toronto Raptors. Multi-Team Seasons for up to four players. Trade any player, any time. On-the-fly Playcalling, Animating Playbook and Shot Diagram screens for side-line strategies. All-Star game and the Draft for the ultimate NBA season realism."
"Nectaris GB","ネクタリス ＧＢ","NTSC-J","Japan","Hudson Entertainment, Inc.","Hudson Entertainment, Inc.","1998-02-02","2","No","Puzzle | Strategy","Not Rated","This Gameboy port of Nectaris (AKA Military Madness in North America) was only released in Japan.  It is a a turn-based strategy war game with a Science Fiction theme, set on earth's moon.  The game is played on a hex-grid.  This installment of the franchise includes a map editor which allows players to create game maps and even transfer those maps to another player wirelessly through an infrared modem called the KISS-Link.  Another unique feature of this game is the ability to download maps off of the internet using a PC and transfer them to the cartridge through the KISS-Link."
"Neighbor","","Other","","","","2020-08-03","1","No","Action | Adventure | Role-Playing | Horror | Unofficial","Not Rated","Neighbor is a game about the price that comes with finding your dream apartment. 
Mysteries unfurl as the dark secrets of the house begin haunting our protagonist.
Comprised of three chapters, you can take the journey of discovery alongside our story's heroine.
Two separate endings await in the first two chapters, as well as quite a few hidden secrets that expand the world of Neighbor."
"Nekketsu Kouha Kunio-kun: Bangai Rantou Hen","熱血硬派くにおくん 番外乱闘編 | Hot Blooded Tough Guy Kunio: The Further Brawls | Double Dragon II | Double Dragon 2 | Nekketsu Kouha Kunio-kun: Bangai RantouHen | Nekketsu Kouha Kunio-kun: Bangai Rantou-hen","NTSC-J","Japan","Technos Japan Corp.","Technos Japan Corp.","1990-12-07","2","Yes","Action | Adventure","Not Rated","After Mihoko's boyfriend Hiroshi is beaten by Munakata Enterprises due to the president's son falling in love with her, Kunio heads to Munakata's HQ to exact revenge."
"Nekketsu Koukou Dodge Ball-Bu","熱血高校ドッジボール部 強敵!闘球戦士の巻 | Nekketsu Koukou Dodgeball-bu: Kyouteki! Toukyuu Senshi no Maki","NTSC-J","Japan","Technos Japan Corp.","Technos Japan Corp.","1991-11-08","4","No","Sports","Not Rated","One day the Nekketsu High School Dodgeball club get a letter. A date, time and place, what could this mean? ""Nekketsu High, we invite you to come to the Dodge Dome for a friendly practise!"" Kunio is tempted, this is a prestigious chance to showcase his skills. Upon entering the dome, only Nekketsu High is there. Suddenly a voice over the speaker system cries ""HAH! You walked right into my trap! I have assembled 6 teams to take you on. Defeat them or be humiliated!""

Stand up, Kunio! Fight the 6 teams and uncover the culprit behind this trap!"
"Nekketsu Koukou Soccer Bu: World Cup Hen","熱血高校サッカー部 ワールドカップ編","NTSC-J","Japan","Technos Japan Corp.","Technos Japan Corp.","1991-04-24","2","No","Sports","Not Rated","Led by Kunio-kun, Nekketsu FC will fight the powerhouse teams of the 12 world countries. Go in to steal the ball with a deadly tackle, and land a deadly shot that explodes in front of the goal. The uniqueness of the Nekketsu series, you can enjoy intense soccer on the go!"
"Nekketsu! Beach Volley dayo Kunio-Kun","熱血！ビーチバレーだよ くにおくん","NTSC-J","Japan","Technos Japan Corp.","Million","1994-07-29","2","No","Sports","Not Rated","One day, Kunio had been the practice dodgeball, Satomi Momozono, the passionate cheerleader at Nekketsu High, spots Kunio and informs him of the upcoming Nekketsu Volley Ball Club tournament. Again blinded by his desire to win the prize, Kunio drags his pal Riki along to compete in the volley ball tournament."
"Neko Can Dream","","NTSC-J","Japan","","","2022-11-01","1","No","Adventure","Not Rated","""I heard someone's voice. It was a voice that may or may not have sounded familiar. I woke up and walked the streets hungry, looking for food.""

You woke up hungry in a back alley in a strange city. You tried to eat the canned cat food you found, but there was no way to open it. According to the barkeeper of a yakitori bar you visited to borrow a can opener, it was not real food, but an item called a dream can. She demanded that you produce more dream cans by entering the dreams of people in the city, in return for providing real canned cat food....

Neko Can Dream is a dream-collecting adventure in an 8-bit world: a real retro game, not an ""8-bit-style"" game, developed to the technical standards of the 80s. Now it's time for you to head out on your adventure across three different dream worlds and collect your DREAM CANS."
"Nemesis","","NTSC-U","United States of America","Ultra Games","Konami","1990-04-01","1","No","Action | Shooter","E - Everyone","Nemesis is a 1990 Game Boy video game developed by Konami and released by Ultra Games in the USA on April 1, 1990.

Nemesis retains the basic power-up meter commonly used in most Gradius games, but with the addition of multi-level missiles not present in the original Gradius.

The game consists of only five stages, each with a unique core boss. Although it is also possible to access hidden bonus stages in which the player may collect 1UPs and score bonus cells. Like other Game Boy titles developed by Konami, the game presents the player with a stage selection screen before starting."
"Nemesis II","ネメシス II | Nemesis 2","NTSC-J","Japan","Konami","Konami","1991-08-09","1","No","Shooter","Not Rated","Gradius: The Interstellar Assault, released as Nemesis II: The Return of the Hero in Europe, and Nemesis II in Japan, is the second Game Boy game in the Gradius series. The game was later ported to the Konami GB Collection series of Super Game Boy and Game Boy Color compilations; it can be found in the Japanese Vol. 3 and the European Vol. 4. Like Gradius before it, these versions were renamed Gradius II for the Japanese Vol. 3 and Gradius II: The Return of the Hero for the European Vol. 4."
"Nettou Garou Densetsu 2: Aratanaru Tatakai","熱闘餓狼伝説２","NTSC-J","Japan","TAKARA Co., Ltd.","SunL","1994-07-29","2","No","Fighting","Not Rated","The three lone wolves return to clash with new opponents in the ""Sultan of Slugs"" Battle Royale. After a year in training, forging bodies of steel, Andy, Joe, and Terry take on the world."
"Nettou Samurai Spirits 1","熱闘　サムライスピリッツ","NTSC-J","Japan","SNK","Takara","1994-11-01","1","No","Fighting","Not Rated","Nettou Samurai Spirits is a fighting app belonging to the Samurai Shodown series dear to the SNK company. This title offers a choice of 12 fighters all equipped with bladed weapons but with distinct abilities. Nettou Samurai Spirits does not offer different game modes but simply a series of fights scripted by dialogue screens. In combat, the animations are fast and it is possible to perform many different blows, combos, melee strikes or even ranged attacks. The fights take place in a single round limited in duration."
"Nettou Samurai Spirits: Zankuro Musouken","熱闘サムライスピリッツ 斬紅郎無双剣","NTSC-J","Japan","TAKARA Co., Ltd.","Betop","1996-08-23","2","No","Fighting","Not Rated","Cut or be cut! The power! The intensity! Samurai 3 is here! Twelve of the ages toughest double-identity warriors! Select personalities from ""Chivalry"" or ""Treachery"". Character moves and poses change with the personality you choose."
"NFL Football","","Region Not Set","","Konami","Konami","1990-04-01","","No","Sports","","Getting your helmet split by a blind sided hit has never been so much fun!
NFL Football puts the pressure on your shoulder pads to carry both the pro-style offense and defense.
When driving for the end zone, you'll call every shot, firing bullets and bombs to your favorite receivers. Or run bootlegs, blasting upfield behind snarling, thick-necked blockers.
Then on defense, chosse every attack formation and position yourself as a tenacious head banger, going the pigskin by blitzing or picking-off lame ducks.
First downs, four quarters, kickoffs, punts, field goals, extra points, stats...everything's here but the bruises. You can even star on your favorite NFL franchise, since al 28 teams are here, ready to replay their rowdy rivalries.
So pull down your face mask, tape your fingers, and grind it out on this Game Boy game breaker."
"NFL Quarterback Club","","Region Not Set","","LJN","Condor","1993-11-01","","No","Sports","","NFL Quarterback Club is game developed by Condor and published by LJN Ltd. It was released in November 1993."
"NFL Quarterback Club 96","","Region Not Set","","Acclaim Entertainment, Inc.","Condor","1995-10-01","","No","Sports","","The ultimate in football realism! Ultra-smooth cam lets you review the action from any angle and distance. Hyper audibles let you choose over 50 plays - no pausing! Historic simulation mode lets you change history in over 50 game-breaking situations. Break the tackle or be tackled? The power shuck mode puts you in control."
"NFL Quarterback Club II","","Region Not Set","","LJN","Condor","1995-03-01","","No","Sports","","NFL Quarterback Club II is a Sports game, developed by Condor and published by Acclaim Japan, which was released in 1995."
"NHL 96","NHL Hockey '96","Region Not Set","","Black Pearl Software","Probe Entertainment","1996-07-01","","No","Sports","","NHL 96 is a Sports game, developed by Probe Entertainment Limited and published by Black Pearl, which was released in 1996."
"NHL Hockey 95","NHL Hockey '95","Region Not Set","","Malibu Interactive","","1995-06-01","","No","Sports","","NHL Hockey '95 is a Sports game, developed and published by Malibu, which was released in 1995."
"Nigel Mansell's World Championship Racing","","Region Not Set","","GameTek, Inc.","Gremlin Interactive Ltd.","1993-08-01","","No","Racing","","Hold onto your engines and pour on the coal as you hit the track with the greatest name in World Championship racing, Nigel Mansell. You're in control. You've got the machine. But can you handle it? Try rough weather, a mean track and competition that won't quit. Or, go for one-on-one pointers from Mansell and have the track all to yourself while you practice the moves of a master. Then, check in for the big one. And don't forget your crash helmet!"
"Nightshift","","NTSC-U","","","","2022-11-13","1","No","Adventure | Unofficial","Not Rated","Nightshift is a simple, arcade collect 'em up Game Boy developed for the BeansJam '22. You are working nightshift and desperately try to stay awake.

Drink Kola to stay awake (you gain time).  But be aware of hot milk with honey as it will make you drowsy (you lose time). When you run out of time, you will fall asleep. You move automatically, use the D-Pad (Arrow Keys) to change direction."
"Nikkan Berutomo Club","日刊 べるとも 倶楽部","NTSC-J","Japan","I'Max Corp.","","1998-06-26","1","No","Puzzle","Not Rated","Released in 1998 for the Game Boy."
"Ninja Boy","","Region Not Set","","Culture Brain Inc.","Culture Brain Inc.","1990-11-01","1","No","Action","","Ninja Boy is an Action game, developed and published by Culture Brain, which was released in Japan in 1990"
"Ninja Boy 2","","Region Not Set","","Culture Brain Inc.","Culture Brain Inc.","1993-04-01","1","No","Action","","Ninja Boy 2 is an Action game, developed and published by Culture Brain, which was released in Japan in 1991."
"Ninja Gaiden Shadow","","Region Not Set","","Tecmo","Natsume","1991-12-09","1","No","Action","","When a madman threatens to take over the entire world, our beloved hero Ryu must travel the globe to get to New York. Once he gets there, there are hazards and enemies hiding in each and every nook and cranny. If you think the ""Big Apple"" is dangerous in real life, you'll be amazed at the depths of evil employed by the big-city villains in this escapade. You'll have to hack, slash, and kick your way through the streets and all the way to one of the most dangerous bosses in videogame history. Another installment in the ongoing Ninja Gaiden series, Ninja Gaiden Shadow boasts intense graphics, a great storyline, and smooth gameplay. The world could really use a hero, and if you've got the skills and know-how, you could be it."
"Ninja Spirit","Saigo no Nindou: Ninja Spirit | 最後の忍道","NTSC-J","Japan","Irem Corp.","Bits Studios","1993-12-18","1","No","Action","Not Rated","Now is the time for you TSUKIKAGE, the spirit of the great white wolf, to take the form of the Ninja and slay the Evil One. The beasts in the bowels of the earth await you, with their cunning moves and lethal weapons. Dodge the devil spearsman who will stab you from underneath and leap the spine-chilling Chinese plank to avoid those nasty ninjas! Choose carefully and wisely your arms, will the Samurai sword suffice, or maybe the Ninja Deathstar or even dynamite and the sharpest and deadliest of lassoon blades! Collect the crystals which will give you ninja spirits that follow your every move and attack, extra energy or the chance to use the destructive rope of fire! Traverse the most treacherous of territories, over perilous boardwalks, across marshes and ropebridges then climb your way up the sheer rock face - dodging the poisonous gas as you go! Then with all the strength that you can muster, face the final battle with the dreaded Last Warlock!"
"Ninja Taro","","Region Not Set","","American Sammy Corporation","NMK Co. Ltd.","1992-09-17","1","No","Role-Playing","","High Adventure in the Far East
It's the era of feudal war in Japan. One Shogun struggles to unite the provinces, but he needs help.
His villainous arch-rival is rumored to be dead, but a merciless legion of anarcy continues to plague the countryside. If he is dead, then who could be leading th evil forces which prevent Japan from attaining peace and order?

This chaos must be stopped!
From the ranks of the Phantom sect to the Shogun's aid comes Ninja Taro. With the cunning of a thief, the skill of a master, and a legendary sword, he must venture forth to tame the minions of evil, and unravel the riddle that will unite the empire!"
"Niñoid","Ninoid","Other","","","","2023-02-03","1","No","Platform","Not Rated","Your cat Kiska is very curious and has decided to venture into a strange-looking building. Unlock new abilities as you explore the building in search of your missing kitty."
"Nintama Rantarou GB","Nintama Rantarō GB | 忍たま乱太郎　ＧＢ","NTSC-J","Japan","Culture Brain Inc.","Culture Brain","1995-12-27","1","No","Adventure","E - Everyone","No overview is currently available for this title, please feel free to add one."
"Nintama Rantarou GB - Eawase Challenge Puzzle","","NTSC-J","Japan","Culture Brain Inc.","","1998-06-19","1","No","Puzzle","E - Everyone","Nintama Rantarou GB: Eawase Challenge Puzzle is a Puzzle game, published by Culture Brain, which was released in Japan in 1998."
"Nintendo World Cup","","Region Not Set","","Nintendo","Technos Japan Corp.","1991-06-01","2","No","Sports","","The eyes of the world are upon you. National pride is at stake. Only seconds left and the crowd rises in anticipation of the greatest upset in soccer history. The horn sounds and you've won it all! The coveted world cup trophy is yours! Pick your team and plan your game strategy. Use advanced super moves like the Bicycle Kick or the Super Header. Choose from 13 teams, representing countries from around the world. Defeat your opponents and you're on your way to the prestigious world cup final. Bring the excitement of international soccer home with Nintendo World Cup!"
"NIV Bible & the 20 Lost Levels of Joshua","","Region Not Set","","Wisdom Tree, Inc.","Wisdom Tree, Inc","1996-01-01","1","No","Platform","E - Everyone","Convert your Game Boy into a portable NIV Bible. Featuring the text of the entire NIV Bible, a word search (simple or complex) and two challenging Bible word games. Plus, the Twenty Lost Levels of Joshua. Exciting arcade-style gameplay never seen before!"
"Nobunaga no Yabou","Nobunaga’s Ambition","NTSC-J","Japan","Koei Co., Ltd.","iNiS | 																KOEI Co., Ltd.","1990-10-10","2","No","Strategy","Not Rated","No overview is currently available for this title, please feel free to add one."
"Nobunaga's Ambition","","Region Not Set","","Koei Co., Ltd.","iNiS | 																Koei","1991-03-01","","No","Strategy","","Accept the challenge of Nobunaga and fight for control of 16th Century Japan. As a Daimyo (warlord) you'll have to master many tasks such as developing the town, harvesting crops, and establishing economic policy. You'll have to learn the art of diplomacy to build allies and train your troops well in preparation for war. You'll quickly learn what it takes to manage a country and win support of the people. Determine the destiny of Japan with your own hands and experience the ultimate in strategic simulation gameplay!"
"Nontan to Issho: Kuru Kuru Puzzle","ノンタンといっしょ　くるくるぱずる","NTSC-J","Japan","Victor Interactive Software, Inc.","Access","1994-04-28","1","No","Puzzle","Not Rated","Nontan to Issho: Kuru Kuru Puzzle is a Puzzle game, developed by Access and published by Victor Interactive Software, which was released in Japan in 1994."
"Noobow","ぬーぼー","NTSC-J","Japan","Irem Corp.","Irem Corp.","1992-01-01","1","No","Action | Puzzle | Platform","Not Rated","Help Noobow get to the end of each level in this candy-filled puzzler from Irem!"
"Ny Vydh Steren Vyth","No More Stars","NTSC","","","","2024-01-01","1","No","Adventure","Not Rated","Ny Vydh Steren Vyth (No More Stars) is a small video game, mostly in Cornish*, about capitalism, colonialism, holiday rental apps, affordable housing and grassroots activism.

Destroy each holiday house’s star rating. 

*Knowledge of Cornish not required to play the game. You’ll get the gist of things."
"Obelisk","","NTSC","","","","2025-08-01","1","No","Adventure | Role-Playing","Not Rated","You wake up in a cold hallway. You don't know how you got there, but as your vision clears, you notice two fellow adventurers. They are as confused to how they got there.

The only way out is up. You are inside one of the feared Obelisks that have been spawning across the land. Legend has it no one has ever made it out alive, the shifting maze merely growing upward as new floors are open."
"Oddworld Adventures","","Region Not Set","","GT Interactive Software Corp.","Saffire Corporation","1998-12-01","1","No","Adventure | Puzzle | Platform","E - Everyone","You're Abe, the chanting Mudokon - the skinny guy in the loincloth with no weapons. And you have to run a death-defying gauntlet of falling rocks, land mines, rolling stones, and other, even more deadly, perils! As if that weren't enough, you're being chased by a legion of flesh-eating, heavily armed enemies. But when the going gets tough, Abe gets odd. So get going already!"
"Off Grid","","NTSC","","","","2021-02-28","1","No","Adventure | Life Simulation","Not Rated","Farm your land, forage in the forest and escape up the mountain. Off Grid, the survivalist/prepper roleplay come economic simulator.

This game has been described as a ""Looper"" by those who have played it. It has a core of actions that open up new bits of story and animation and if you repeat the actions the outcomes can be different.

The ultimate ""stuck at home in a pandemic"" fantasy. Centered around the home; Sleep, eat, fire, farm and forage, use your surplus food to buy goods at the shop, go on adventures and share your stories in the pub."
"Office Combat","","NTSC","","","","2021-09-10","1","No","Fighting","Not Rated","Office Combat is a game about literally fighting a toxic work culture. Made in GB Studio, you play as a side scrolling worker who wants to leave work on time after finishing their tasks. On the way to the Boss's office, many co-workers stand in your way, and they won't let you go without a fight."
"Olympic Skier","","NTSC","","","","2021-12-14","1","No","Sports","Not Rated","There are 3 sections to the game. Downhill, Target Jump and Slalom and you have 30 seconds to complete all three.

DOWNHILL: Avoid trees, rocks, bumps, logs, sledges as they will cause you to crash. Use the ice patches to accelerate to full speed. Running over stray ski's will cause you to decelerate to the minimum speed. You can't jump over the rocks or logs.

TARGET JUMP: Accelerate by pressing left button and land as close as possible to the center of the target. Bonus time are awarded for good jumps.

SLALOM: Weave your way through the slalom gates for bonus time. Avoid trees at the side of the course."
"Olympic Summer Games: Atlanta 1996","","Region Not Set","","Black Pearl Software","Tiertex Design Studios","1996-06-01","","No","Sports","","Prepare Yourself For Competition! You've been selected to represent your country in the most prestigious atheletic event the world has ever known... The Olmypic Summer Games. Compete in 10 track, field and shooting events including the 110 meter hurdles, javelin throw, and archery competition. - Experience 10 challenging Olympic events: 100m Sprint, 110m Hurdles, Pole Vault, Triple Jump, Long Jump, High Jump, Javelin, Discus, Skeet Shooting, and Archery Competition. - Choose from 2 different play modes: Practice and Competition. - Represent one of 32 nations in the games. - Challenge actual Olympic records in all events."
"One-Hit Wonder","","NTSC","Spain","","","2021-12-31","1","No","Life Simulation","Not Rated","A short visual novel for Game Boy written in Catalan language, the first of its kind. Our protagonist joins a young man called Ismael in his nocturnal journey through a cyberpunk Barcelona... and down memory lane."
"Oni","","Other","","itch corp","","2020-09-11","1","No","Adventure | Shooter","Not Rated","On a routine cargo run, you notice your ship rapidly losing energy. You locate a nearby planet and begin the landing sequence. On entering the atmosphere a sudden burst of energy surges through your ship systems. You exit your ship on a quest to obtain the energy of the planet and return home."
"Oni II: Innin Densetsu","ＯＮＩⅡ 隠忍伝説","NTSC-J","Japan","Banpresto Co., Ltd.","Pandora Box","1992-02-28","1","No","Role-Playing","Not Rated","Oni II: Innin Densetsu is a Role-Playing game, developed by Pandora Box and published by Banpresto, which was released in Japan in 1992."
"Oni III: Kuro no Hakaishin","ＯＮＩⅢ ～ 黒の破壊神 ～","NTSC-J","Japan","Banpresto Co., Ltd.","Pandora Box","1993-02-26","1","No","Role-Playing","Not Rated","Oni III: Kuro no Hakaishin is a Role-Playing game, developed by Pandora Box and published by Banpresto, which was released in Japan in 1993."
"Oni IV: Kishin no Ketsuzoku","ＯＮＩⅣ　鬼神の血族 | Oni IV Kishin no Ketsuzoku | Oni IV - Kishin no Ketsuzoku","NTSC-J","Japan","Banpresto Co., Ltd.","Pandora Box","1994-03-11","1","No","Role-Playing","Not Rated","Oni IV: Kishin no Ketsuzoku is a Role-Playing game, developed by Pandora Box and published by Banpresto, which was released in Japan in 1994."
"Oni V: Innin no Tsugumono","ＯＮＩⅤ　隠忍を継ぐ者","NTSC-J","Japan","Banpresto Co., Ltd.","Pandora Box","1995-05-24","1","No","Role-Playing","Not Rated","Oni V: Innin no Tsugumono is a Role-Playing game, developed by Pandora Box and published by Banpresto, which was released in Japan in 1995."
"Onigashima Pachinko-Ten","鬼ケ島 パチンコ店","NTSC-J","Japan","Coconuts Japan Entertainment Co., Ltd.","Marionette","1991-02-08","1","No","Board","Not Rated","Onigashima Pachinko-Ten is a Miscellaneous game, developed by Marionette and published by Coconuts Japan, which was released in Japan in 1991."
"Operation C","","NTSC-U","United States of America","Ultra Games","Konami","1991-02-01","1","No","Action | Shooter | Platform","E - Everyone","Operation C is a 1991 Game Boy video game developed by Konami and released by Ultra Games in the USA on February 1, 1991.

YOU'RE UP AGAINST A COLD BLOODED SNAKE OF AN ENEMY!

Red Falcon had devoured a portion of this planet and now the vile Black Viper has come from deep space for seconds. But he hasn't come alone. Viper's transported a battalion of battletron tanks, stealth subs, laser cannons, and annihilating androids. And he's seized a secret naval lab to develop a new breed of supreme alien being. So Scorpion stands alone against biological experiments gone bad like towering tarantulas and venomous vesty flies. His mission: level the lab before Viper transforms Earth into an alien nation.

Although he may be a solo commando, Scorpion has an array of devastating weapons at his disposal like a M-90 Shell Shocker, Fire Phazer, and Homing Blaster. But it will take more than sheer firepower to survive five new lethal levels of naval ports, forests, caverns and a laboratory filled with genetic mutants. You've got a snowball's chance in Haiti of making it!

But, that's the way Scorpion likes it!"
"Osawagase! Penguin Boy","Amazing Penguin","NTSC-J","Japan","Natsume","Natsume","1990-08-08","1","No","The character controls a penguin who must clear 40 levels worth of action. There are a certain amount of lines with switches and dots that need activating.[3] Once all the lines are cleared, so are any enemies that are remaining in that level. A strict time limit make players lose their lives in addition to bumping into an enemy.

There is no regularity to the movement of the character, giving an element of luck to the game. Some aspects of background graphics appear in certain levels (especially on levels 12, 20, 28, and 36).  Level 40 is essentially a giant maze which leads up to a castle that ends the game.

ESRB Rating: Not Rated

 ActionGenre(s): Action","The character controls a penguin who must clear 40 levels worth of action. There are a certain amount of lines with switches and dots that need activating.[3] Once all the lines are cleared, so are any enemies that are remaining in that level. A strict time limit make players lose their lives in addition to bumping into an enemy.

There is no regularity to the movement of the character, giving an element of luck to the game. Some aspects of background graphics appear in certain levels (especially on levels 12, 20, 28, and 36).  Level 40 is essentially a giant maze which leads up to a castle that ends the game.

 Not Rated

Genre(s): ActionESRB Rating: Not Rated","The character controls a penguin who must clear 40 levels worth of action. There are a certain amount of lines with switches and dots that need activating.[3] Once all the lines are cleared, so are any enemies that are remaining in that level. A strict time limit make players lose their lives in addition to bumping into an enemy.

There is no regularity to the movement of the character, giving an element of luck to the game. Some aspects of background graphics appear in certain levels (especially on levels 12, 20, 28, and 36).  Level 40 is essentially a giant maze which leads up to a castle that ends the game.

ESRB Rating: Not Rated

Genre(s): Action"
"Othello","","Region Not Set","","Nintendo","Kawada","1990-02-09","1","No","Strategy","","Othello is a well-known classic board game that has the famous slogan, ""A minute to learn, a lifetime to master."" This game favors logic and thinking ahead over agility or luck. With either black or white, you have to trap the opponent's pieces to make that piece yours. The cleverest player will get the most pieces once the 64-square board is
filled."
"Othello World","オセロワールド","NTSC-J","Japan","Tsukada Original","DiCE","1994-09-30","1","No","Strategy | Board","Not Rated","Othello World is a Miscellaneous game, developed by Dice and published by Tsukuda Original, which was released in Japan in 1994."
"Otto's Ottifanten: Baby Bruno's Nightmare","","Region Not Set","","Infogrames Entertainment","Bit Managers","1998-01-01","1","No","Platform","","Baby Bruno has had nightmare! A magician has dissolved his Teddy Honk and he may never be seen again. Only you can help him to rescue the teddy bear. But for that you need Baby Bruno to enter the mysterious cylinder, where you will face nasty traps, obstacles and enemies.

Plunge into the adventure and ""crack"" one level after another: Hike through a secret forest where every tree is an obstacle. Enter a castle full of trickery and pitfalls - and press forward into the dungeon where Honk is trapped."
"Out of Gas","","Region Not Set","","FCI","Realtime Associates, Inc.","1992-10-01","1","No","Racing","","Out of Gas is a racing game, developed by Realtime Associates and published by FCI, Inc., which was released in 1992."
"Out on a Limb","","NTSC","","","","2022-11-12","1","No","Platform","Not Rated","In Out on a Limb, Jack climbs a beanstalk to the Giant’s Castle, where he must explore multiple rooms to find hidden treasures; a golden egg and a bag of gold. Each room is filled with deadly obstacles and enemies such as Manic Ducks, Killer Jelly Babies, Flying Hatchets, and Demon Hoovers. Jack has no weapons and must rely on agility to jump between ledges and tables to survive. The game challenges players’ skill and nerve as they guide Jack to collect the treasures and escape before meeting a grim fate."
"Outburst","アウトバースト","NTSC-J","Japan","Konami","Konami","1993-03-26","2","No","Action | Fighting","E - Everyone","No overview is currently available for this title, please feel free to add one."
"Pac-Attack","","NTSC-U","United States of America","Namco Hometek Inc.","Namco","1994-11-01","2","No","Puzzle","E - Everyone","Based on Namco's Japanese-only arcade puzzler Cosmo Gang the Puzzle, Pac-Attack is similar to many block-dropping puzzle games from the time, such as Puyo Puyo.

The objective of the game is to place ghosts and then, after three pieces (which can include one or two blocks as well), make Pac-Man eat as many ghosts as possible to try and clear up the game area. Pac-Man's directions are chosen at random between left or right, but as he goes moving on the game area (after you place him, of course), if he bumps against a block or a ""wall"" on the game area, he will change his direction. As with many block-dropping puzzlers, if a line of blocks and/or ghosts reaches the top, the game ends. However, by filling up a meter on the left of the game area, a fairy may appear that can clear approximately 6 or 7 lines with ghosts, but it only clears the ghosts, although the blocks that were on top of them will drop.

The game also includes a Puzzle mode. It features 100 levels, in which you have to eat all ghosts with no more than 4 Pac-Men at least (the number reduces in certain levels), and, unlike the other modes, you can change Pac-Man's direction with the press of a button."
"Pac-in-Time","","Region Not Set","","Namco","Atreid Concept SA","1995-02-01","","No","Platform","","The evil Ghost Witch has cast a vicious spell on Pac-Man and thrown him back in time to when he was a Pac-Boy. Only you can save him now. Down some Pac-Pellets and get ready to battle your way through a totally supersonic side-scrolling adventure. Journey through snowy mountains and forests, collect fireballs and bubbles, crunch Pac-Bats and ghosts, swim like a fish and swing like a monkey... and ultimately get Pac-Man back to the real world!"
"Pac-Man","Pacman","Region Not Set","","Namco","Namco","1991-04-01","2","No","Puzzle","","Gobble, gobble, gulp! Who's munching Power Pellets? Who's zipping around the maze at top speed, chomping up ghosts and scoring big points? It's Pac-Man, the world's hungriest character! Devour a fruit treat and get a big bonus score. But if you're caught by the little haunters, you're ghostflakes! Use the warp tunnel for a quick escape. Hours of ghost-chomping action!"
"Pac-Panic","","PAL","United Kingdom of Great Britain and Northern Ireland","Namco","Namco","1994-12-01","2","No","Puzzle","E - Everyone","On a Tetris-like board the player drops blocks consisting of Ghosts, Blocks, Pac-Man, and one Fairy (if the Fairy Meter is full) to the ground. The objective is to not let the blocks overflow, let Pac-Man eat the ghosts, and make lines to shorten the amount of blocks on the board. When Pac-Man eats a ghost, the Fairy Meter goes up. Once full, a fairy will eventually be dropped. Once the fairy comes to a stop by landing on anything, it waves its wand and every ghost in the eight lines below it will disappear, often resulting in numerous lines being completed and simplifying the board. Once the fairy disappears, the score bonus is given, and gameplay continues.

Pac-Attack can also be played in 2-player mode. Player 1 must eat Blinky, while Player 2 must eat Sue, the purple ghost from Pac-Mania. As players eat ghosts and complete lines, they will drop ghosts on their opponent's board, messing up their board and bringing them closer to the top. This game can even be played in puzzle mode. The object of this mode is to smash all 100 stages by getting rid all of the ghosts on the board with the limited number of Pac-Man's for each stage. In the event of a Game Over, all the regular blocks appear with red crosses on them. Players can then retry the level."
"Pachio-Kun: Puzzle Castle","","NTSC-J","Japan","","","1994-04-22","1","No","Puzzle","Not Rated","No overview is currently available for this title, please feel free to add one."
"Painter Momopie","","NTSC-J","Japan","Sigma Ent. Inc.","Sigma Ent. Inc.","1990-12-07","1","No","Role-Playing","E - Everyone","Painter Momopie is a 1990 maze action video game developed and published by Sigma Enterprises for the Game Boy. The player controls the witch Momopie, with the objective being to clean all the floors in a castle, and also to avoid and counter the foes that are in it. Various spells that Momopie acquires throughout the game help her in cleaning the castle faster, and/or are able to stop the enemies within it, though at the cost of MP."
"Palamedes","","Region Not Set","","TAKARA Co., Ltd.","Natsu System","1991-01-01","1","No","Puzzle","","Palamedes is a puzzle game requiring the player to match the dice they are holding to the dice at the top of the screen. Using the ""B"" button, the player can change the number on his/her dice, then throw the dice using the ""A"" button when it matches the dice at the top of the screen, which wipes the target dice off the screen. The player can play in ""solitaire"" mode against the computer or another player, or ""tournament"" mode against AI opponents. There are six sides and numbers on the dice, making an attempt to match all the numbers on the screen and eliminating them a challenge."
"Panel Action Bingo","","Region Not Set","","FCI","Locus","1993-11-01","","No","Strategy","","Panel Action Bingo is a Strategy game, developed by Locus and published by FCI, Inc., which was released in 1993."
"Pang","","Region Not Set","","","","1993-10-01","2","No","Action","E - Everyone","Buster Bros, also called Pang (パン Pan?) and Pomping World (Japanese: ポンピング・ワールド Hepburn: Ponpingu Wārudo?), is a cooperative two-player arcade video game released in 1989 by Capcom. The Buster brothers must finish a round-the-world quest to destroy bouncing balloons that are terrorizing several of Earth's landmarks and cities. The fight to save the Earth begins on Mt. Fuji, Japan where the brothers must pass all three stages before moving on to the next location.

Conversions for home systems were produced by Ocean Software in 1990 for the ZX Spectrum, Commodore 64, Amstrad CPC, Commodore Amiga, MS-DOS and Atari ST. It is the same as ""Buster Bros"" except for the opening title.

The basic gameplay in Buster Bros/Pang is identical to a much earlier 1983 Japanese computer game called Cannon Ball (also released in 1983 on the ZX Spectrum as Bubble Buster). Cannon Ball was made by Japanese publishers Hudson Soft, and possibly inspired Mitchell Corp. to make Buster Bros six years later.[citation needed]"
"Panty Hunty","","NTSC","","","","2023-01-07","1","No","Action","M - Mature 17+","Rubin is a nice boy. One day, he watches from the street as his neighbor accidentally drops all of her underwear out of the window of her house. In this emergency, of course, he has to help out directly and prevent the freshly washed laundry from falling on the dirty road.

The game mechanics are based on classic LCD games, such as the Game & Watch series from Nintendo. You control Rubin horizontally on the lower rope between two houses. The lower rope also corresponds to the danger zone: if a garment (bra, panties, thong) falls lower than the rope hangs, you lose one of your three lives."
"Paperboy","","Region Not Set","","Mindscape, Inc.","Atari Games","1990-12-12","1","No","Action","E - Everyone","A fairly good adaptation of a classic game for the Nintendo Game Boy.

Paperboy is a 1984 arcade game by Atari Games. The players take the role of a paperboy who delivers newspapers along a suburban street on his bicycle. The game was ported to numerous video game consoles and personal computers. The Nintendo Entertainment System (NES) version represented the first NES game developed in the United States. Paperboy was innovative for its theme and novel controls."
"Paperboy 2","","Region Not Set","","Mindscape, Inc.","Tengen","1992-04-01","","No","Action","","No window is safe. No fence is too high. The paperboy is determined to deliver the paper to his subscribers... any way he can. Tossing papers left and right, riding in 3 directions, jumping anything that'll give air... this free-wheeling carrier visits more neighborhoods and houses, faces more targets and obstacles, and gets into more trouble than ever before!"
"Paradise Heights","Paradise Heights GB","Other","","","","2025-07-12","1","No","Life Simulation","Not Rated","A demake of the classic hentai PC game for the PC-98 & FM town Marty.   You are Keigo Nakadai, a 25 year old average guy who makes his living doing odd jobs. Now he's got a job as a caretaker of a top class apartment block (thanks to your uncle who owns the place) where all the residents are women! So, while your uncle is off to Hawaii, you are in charge of taking care of the place in his absence. As you get 'acquainted' with the local residents, certain suspicious events that disturb the local residents comes to your attention, ultimately leading to the mystery of behind Paradise Heights..."
"Parasol Islands","Parasol Islands (World) (Aftermarket) (Unl)","Other","","","","2021-06-23","1","No","Platform","Not Rated","The game is a cross-over of Rainbow Islands and Parasol Stars."
"Parasol Stars: Rainbow Islands II","Parasol Stars: The Story of Bubble Bobble III","PAL-A","United Kingdom of Great Britain and Northern Ireland","Ocean Software Ltd.","Taito Corporation","1992-01-01","2","No","Platform","Not Rated","Get ready for some finger-searing action as Bub and Bob blast their way onto your computer screen. Use four kinds of elements - Fire, Water, Lightning and Star - to overcome wave upon wave of nasties bent on ending your quest to rid the universe of the evil mastermind Chaostikahn! Whether you play alone or with a friend, stay alert! Your only hope of reaching the final showdown is to unlock the secret of Parasol Stars!"
"Parasoru Henbee","パラソルヘンべえ | Parasol Henbee","NTSC-J","Japan","Epoch Co., Ltd.","Sakata SAS","1990-11-16","1","No","Platform","Not Rated","Parasol Henbee is an Action game, developed by SAS Sakata and published by Epoch, which was released in Japan in 1990. It is based on a Japanese anime of the same name."
"Parodius","","Region Not Set","","Konami","Palcom","1991-01-01","1","No","Action","","Parodius is an Action game, developed and published by Konami, which was released in Japan in 1991."
"Parodius Da!","NTSC-J Parodius","NTSC-J","Japan","Konami","Konami","1991-04-05","1","No","Shooter","E - Everyone","No overview is currently available for this title, please feel free to add one."
"Patlabor: The Mobile Police","機動警察パトレイバー　～狙われた街 1990～","NTSC-J","Japan","Yutaka","Yutaka","1990-08-25","1","No","Adventure","Not Rated","A Patlabor adventure game for Game Boy."
"Peetan","Pitan | ピータン","NTSC-J","Japan","Kaneko Co., Ltd.","Inter State","1991-01-01","1","No","Action | Puzzle","Not Rated","Help Peetan propel her hatchlings to safety from the hungry wolf in this action puzzle game from Kaneko!"
"Peke to Poko no Daruman Busters","ダルマンバスターズ","NTSC-J","Japan","Banpresto Co., Ltd.","Birthday","1991-08-03","1","No","Action | Puzzle","Not Rated","Daruman Busters is a Game Boy tile puzzle in which the goal is to knock evil smiling Darumans off of towers of tiles. This game was only released in Japan.

Daruman Busters is a block matching puzzler in which blocks line the sides of the screen. The player controls two little men up and down on the side of the screen, by pressing A or B they will hit the blocks right or left. If they hit a matching block then those blocks, and any of the same type nearby, will disappear. The goal is to get the daruman on the ground before he manages to rise up to the girl on top of the screen."
"Penguin Land","ペンギンランド","NTSC-J","Japan","Pony Canyon, Inc.","Sega","1987-08-18","1","No","Platform","E - Everyone","Penguin Land, known as Doki Doki Penguin Land Uchū Daibōken (どきどきペンギンランド宇宙大冒険? lit. ""Thump Thump Penguin Land: Great Outer Space Adventure"") in Japan, is a Sega Master System game and the second game in the Doki Doki Penguin Land series. In this game you play as a penguin going through a puzzle platformer stage and try to guide your egg around the polar bears, rocks and other hazards to the end of the stage. The game has a total of 50 stages and a level editor which can save up to 15 additional levels. The level editor data is stored on the game's battery back-up RAM."
"Penguin Migrants","","NTSC","","","","2024-05-06","1","No","Puzzle","Not Rated","Guide all of your penguins where they need to be"
"Penguin Wars","King of the Zoo | Penguin-kun Wars VS. | ぺんぎんくん wars vs.","NTSC-U","United States of America","ASCII Entertainment Software, Inc.","ASCII Entertainment Software, Inc.","1990-07-01","1","No","Shooter","Not Rated","Penguin Wars (ぺんぎんくんWARS Pengin-kun WARS?) is an arcade game released in 1985 by UPL. It was ported to the original Game Boy (1990), MSX and Nintendo Entertainment System by ASCII under the title Penguin Wars. The Game Boy version of the game is known as King of the Zoo in Europe and Penguin-Kun Wars Vs. in Japan."
"Penguin-Kun Wars Vs.","ぺんぎんくん wars vs. | Penguin Wars | King of the Zoo","NTSC-J","Japan","ASCII Corporation","ASCII","1990-03-30","2","No","Action","Not Rated","No overview is currently available for this title, please feel free to add one."
"Penta Dragon","ペンタドラゴン","NTSC-J","Japan","Yanoman Corporation","Japan Art Media","1992-07-31","1","No","Action | Shooter","Not Rated","Penta Dragon is a shooter developed by Japan Art Media and published by Yanoman Corporation for the Game Boy platform. Players take control of Sara, the mythical snake child. Sara is the child of a human and a dragon. When Sara was born she was given one of her mothers magical eyes, but the time has now come for her to set out and recover the other one."
"Persona 4","Persona 4 GB","Other","","","","2022-02-02","1","No","Role-Playing","Not Rated","Ever wonder what Persona 4 would look like if it was released on the gameboy? Well now you don't need to, as a reimagining of what a gameboy Persona 4 might be like comes to reality."
"Persona 5 Pocket Edition","Persona 5 Pocket Edition (Homebrew)","Other","","","","2023-03-03","1","No","Action | Role-Playing","Not Rated","No overview is currently available for this title, please feel free to add one."
"PGA European Tour","","Region Not Set","","Malibu Interactive","Unexpected Development","1995-01-01","1","No","Sports","","PGA European Tour is a Sports game, developed by Unexpected Development and published by Malibu, which was released in 1995."
"PGA Tour 96","","Region Not Set","","Black Pearl Software","Unexpected Development","1995-11-01","","No","Sports","","PGA Tour 96 is a Sports game, developed by Unexpected Development and published by Black Pearl, which was released in 1995."
"Phantom Flash","","NTSC","","","","2024-01-01","1","No","Adventure","Not Rated","Explore and collect items to help you progress through a haunted manor. Made for GBJAM 12."
"Phantom Shock","","Other","","","","1970-01-01","1","No","Action","Not Rated","In this game you will play as experimental super solider known as PHANTOM. Callisto base has been hit hard by an alien invasion. Find and unlock new weapons and fight back the invasion!"
"Phobos Dere.GB","","Other","United States of America","Limited Run Games","","2022-03-05","1","No","Puzzle | Platform","Not Rated","After uncovering a GameBoy cartridge haunted by a malignant force, a guilt-ridden scientist involved in sinister experiments must face his fears and relive the terrifying nightmares of his past. 

PHOBOS DERE .GB includes a physical cartridge for Game Boy and Game Boy compatible consoles, a retro box, and an instruction booklet."
"Picross 2","ピクロス2 | Mario's Picross 2 | Mario no Picross 2","NTSC-J","Japan","Nintendo","Nintendo","1996-10-19","1","No","Puzzle","E - Everyone","This game is a Japan-exclusive collection of nonogram logic puzzles involving a grid with numbers for every row and column, which refer to the amount of marked squares within the grid, and the sequel of ""Mario's Picross"". Unlike the first ""Mario's Picross"", this game contains a world map. Also, the pictures are larger, consisting of four 15x15 picross boards. Also exclusive to Japan, Nintendo released 8 volumes of Nintendo Power branded Picross games known as Picross NP that were only available via the Nintendo Power service. The game was released on the 3DS Virtual Console."
"Pierre le Chef is... Out to Lunch","","Region Not Set","","Mindscape, Inc.","Mindscape","1993-11-01","2","No","Action","","Pierre le Chef is touring the world preparing his dishes, but his ingredients have escaped and he must capture them. Pierre must watch out for bacteria, insects, and his arch-rival, Le Chef Noir. Noir, an evil chef jealous of Pierre's success, wants to ruin his career by releasing all of his gathered ingredients."
"Pilla Dream","PillaDream","NTSC","","","","2022-09-23","1","No","Puzzle","Not Rated","Pilla has always dreamed to grow, so he decided to climb to the top of the clouds in order to reach the golden apple! This little fella's big adventure is about to begin.

You play as Pilla, a caterpillar who needs to advance each floor by watering the plants with a watering can. The world of PillaDream is filled with fun and chill puzzles!

But sooner or later you will encounter enemies who view Pilla as prey. Use your wits and avoid them. Maybe you can use the watering can to your advantage?"
"Pinball Deluxe","","Region Not Set","","GameTek, Inc.","Spidersoft","1995-01-01","1","No","Strategy","Not Rated","Pinball Deluxe combines the tables of Pinball Dreams and Pinball Fantasies on one cartridge. These pinball games have been originally released on Commodore Amiga, but have been ported later to other systems. At Pinball Deluxe for the GameBoy, you can choose between seven tables."
"Pinball Dreams","","Region Not Set","","GameTek, Inc.","Spidersoft","1993-08-01","","No","Action","","Pinball Dreams is an Action game, developed by Spidersoft and published by GameTek, which was released in 1993."
"Pinball Fantasies","","Region Not Set","","GameTek, Inc.","Spidersoft","1995-02-01","","No","Action","","Pinball Fantasies is the official port of the classic 1992-released Amiga pinball simulator."
"Pinball Mania","","Region Not Set","","21st Century Entertainment Ltd.","Spidersoft","1995-01-01","1","No","Strategy","","After the success of Pinball Dreams, Pinball Fantasies and Pinball Illusions, publisher 21st Century Entertainment decided to let Spidersoft Limited develop a fourth game--Pinball Mania. Where the previous games excelled in ball simulation, a lot of people felt that Pinball Mania had very lacking ball physics, making controlled shots difficult to accomplish.

A Game Boy port was also released which was only released in the UK."
"Pinball: 66 Hiki no Wani Daikoushin","ピンボール ｢ ６６匹のワニ大行進 ｣","NTSC-J","Japan","HAL Laboratory, Inc.","HAL Laboratory","1989-10-18","2","No","Action","Not Rated","No overview is currently available for this title, please feel free to add one."
"Pine Creek","","Region Not Set","","","","2019-12-13","1","No","Adventure","Not Rated","The disappearance of a young girl in the previously quiet small town of Pine Creek raises the popular belief that a cult is behind the crime and many other ritual killings before her. 
Her best friend will do his best to solve why, how, and who is behind it.
PINE CREEK is an adventure game focused on exploration, story, and following clues. Have friends, think about life, think about death, eat tasty food, and play games in the arcade!"
"Pineapple Kid","","PAL","United Kingdom of Great Britain and Northern Ireland","Bitmap Soft","Bitmap Soft","2021-12-01","1","No","Puzzle | Unofficial","Not Rated","The game tells the story of Pineapple Kid, a courageous pineapple that lives in a distant land where pineapples live a happy life. The pineapples always dreamt of having a happier life in a place called Pineapple Paradise. The legendary Tower that can grant the passage to Pineapple Paradise is rumored to appear once in a 100 years but no one dared challenge the Tower, and so the legend became only a tale.

Until one day, Pineapple Kid stood up and made a journey to the Tower. This time the player (You) can help out Pineapple Kid reach Pineapple Paradise!!!"
"Pingu: Sekai de Ichiban Genki na Penguin","ピングー　世界で一番元気なペンギン","NTSC-J","Japan","B-AI","Tom Create","1993-12-10","1","No","Action | Puzzle | Platform","Not Rated","Pingu: Sekai de Ichiban Genki na Penguin is based on the popular Swiss claymation series"
"Pipe Dream","","Region Not Set","","Bullet-Proof Software, Inc.","Bullet-Proof Software, Inc.","1990-09-01","","No","Puzzle","","Pit your pipe-fitting prowess against a surging stream of soggy sewage. But slow down for a second and it's sludge city! You'll play instinctively, while you think strategically. You'll get good quickly, but you'll always have room to get better. Pipe Dream is a perfect desktop stress-buster and a terrific tournament game and a seriously special strategy puzzle!"
"Piranesian","","NTSC","","","","2025-07-27","1","No","Adventure","Not Rated","Piranesian is a narrative-driven Game Boy adventure inspired by the novel Piranesi. You explore The House, a mysterious labyrinth of halls, uncovering lost memories, solving riddles, and reflecting on Plato’s virtues. Luckily, you're not alone: The Other visits every Wednesday and Saturday.

 ""It is my belief that the World (or, if you will, the House, since the two are for all practical purposes identical) wishes an Inhabitant for Itself to be a witness to its Beauty and the recipient of its Mercies""
    - Susanna Clarke, Piranesi"
"Piropa","","Other","","","","2024-05-02","1","No","Life Simulation","Not Rated","""Your virtual frog friend!

Raise your new pet by catching bugs, growing flowers, and taking care of their needs. Pet, feed, and clean up after them, then watch as they grow from tiny tadpole into one of six unique adults. With relaxing gameplay, fun music, and cute sprites, you’re sure to enjoy spending time with your very own virtual frog.

Hop to it!

Credits
Music and sound effects by the amazing Beatscribe!
Built using GBDK-2020, hUGEDriver, CBT-FX, and the Nanner 32 Color Palette
Thanks to toxa, bbbbbr, Olivia, and many others on the GBDK Discord for help with figuring out save states, memory banks, and much more!
Thanks to Robin for great feedback and ideas!
Thanks to my friends in Seattle Smol Games for support and playtesting!

Source code: https://github.com/zenzoa/piropa

License: Creative Commons BY-NC-SA"""
"Pit-Fighter","","Region Not Set","","THQ","Tengen","1992-06-01","","No","Fighting","","The no. 1 arcade coin-op hit comes to your home computer system! Welcome to the meanest, toughest way of making a living! Enter the world of Pitfighting - fighting for money. You'll have to face thugs like The Executioner, Heavy Metal and Chain Man Eddie. Incredible graphics, digitized from real fighters, and amazing real-time sprite scaling, bring you the perfect conversion of Atari's no. 1 arcade hit. You'll never tire of this brutally addictive game!"
"Pitman","Catrap","NTSC-J","Japan","Asmik Corp. of America","Asmik Corp. of America","1990-01-01","1","No","Puzzle","Not Rated","Pitman is a puzzle game. The player directs the avatar, an anthropomorphic cat, to navigate a room while clearing obstacles and kicking monsters and ghosts off the screen. Once the player has knocked all of the enemies off the screen, they advance to the next level. Advancement grows difficult for the player as increasingly intricate obstacles are presented to complicate the process of overcoming all of the monsters and ghosts. The game encourages trial and error. A player may try one combination of manoeuvres by moving the obstacle in one direction, then they may find themselves trapped. The player can hit the 'A'-button to reverse their movements and try again in a different way until they find the solution that enables them to access all of the enemies and knock them off the screen. Trial and error make up a large portion of the game. Players can also create their own mazes.

There are 100 levels for the player to clear, each one more difficult than the last with more room for error and typically take longer to complete. The first level involves no obstacles with one monster on the opposite side of the screen to knock off; the last level involves a blockade of boulders and a conundrum of ladders for the player to move and navigate to clear several floating ghosts, the most difficult level with the smallest margin for error."
"Plaguemon - Lost Diaries","","Other","","","","2019-01-01","1","No","Role-Playing | Unofficial","AO - Adult Only 18+","Plaguemon Lost Diaries is a game hack developed by Hikikomori. You can play the Completed v0.666 Build 4.1 release now. Next part, let's find which differences between this modified game "" Plaguemon Lost Diaries"" and the original game Pokemon Red.

New Features
Car with Flamethrower
Motorbike
TNT to destroy buildings
In-game drum machine
151 new monsters
Whole new plot
New items
Whole new trainers
New music, originals and covers"
"Plants Ate My Zombies","Plants Eat My Zombies","NTSC","","","","2024-02-16","1","No","Platform","AO - Adult Only 18+","Dr. Fungen plans to destroy humanity with an army of Zombies but a nearby nuclear power plant has exploded making the local plants aggressive. They have caused destruction and have devoured the brains needed to create the Zombie army. You must kill the Plants and recover the brains to complete Dr. Fungen's masterpiece."
"Play Action Football","","Region Not Set","","Nintendo","Tose Co., Ltd.","1990-12-01","2","No","Sports","","Nintendo takes its game to the gridiron with NES Play Action Football. While Nintendo did not get the NFL license for this one, it did secure the license of the NFL Player's Association, so the 8 teams to choose from (all named after the appropriate NFL cities) are all stocked up with real pro players from the 1989 season. You can even substitute second-stringers for the ""skill"" positions (QB, RB, WR, TE, and FS/SS) when your starters get tired.

Play perspective is very unusual: top-down slightly modified with a three-quarters tilt behind the offense, and the scrolling is diagonal, from the bottom left to upper right of the screen. Each team has 12 passing and 12 running plays on offense, and the option to reverse play designs effectively gives you a total of 48 potential plays to run. The defense has 8 cover plays and 8 blitzes to select from. The kicking and punting games are handled with a fairly typical directional arrow/power meter system.

Games are divided into four 15-minute (accelerated real-time) quarters. There are no penalties, but referees do appear onscreen to signal touchdowns/field goals, take measurements on short yardage plays, and shout ""First Down!"" (in audio) whenever a team moves the chains. Team stats are displayed on a summary screen after every quarter of play. Highest scoring team wins, which in playoffs mode means moving on to the next round--and an eventual shot at winning it all in the Power Bowl!"
"Pluto's Corner","","NTSC","","","","2019-10-08","1","No","Platform","Not Rated","Lil' Matchy the cat hears that the Cat King of the block, Pluto, is on the prowl. Matchy's got a lot to do! Help her complete the day's checklist, including a showdown with Pluto. Can she make it to the end and get a good nap?"
"Pocket Bomberman","Poketto Bonbaman","PAL","United Kingdom of Great Britain and Northern Ireland","Nintendo","Hudson Entertainment, Inc.","1997-12-12","1","No","Platform","E - Everyone","Pocket Bomberman (ポケットボンバーマン Poketto Bonbāman?) is a platforming action game first released for the Game Boy in 1997, and later as a launch title for the Game Boy Color in 1998.

Pocket Bomberman features gameplay that revolves around using bombs to box in enemies and blowing them to bits. Once all enemies are defeated, Bomberman has to go to the door at the end of the stage to complete the level. There is a total of 5 worlds and 25 levels. These worlds include a jungle world, an ocean world, a wind world, a cloud world, and a world with the name of ""Evil"". Each world has a boss fight at the end in which Bomberman must expose the boss's weak points and bomb the boss until it has no health left."
"Pocket Camera: Debug Game Tester - Second Impact","Debagame Tester: Second Impact","NTSC","Japan","","Nintendo","1997-01-01","1","No","Utility","Not Rated","The Debagame Tester: Second Impact is a debug cartridge used for testing the Game Boy Camera hardware. Debagame means peeping tom, and is a pun on debakame, the Japanese shortening of ""Debug Camera"" (debaggu kamera).

Twelve full size pictures are found throughout the ROM data. Eight of them are photos of an unknown Nintendo employee. The last four are drawings of a face which appear in the final game."
"Pocket Densha","Pocket Train | ポケット電車","NTSC-J","Japan","Coconuts Japan Entertainment Co., Ltd.","Coconuts Japan Entertainment Co., Ltd.","1998-10-30","1","No","Vehicle Simulation","Not Rated","A train driving game in the style of Densha de Go."
"Pocket Family GB","ポケットファミリーGB","NTSC-J","Japan","Hudson Entertainment, Inc.","Hudson","1998-08-01","1","No","Life Simulation","Not Rated","No overview is currently available for this title, please feel free to add one."
"Pocket Golf","","NTSC-J","Japan","Bottom Up","Bottom Up","1998-09-25","1","Yes","Sports","E - Everyone","Pocket Golf is a golf game for Game Boy (Pocket) which uses only top-down perspective for both long distance strikes and puttings. The game supports single-player mode which lets you test your skills against an AI player in a 1-on-1 match or a tournament, and two-player mode via link cable which lets you compete in match play or stroke play mode. While the golf course terrain is taking majority of the screen, the right side shows your character and power meter you use to strike the ball, as well as overview of the current hole, or wind direction, selected club, and a terrain type your ball is currently on."
"Pocket Kyorochan","ポケット キョロちゃん","NTSC-J","Japan","Jupiter Corp.","Jupiter Corporation","1998-02-27","2","No","Life Simulation","Not Rated","A pet simulator using a candy company mascot as the character."
"Pocket Monsters : Aka","","PAL","Japan","Nintendo","Game Freak","1996-02-27","1","No","Adventure | Role-Playing | Strategy","E - Everyone","You've finally been granted your Pokémon trainer's license. Now, it's time to head out to become the world's greatest Pokémon trainer. It's going to take all you've got to collect 150 Pokémon in this enormous world. Catch and train monsters like the shockingly-cute Pikachu. Face off against Blastoise's torrential water cannons. Stand strong when facing Pidgeot's stormy Gust. Trade with friends and watch your Pokémon evolve. Important - no single Pokémon can win it all. Can you develop the ultimate Pokémon strategy to defeat the eight GYM Leaders and become the greatest Pokémon Master of all time?

* Collect up to 139 different Pokémon playing the Red version. Using the Game Link cable, trade with a friend who has the Blue version to capture all 150.
* You'll need to use both versions (Red and Blue) to collect all of the Pokémon.
* Test your training skills by battling against a friend using the Game Link cable.
* Save your Pokémon and game progress on the Game Pak memory."
"Pocket Monsters Ao","Pocket Monsters Blue Version | Pocket Monsters Blue","NTSC-J","Japan","Nintendo","Game Freak","1999-10-10","1","No","Adventure | Role-Playing | Strategy","E - Everyone","You've finally been granted your Pokemon trainer's license. Now, it's time to head out to become the world's greatest Pokemon trainer. It's going to take all you've got to collect 150 Pokemon in this enormous world. Catch and train monsters like the shockingly-cute Pikachu. Face off against Blastoise's torrential water cannons. Stand strong when facing Pidgeot's stormy Gust. Trade with friends and watch your Pokemon evolve. Important - no single Pokemon can win it all. Can you develop the ultimate Pokemon strategy to defeat the 8 GYM Leaders and become the greatest Pokemon Master of all time?"
"Pocket Monsters Gin","","Other","","","","1997-11-21","1","No","Role-Playing","Not Rated","No overview is currently available for this title, please feel free to add one."
"Pocket Monsters Green Version","Pocket Monsters Midori | Pokemon Green","NTSC-J","Japan","Nintendo","Game Freak","1996-02-27","1","No","Adventure | Role-Playing | Strategy","E - Everyone","You've finally been granted your Pokemon trainer's license. Now, it's time to head out to become the world's greatest Pokemon trainer. It's going to take all you've got to collect 150 Pokemon in this enormous world. Catch and train monsters like the shockingly-cute Pikachu. Face off against Blastoise's torrential water cannons. Stand strong when facing Pidgeot's stormy Gust. Trade with friends and watch your Pokemon evolve. Important - no single Pokemon can win it all. Can you develop the ultimate Pokemon strategy to defeat the 8 GYM Leaders and become the greatest Pokemon Master of all time?"
"Pocket Monsters Kin","","Other","","","","1997-11-21","1","No","Role-Playing","Not Rated","No overview is currently available for this title, please feel free to add one."
"Pocket Monsters Pikachu","Pocket Monsters Yellow Version | Pocket Monsters Yellow","NTSC-J","Japan","Nintendo","Game Freak","1998-09-12","1","No","Adventure | Role-Playing | Strategy","E - Everyone","You've finally been granted your Pokémon Trainer's license, and now you're on your way to becoming the world's greatest Pokémon Trainer! The shockingly-cute Pikachu tags along behind you as you search the enormous world for monsters to train and evolve. Face off against Blastoise's torrential water cannons. Stand strong when facing Pidgeot's stormy Gust. Develop the ultimate Pokémon strategy to defeat the eight Gym Leaders and become the greatest Pokémon Master of all time!"
"POCKET OF HORROR","Pocket of Horror (World) (Aftermarket) (Unl)","Other","","","","2024-05-09","1","No","Horror","Not Rated","This is a demake of the game World of Horror. 

    Four MYSTERIES, and the old LIGHTHOUSE
    Many PALETTES to choose from
    CHARACTERS with different stats
    A rough approximation of combat, events, items, etc"
"Pocket Penguin","","Other","","","","2022-10-30","1","No","Platform","Not Rated","Travel back in time, with this game that will remind you how important it is to have courage to face the adversities that come your way.  ""Pocket Penguin: Pocket Edition"" is a redisign of our original game (now called Pocket Penguin DX) available in a new format: game cartridge."
"Pocket Puyo Puyo Tsuu","ぽけっとぷよぷよ通 | ぽけっとぷよぷよ2 | Pocket Puyo Puyo 2","NTSC-J","Japan","Sega","Compile","1996-12-13","1","No","Strategy","E - Everyone","Game Boy version of the second installment of the Puyo Puyo games; the sequel to Puyo Puyo, made in 1994 by Compile. It also supports Super Game Boy technology.
The name of this game comes from an English pun, as ""tsuu"" (通 tsū, meaning ""Expert"") when spoken aloud sounds similar to the English word ""two"".
Just like the prequel, Puyo fall from the top of the screen in pairs, can be moved left and right, and can be rotated clockwise and counter-clockwise by 90°; if the third column from the left fills up to the top, the game is over. Different rules however played a factor within the game. The game also has different styles of playing for each version, including its newer features."
"Pocket Sonar","Gyogun Tanchiki: Pocket Sonar","NTSC","Japan","","","1998-07-27","1","No","Utility","Not Rated","The Game Boy Pocket Sonar is a peripheral for the Nintendo Game Boy made by Bandai that used sonar to locate fish up to 20 meters (65 feet) underwater for the sport of fishing and contained a fishing mini-game. It was released in Japan in 1998, but never released internationally. It was the first sonar-enabled gaming accessory."
"Pogo Pete","","NTSC","","","","2021-11-27","1","No","Action","Not Rated","You control a young boy, on a pogo-stick, named 'Pogo Pete'. Some children have decided to build an adventure playground in the street. You must try out all the obstacles in the playground and you have to pick up all the released balloons. You move Pete over 8 screens, but you can't fall to the ground. You have 1 minute to complete each level, but if you fall, the clock stops."
"Pokemon - Black Version","Pokemon Black Version","Other","","","","2021-08-14","1","No","Adventure | Role-Playing | Unofficial","Not Rated","This hack recreates the game based on the famous Pokémon black creepypasta as close as possible to the original story.

Read the story here: https://tinycartridge.com/post/866743831/super-creepy-pok%C3%A9mon-hack

This game is complete, and every feature from the creepypasta is implemented.

I recommend using an accurate emulator like BGB, Gambatte, SameBoy or BizHawk instead of the popular ones like VBA and VBA-M, to avoid experiencing any emulator related bugs that I missed."
"Pokemon - Blaue Edition","","PAL","Germany","Nintendo","Game Freak","1999-10-08","1","No","Role-Playing","Not Rated","Das Spiel beginnt in Alabastia, einem kleinen Dorf im Südwesten Kantos. Die Spielfigur und dessen Kindheitsfreund übernehmen die Rollen des Protagonisten und des Rivalen, als sie am selben Tag zu einer großen Reise aufbrechen.

Der Protagonist wird von Professor Eich zurückgerufen, als er das hohe Gras betreten will. Im Labor des Professors werden dem Protagonisten und dem Rivalen drei Pokébälle, in denen sich die Starter-Pokémon befinden, gezeigt. Nachdem der Protagonist eines von ihnen gewählt hat, sucht sich der Rivale das taktisch überlegene Pokémon aus und fordert den Protagonisten sofort zu einem Kampf heraus. Nach diesem Kampf bittet der Professor den Protagonisten um einen Gefallen. Dieser reist daraufhin nach Vertania City, wo er ein Paket für den Professor abholen soll. Auf dem Weg in diese Stadt bestreitet er erste Kämpfe gegen Trainer und wilde Pokémon. Wieder zurück in Alabastia überreicht Professor Eich den beiden rivalisierenden Protagonisten den Pokédex, eine Maschine, mit der man Daten sämtlicher Pokémon registrieren kann. Nun ist der Protagonist bereit für das Abenteuer, in dem er viele Kämpfe bestreiten, den Pokédex durch das Fangen von Pokémon füllen und natürlich Freundschaft zu seinen Pokémon aufbauen wird.

In Vertania City lernt der Protagonist vieles über Pokémon-Center und Pokémon-Märkte sowie das Fangen von Pokémon. Seine Reise führt ihn in die Stadt nördlich des Vertania-Waldes, Marmoria City. Dort tritt er gegen den ersten der acht Arenaleiter, Rocko, an. Die größte Herausforderung für einen Pokémon-Trainer ist es nämlich, alle acht Arenaleiter und anschließend die Top Vier zu besiegen, um als der beste Trainer zu gelten. Östlich von Marmoria City liegt der Mondberg, in dem der Protagonist ein Fossil entdeckt und zum ersten Mal auf Mitglieder von Team Rocket, einer Verbrecherorganisation, trifft. Nach dem Sieg über diese zwielichtigen Trainer und dem Verlassen des Mondberges gelangt der Protagonist nach Azuria City, wo er die nächste Arenaleiterin, Misty, herausfordert. Auf der nahegelegenen Route 25 steht ein Haus, in dem sich ein sprechendes Pokémon befindet, welches in Wirklichkeit ein Mensch namens Bill ist. Nachdem er seine wahre Gestalt zurückerhalten hat, schenkt er dem Protagonisten ein Bootsticket für ein Schiff.

Im Hafen von Orania City betritt der Protagonist das Schiff M.S. Anne, auf dem er den Kapitän finden und sich darüber hinaus mit seinem Rivalen messen muss. Nach der Rundfahrt auf dem Schiff kämpft der Protagonist gegen Arenaleiter Major Bob. Nach dem Sieg über ihn wandert der Protagonist durch den Felstunnel zur nächsten Stadt namens Lavandia, und von dort aus nach Prismania City. Er findet heraus, dass Team Rocket eine versteckte Basis unter der örtlichen Spielhalle besitzt. Nach etlichen Kämpfen gegen Mitglieder dieser Organisation gelangt er zu deren Anführer Giovanni, der sich nach einem harten Kampf geschlagen geben muss. Er hinterlässt einen Gegenstand, das Silph Scope, und verschwindet dann spurlos. Der Protagonist ist jetzt bereit für einen Kampf gegen die Arenaleiterin Erika.

Das Silph Scope verwendet der Protagonist anschließend im Geisterturm von Lavandia. Mithilfe dieses Gerätes können nämlich Geister identifiziert werden. Das im Turm spukende Pokémon Knogga beruhigt sich dadurch und findet seine Ruhe. Als Belohnung für diesen Dienst erhält der Protagonist die Pokéflöte, mit der er das schlafende Relaxo, das den Weg nach Fuchsania City versperrt, wecken kann. In dieser Stadt tritt er danach gegen Arenaleiter Koga an, und in Saffronia City kämpft er gegen Arenaleiterin Sabrina. Das hier befindliche Gebäude des Unternehmens Silph Co. wird von Team Rocket besetzt. Die Schurken planen, den Meisterball, einen Pokéball, der jedes Pokémon fangen kann, egal wie mächtig es auch sein mag, zu stehlen. Nach einem weiteren harten Kampf mit Giovanni, dem Anführer des Teams, schwört dieser Rache.

Nach diesen Ereignissen begibt sich der Protagonist zu den Seeschauminseln und von dort aus zur Zinnoberinsel, auf der der vorletzte Arenaleiter, Pyro, auf einen Kampf wartet. Im sich hier befindlichen Pokémon-Haus, einem abgebrannten Gebäude, sammelt der Protagonist Informationen über ein Pokémon namens Mew, das aus alten Überresten geklont wurde und anschließend ein Junges gebar. Dieses junge Pokémon mit dem Namen Mewtu gilt als das mächtigste unter allen Arten und hat diese Insel in Schutt und Asche gelegt. Den letzten Arenaleiter fordert der Protagonist in Vertania City heraus. Es ist Giovanni, der Anführer von Team Rocket, der nach der finalen Niederlage seine Pläne aufgibt und von der Bildfläche verschwindet.

Mit allen acht Orden in der Tasche reist der Protagonist zur Pokémon-Liga. Dort tritt er gegen die Top Vier an. Nach dem Sieg gegen diese starken Trainer muss sich der Protagonist ein letztes Mal gegen seinen Rivalen, der es kurz vor ihm geschafft hat, Champ zu werden, kämpfen. Auch diesen letzten Kampf gewinnt der Protagonist, und somit hat er sein Ziel, der stärkste Pokémon-Trainer zu werden, erfüllt."
"Pokemon - Bronze","Pokemon Bronze","NTSC","","","","2012-05-20","1","No","Adventure | Role-Playing | Unofficial","Not Rated","Set shortly after the events of Pokémon Gold/Silver, you and your rival are living in Cartridge Town of the Kohto region, about to embark on your Pokémon adventure. You obtain your starter (Charmander, Pichu, or Totodile) from the resident Professor Koa, as well as a Pokedex from Professor Oak, and then set out on your quest to defeat the eight gyms of Kohto, followed by the Pokemon League.
However, now that Team Rocket has been disbanded, another group is stepping up to cause havoc!"
"Pokemon - Cramorant Edition","Pokemon - Cramorant Edition (v1.4) (Cram-o-dev)","Other","","","","2023-03-27","1","No","Role-Playing","Not Rated","No overview is currently available for this title, please feel free to add one."
"Pokemon - Factory Adventure","","Other","","","","2020-11-12","1","No","Role-Playing | Unofficial","E - Everyone","Pokémon Factory Adventure - A hack based on Roaming Red by TShadowKnight

The year is 199X. Several months after becoming champion of the Kanto Region, Red is called back by Blue to help on a secret mystery-solving mission! In Red’s absence the Kanto region has been overtaken by a strange mist that mutates Pokémon into shocking new forms, and the military has instated a lockdown! Are you a bad enough detective to discover the origin of the mutations and save Kanto?

This hack is based on a fansite some older Pokémon fans may remember from the late 90s called “The Pokémon Factory”. On it, fans (presumably kids) would email in their ideas for new Pokémon to the site’s artists who would make sprites and Pokédex entries of them to be displayed. These Pokédex mockups have made the rounds on the internet in the years since, with some even gaining notoriety as “Pokegods”.

Features include:

Gameplay from Roaming Red, an open-world Red hack by TShadowKnight:
Selectable starting town, scaling levels based on your team, built-in randomizer options, and a fully open Kanto to explore in any order!
an all-new story with every line of text in the game changed
190 Pokémon to collect created by kids in the 90s
New locations to explore
New Moves
New Gym Leaders and other event battles
The return of the Battle Tent from Pokémon Anniversary Red
Version 3.2 Update-
Fixes a bug at the Battle Tent & removes scaling on game corner prize mons to prevent locking a player out of dex completion due to evo stage scaling
Fixes AI oversight that disregarded some new moves
Fixes Route 7 gate bug
Eeveelutions and some other stone evos learnsets modified.
Fixes surf encounters bugged in Seafoam Islands
Put Hunter, Wendigo, and Psything in the wild (oversight fix)"
"Pokemon - Gelbe Edition","","PAL","Germany","Nintendo","Game Freak","2000-06-16","1","No","Role-Playing","Not Rated","Das Spiel beginnt in Alabastia, einem kleinen Dorf im Südwesten Kantos. Die Spielfigur und dessen Kindheitsfreund übernehmen die Rollen des Protagonisten und des Rivalen, als sie am selben Tag zu einer großen Reise aufbrechen.

Der Protagonist wird von Professor Eich zurückgerufen, als er das hohe Gras betreten will. Sie werden jedoch von einem wilden Pikachu überrascht, welches vom Professor Eich gefangen wird. Im Labor des Professors werden dem Protagonisten und dem Rivalen ein Pokéball, in dem sich Evoli befindet, gezeigt. Nachdem der Protagonist zu diesem Pokéball hin geht, rempelt der Rivale den Protagonisten weg, damit er sich das Pokémon schnappen kann. Der Protagonist bekommt als Trost das Pikachu, welches vorher von Professor Eich gefangen wurde. Der Rivale fordert den Protagonisten sofort zu einem Kampf heraus. Das Pikachu will nicht im Ball bleiben, weshalb es dem Protagonisten von diesem Moment an hinterher läuft. Nach diesem Kampf bittet der Professor den Protagonisten um einen Gefallen. Dieser reist daraufhin nach Vertania City, wo er ein Paket für den Professor abholen soll. Auf dem Weg in die Stadt bestreitet er erste Kämpfe gegen Trainer und wilde Pokémon. Wieder zurück in Alabastia überreicht Professor Eich den beiden rivalisierenden Protagonisten den Pokédex, eine Maschine, mit der man Daten sämtlicher Pokémon registrieren kann. Nun ist der Protagonist bereit für das Abenteuer, in dem er viele Kämpfe bestreiten, den Pokédex durch das Fangen von Pokémon füllen und natürlich Freundschaft zu seinen Pokémon aufbauen wird.

In Vertania City lernt der Protagonist vieles über Pokémon-Center und Pokémon-Märkte sowie das Fangen von Pokémon. Seine Reise führt ihn in die Stadt nördlich des Vertania-Waldes, Marmoria City. Dort tritt er gegen den Ersten der acht Arenaleiter, Rocko, an. Die größte Herausforderung für einen Pokémon-Trainer ist es nämlich, alle acht Arenaleiter und anschließend die Top Vier zu besiegen, um als der beste Trainer zu gelten. Östlich von Marmoria City liegt der Mondberg, in dem der Protagonist ein Fossil entdeckt und zum ersten Mal auf Jessie und James und ihrem Mauzi trifft. Diese sind Mitglieder von Team Rocket, einer Verbrecherorganisation. Nach dem Sieg über diese zwielichtigen Trainer und dem Verlassen des Mondberges gelangt der Protagonist nach Azuria City, wo er die nächste Arenaleiterin, Misty, herausfordert. Auf der nahegelegenen Route 25 steht ein Haus, in dem sich ein sprechendes Pokémon befindet, welches in Wirklichkeit ein Mensch namens Bill ist. Nachdem er seine wahre Gestalt zurückerhalten hat, schenkt er dem Protagonisten ein Bootsticket für ein Schiff.

Im Hafen von Orania City betritt der Protagonist das Schiff M.S. Anne, auf dem er den Kapitän finden und sich darüber hinaus mit seinem Rivalen messen muss. Nach dem Rundgang auf dem Schiff kämpft der Protagonist gegen Arenaleiter Major Bob. Nach dem Sieg über ihn wandert der Protagonist durch den Felstunnel zur nächsten Stadt namens Lavandia. In dieser Stadt trifft er wieder auf Jessie und James. Diese suchen nach Mr. Fuji. Aber weil von ihm jede Spur fehlt, entführen die beiden ein Tragosso und gehen nach Prismania City. Unser Protagonist folgt ihnen nach Prismania City. Er findet heraus, dass Team Rocket eine versteckte Basis unter der örtlichen Spielhalle besitzt. Nach etlichen Kämpfen gegen Mitglieder dieser Organisation kämpft der Protagonist noch gegen Jessie und James. Nach diesem Kampf gelangt er zu deren Anführer Giovanni, der sich nach einem harten Kampf geschlagen geben muss. Er hinterlässt einen Gegenstand, das Silph Scope, und verschwindet dann spurlos. Der Protagonist ist jetzt bereit für einen Kampf gegen die Arenaleiterin Erika.

Das Silph Scope verwendet der Protagonist anschließend im Geisterturm von Lavandia. Mithilfe dieses Gerätes können nämlich Geister identifiziert werden. Das im Turm spukende Pokémon Knogga beruhigt sich dadurch und findet seine Ruhe. Jessie und James tauchen auch hier auf. Diese wollen Mr. Fuji entführen, um ihn wieder als Forscher arbeiten zu lassen. Der Protagonist schafft es Jessie und James zu besiegen. Als Belohnung für diesen Dienst erhält der Protagonist die Pokéflöte, mit der er das schlafende Relaxo, das den Weg nach Fuchsania City versperrt, wecken kann. In dieser Stadt tritt er danach gegen Arenaleiter Koga an, und in Saffronia City kämpft er gegen Arenaleiterin Sabrina. Das hier befindliche Gebäude des Unternehmens Silph Co. wird von Team Rocket besetzt. Die Schurken planen den Meisterball, ein Pokéball, der jedes Pokémon fangen kann, zu stehlen. Jessie und James haben auch hier einen Auftritt, werden aber vom Protagonisten besiegt. Nach einem weiteren harten Kampf mit Giovanni, dem Anführer des Teams, schwört dieser Rache.

Nach diesen Ereignissen begibt sich der Protagonist zu den Seeschauminseln und von dort aus zur Zinnoberinsel, auf der der vorletzte Arenaleiter, Pyro, auf einen Kampf wartet. Im sich hier befindlichen Pokémon-Haus, einem abgebrannten Gebäude, sammelt der Protagonist Informationen über ein Pokémon namens Mew, das aus alten Überresten geklont wurde und anschließend ein Junges gebar. Dieses junge Pokémon mit dem Namen Mewtu gilt als das mächtigste unter allen Arten und hat diese Insel in Schutt und Asche gelegt. Den letzten Arenaleiter fordert der Protagonist in Vertania City heraus. Es ist Giovanni, der Anführer von Team Rocket, der nach der finalen Niederlage seine Pläne aufgibt und von der Bildfläche verschwindet.

Mit allen acht Orden in der Tasche reist der Protagonist zur Pokémon-Liga. Dort tritt er gegen die Top Vier an. Nach dem Sieg über diese starken Trainer muss sich der Protagonist ein letztes Mal gegen seinen Rivalen, der es kurz vor ihm geschafft hat, Champ zu werden, kämpfen. Auch diesen letzten Kampf gewinnt der Protagonist, und somit hat er sein Ziel, der stärkste Pokémon-Trainer zu werden, erfüllt."
"Pokemon - Little Cup Red","","Other","","","","2019-09-03","1","No","Role-Playing | Unofficial","E - Everyone","No overview is currently available for this title, please feel free to add one."
"Pokémon - PureBlue","Pokemon PureRGB | Pokemon Pure Blue Version | Pokemon - PureBlue (v2.6.2) (Vortyne) | Pokemon - PureBlue (v2.6.3) (Vortyne) | Pokemon - PureBlue (v2.6.4) (Vortyne) | Pokemon - PureBlue (v2.7.0) (Vortyne) | Pokemon - PureBlue | Pokemon - Pure Blue","NTSC","United States of America","Romhacking","Hack","2022-08-13","1","No","Adventure | Role-Playing","Not Rated","Pokémon PureRGB is a purist's enhancement of Pokémon Red, Blue, and Green built on the pokered disassembly. The project's philosophy is simple: improve replayability and quality-of-life while staying strictly within the bounds of Gen 1 — no imported mechanics, moves, visuals, or Pokémon from later generations. Just a definitive version of the games that already existed.

All 151 Pokémon are obtainable in every version of the hack, with rebalanced stats, improved movesets, and expanded move availability for historically underserved types like Bug, Poison, and Ghost. Front sprites have been curated from the best available across Red, Green, Blue, and the Spaceworld 1997 demo. Some Pokémon have revised typings — Ninetales, for example, becomes Fire/Ghost — though these changes can be reverted through an in-game NPC at Indigo Plateau. HMs are deletable at any time, with softlock prevention baked in.

Classic Gen 1 quirks are largely preserved by design. Mew is still under the truck, Missingno and the item duplication glitch are intact, and exploitable battle engine bugs like Hyper Beam's no-recharge-on-faint remain untouched. The one exception: Missingno no longer corrupts your save.

New content includes Cinnabar Volcano (built from unused map data), a custom Poké Ball designing system in Cerulean City, gym leader rematches post-Champion, trainer clubs for leveling underleveled Pokémon, and several post-game secret areas expanding on Team Rocket and Mewtwo lore. The Pokédex has also been significantly expanded with a MOVEDEX, unlockable learnsets, and town map wild Pokémon data.

A robust options menu lets players toggle a wide range of visual and mechanical enhancements, including switchable color palettes (original, Super Game Boy, or Pokémon Yellow), full Game Boy Color support with colored move animations, optional Spaceworld 1997 back sprites, cut-content music like Giovanni's theme, stereo audio panning, an in-battle experience bar, adjustable type matchup tables, and region-based alternate-color Pokémon. Most of these features are off by default and must be enabled in-game."
"Pokémon - PureGreen","Pokemon PureRGB | Pokemon Pure Green Version | Pokemon - PureGreen (v2.6.4) (Vortyne) | Pokemon - PureGreen (v2.7.0) (Vortyne) | Pokemon - PureGreen | Pokemon - Pure Green | Pokemon - PureGreen (v2.7.4) (Vortyne)","NTSC","United States of America","Romhacking","Hack","2022-08-13","1","No","Adventure | Role-Playing | Strategy | Unofficial","Not Rated","Pokémon PureRGB is a purist's enhancement of Pokémon Red, Blue, and Green built on the pokered disassembly. The project's philosophy is simple: improve replayability and quality-of-life while staying strictly within the bounds of Gen 1 — no imported mechanics, moves, visuals, or Pokémon from later generations. Just a definitive version of the games that already existed.

All 151 Pokémon are obtainable in every version of the hack, with rebalanced stats, improved movesets, and expanded move availability for historically underserved types like Bug, Poison, and Ghost. Front sprites have been curated from the best available across Red, Green, Blue, and the Spaceworld 1997 demo. Some Pokémon have revised typings — Ninetales, for example, becomes Fire/Ghost — though these changes can be reverted through an in-game NPC at Indigo Plateau. HMs are deletable at any time, with softlock prevention baked in.

Classic Gen 1 quirks are largely preserved by design. Mew is still under the truck, Missingno and the item duplication glitch are intact, and exploitable battle engine bugs like Hyper Beam's no-recharge-on-faint remain untouched. The one exception: Missingno no longer corrupts your save.

New content includes Cinnabar Volcano (built from unused map data), a custom Poké Ball designing system in Cerulean City, gym leader rematches post-Champion, trainer clubs for leveling underleveled Pokémon, and several post-game secret areas expanding on Team Rocket and Mewtwo lore. The Pokédex has also been significantly expanded with a MOVEDEX, unlockable learnsets, and town map wild Pokémon data.

A robust options menu lets players toggle a wide range of visual and mechanical enhancements, including switchable color palettes (original, Super Game Boy, or Pokémon Yellow), full Game Boy Color support with colored move animations, optional Spaceworld 1997 back sprites, cut-content music like Giovanni's theme, stereo audio panning, an in-battle experience bar, adjustable type matchup tables, and region-based alternate-color Pokémon. Most of these features are off by default and must be enabled in-game."
"Pokémon - PureRed","Pokemon PureRGB | Pokemon Pure Red Version | Pokemon - PureRed (v2.6.4) (Vortyne) | Pokemon - PureRed (v2.7.0) (Vortyne) | Pokemon - PureRed | Pokemon - Pure Red | Pokemon - PureRed (v2.7.4) (Vortyne)","NTSC","United States of America","Romhacking","Hack","2022-08-13","1","No","Adventure | Role-Playing","Not Rated","Pokémon PureRGB is a purist's enhancement of Pokémon Red, Blue, and Green built on the pokered disassembly. The project's philosophy is simple: improve replayability and quality-of-life while staying strictly within the bounds of Gen 1 — no imported mechanics, moves, visuals, or Pokémon from later generations. Just a definitive version of the games that already existed.

All 151 Pokémon are obtainable in every version of the hack, with rebalanced stats, improved movesets, and expanded move availability for historically underserved types like Bug, Poison, and Ghost. Front sprites have been curated from the best available across Red, Green, Blue, and the Spaceworld 1997 demo. Some Pokémon have revised typings — Ninetales, for example, becomes Fire/Ghost — though these changes can be reverted through an in-game NPC at Indigo Plateau. HMs are deletable at any time, with softlock prevention baked in.

Classic Gen 1 quirks are largely preserved by design. Mew is still under the truck, Missingno and the item duplication glitch are intact, and exploitable battle engine bugs like Hyper Beam's no-recharge-on-faint remain untouched. The one exception: Missingno no longer corrupts your save.

New content includes Cinnabar Volcano (built from unused map data), a custom Poké Ball designing system in Cerulean City, gym leader rematches post-Champion, trainer clubs for leveling underleveled Pokémon, and several post-game secret areas expanding on Team Rocket and Mewtwo lore. The Pokédex has also been significantly expanded with a MOVEDEX, unlockable learnsets, and town map wild Pokémon data.

A robust options menu lets players toggle a wide range of visual and mechanical enhancements, including switchable color palettes (original, Super Game Boy, or Pokémon Yellow), full Game Boy Color support with colored move animations, optional Spaceworld 1997 back sprites, cut-content music like Giovanni's theme, stereo audio panning, an in-battle experience bar, adjustable type matchup tables, and region-based alternate-color Pokémon. Most of these features are off by default and must be enabled in-game."
"Pokemon - Rote Edition","","PAL","Germany","Nintendo","Game Freak","1999-10-08","1","No","Role-Playing","Not Rated","Das Spiel beginnt in Alabastia, einem kleinen Dorf im Südwesten Kantos. Die Spielfigur und dessen Kindheitsfreund übernehmen die Rollen des Protagonisten und des Rivalen, als sie am selben Tag zu einer großen Reise aufbrechen.

Der Protagonist wird von Professor Eich zurückgerufen, als er das hohe Gras betreten will. Im Labor des Professors werden dem Protagonisten und dem Rivalen drei Pokébälle, in denen sich die Starter-Pokémon befinden, gezeigt. Nachdem der Protagonist eines von ihnen gewählt hat, sucht sich der Rivale das taktisch überlegene Pokémon aus und fordert den Protagonisten sofort zu einem Kampf heraus. Nach diesem Kampf bittet der Professor den Protagonisten um einen Gefallen. Dieser reist daraufhin nach Vertania City, wo er ein Paket für den Professor abholen soll. Auf dem Weg in diese Stadt bestreitet er erste Kämpfe gegen Trainer und wilde Pokémon. Wieder zurück in Alabastia überreicht Professor Eich den beiden rivalisierenden Protagonisten den Pokédex, eine Maschine, mit der man Daten sämtlicher Pokémon registrieren kann. Nun ist der Protagonist bereit für das Abenteuer, in dem er viele Kämpfe bestreiten, den Pokédex durch das Fangen von Pokémon füllen und natürlich Freundschaft zu seinen Pokémon aufbauen wird.

In Vertania City lernt der Protagonist vieles über Pokémon-Center und Pokémon-Märkte sowie das Fangen von Pokémon. Seine Reise führt ihn in die Stadt nördlich des Vertania-Waldes, Marmoria City. Dort tritt er gegen den ersten der acht Arenaleiter, Rocko, an. Die größte Herausforderung für einen Pokémon-Trainer ist es nämlich, alle acht Arenaleiter und anschließend die Top Vier zu besiegen, um als der beste Trainer zu gelten. Östlich von Marmoria City liegt der Mondberg, in dem der Protagonist ein Fossil entdeckt und zum ersten Mal auf Mitglieder von Team Rocket, einer Verbrecherorganisation, trifft. Nach dem Sieg über diese zwielichtigen Trainer und dem Verlassen des Mondberges gelangt der Protagonist nach Azuria City, wo er die nächste Arenaleiterin, Misty, herausfordert. Auf der nahegelegenen Route 25 steht ein Haus, in dem sich ein sprechendes Pokémon befindet, welches in Wirklichkeit ein Mensch namens Bill ist. Nachdem er seine wahre Gestalt zurückerhalten hat, schenkt er dem Protagonisten ein Bootsticket für ein Schiff.

Im Hafen von Orania City betritt der Protagonist das Schiff M.S. Anne, auf dem er den Kapitän finden und sich darüber hinaus mit seinem Rivalen messen muss. Nach der Rundfahrt auf dem Schiff kämpft der Protagonist gegen Arenaleiter Major Bob. Nach dem Sieg über ihn wandert der Protagonist durch den Felstunnel zur nächsten Stadt namens Lavandia, und von dort aus nach Prismania City. Er findet heraus, dass Team Rocket eine versteckte Basis unter der örtlichen Spielhalle besitzt. Nach etlichen Kämpfen gegen Mitglieder dieser Organisation gelangt er zu deren Anführer Giovanni, der sich nach einem harten Kampf geschlagen geben muss. Er hinterlässt einen Gegenstand, das Silph Scope, und verschwindet dann spurlos. Der Protagonist ist jetzt bereit für einen Kampf gegen die Arenaleiterin Erika.

Das Silph Scope verwendet der Protagonist anschließend im Geisterturm von Lavandia. Mithilfe dieses Gerätes können nämlich Geister identifiziert werden. Das im Turm spukende Pokémon Knogga beruhigt sich dadurch und findet seine Ruhe. Als Belohnung für diesen Dienst erhält der Protagonist die Pokéflöte, mit der er das schlafende Relaxo, das den Weg nach Fuchsania City versperrt, wecken kann. In dieser Stadt tritt er danach gegen Arenaleiter Koga an, und in Saffronia City kämpft er gegen Arenaleiterin Sabrina. Das hier befindliche Gebäude des Unternehmens Silph Co. wird von Team Rocket besetzt. Die Schurken planen, den Meisterball, einen Pokéball, der jedes Pokémon fangen kann, egal wie mächtig es auch sein mag, zu stehlen. Nach einem weiteren harten Kampf mit Giovanni, dem Anführer des Teams, schwört dieser Rache.

Nach diesen Ereignissen begibt sich der Protagonist zu den Seeschauminseln und von dort aus zur Zinnoberinsel, auf der der vorletzte Arenaleiter, Pyro, auf einen Kampf wartet. Im sich hier befindlichen Pokémon-Haus, einem abgebrannten Gebäude, sammelt der Protagonist Informationen über ein Pokémon namens Mew, das aus alten Überresten geklont wurde und anschließend ein Junges gebar. Dieses junge Pokémon mit dem Namen Mewtu gilt als das mächtigste unter allen Arten und hat diese Insel in Schutt und Asche gelegt. Den letzten Arenaleiter fordert der Protagonist in Vertania City heraus. Es ist Giovanni, der Anführer von Team Rocket, der nach der finalen Niederlage seine Pläne aufgibt und von der Bildfläche verschwindet.

Mit allen acht Orden in der Tasche reist der Protagonist zur Pokémon-Liga. Dort tritt er gegen die Top Vier an. Nach dem Sieg gegen diese starken Trainer muss sich der Protagonist ein letztes Mal gegen seinen Rivalen, der es kurz vor ihm geschafft hat, Champ zu werden, kämpfen. Auch diesen letzten Kampf gewinnt der Protagonist, und somit hat er sein Ziel, der stärkste Pokémon-Trainer zu werden, erfüllt."
"Pokemon - Shin Green","Pokemon - Shin Green Version","Other","","","","2024-01-23","1","No","Role-Playing | Unofficial","T - Teen","Shin (真) - The kanji for “true”. Used in Japanese media to denote a remastering, updated retelling , or a “true form” of something.

Started in 2018 by a secret cabal of ancient Pokemon nerds, Shin Pokemon is an enhancement ROM hack of Pokemon Red & Blue that aims to be the ultimate remaster fans never got. It is a mostly-vanilla hack that focuses on fixing game engine bugs and oversights from the original game. Additionally, trainer AI routines are improved and multiple quality-of-life enhancements have been added. It also acts as a kind of research-informed speculative work that interprets what the 2016 Nintendo Virtual Console re-release of Gen-1 Pokemon could have been. It is the image of a glitch-free experience with player-friendly goodies and enhancements common to other modern remasterings."
"Pokemon - Shin Red","Pokemon - Shin Red Version","Other","","","","1970-01-01","1","No","Role-Playing | Unofficial","E10+ - Everyone 10+","Shin (真) - The kanji for “true”. Used in Japanese media to denote a remastering, updated retelling , or a “true form” of something.

Started in 2018 by a secret cabal of ancient Pokemon nerds, Shin Pokemon is an enhancement ROM hack of Pokemon Red & Blue that aims to be the ultimate remaster fans never got. It is a mostly-vanilla hack that focuses on fixing game engine bugs and oversights from the original game. Additionally, trainer AI routines are improved and multiple quality-of-life enhancements have been added. It also acts as a kind of research-informed speculative work that interprets what the 2016 Nintendo Virtual Console re-release of Gen-1 Pokemon could have been. It is the image of a glitch-free experience with player-friendly goodies and enhancements common to other modern remasterings."
"Pokémon - Team Rocket Edition","Pokémon TRE","NTSC","","","","1996-01-01","1","No","Role-Playing | Unofficial","E - Everyone","This is a classic RomHack of Pokémon Red and Blue.
In this game you play as a Team Rocket member and have to travel a completely overhauled Kanto, with completely diferent areas and pokémon placement."
"Pokémon - Versione Rossa","Pokémon Rosso","Other","Italy","Nintendo","Game Freak","1970-01-01","2","No","Role-Playing","E - Everyone","Pubblicati il 28 settembre 1998, Pokémon Versione Rossa e Pokémon Versione Blu sono i primi giochi Pokémon ad essere rilasciati in Europa e Nord America. In Giappone furono pubblicati due anni prima. Queste due versioni hanno luogo nella regione di Kanto e il protagonista parte dalla piccola città di Biancavilla."
"Pokémon : Beyond Red","Pokemon : Beyond Red | Pokémon Beyond Red | Pokémon - Beyond Red | Pokemon - Beyond Red | Pokemon Beyond Red","Other","","Romhacking","","2025-05-22","1","No","Adventure | Role-Playing | Unofficial","Not Rated","A romhack of Pokémon Red and Blue that includes various features from each iteration of Kanto, along with unused beta content found in the Gigaleaks."
"Pokémon : Carmine Red","Pokemon : Carmine Red | Pokémon Carmine Red | Pokemon Carmine Red","Other","","Romhacking","","2023-04-20","1","No","Adventure | Role-Playing | Unofficial","Not Rated","Pokémon Carmine Red is a personal project of a Gen 1 romhack, where the main idea is to enhance a lot of what gen 1 had to offer, while still keeping the mess that the original games were."
"Pokémon : Righteous Red","Pokemon : Righteous Red | Pokémon Righteous Red | Pokemon Righteous Red","Other","","Romhacking","","2024-04-25","1","No","Adventure | Role-Playing | Unofficial","Not Rated","A Rom-hack of Pokémon Red version, and a large scale one at that. The goal of this project was to enhance what Red is in many different ways, from the Pokémon themselves to the experience of Kanto as a whole. From fixing bugs and glitches, adding new places to explore, fighting new or stronger adversaries and perhaps even discovering some mysteries beyond what I've described-- the original charm of Generation 1 has never been more charming."
"Pokémon : Solus Red","Pokémon Solus Red","Other","","Romhacking","","2024-09-11","1","No","Adventure | Role-Playing | Unofficial","Not Rated","Pokémon Solus RGB is a romhack of Pokémon Red/Blue with a focus on an enhanced near-vanilla solo gameplay experience. It attempts to allow the player to accomplish anything they normally would be able to with another cartridge (looking at Gen 1 and sometimes Gen 2 features for inspiration), without the need for that additional cartridge. In other words, everything can be done in-game by yourself. Importantly, it attempts to be as close to “canon” as possible."
"Pokémon Anniversary Red","Pokemon Anniversary Red | Pokemon TPP Version | Pokemon TPP Anniversary Red","Other","United States of America","","","2015-01-01","1","No","Role-Playing","Not Rated","Pokémon Anniversary Red adds ton of new content to the first gen Pokémon games.

Enjoy new and enhanced features, such as being able to capture all 151 Pokémon, increased difficulty, the newly created Battle Tent, mysterious new dungeons, unique events created specifically for this version, even re-adding some originally cut content such as the ability to play as a female trainer."
"Pokémon Baby Blue","Pokemon Baby Blue | Pokémon : Baby Blue | Pokemon Baby Blue | Pokémon - Baby Blue | Pokemon - Baby Blue","Other","","Romhacking","","2023-02-11","1","No","Adventure | Role-Playing | Unofficial","Not Rated","This rom hack gives the trashlocke treatment to Pokemon Blue. It is perfect for nuzlocking, and a unique and challenging way to experience generation 1."
"Pokémon Blue","","NTSC-J","Japan","Nintendo","Game Freak","1996-10-15","1","No","Role-Playing","E - Everyone","Pokémon Blue Version is the third core series Pokémon game for Game Boy."
"Pokémon Blue Kaizo","Pokemon - Blue Kaizo","NTSC","","","","2016-09-12","1","No","Adventure | Role-Playing | Unofficial","Not Rated","What if Pokemon stopped holding back?

Inspired by Drayano's ""Fire Red Omega"", Pokemon Blue Kaizo offers a return to Kanto with several quality of life features such as all 151 pokemon being avalible to catch, improved movesets, and more balanced encounters across the region.

Most importantly though, trainers across the board are now much stonger, diverse, & tougher to deal with, sigificantly upping the difficulty of Kanto by quite a lot. Especially Boss trainers like the Gym leaders who are more prepared to deal with any counters to their specialized type.

Prepare to bring your A-Game to this revamped Kanto, cause your gonna need it."
"Pokémon Blue Version","","PAL","United Kingdom of Great Britain and Northern Ireland","Nintendo","Game Freak","1999-10-05","2","No","Role-Playing","E - Everyone","Pokémon Red Version and Pokémon Blue Version introduce legions of gamers to the world of Kanto, where the likes of Charmander, Pikachu, and Mewtwo were first discovered. Through exciting exploration, battles, and trades, Trainers are able to access 150 Pokémon.

You begin your journey in Pallet Town as a young boy. After a dangerous brush with wild Pokémon, Professor Oak teaches you how to capture Pokémon, and then sends you on your way as a fledgling Trainer. During your journey through Kanto, you must capture Pokémon to record their information in your Pokédex, as well as become a better Trainer by competing in Gyms scattered throughout the region. Once you've proven your mettle as a Pokémon Trainer, it's time to take on the Elite Four, a crack group of Trainers that will put all of your learned skills to the test.

Your journey will be far from easy. In addition to the many Trainers and wild Pokémon you'll encounter along the way, you'll also have to be watchful of Team Rocket, a despicable group of Pokémon thieves. Prevent Team Rocket from stealing rare Pokémon and stop their criminal ways!

You won't be able to catch every Pokémon in either Pokémon Red Version or Pokémon Blue Version; to collect every Pokémon, you'll have to trade with friends. You can also take your team of faithful Pokémon into battle against your pals to see how well your team stacks up!

There's much to see and do in Pokémon Red Version and Pokémon Blue Version. Start your journey through Kanto and become a Master Trainer!"
"Pokemon Blue: Full Color","Pokemon Blue - Color Vanilla (v1.2) | Pokemon Blue - Color Gen2 (v1.2) | Pokemon Blue Color","Other","","","","2017-07-25","1","No","Role-Playing | Unofficial","Not Rated","This is a colorization hack of Pokemon Red and Blue, done entirely using ASM. It takes full advantage of Gameboy Color hardware, which is much more capable than the Super Gameboy. The overworld is fully and properly colorized, and with colorized attack sprites, even battles are more colorful!

In addition to color, Pokemon and Trainer sprites have been imported from Pokemon Gold/Silver/Crystal, and so has the battle HUD. If you don’t want this, the “vanilla” patch does not touch these."
"Pokémon Brown","Pokémon Brown Version | Pokemon - Brown Version | Pokemon Brown | Pokemon Brown Version | Pokemon Brown v6.0.1","NTSC","","Nintendo","Game Freak","2014-03-22","1","No","Adventure | Role-Playing | Strategy | Unofficial","E - Everyone","Pokemon Brown is a classic hack that takes place in the region if Rijon. It has been refurbished after five years of its original release. Not only is it improved with less spelling errors and errors altogether, but it has new areas, new music, new challenges, new twists, and of course, about 70 new Pokemon."
"Pokémon Brown 20th Anniversary Edition","Pokemon Brown 20th Anniversary Edition | Pokémon Brown - 20th Anniversary Edition | Pokemon Brown - 20th Anniversary Edition | Pokemon - Brown Version 20th Anniversary Edition (v6.1) | Pokemon - Brown Version (2024)","Other","","","","2014-03-22","1","No","Role-Playing","Not Rated","Twenty years ago, the first complete Pokémon Red mod to completely change the region and story was released. Since then, it has inspired thousands of creative visions, beautiful games, and kickstarted hundreds of careers. Today, we give the game its biggest update ever, and the love and care it deserves. Play the classic that started it all."
"Pokemon Collection 128 in 1 (USA Version)","","Region Not Set","","","","1970-01-01","1","No","Unofficial","Not Rated","No overview is currently available for this title, please feel free to add one."
"Pokemon Crystal Legacy Version","","NTSC","","","Game Freak","2000-12-14","2","No","Adventure | Role-Playing | Unofficial","E - Everyone","This is a Pokemon Rom Hack made by TheSmithPlays based on the Pokémon Crystal Disassembly with the intended purpose of fixing Pokemon Crystal into a more polished, balanced and overall engaging Crystal experience. Generation 2 is one of the most beloved sets of games in the franchise. It introduced tons of mechanics to the game that ended up becoming mainstays within the franchise even now. It also had fan favorite Pokemon, a diverse region, deep lore, nonlinearity, and an entire separate region as its postgame which allowed the player to rematch characters from Generation 1. This created an intoxicating and memorable experience that is still remembered by fans today. Unfortunately, it seems that for every good decision Gen 2 saw, there was a mistake made too, and this is why it sees a lot of criticism. Most often, players critique Gen 2 for failing in its representation of its own region’s Pokemon, its inconsistent level curve and a lackluster postgame. Furthermore, terrible learnsets inhibit the vast majority of Pokemon and questionable design choices make diverse party building incredibly difficult. It’s also been criticized for having a poorly written villainous group storyline with no enjoyable payoff. Ultimately, these and many other small features lead to this trio of games feeling incredibly underbaked, much to the dismay of its fans. Feeling as if it could be so much more, TSP (TheSmithPlays) set out to fix this game, and to turn it into the best possible version of itself, while still retaining the iconic Pokemon Crystal feel that fans have come to love."
"Pokémon Edición Roja","Pokémon Red","NTSC","Mexico","Nintendo","Game Freak","2000-04-01","1","No","Action | Adventure | Role-Playing","E - Everyone","Tu aventura comienza en Pueblo Paleta. Tras un peligroso choque con Pokémon salvajes, el Profesor Oak te enseña cómo capturar Pokémon y te inicia en el mundo de los entrenadores Pokémon. Durante tu aventura por Kanto deberás capturar Pokémon para recoger su información en tu Pokédex, además de convertirte en un entrenador mejor compitiendo en gimnasios de toda la región. Cuando hayas demostrado tu valía como entrenador Pokémon tendrás que enfrentarte al Alto Mando, un grupo de implacables entrenadores que pondrán a prueba tus recién adquiridas habilidades.

Tu aventura no será fácil. Además de los entrenadores y Pokémon salvajes que te encuentres en tu camino, también tendrás que tener cuidado con el Team Rocket, unos despreciables ladrones de Pokémon. ¡Evita que el Team Rocket robe Pokémon singulares y frustra sus malvados planes!"
"Pokemon Grape","Pokemon - Grape Version","NTSC","","","","2020-04-19","1","No","Adventure | Role-Playing | Unofficial","Not Rated","It’s 1999 and you will impersonate a former baseball player who has to participate in a deadly competition for the ownership of the Pokemon League that may avoid a war between two regions, Frejo and Kelgo. On top of that, some survivors from Team Rocket who had fled Kanto after the failed Silph Coup, have migrated there and joined a secret cult in order to interfere in this competition and start some nasty plot! Will you save the World, conquer the title of ultimate Pokémon master and unveil all the dozens of secrets hidden around?"
"Pokémon Little Cup Red","Pokemon Little Cup Red | Pokemon - Little Cup Red","Other","","","","2019-09-03","2","No","Role-Playing","Not Rated","Pokemon Little Cup Red is a Pokemon Red romhack that reduces all Pokemon’s levels to 5 and brings them down to the lowest evolution. Any Pokemon that do not evolve has been changed.

Gameplay Changes:

All levels reduced to 5
Pokemon can’t gain XP
Pokemon can’t use evo stones
Pokemon can’t use rare candy
All Pokemon (should) follow Smogon LC rules
TM 23 (Dragon rage) has been removed
Water routes have decreased encounter rates (5% to 1%)
Pokemon Tower has a decreased encounter rate (10% to 1%)
Mt. Moon has a decreased encounter rate (10% to 1%)
Rock Tunnel has a decreased encounter rate (15% to 5%)
Victory Road has a decreased encounter rate (15% to 5%)
The Seafoam Islands have a decreased encounter rate (15% to 5%)
Diglett cave has a decreased encounter rate (20% to 1%)
Pokemon Mansion has a decreased encounter rate (10% to 5%)

LC Changes: Pokemon can still learn wrap."
"Pokémon Maize","","Other","","","","2013-01-01","1","No","Role-Playing | Party | Unofficial","E10+ - Everyone 10+","Pokemon Maize is a game hack developed by ShantyTown. An organization known as Team Quarry is excavating vast amounts of materials from the ground in pursuit of building a mighty city to be the center of their empire (or something like that). While wielding your trusty broom, you set out on an adventure to become a Pokémon master. Explore the region of Boldor while you attempt to thwart Team Quarry and tolerate your ridiculous childhood acquaintance."
"Pokemon Periwinkle","Pokemon - Periwinkle Version","Other","","Romhacking","","2018-01-10","1","No","Adventure | Role-Playing | Unofficial","Not Rated","A Pokemon Clover spin-off set a few months after the story of generation 1! Play as a cute girl (who wouldn't want to?) and go on an adventure through the KANTOOOOOOOOOOOOOOO region with the most prolific fakemon ever: Blobbos!"
"Pokemon Pink Version: Special Clefairy Edition","Pokemon Pink Version | Pokemon Pink","Other","United States of America","","","2026-06-06","1","No","Role-Playing","E - Everyone","All Pikachu graphics and audio have been replaced with Clefairy equivalents. Wild Pokémon encounters have been flipped to offer the Pokémon missing from Yellow, while removing others to maintain version exclusivity. Select area have been modified to have Pokémon encounters that reference the events of the Pocket Monsters manga.

Trainer and Gym Leader teams have been adjusted to more closely match their Pocket Monsters manga counterparts.

New event encounters have been added to reference the characters of Blue and Yellow from the Pocket Monsters manga (with your Rival being Green).

Rom needs the .GB file extension, which can just be edited by renaming."
"Pokémon Professor Oak Challenge","Pokémon Professor Oak Challenge (Blue Version) (Rubicate)","Other","","","","2025-02-09","1","No","Role-Playing","Not Rated","No overview is currently available for this title, please feel free to add one."
"Pokemon RBY Nova","","Other","","","","2026-05-09","1","No","Adventure","Not Rated","Pokémon RBY Nova is a rom hack of Pokémon Red that attempts to bring modern concepts but in a way
where the experience still mostly remains similar to GEN 1. 

The pokémon pool was expanded with evolutions and pre-evolutions for GEN 1 Pokémon and some GEN 1 
Pokémon were replaced by other GENs regional variant counterparts but the rest mostly remain
untouched. Since adding moves completely changes the feel of the original games Pokémon RBY Nova
comes in 2 flavours: Classic & Modern. The Classic version has the original movepool though all
the movesets were updated. Modern adds 70 moves from different GENs although it takes into
consideration only briging moves that had effects that existed in GEN 1 (or adapting the moves for
that end).

While the story is mostly the same, the game is steamlined to be more linear, allowing better
balancing in terms of trainer and pokémon levels. Every major boss fight was re-designed with the
objective of providing good challenges that increase in difficulty as you get further.

An entirely new and unique AI system was made for the opponents that have different values that makes
almost every trainer class unique in the way they play. Opponents can now switch and predict your
actions and will try to use the best moves to their advantage but without having access to most
in-game private information, so you can still predict and play around them.

Tons of bug fixes and quality of life were added to the game to help with playability as well as
many options for tailoring your gameplay from casual to challenge runs (such as level caps, removing
stat experience, infinite candy and other stuff).

In Pokémon RBY Nova you'll also be able to complete the Pokédex with no trading or multiple
playthroughs needed and a bit of extra content was added in the end/post game."
"Pokemon Red","ポケットモンスター 赤","NTSC-J","Japan","Nintendo","Game Freak","1996-02-27","1","Yes","Role-Playing","E - Everyone","Pokémon Red Version and Pokémon Blue Version are 1996 role-playing video games developed by Game Freak and published by Nintendo for the Game Boy. They are the first installments of the Pokémon video game series. They were first released in Japan in 1996 as Pocket Monsters: Red[a] and Pocket Monsters: Green, with the special edition Pocket Monsters: Blue being released in Japan later that same year. The games were later released as Pokémon Red and Pokémon Blue in North America and Australia in 1998 and Europe in 1999. Pokémon Red and Pokémon Blue combined Red/Green/Blue for release outside of Japan.

Pokémon Yellow, an enhanced version, was released in Japan in 1998 and in other regions in 1999 and 2000. Remakes of Red and Green, Pokémon FireRed and LeafGreen, were released for the Game Boy Advance in 2004. Red, Blue, and Yellow–in addition to Green in Japan–were re-released on the Nintendo 3DS Virtual Console service in 2016 as a commemoration of the franchise's 20th anniversary.

The player controls the protagonist from an overhead perspective and navigates him throughout the fictional region of Kanto in a quest to master Pokémon battling. The goal of the games is to become the champion of the Indigo League by defeating the eight Gym Leaders and then the top four Pokémon trainers in the land, the Elite Four. Another objective is to complete the Pokédex, an in-game encyclopedia, by obtaining the 151 available Pokémon. Red and Blue utilize the Game Link Cable, which connects two Game Boy systems together and allows Pokémon to be traded or battled between games. Both titles are independent of each other but feature the same plot, and while they can be played separately, it is necessary for players to trade between both games in order to obtain all of the original 151 Pokémon.

Red and Blue were well-received with critics praising the multiplayer options, especially the concept of trading. They received an aggregated score of 89% on GameRankings and are considered among the greatest games ever made, perennially ranked on top game lists including at least four years on IGN's ""Top 100 Games of All Time"". The games' releases marked the beginning of what would become a multibillion-dollar franchise, jointly selling over 300 million copies worldwide. In 2009 they were declared by IGN to be the ""Best selling RPG on the Game Boy"" and ""Best selling RPG of all time""."
"Pokemon Red Anniversary","Pokemon - Twitch Plays Pokemon Anniversary","Other","","","","2015-03-24","1","No","Adventure | Role-Playing | Unofficial","E - Everyone","This is a challenge hack of Pokemon Red. While allowing all 151 Pokemon to be caught in a single game, it also substantially beefs up the trainers.

As the name implies, this hack was originally made for the stream channel TwitchPlaysPokemon. As such, it contains some references to it, though it contained a couple surprises for the participants. It was the first game they played of the “second season” of the channel. It initially debuted on the first anniversary of the launch and the patch was publicly released by the patch authors after the stream 100% completed the game after 39 days and over 920 hours."
"Pokémon Red Version","","NTSC","United States of America","Nintendo of America, Inc.","Game Freak","1998-09-28","2","No","Role-Playing","E - Everyone","Pokémon Red Version is a 1998 Game Boy video game developed by Game Freak and released by Nintendo of America in the USA on September 28, 1998.

You've finally been granted your Pokémon trainer's license. Now, it's time to head out to become the world's greatest Pokémon trainer. It's going to take all you've got to collect 150 Pokémon in this enormous world. Catch and train monsters like the shockingly-cute Pikachu. Face off against Blastoise's torrential water cannons. Stand strong when facing Pidgeot's stormy Gust. Trade with friends and watch your Pokémon evolve. Important - no single Pokémon can win it all. Can you develop the ultimate Pokémon strategy to defeat the 8 GYM Leaders and become the greatest Pokémon Master of all time?

* Collect up to 139 Pokémon playing the Red version. Using the Game Link cable, (sold separately) trade with a friend who has Blue version to capture all 150.
* You'll need both versions (Red and Blue) to collect all the Pokémon.
* Test your training skills by battling against a friend using the Game Link cable. (Sold separately)
* Save your Pokémon collection and game progress on the Game Pak memory.
* Requires basic reading skills to fully enjoy the entertaining story."
"Pokémon Red: Battle Factory","red-battle-factory-v1.2 | Pokémon Red - Battle Factory | Pokémon Red - Battle Factory (v1.2)","NTSC","United States of America","","","2014-01-24","1","No","Role-Playing","E - Everyone","This project is a recreation of the Battle Factory from the Battle Frontiers in Gen 3 and Gen 4 games. Most of the features are present, but I'll describe the main components of the game, anyway. You are presented with 6 initial pokemon, from which you pick 3. You then use these 3 pokemon to battle 7 consecutive trainers. After every trainer you defeat, you are given the option to switch one of your pokemon with one of their pokemon. After defeating 7 trainers in a row, you advance to the next class, and each subsequent class has more powerful pokemon to choose from. There are a total of 9 classes in this hack, and there are Factory Heads, which are like bosses, that will challenge you once you get past the first 2 classes."
"Pokemon Red: Full Color","Pokemon Red - Color Gen2 (v1.2) | Pokemon Red - Color Vanilla (v1.2) | Pokemon Red Full Color Hack | Pokemon Red - Full Color | Pokemon: Red Full Color","NTSC","United States of America","","","2017-07-25","1","No","Role-Playing","Not Rated","This is a colorization hack of Pokemon Red and Blue, done entirely using ASM. It takes full advantage of Gameboy Color hardware, which is much more capable than the Super Gameboy. The overworld is fully and properly colorized, and with colorized attack sprites, even battles are more colorful!

In addition to color, Pokemon and Trainer sprites have been imported from Pokemon Gold/Silver/Crystal, and so has the battle HUD
Read more here: https://www.romhacking.net/hacks/1385/"
"Pokémon Red++","","NTSC","","Romhacking","Hack","2014-09-26","1","No","Adventure | Role-Playing | Unofficial","E - Everyone","This is a hack created using the pokered disassembly from the users at Skeetendo.

The goal for this hack is to serve as an updated version of Pokémon Red. It aims to eventually fix most (if not all) of the most glaring oddities of Gen 1, and include many new features and gameplay elements that we have become accustomed to over the years. The story itself is still the same as Gen 1, though there are new locations and small changes to events here and there to freshen things up while still keeping it mostly true to the original Gen 1 story."
"Pokemon Red++","","NTSC","","","","2018-12-18","1","No","Adventure | Role-Playing","E - Everyone","Pokémon Red++ is a hack of Pokémon Red created by Mateo. The hack uses the Pokered Disassembly from the users at Skeetendo as a base. It is intended both as a Rombase for people who want an updated Red Version as a starting point (although admittedly, some of the features wouldn't appeal to all Gen 1 hackers it seems), and as a stand-alone game for people that want to relive the nostalgia of Gen 1 without some of the broken mechanics and with added features."
"Pokémon Regulation Red / Blue","Pokémon Regulation Blue | Pokémon Regulation Red | Pokemon Regulation Red / Blue | Pokemon Regulation Blue | Pokemon Regulation Red","Other","","","","2021-06-07","2","No","Adventure | Role-Playing | Unofficial","Not Rated","Pokemon Regulation is a rom hack that attempts to maintain as much of the vanilla experience as possible while also allowing players to challenge themselves by applying special rules to the gameplay. Upon starting a New Game, you will be asked to provide a regulation code before your adventure starts. You can generate regulation codes on this page. We also have a Discord Channel."
"Pokémon Scientist","Pokémon : Scientist","Other","","Romhacking","","2026-07-18","1","No","Adventure | Role-Playing | Unofficial","Not Rated","Play as a scientist working under Professor Oak."
"Pokemon Static Yellow Version","","NTSC","United States of America","Nintendo","Game Freak","2026-02-13","1","No","Adventure | Role-Playing","Not Rated","Pokémon Static Yellow- A Gen 1 Hack with QOL improvements, but also trying to keep the same vibe as Gen 1!
Experience a reimagined adventure with refined progression, exciting new features, and a world full of surprises!"
"Pokémon STRIKE! Yellow Version","Pokemon - STRIKE! Yellow | Pokemon Yellow STRIKE!","Other","","","","2014-05-16","1","No","Unofficial","Not Rated","the game."
"Pokemon TRE - Team Rocket Edition","","Other","","","","1970-01-01","1","No","Adventure","E - Everyone","No overview is currently available for this title, please feel free to add one."
"Pokémon Unova Red","Pokemon Unova Red","Other","","","","2018-09-20","2","No","Adventure | Role-Playing | Unofficial","Not Rated","Unova Red is a recreation of the 1st generation, but using the 5th generation Pokedex. The plot is effectively identical to the 1st Generation games, the only major change is in the Pokémon available.

Characteristics:
-All 156 5th Generation Pokemon.
- Pokemon that evolved by exchange that now evolve by level or by items.
-Dark and Steel types added.
-Physical/special attacks.
-Ghost => Special, Dark => Physical.
-New movements.
-Moves updated for 5th Generation."
"Pokemon Velvet","Pokemon - Velvet Version (v1.0) | Pokemon - Velvet Special Hatenna Edition (v1.2) (PeanutellaXO)","Other","","","","2024-10-22","1","No","Role-Playing","Not Rated","No overview is currently available for this title, please feel free to add one."
"Pokémon Yellow","Pocket Monsters Pikachu","NTSC-J","Japan","Nintendo","Game Freak","1998-09-12","1","No","Role-Playing","E - Everyone","Pokémon Yellow Version: Special Pikachu Edition is the third Pokémon game for Game Boy released worldwide, as a solitary version of Pokémon Red and Blue Versions. In Japan, the game was the fourth Pokémon game released, as a second solitary version of Pocket Monsters Red & Green. Unlike other games, Pokemon Yellow was inspired by the anime."
"Pokemon Yellow Legacy","Pokemon - Yellow Legacy (v1.0) (TheSmithPlays) | Pokemon Yellow Legacy+ v1.0","Other","","","","2024-05-04","1","No","Adventure | Role-Playing","E - Everyone","The Yellow Legacy project is the prequel to Crystal Legacy by content creator Patrick Smith (TheSmithPlays), and the second project in his planned Legacy series. It is based on the Pokémon Yellow disassembly. The Legacy project is focused on changing the base game in a way that adds quality of life additions and better balancing with the benefit of twenty years of hindsight. The primary goal of each mod is to keep the original feeling of the game while still making meaningful improvements for the player. This means that certain idiosyncrasies of the first generation of Pokémon games will remain, as they are considered an essential aspect to the core experience."
"Pokémon Yellow Special Pikachu Edition","Pokémon Yellow","PAL","","Nintendo","Game Freak","2000-06-16","1","No","Role-Playing","E - Everyone","Pokémon Yellow Version: Special Pikachu Edition (Japanese: ポケットモンスター　ピカチュウ Pocket Monsters Pikachu), often known as Pokémon Yellow Version, is the third Pokémon game for Game Boy released worldwide, as a solitary version of Pokémon Red and Blue Versions. In Japan, the game was the fourth Pokémon game released, as a second solitary version of Pokémon Red and Green. Unlike other games, Pokémon Yellow was inspired by the Pokémon the Series.

Similar to Red and Blue, Yellow arrived towards the end of the Game Boy's lifespan. It managed, though, to receive the title of second best-selling non-bundled game for its console, losing only to its predecessors."
"Pokémon Yellow Version","","PAL","","Nintendo","Game Freak","2000-06-16","2","No","Role-Playing","E - Everyone","You've finally earned your Pokémon trainer license, and now you're well on your way to becoming the world's greatest Pokémon trainer! The surprisingly cute Pikachu follows you around as you roam the huge world in search of monsters to train and evolve. Face off against Blastoise's torrential water gun. Stand your ground against Pidgeot's stormy flurry. Develop the ultimate Pokémon strategy to defeat the eight GYM leaders and become the greatest Pokémon master of all time!

• Compete against a friend in the new Colosseum 2 for the Pika Cup, Petite Cup and Poké Cup titles.
• Print your Pokédex data with a Game Boy printer and Game Link cable.
• Trade Pokémon with your friends using a Game Link cable. You'll need to trade with the Red and Blue versions to catch all 150 Pokémon and complete your Pokédex!"
"Pokémon Yellow Version: Special Pikachu Edition","","NTSC","United States of America","Nintendo of America, Inc.","Game Freak","1999-10-18","2","No","Role-Playing","E - Everyone","Pokémon Yellow Version: Special Pikachu Edition is a 1999 Game Boy video game developed by Game Freak and released by Nintendo of America in the USA on October 18, 1999.

You’ve finally been granted your Pokémon trainer’s license, and now you’re on your way to becoming the world’s greatest Pokémon trainer! The shockingly-cute Pikachu tags along behind you as you search the enormous world for monsters to train and evolve. Face off against Blastoise’s torrential water gun. Stand strong when facing Pidgeot’s stormy Gust. Develop the ultimate Pokémon strategy to defeat the eight gym Leaders and become the greatest Pokémon Master of all time!

• Battle a friend in the new Colosseum 2 for the Pika Cup, Petit Cup, and Poké Cup titles.
• Print out your Pokédex data with a Game Boy Printer and a Game Link cable.
• Trade Pokémon with your friends using a Game Link cable. You’ll need to trade with both the Red and Blue versions to catch all 150 Pokémon and complete your Pokédex!"
"Pokemon Yume Blue","Pokemon Yume Blue (v1.0) (PokéfanMarcel)","Other","","","","2025-08-07","1","No","Role-Playing","Not Rated","Pokémon Yume 夢 is an enhancement hack of Pokémon Red and Blue built on the pokered disassembly. It aims to enrich the originals with improved gameplay balance, greater Pokémon accessibility, and carefully integrated additions that feel as though they were always meant to be there. Above all, it seeks to preserve the charm and spirit of these games.

夢 (Yume), meaning dream, symbolizes a return to Kanto where the line between memory and reimagination blurs. Loosely inspired by the anime, manga, and later Pokémon generations, Yume features expanded storylines, new areas, and subtle cultural touches highlighting the games' Japanese roots."
"Pokemon Yume Green","Pokemon Yume Green (v1.0) (PokéfanMarcel)","Other","","","","2025-08-07","1","No","Role-Playing","Not Rated","Pokémon Yume 夢 is an enhancement hack of Pokémon Red and Blue built on the pokered disassembly. It aims to enrich the originals with improved gameplay balance, greater Pokémon accessibility, and carefully integrated additions that feel as though they were always meant to be there. Above all, it seeks to preserve the charm and spirit of these games.

夢 (Yume), meaning dream, symbolizes a return to Kanto where the line between memory and reimagination blurs. Loosely inspired by the anime, manga, and later Pokémon generations, Yume features expanded storylines, new areas, and subtle cultural touches highlighting the games' Japanese roots."
"Pokemon Yume Red","Pokemon Yume Red (v1.0) (PokéfanMarcel)","Other","","","","2025-08-07","1","No","Role-Playing","Not Rated","Pokémon Yume 夢 is an enhancement hack of Pokémon Red and Blue built on the pokered disassembly. It aims to enrich the originals with improved gameplay balance, greater Pokémon accessibility, and carefully integrated additions that feel as though they were always meant to be there. Above all, it seeks to preserve the charm and spirit of these games.

夢 (Yume), meaning dream, symbolizes a return to Kanto where the line between memory and reimagination blurs. Loosely inspired by the anime, manga, and later Pokémon generations, Yume features expanded storylines, new areas, and subtle cultural touches highlighting the games' Japanese roots."
"Pokémon: Cock Edition","","Other","","","","1970-01-01","1","No","Role-Playing | Unofficial","M - Mature 17+","Perhaps the most offensive Pokémon rom hacks made to date, the language in this cartridge will make you blush. 
NOT suitable for anyone under the age of 16."
"Pokemon: Creepy Black","","NTSC","","","","2022-08-14","1","No","Adventure | Role-Playing | Strategy | Horror | Unofficial","M - Mature 17+","This hack recreates the game based on the famous Pokémon black creepypasta as close as possible to the original story."
"Pokemon: Kanto Expansion Pak","Kanto Expansion Pak (MementoMartha) (v1.3) | Pokemon - Kanto Expansion Pak (v1.3) (PlagueVonKarma) | Pokemon Kanto Expansion Pak (v1.3.1) (MementoMartha) | Pokemon KEP","Other","","","","2024-01-07","1","No","Role-Playing","Not Rated","This ROM hack of Pokémon Red and Blue aims to expand the Kanto region with new Kanto-related Pokémon, more interesting locations, and Quality of Life improvements. It originally started as a Showdown mod on the DragonHeaven server and has since evolved into a full ROM hack."
"Polka Sheep","","Other","","HomeBrew Software","","2020-04-25","1","No","Action | Adventure | Unofficial","Not Rated","Something extremely weird has happened in Grazalema! All the sheep of the flock have been captured in mysterious giant bubbles!

Help Polka Sheep rescue his friends using his velcro powers! He can get fastened to all velcro surfaces around. Avoid hundreds of evil wolves, thousands of kawaii parrots and millions of poisoned spikes to liberate all your friends!! It's an epic fight to restore peace in the flock.

Use A button to fix your jump direction and release A to jump. You control Polka Sheep with just one finger!! What is this?? This is INSANITY!!!"
"Pond Fishing","","NTSC","","","","2025-09-28","1","No","Role-Playing","Not Rated","A short and sweet retro style gameboy game about catching fish and learning about the wildlife that lives in your pond."
"Poopster","","NTSC","","","","2019-08-04","1","No","Platform","Not Rated","Poopster is a poopy blaastformer for Game Boy. Balance between eating and pooping and boost your way further in the playground."
"Pop Up","","Region Not Set","","Infogrames Entertainment","Bit Managers","1991-02-17","1","No","Puzzle | Platform","","What's a little round guy to do? Here you are, bouncing along happily in the predawn of the universe with your girlfriend, Suzzette. Then along comes the BIG BANG and *WHAM* - off she goes flying through time, screaming for help! She's counting on you to travel through time and find her! You'll need to collect various objects along the way, all of which must be collected in order to complete each level. You'll encounter hungry piranhas, gnarly pterodactyls, giant killer rats and treacherous swooping birds on your journey. So think fast and keep on bouncing!"
"Pop'n TwinBee","","Region Not Set","","Konami","Konami","1994-01-01","1","No","Shooter","","The Twin Bees, who were living peacefully in Donburi Island, receive a challenge from an unknown individual calling himself Dr. Nikki. ""How dare you destroy my creation King Spice, as well as Gattlantis and Poco Poco! This time I'll be your opponent. I'll be waiting for you at Puka Puka Island.""

Dr Nikki was none other than Dr. Cinnamon's childhood rival. Whereas Cinnamon decided to use his intellect for the greater good, Nikki became a mad scientist. After reading the challenge, TwinBee and WinBee decide to head to Puca Puca Island without Dr. Cinnamon's knowledge, leaving GwinBee in charge of protecting the scientist. Can the TwinBees truly defeat Dr. Nikki?"
"Popeye","ポパイ","NTSC-J","Japan","Sigma Ent. Inc.","Sigma Ent. Inc.","1990-04-20","2","No","Action","E - Everyone","This game was released only in Japan.
The scenario is a maze and the player controls Popeye who has a time limit to collect some hearts, find Olive Oyl and save Swee'Pea which only appears somewhere to be saved after the hearts were collected and Olive found.
Popeye should avoid Bluto in order to prevent a fight with him, not losing time. When the fight is inevitable, and if Olive is already found, Popeye will lose her, and after the fight ends, he has to find her again. Bluto can drop weapons and enemies such as cannons and animals. He also steals the hearts and when it happens the heart will appear somewhere else to be collected. J. Wellington Wimpy is always wandering around and puts hamburgers that eventually block Popeye's path, however he can put so much as remove by eating them. A ""flying"" can of spinach will sometimes appear during the game anytime and out of nowhere, and can be used to increase Popeye's strength: be faster and the ability to eliminate enemies released by Bluto and Wimpy's hamburgers that obstruct the path. There are three playable courses and each one has five stages. In the game ending, Popeye gets married to Olive Oyl in front of a church.
Bluto is a playable character in the multiplayer-mode."
"Popeye 2","","Region Not Set","","Activision","Copya System Ltd.","1993-10-01","2","No","Platform","","He'll fight to the finish, cause he eats his spinach. He's Popeye the Sailor Man! When Olive Oyl discovers a map that leads to hidden treasure, Popeye, Olive, Sweet Pea and the whole gang set sail on the high seas, But alas, mateys, Popeye's arch-rival Bluro isn't far behind! The dastarfully villain tosses Popeye into the briny deep. It looks like curtains for our bald-headed hero-unless you can help him get the Spinach that he needs to jump, climb and smash his way to save his friends, reclaim his ship and lead the way to the treasure!"
"Populous","","Region Not Set","","Imagineer Co., Ltd.","Enigma Variations Ltd.","1993-01-01","1","No","Strategy","","In this game the player adopts the role of a deity and assumes the responsibility to shepherd people by direction, manipulation, and divine intervention. The player has the ability to shape the landscape and grow their civilization – and their divine power – with the overall aim of having their followers conquer an enemy force, which is led by an opposing deity."
"Porklike: Wurst Comes to Worst","","Other","","itch corp","","2021-09-30","1","No","Puzzle | Unofficial","Not Rated","A port of the wonderful Porklike, created by Krystian Majewski, to the original Game Boy!

Porklike is a classic, turn-based Roguelike with minimalist lo-fi aesthetic. Enter the tower of Wurstlord. Can you make it to the top and steal his legendary Kielbasa? 9 floors of dangerous traps and enemies await you. Only if you move carefully and master your character's abilities will you become the champion of Porklike."
"Power Mission","","Region Not Set","","NTVIC","Graphic Research Co., Ltd.","1990-01-01","1","No","Strategy","","Power Mission is a Strategy game, developed by Graphic Research and published by NTVIC, which was released in Japan in 1990."
"Power Racer","Head On","Region Not Set","","Tecmo","Graphic Research Co., Ltd.","1990-12-01","2","No","Racing","","Power Racer is a racing game which takes obvious game elements from Pac-Man.  It is addictive in its own way, since you drive a small car around a track collecting pellets and avoiding contact with the opponent's car. There are items you can collect along the way, but there are also hazards and obstacles designed to mess with your progress. There are only two game modes, one on a regular course with no items (sort of like a survival mode), and a special mode where there are items and obstacles to face. You can also play in the special mode against a second human player. It can be fun, albeit tough to put down, so give it a try!"
"Prehistorik Man","","Region Not Set","","Titus Interactive, S.A..","Titus","1996-01-01","","No","Platform","","In a small prehistoric village, disaster has struck! The winter food store has been eaten by greedy dinosaurs and the villagers are facing starvation! The Village Chief has chosen Sam to save mankind by leading a quest to find the legendary Dinosaur Graveyard. Sam must cross many unfamed prehistorik lands and bring back enough valuable bones to buy all the food the villagers need to survive the winter."
"Pretty Princess' Castle Escape","","NTSC","","","","2016-07-16","1","No","Platform","Not Rated","The Princess has to escape from the Royal Castle killing Aznar clones, Captain Zurrapa and other deadly enemies avoiding spikes everywhere! Help her get her crown back!"
"Pri Pri: Primitive Princess!","","NTSC-J","Japan","SUNSOFT","Sun Electronics","1990-12-12","1","No","Action | Puzzle","Not Rated","This is an action puzzle game where you control a caveman climbing a tower. The tower is filled wit monsters and traps. Sometimes, what appears to be a solid piece of flooring as actually a hole, so stepping on it will cause you to fall. Monsters can be defeating by pounding your hammer on the floor tile above them, causing it to fall and crush them. The same process can be used to enter rooms that cannot be accessed any other way. The hammer can also be used to make floor tiles appear in order to cross a gap. However, the hammer has a limited number of uses, so you must be careful to use it correctly. In order to access the next floor, you must collect a crystal, which causes a ladder to appear."
"Primal Rage","","Region Not Set","","Time Warner Interactive, Inc.","Atari","1995-12-31","","No","Fighting","","Primal Rage is a one-on-one fighting game featuring dinosaurs and giant apes as the fighters. The graphics are done with digitized stop-motion animation. Gameplay is similar to Mortal Kombat in that it is viewed from a side perspective, and features deadly finishing moves at the end of the match."
"Prince of Persia","","NTSC","","Virgin Interactive Entertainment, Inc.","Broderbund Software","1992-01-01","1","No","Platform","E - Everyone","You take the part of a young adventurer attempting to save a beautiful princess. Time is ticking away, you'll have to move fast to escape your cell and evade the many cunning traps placed in your path. Non-stop action is combined with the exploration and puzzle-solving challenge of a top-flight adventure game. With hundreds of fantastic rooms to explore, you must use all your sword fighting skills to do battle with violent opponents and foil the Grand Vizier's despicable plans!"
"Probotector","","Region Not Set","","Palcom Software Ltd.","Konami","1991-05-21","1","No","Action | Shooter","","TODAY'S MENU FEATURES HOMEGROWN ALIENS... 

It's the year 2633 A.D. Technology has reached a level so advanced that 
nature and science now exist in harmony and peace reigns throughout 
the world.

.... but beneath the calmness something beyond all imagination is 
discovered that threatens the existence of mankind. While conducting top 
secret research, a special task force of scientists find that an alien 
being from the Galaxy ot Apocalypse is plotting to wipe out the human race.

In order to protect the Earth and its people, the combat robot
RD008 (PROBOTECTOR) has been developed.

His mission is to go to the alien's fortress in the Galga Islands and
see that The Black Viper (Big Boss) exterminated."
"Probotector 2","","Region Not Set","","Konami","Konami","1994-01-01","1","No","Action","","Can Earth be doomed! The aliens have returned to waste the planet and no-one can stop them. Surely no human can defy this marauding evil from the other side of the galaxy. No human maybe. but there's one last chance. The new PROBOTECTOR, the result of Earth technology's finest scientists, is the planet's only hope. Now you must carry the challenge to the heart of the alien threat. Take control of the Probotector and banish the unearthly horde from our world forever."
"Prophecy: The Viking Child","","Region Not Set","","GameTek, Inc.","Imagitec Design Inc.","1992-07-01","1","No","Platform","","This video game was based on a Viking Child called Brian who must enter the Halls of Valhalla and do battle against an evil god Loki and his minions.

The game closely resembled Sega's Wonder Boy in Monster Land, as certain elements like collecting hidden gold, upgrading the character's weapons and visiting shops were practically identical, despite the difference in release times."
"Purple Turtles","","NTSC","","","","2022-11-10","1","No","Action","Not Rated","Turtle Bobbing is a sport which can only be carried out with the very rare Purple Turtle. The fabled Purple Turtles rise and fall as the whim takes them and due to their passive nature and unusual buoyancy they can be used as stepping stones. A game for the young at heart and for people who have tired of alien bashing."
"Puyo Puyo","ぷよぷよ","NTSC-J","Japan","Banpresto Co., Ltd.","Compile","1994-07-31","1","No","Puzzle","E - Everyone","This game was released only in Japan and is a port of the Arcade original."
"Puzzle Boy","Kwirk | パズル ボーイ","NTSC-J","Japan","Atlus Co., Ltd.","Atlus","1989-11-24","1","Yes","Action | Puzzle","Not Rated","Kwirk, known in Japan as Puzzle Boy (パズルボーイ, Pazurubōi), is a puzzle video game developed and published by Atlus in Japan on November 24, 1989 for the Game Boy. The game was later published in North America in March 1990 by Acclaim Entertainment. On February 22, 1991, Atlus ported and released Puzzle Boy to the PC Engine/TurboGrafx-16 in Japan.
https://en.wikipedia.org/wiki/Kwirk"
"Puzzle Boy II","Amazing Tater","NTSC-J","Japan","Atlus Co., Ltd.","Atlus","1991-08-02","1","No","Puzzle","Not Rated","No overview is currently available for this title, please feel free to add one."
"Puzznic","","NTSC-J","Japan","Taito Corporation","Taito Corporation","1990-07-31","1","No","Puzzle","Not Rated","Finally it is here! The puzzle game to top all puzzle games. 144 levels of frustration and excitement - that's Taito's latest coin-op hit, Puzznic! A game of fiendish perplexity and diabolical puzzles, Puzznic is set to take the world by storm! Just position the blocks and make them disappear. Sounds easy? Puzznic is a one-player game that is simple in execution and yet amazingly difficult to master. Addictive gameplay as you have never imagined! Get puzzled by Puzznic and be prepared for many long nights of frustration and excitement!"
"Pyramids of Ra","","Region Not Set","","Matchbox International Ltd","Micros","1993-04-01","","No","Action","","Pyramids of Ra is an Action game, developed by Micros and published by Matchbox, which was released in 1993."
"Q Billion","","Region Not Set","","SETA Corporation","SETA Corporation","1990-04-01","","No","Puzzle","","Q Billion is a Puzzle game, developed and published by Seta Corporation, which was released in 1990."
"Q*bert","","Region Not Set","","Jaleco Ltd.","JVW Electronics","1992-02-01","1","No","Action","","Hop Q*bert up and down the steps of a ""three-dimensional"" pyramid, changing each step's color as he lands. Complete the entire pyramid, and Q*bert moves to a more challenging pyramid. But look out! The crafty arcade creatures are here, too, and they're after Q*bert. Hop out of danger fast - or soar to safety on a flying disc. But watch where you move Q*bert. One hop off the pyramid and he'll be lost in space!"
"Qix","クイックス","NTSC-J","Japan","","Taito America Corporation","1990-05-01","1","No","Puzzle","Not Rated","No overview is currently available for this title, please feel free to add one."
"Quarth","","PAL","United Kingdom of Great Britain and Northern Ireland","Konami","Konami","1990-12-01","1","No","Puzzle","E - Everyone","Warning! QUARTH is the blockbuster puzzle challenge guaranteed to knock your socks and your block off at a maddening, mind-numbing pace. With a mortifying rain of bionic block patterns descending upon you, you race back and forth in your powerful Blockbuster ship obliterating the blocks before they blow you to kingdom come. Your incentive to stay alive is the points you rake in for every block you wipe out. And if you chalk up enough points to qualify, you'll charge into bonus games where it's you against the clock and the unstoppable blocks of QUARTH. So, ace, if you think you've got the steady hands of a brain surgeon, the sharp eye of an eagle, and the steely nerves of a Hollywood stuntman, power up QUARTH. And see if you can outlast the blockbusting action!"
"Quest arrest","","Other","","","","1970-01-01","1","No","Adventure","Not Rated","The game follows the main protagonist, recently promoted, Detective Allison Bennett on her quest for clean up her city, Strange Meadows, after the recent crime spree that has thrown the city into chaos. Athena, and her gang, has been terrorizing the residents and has set her sights on taking over the city for herself."
"Quit the Cult!","","NTSC","","","","2025-06-26","1","No","Role-Playing | Puzzle | Education","Not Rated","Quit the Cult! is a short, immersive escape game that plunges players into the eerie world of the ""Holy Cucumber"" cult. As a member seeking to break free, players must navigate a secret ritual room filled with intricate puzzles and hidden clues. The objective is to solve these challenges to expose the cult's sinister practices and escape before succumbing to its dark influence."
"Quiz Nihon Mukashi Banashi: Athena no Hatena","日本昔話 アテナのハテナ？","NTSC-J","Japan","Athena Co., Ltd.","","1992-12-18","1","No","Puzzle | Quiz","Not Rated","Quiz/Trivia game released in 1992 for the Game Boy."
"R-Type","","Region Not Set","","Irem Corp.","Bits Studios","1991-05-01","","No","Shooter","","The galaxy is in deep peril: foul creatures from the evil Bydo Empire have warped across space to invade and conquer our planet! There is only one hope for victory. The Earth Defense League has chosen you to pilot R-9, a nuclear-powered space fighter that can cut through invading aliens faster than a light saber through butter. Fly R-9 through many exciting levels of high-powered action. Use your plasma gun to rip through armies of nasty creatures and their deadly machines. And when the going gets really tough, pick up Droid Units to make your ship even harder hitting!"
"R-Type II","","Region Not Set","","","","1992-01-01","1","No","Shooter","Not Rated","The game is the sequel to R-Type, which was first released as an arcade game in 1987 and profoundly influenced later shooting games with its charge shots, unique weaponry, and grotesque enemies. Hudson Soft ported the later 4 levels of the original R-Type to the TurboGrafx-16 with the title R-Type II, but the Hudson release is unrelated to the game described in this article.

The player controls a ship called the R-9C (or R-9 Custom), which is an improved version of its predecessor game's ship; the R-9. The ship's design was changed slightly, and the wave cannon was given homing capabilities. Two new types of weapons (the Search Laser and Shotgun Laser) were added, bringing the total number of weapon types up to five. A new anti-ground unit bomb was also added to the missile inventory.

Though the number of levels was decreased from the prequel, the number of enemies, their durability, and the number of bullets they shoot were greatly increased. Enemy movements and terrain were also made trickier, bringing the game's difficulty up considerably. The same revival system is used as in the prequel, where the player is brought back to a checkpoint whenever their ship is destroyed."
"Race Days","","Region Not Set","","GameTek, Inc.","Gremlin Interactive Ltd.","1994-11-01","","No","Racing","","Race Days is a Miscellaneous game, developed by Gremlin Interactive and published by GameTek, which was released in 1994."
"Race Drivin'","","Region Not Set","","THQ","Argonaut Games","1993-01-01","1","No","Racing","E - Everyone","Race Drivin '​ is a driving arcade game sequel (to 1989's Hard Drivin') that invites players to test drive several high-powered sports cars on stunt and speed courses. The game was part of a new generation of games that featured 3D polygon environments. Unlike most racing games of its time, it attempted to model real world car physics in the simulation of the movement of the players car."
"Racing Damashii","レーシング魂","NTSC-J","Japan","","","1991-02-28","1","No","Racing | Sports","Not Rated","Racing Damashii (レーシング魂?, Racing Spirit) is a motorcycle racing video game from Irem for the Game Boy handheld, released in 1991 exclusively in Japan. The game features tracks all over Japan.

Racing Damashii was also released for the PC Engine."
"Radar Mission","","Region Not Set","","Nintendo","Nintendo","1991-02-08","2","No","Action | Strategy","","Radar Mission is a Nintendo Game Boy title developed and released in 1990 in Japan and 1991 in North America by Nintendo. It was one of the earliest Game Boy titles, and was the first military-based game released for the Game Boy."
"Radio Ghosts","","NTSC","","","","2025-02-24","1","No","Adventure","Not Rated","A narrative game about geometry tests, vampire baristas, and going camping with your mom."
"Raffles","","NTSC","","","","2022-09-22","1","No","Action","Not Rated","Raffles, leaving a lively champagne party at his London hotel, sets out at night to rob five nearby mansions. Avoiding police patrols, he breaks into the first house, carefully searches for the jewel-filled safe, and dodges security guards. After planting dynamite and blowing open the safe, he grabs the loot and escapes to his car. He returns to The Savoy Hotel to stash his stolen goods before heading out to rob the remaining mansions. It promises to be a busy, risky night for the daring thief."
"Raging Fighter","","Region Not Set","","Konami","Konami","1993-06-30","2","No","Action","","If you think you're tough enough to rumble with the best fighters in the world, take your best shot in RAGING FIGHTER. Choose from seven different brawlers Vandal, Aska, Ruoh, Shades, Miyabi, Tao, and Bulk as you take it to the competition and show em who's boss. There are four different tournament styles to play in, making for intensely high replay value and variety. Each of the seven fighters brandishes a few special moves that are all their own, making for original fights every time out. Of course, there are the requisite punches and kicks, but mastering your own fighter's combos will lead you to easier victory. Play against the computer, or hook up with a friend via a link cable and scrap it out for bragging rights."
"Rainbow Prince","Caihong Zhanshi | 最高機密 | Rainbow Warrior | Prince Rainbow","PAL","","","","1994-01-01","1","No","Shooter","Not Rated","Rainbow Prince is an unlicensed Chinese Game Boy game produced by Gowin in 1994."
"Rampart","","Region Not Set","","","Tengen","1993-01-01","","No","","","Rampart is a game combining strategy and artillery action. Build your castle from Tetris-style pieces, place your cannons, bombard the enemy, try to repair, do it all over again. The original arcade release has a single-player and a two-player mode; later revisions incorporate three-player gameplay."
"Random Walk Generator","","NTSC","","","","2025-06-05","1","No","Adventure","Not Rated","This is a Random Walk Generator. Its function is very simple. All you need is a city, your smartphone, or even better — a Game Boy.

Step outside and choose one of the four modes by pressing A. Each mode will roll the dice and give you a simple instruction to follow. Let the voice of chance guide you through the dice roll.

Chance may stutter. You might get the same direction several times in a row — it doesn’t matter. Let yourself drift. You are not in control. You never were. Control is just an illusion. The Random Wandering Generator is here for you. Everything is fine."
"Ranma 1/2: Netsuretsu Kakutouhen","らんま 1/2 熱烈格闘編 | Ranma 1/2: Vehement Melee Chapter","NTSC-J","Japan","Banpresto Co., Ltd.","Banpresto Co., Ltd.","1992-07-17","1","No","Adventure","Not Rated","A cure?! Ranma recieved a letter and seeks the truth! Interact with the townspeople, and fight for your survival! Immerse yourself in a day in Ranma's life."
"Ranma ½","Ranma ½: Kakuren Bodesu Match | らんま１／２","NTSC-J","Japan","Banpresto Co., Ltd.","","1990-01-01","1","No","Puzzle","Not Rated","Ranma 1/2: Kakuren Bodesu Match is a Puzzle game, published by Banpresto, which was released in Japan in 1990."
"Ranma ½: Kakugeki Mondou!!","Ranma ½: Character Q&A!! | らんま１／２　格劇問答！！","NTSC-J","Japan","Banpresto Co., Ltd.","","1993-01-01","1","No","Role-Playing","Not Rated","Ranma 1/2: Kakugeki Mondou!! is a Role-Playing game, developed by Sun L and published by Banpresto, which was released in Japan in 1993."
"Ray-Thunder","ライサンダー","NTSC-J","Japan","Nichibutsu","Nichibutsu","1991-02-08","1","No","Action","Not Rated","Ray-Thunder is an Action game, published by Nichibutsu, which was released in Japan in 1991."
"Real Bout Fatal Fury Special","熱闘餓狼伝説SPECIAL | Nettou Real Bout Garou Densetsu Special","NTSC-J","Japan","TAKARA Co., Ltd.","Gaibrain","1998-03-28","2","No","Fighting","Not Rated","The supreme trial of strength awaits! 19 of Fatal Fury's hottest heroes collide! One year since the fearsome conclusion to ""Real Bout"", the hungry wolves ready themselves for a new battle, ""Real Bout Special"" - the paramount pugilistic proving ground!"
"Red Arremer: Makaimura Gaiden","Gargoyle's Quest | レッド アリーマー 魔界村外伝","NTSC-J","Japan","Capcom","Capcom","1990-05-02","1","No","Action | Adventure","Not Rated","Gargoyle's Quest: Ghosts 'n Goblins is an action-adventure platform game for the Game Boy. Developed by Capcom, it was released on May 2, 1990, in Japan, then North America in July, and lastly Europe in 1991. The playable character Red Arremer (Firebrand in the U.S.) made his debut in the video game series Ghosts 'n Goblins as an antagonist character, of which this is a spin-off."
"Remute - Living Electronics","","NTSC-U","United States of America","Unknown","?","2021-09-20","1","No","Unofficial","Not Rated","Remute enters the most popular portable gameconsole of all time - the Game Boy!

His new album 'Living Electronics' comes exclusively as a cartridge for Nintendo's evergreen handheld and contains 15 new songs full of bleepy bliss.


After 'Electronic Lifestyle' which came out in early 2021 as a cartridge for the PC Engine and Turbografx-16, 'Living Electronics' is his second cartridge album released in 2021 which guarantees a hot late summer running around outside and blasting quirky sounds through the tiny Game Boy speakers. But you can also listen to it, let's stay, during a train ride, while waiting for the bus or just simply at home on your beloved couch - thank you Game Boy, thank you Gunpei Yokoi!
As with all Remute albums (he previously also released albums on SNES and Sega Genesis), the sound on this cartridge gets generated in realtime by the console's soundchip - powered by the acclaimed LSDj engine. So this album literally consists of living electronics and catchy electronic pop songs celebrating a technoptimistic symbiosis between man and machine. Surf's up, we're so lucky!
For the slick player GUI Remute re-unites with demoscene pixel-wizard Alien while the coding was done by the Game Boy dev legend nitro2k01. The region-free cartridges get custom-made by swedish PCB-master MrTentacle and run on any model of the handheld - classic Game Boy, Game Boy Pocket, Game Boy Light, Game Boy Color, Game Boy Advance (SP) and even Super Game Boy. No guarantee for clone consoles though, but it will most likely run on the upcoming FPGA based Analogue Pocket.
Please note that the various incarnations of the Game Boy differ in sound-quality.
First batch comes as a yellow cartridge.

Includes unlimited streaming of Living Electronics via the free Bandcamp app, plus high-quality download in MP3, FLAC and more. less"
"Renegade Rush","Renegade Rush (2021-09-30)(quinnp)","Other","","","","2021-09-30","1","No","Racing | Shooter","Not Rated","No overview is currently available for this title, please feel free to add one."
"Repugnant Bounty","","Other","","","","1970-01-01","1","No","Action","Not Rated","Rosemarie, an alien princess from the planet Nimola seeks genocide on the evil monsters who killed her mother and people. Can you find and kill all 28 threats?"
"Reservoir Rat","","Region Not Set","","Take-Two Interactive Software, Inc.","Tarantula Studios","1999-01-01","1","No","Action | Platform","","Reservoir Rat is an Action game, developed by Tarantula Studios and published by Take-Two Interactive, which was released in Europe in 1999."
"Resident Evil:GB","","Other","","","","2022-12-02","1","No","Adventure | Horror","Not Rated","Resident Evil for the Gameboy? 

Enter the world of portable survival horror.

This is a large vertical slice demake for a GAMEBOY port of Resident Evil's Jill Valentine campaign. Explore the Spencer Mansion in a feature complete gameplay experience as you try to survive the horrors within."
"Retro Handheld Simulator Game Boy","Retro Handheld Simulator Game Boy (Madsoxgames) (v1.0) | Retro Handheld Simulator","Other","","","","2025-02-16","1","No","Action | Adventure","Not Rated","Retro Handheld Simulator is a short, silly game making fun of the retro handheld community (including myself). It is not designed to be taken seriously."
"Retro Quiz Tower","","NTSC","","","","2023-05-19","1","No","Adventure | Quiz","Not Rated","You find a mysterious tower while wandering through the forest. You go in to investigate and discover that it is the Retro Quiz Tower. Inside are monsters which are not violent and the only thing they are interested in is Retro. They will test you to show if you know more than them and if so you will get their friendship.
You will be able to overcome all the questions and complete the... Retro Tower Quiz Trial!"
"Retroid","Retroid (World) (Aftermarket) (Unl)","Other","","","","2016-09-01","1","No","Puzzle","Not Rated","Retroid is a Game Boy game based on the classic arcade game that was originally published as “Breakout” by Atari and later brought to perfection as “Arkanoid” by the Japanese software firm Taito. The player controls a paddle at the bottom of the screen that reflects a ball to destroy bricks at the top of the screen."
"Revenge of the 'Gator","Pinball: Revenge of the Gator","Region Not Set","","HAL America Inc.","HAL Laboratory","1990-03-28","1","No","Action","Not Rated","It's pinball....with gators!  This arcade-style title brings pinball on the go with the Game Boy!  Score as many points as possible, but don't let your ball be eaten by the 'Gator!"
"Rex Run","Rex Run for Game Boy","NTSC-U","United States of America","Romhacking","","2019-10-19","1","No","Unofficial","Not Rated","Game Boy port of the Rex Run Game from Chrome

This is a (mostly) faithful port of the Game, considering the limitations of the Game Boy

Source Code and prebuilt ROM"
"Rick Astley: The Game","Never Gonna Give You Up: The Game","Other","","itch corp","","2021-10-16","1","No","Action | Fighting","Not Rated","It's a Game Boy game (.gb), inspired by Rick Astley Never Gonna Give You Up music video. This is a mod of ""Office Combat"" by Robert Doman Rick Astley must reach is beloved at night-club. As he travels through the city, many people will slow him down. Just for fun ! I hope Rick Astley sees this game ! :)"
"Riddick Bowe Boxing","","Region Not Set","","Extreme Entertainment Group","Equilibrium","1994-01-01","","No","Sports","","Riddick Bowe Boxing is a Sports game, developed by Equilibrium and published by Extreme Entertainment Group, which was released in 1994."
"Rig Attack","","NTSC","","","","2021-07-01","1","No","Action","Not Rated","Your mission is fly a helicopter from the Heli-pad on an Oil Rig and patrol the surrounding oil fields. If you are unable to re-fuel, you will crash into the sea. To re-fuel (fuel and bombs) you land on any of the Heli-pads where an attendant will fill you up before take off. At any time in the game an enemy submarine can appear firing deadly torpedoes. To safeguard your rig you must fly over the submarine and drop your bombs, avoiding his missiles."
"Ring Rage","","Region Not Set","","Natsume","Taito Corporation","1998-04-01","2","No","Sports","","Are you ready to rumble? Hop into the ring with some of the toughest, meanest wrestlers ever to make their way to the squared circle. You choose your own fighter, then hop into the ring and battle it out with a bunch of guys who think they're tougher than you. There are five brawlers to select from, and each has his own style of combat. The game combines disciplines like boxing, karate, and kickboxing making for one interesting trip to the mat. It'll take agility as much as brains, as many of the most powerful moves require quick use of buttons and combinations. You can engage in matches with the computer, or hook up with a friend via a link cable to get some vicious head-to-head battles cooking. Don't get caught against the ropes!"
"Road Rash","","Region Not Set","","Ocean Software Ltd.","","1996-10-01","1","No","Racing","","Road Rash is a Racing game, developed by The Code Monkeys and published by Ocean, which was released in 1996."
"Roadster","ロードスター","NTSC-J","Japan","Tonkin House","Tose Co., Ltd.","1990-10-19","1","No","Racing","Not Rated","Roadster is a Racing game, developed by TOSE and published by Tonkin House, which was released in Japan in 1990."
"Robby's Day Out","","NTSC","","","","2020-09-08","1","No","Adventure","Not Rated","You play as Robby the Bunny, a lazy, round bunny who would love nothing more than to sleep all day. But, Grandma and Grandpa think Robby sleeps too much! It's time for Robby to go out and explore!"
"Robin Hood: Prince of Thieves","","Region Not Set","","Virgin Interactive Entertainment, Inc.","Bits Studios","1993-06-01","","No","Action | Adventure","","England is in turmoil! While King Richard the Lion-Hearted is off fighting the Crusades in Jerusalem, the relentlessly greedy Sheriff of Nottingham rises to power by running roughshod over the poor folk of Britain. Now you are Robin Hood: Prince of Thieves, the only man with enough cunning, agility and courage to combat the Sheriff and his evil witch, Mortianna. First, you must battle cutthroat guards and escape the Saracen dungeon where you, your friend, Peter Dubois, and your new companion, the mysterious, but loyal, Azeem, are held prisoners of the Crusades. Back in England, you'll explore the treacherous Sherwood Forest where you'll muster your band: Little John, Friar Tuck and Will Scarlett. But remember, they will only follow you if you prove yourself worthy enough to lead them, rescue the lovely Maid Marian and free England from tyranny."
"RoboCop","ロボコップ","NTSC-J","Japan","Epic/Sony Inc.","Enigma Variations Ltd","1991-03-01","1","No","Shooter","Not Rated","Japanese version of RoboCop.

Step into the shoes of the half-man, half-human hybrid known as Robocop. Your mission is to uncover a sinister plot involving OCP, local gangsters dealing a deadly new synthetic drug and a powerful cyborg known only as MIND. As the police force's last hope, you must capture, destroy, or arrest hostile characters in a desperate search for clues and evidence. Protect the innocent using six different weapons, various power-ups, and Robocop's multitarget locking system."
"RoboCop 2","","Region Not Set","","Ocean Software Ltd.","Painting by Numbers","1991-11-15","1","No","Platform","","The sizzling sequel brings back ""The Future of Law Enforcement"" to face his greatest challenge ever! RoboCop returns to rid the lawless streets of Detroid of the deadly new chemical, ""Nuke."" In 15 slammin' levels, you'll have the firepower of an entire army battalion - which you're going to need, because when OCP unleases Cain, it's a final struggle of robo-power versus robo-power."
"RoboCop Versus The Terminator","","Region Not Set","","Interplay Entertainment Corp.","Unexpected Development","1994-08-01","1","No","Action | Platform","","In the crumbling ruins of a world under siege, man-machine meets machine-man as legendary cyborgs clash to decide the fate of the Earth. As Robocop, you must travel across time into a bloody future ruled by the mechanical forces of Skynet. You'll face attack from every angle, every moment. An unwavering army of Terminators, robotic dogs, spiders, Endoskeletons and a relentless arsenal of automated weapons await you in this veritable hell on earth. To destroy this enemy, free its hostages and finally pierce the dark heart of a killer computer. It will take something more powerful than plasma rifles and laser guns: the human mind that still burns within you."
"Rock'n! Monster!!","","NTSC-J","Japan","Hori Electric Co., Ltd.","","1970-01-01","1","No","Puzzle","E - Everyone","Rock'n! Monster!! is a Puzzle game, developed by Electronics Application and published by Hori, which was released in Japan in 1994."
"Rocket Man","","Other","","HomeBrew Software","","1970-01-01","1","No","Action | Adventure | Unofficial","Not Rated","Rocket man is a young aspiring hero with great passion for technology. One day he runs into Light, a villain with telekinetic powers who plans to take control of the city. Accompanied by his virtual assistant Ellie, Rocket Man must defeat Light and his robot henchmen to bring peace back to the city."
"Rockman 8","Rockman 8: Metal Heroes | ロックマン8 メタルヒーローズ","NTSC-C","","","","1999-01-01","1","No","Platform","Not Rated","Rockman 8: Metal Heroes (ロックマン8 メタルヒーローズ) is a bootleg Mega Man game for the Game Boy, created by Makon Soft in 1999.

There are five Robot Masters, marked on the level select screen as Frost Man, Clown Man, Tengu Man, Grenade Man, and Rock Man. However, on the screen afterwards, the name and sprites don't match, along with some typos (i.e. Grenade Man on the Robot Master select screen is called ""Tengv Man"" on the following screen with a sprite of Spark Man) As well as this, the actual boss in every level isn't a Robot Master at all, varying between a car, a flying dreidel and a penguin."
"RodLand","","Region Not Set","","Jaleco Ltd.","Eurocom","1993-05-21","1","No","Action | Platform","","The player(s) control one or two fairies called Tam and Rit armed with a magic wand (rod). Following the concept of Taito's Bubble Bobble, the rod doesn't kill the monsters directly, but only leaves them immobilized, crying. To kill them, the rod can grasp them in a magic force-field and the player can smash them down over her head until they disappear and leave a power-up behind.

Each level is only one small screen composed of monsters, platforms, ladders and, later, tunnels. Unlike other games of the genre, the players can never jump, but have to use ladders. They can conjure one custom ladder above or below them in order to go to the appropriate platform. There can be only one such 'custom' ladder; therefore if the fairy summons it again, it will disappear from its previous position in order to appear again next to the fairy. This can be beneficial for the player, if a monster is climbing that ladder to approach her.

The fairies' quest is to rescue their mother, trapped in a tower. In the sequel (part of the original arcade machine) they must venture into a pyramid, to stop an evil force that is building a mobile fortress. The spirit of their departed father ""guides"" them at a couple of points. The ending implies that the evil in the pyramid was somehow responsible for their father's death."
"Roger Clemens' MVP Baseball","","Region Not Set","","LJN","Sculptured Software","1992-09-01","","No","Sports","","Roger Clemens' MVP Baseball is a Sports game, developed by Sculptured Software and published by LJN Ltd., which was released in 1992."
"Rolan's Curse","","Region Not Set","","American Sammy Corporation","NMK Co. Ltd.","1991-01-01","2","No","Action | Adventure | Role-Playing","Not Rated","After centuries in captivity, King Barius, Lord of the Demons, has escaped. In his fury he has cursed the peaceful land of Rolan. Hordes of dark creatures roam free in the countryside. A desperate cry goes out... are there any warriors brave enough to free the people from the curse?"
"Rolan's Curse 2","","Region Not Set","","American Sammy Corporation","NMK Co. Ltd.","1992-10-01","1","No","Action | Adventure","","King Barius is back for revenge! From the flaming depths of evil, he returns, bringing forth legions of monsters more vicious than anything the world has ever known!

Gather your wits and grab your sword! Team up with a band of worthy companions to search for treasure and magic. Then prepare yourself for a savage battle against the dreaded monarch of evil!"
"Roll-chan World","","Other","","Romhacking","","1991-12-01","1","No","Action | Platform","Not Rated","This is a player sprite hack of “Mega Man: Dr. Wily’s Revenge” for the Gameboy! This hack changes Mega Man’s player sprites and other illustrations of him into his sister Roll!"
"Rosa Cupiditatis","","NTSC","","","","2023-11-02","1","No","Role-Playing","T - Teen","Mara has always had a difficult life. She became an orphan from a young age and has ever since fought her way against her fate full of hardships and sadness. Now, fate has put her on an event that will change her life and that of the world...

In this game, she is on a quest to deliver a special package, in exchange for a large sum of money which might seem to end all her troubles once and for all..."
"ROVR (Remote Operated Vehicle Recovery)","","Other","","","","1970-01-01","1","No","Adventure","Not Rated","As part of an exclusive team, you are sent into the deserts of ancient Egypt in search of vast treasures. Although you are happy to assist the boffins and their research, for you the aim of the trip is to make money.

During a quiet day, you trek into the nearby desert carrying your ROVR unit. The Remote Operated Vehicle for Recovery is ideal to get into tight passages and narrow halls, and even better to grab the treasure that may be within.

Your ROVR unit is equipped with a diamond drill, able to drill into certain rocks if required, so any debris should not be a problem.

The unit can carry only one item at a time and has a limited charge. This can be replenished once you setup the drop point.

Your luck must be in as you soon locate a small entrance above a large chamber. Slowly you lower the ROVR into place, setup the drop point and pick up your video controller.

Controlling the ROVR, you must locate and return any treasure back to the drop point in order to complete your task, get rich and live the life of a millionaire."
"Ryan's Veeder's Mud Warriors","","Other","","","","1970-01-01","1","No","Adventure","Not Rated","Ryan's Veeder's Mud Warriors is a narrative adventure game with a focus on story and exploration. It is also a Gameboy adaptation of Ryan's original text adventure game"
"Sacred Meat","","Other","","itch corp","","2023-08-29","1","No","Adventure | Horror","Not Rated","Sacred Meat is a Point and Click Horror Adventure game created for the original Gameboy, entered into GBCompo23, where the theme is ""you are the monster."" Guide Jonah through his trauma as he tries to take care of his aging father and reconcile the difficult past they share. 

You can cycle through three interactions with most objects: Look (magnifying glass), Interact (hand), and Speak (text bubble). There is an inventory that you must use to solve puzzles and collect items needed to progress, so make sure to look around.

There are 2 endings and extra bonus scene. A walkthrough will be provided in the credits text file, in case you get stuck, or really want to see the extra scene. The extra scene is meant to be the ending that best correlates to the theme."
"SaGa 2: A Haniwa's Contingency","Sa-Ga 2 - A Haniwas Contingency (Average) (v1.02) (tehtmi) | Sa-Ga 2 A Haniwas Contingency","Other","","","","2025-03-01","1","No","Role-Playing","Not Rated","No overview is currently available for this title, please feel free to add one."
"SaGa 2: Hihou Densetsu","Final Fantasy Legend II","NTSC-J","Japan","Squaresoft","Squaresoft","1990-12-04","1","No","Role-Playing","Not Rated","SaGa 2: Hihou Densetsu (Sa・Ga2: 秘宝伝説, lit. Sa・Ga2 ~ The Treasure Legend), originaly released in the North America as Final Fantasy Legend II, is a game released for the Game Boy as the second game of the SaGa series. It's the sequel to Makai Toushi SaGa. - saga.fandom.com"
"SaGa 3: Jikuu no Hasha","","NTSC-J","Japan","Squaresoft","Squaresoft","1991-12-13","1","No","Role-Playing","Not Rated","Jikū no Hasha ~ Sa・Ga 3 [Kanketsu Hen]​ (時空の覇者 Sa・Ga3 [完結編]  lit. The Ruler of Time and Space ~ SaGa3 [Final Chapter]) know in the North America as Final Fantasy Legend III  is the third game in the SaGa series. - saga.fandom.com"
"Sagaia","Darius II","NTSC-J","","Taito Corporation","Taito Corporation","1991-12-13","1","No","Shooter","E - Everyone","Released as Darius II outside Japan.

Darius II takes place sometime after the first Darius game. The colonized planet Darius is recuperating from its invasion from the alien Belser Army thanks to that game's heroes Proco and Tiat. Darius' inhabitants have since situated themselves on the planet Olga while Darius' societies, architecture and attacked areas were being repaired. The space flight Headquarters established on Olga picks up an SOS signal coming from Earth, where the first colonists originated before colonizing Darius. The signal included the description of alien ships similar to those of the Belser Army. Suspecting that these might be their remaining Earthling ancestors, the people of Darius sends both Proco Jr. and Tiat Young to help them."
"Sailor Moon Welcome Nakayoshi Park","ウェルカム　なかよしパーク | Uerukamu Nakayoshi Paaku","NTSC-J","Japan","Bandai Co., Ltd.","Bandai Co., Ltd.","1994-03-03","1","No","Adventure","Not Rated","No overview is currently available for this title, please feel free to add one."
"Saint Seiya Paradise","Saint Paradise ~ Saiky? no senshitachi | セイントパラダイス 最強の戦士たち","NTSC-J","Japan","Bandai Co., Ltd.","Bandai Co., Ltd.","1992-11-13","1","No","Role-Playing","Not Rated","It is a video game produced by Bandai. It begins with the Galactic Battle and your opponents will range from Ikki to Poseidon. The combat mode is RPG style game, with many levels and items."
"Sakigake!! Otokojuku: Meikoushima Kessen","魁！！男塾 冥凰島決戦","NTSC-J","Japan","Yutaka","Yutaka","1990-08-04","1","No","Fighting","Not Rated","Sakigake!! Otokojuku: Meikoushima Kessen is an Action game, published by Yutaka, which was released in Japan in 1990."
"Sam Mallard – The Case of the Missing Swan","","Other","","","","2022-06-04","1","No","Adventure","Not Rated","The clock had turned midnight and I was just about to leave my office when there was a knock on my door.

It was a Mr. Swan, owner of the Swanline shipping company. He explained that his wife was missing and the police had told him that, unless they can prove outright that there was an involuntary disappearance, they just file paperwork.

He said he'd pay me a grand upfront if I could find his wife by morning, no question asked.

That may be a suspiciously large reward for a simple missing person case, but I haven't had that many jobs lately and my wallet is getting thin...

...so who am I to ask questions?"
"Sam Mallard: The Case of the Missing Swan","Sam Mallard - The Case of the Missing Swan (World) (SGB Enhanced) (Aftermarket) (Unl)","Other","","itch corp","","2022-04-06","1","No","Adventure | Unofficial","Not Rated","Sam Mallard – The Case of the Missing Swan is a short and simple point-and-click inspired adventure game for the Game Boy.

The clock had turned midnight and I was just about to leave my office when there was a knock on my door.

It was a Mr. Swan, owner of the Swanline shipping company. He explained that his wife was missing and the police had told him that, unless they can prove outright that there was an involuntary disappearance, they just file paperwork.

He said he'd pay me a grand upfront if I could find his wife by morning, no question asked.

That may be a suspiciously large reward for a simple missing person case, but I haven't had that many jobs lately and my wallet is getting thin...

...so who am I to ask questions?"
"Samantha Fox Strip Poker","","NTSC","","","","2024-12-18","1","No","Action | Life Simulation","M - Mature 17+","What sort of player is SAM? We are not going to give you any clues. It's for you to find out. Sam's so confident that your play will not be good enough, that she has agreed to shed her clothing one article at a time, if you should start to beat her. However, if she starts to win again she is allowed to retrieve some or all of the articles she has lost."
"Samurai Shodown","","Region Not Set","","TAKARA Co., Ltd.","Betop","1994-11-01","2","No","Fighting","","Iza To! En Garde! Dude! Twelve of the mightiest samurai, ninja, knights, and warriors from Japan, France, the United States, and China lock swords in NEO GEO's SAMURAI SHODOWN. With blades, bare knuckles, rage, and various Methods of Mayhem, fight your way to the final battle with Satan's Shogun. Use all powers at your disposal to get a head!"
"Samus Goes to the Fridge to Get a Glass of Milk II","","Other","","","","2020-07-19","1","No","Action | Adventure","Not Rated","This hack was originally made for Mentlegen’s One Week Hacking Contest on Metroid Construction, being the second ever completed level design hack of Metroid II. It is the direct sequel to the Metroid Fusion hack titled Samus Goes to the Fridge to Get a Glass of Milk.

Story: LAST TIME ON SAMUS GOES TO THE FRIDGE TO GET A GLASS OF MILK… She fulfilled Adam’s deed, picking up the milk carton lying in the fridge. However, after gunning down the Omega Metroid, she looked around, finding no exit before the subzero temperatures knocked her out cold (pun somewhat intended). When she woke up, she found herself in her regular power suit, in a different area of the station. While she was all there in one piece, there was one problem–the milk wasn’t! And Samus knew better than to fail Adam’s orders at 3 AM. This contest hack continues the tale of Samus’s venture to get Adam a glass of milk, this time as a hack of a game few have ever attempted making hacks for. Will Samus get through okay and recover the milk once again? Find out in SAMUS GOES TO THE FRIDGE TO GET A GLASS OF MILK II!"
"San Goku Shi Game Boy Han","三國志ゲームボーイ版 | Romance of the Three Kingdoms Game Boy Edition","NTSC-J","Japan","Koei Co., Ltd.","iNiS | 																Koei","1992-09-30","1","No","Role-Playing | Strategy","Not Rated","China's Second Han Dynasty has collapsed. The entire country is in chaos as warlords battle each other for control. Each claims to be emperor, however none is powerful enough to retain the title. Romance of the Three Kingdoms puts you in the role of one of the warlords of Second Century China. As a master, you must recruit the best generals in the country and win their loyalty. They will advise you in times of peace, and fight alongside you on the battlefield. Negotiate with other masters, or simply attack them. Always use terrain to your best advantage, making sure to choose the right kind of attack for the situation. In times of peace, manage your states to increase their productivity and prepare your army for battle. Romance of the Three Kingdoms combines a huge database with advanced programming to give you a game in which the characters are so historically accurate and life-like, and the game events so real, you will swear you're living in Second Century China."
"Sanrio Carnival","サンリオカーニバル","NTSC-J","Japan","Character Soft","Scitron & Art","1991-05-11","1","No","Puzzle","Not Rated","Sanrio Carnival is a Puzzle game, developed by Scitron & Art and published by Character Soft, which was released in Japan in 1991. It's a puzzle game featuring Sanrio characters on the menu screens, and their faces on the blocks. Match three of the same and they'll disappear, the ones above will fall down, leading to the possibility of a chain."
"Sanrio Carnival 2","サンリオカーニバル２","NTSC-J","Japan","Character Soft","Character Soft","1993-03-19","1","No","Puzzle","Not Rated","Sanrio Carnival 2 is a Puzzle game, published by Character Soft, which was released in Japan in 1993."
"Sanrio Uranai Party - Hello Kitty","","NTSC-J","Japan","Sanrio Digital","Imagineer","1997-01-01","1","No","Family | Party | Utility","E - Everyone","Sort of an affection fortune telling simulation."
"Save the Fairy Festival","","NTSC","","","","2019-07-09","1","No","Adventure","AO - Adult Only 18+","You stand in Queen Clarion's throne room, having been awakened by the guards and brought up here. She is the Queen of Pixie Hollow and you haven't the slightest clue why she would want to see you. 

You're here for the annual Fairy Festival of Fertility, which takes place every year on the eighth of August. You were looking for to some romantic fairy encounters. You heard that there were dozens of women that live here. This is your first time making the pilgrimage to Pixie Hollow, but now you  wonder if you have done something wrong.

As it turns out, Pixie Hollow needs your help. The night's performance is in shambles and Rosetta desperately needs someone to assist. You are tasked with helping her and saving the festival."
"Scotland Yard","スコットランドヤード","NTSC-J","Japan","Toei Animation","Shouei System","1990-12-07","1","No","Strategy | Quiz","Not Rated","Scotland Yard is a Miscellaneous game, developed by Shouei and published by Toei Animation, which was released in Japan in 1990."
"SD Gundam Gaiden: Lacroan Heroes","ＳＤガンダム外伝 ラクロアン ヒーローズ","NTSC-J","Japan","Bandai Co., Ltd.","Human Entertainment, Inc.","1990-01-01","1","No","Role-Playing","Not Rated","SD Gundam Gaiden: Lacroan Heroes is a Role-Playing game, developed by Human Entertainment and published by Bandai, which was released in Japan in 1990."
"SD Gundam: SD Sengokuden - Kunitori Monogatari","ＳＤガンダム ＳＤ戦国伝 国盗り物語","NTSC-J","Japan","Bandai Co., Ltd.","","1990-03-24","1","No","Strategy","E - Everyone","No overview is currently available for this title, please feel free to add one."
"SD Hiryu no Ken Gaiden","SD Flying Dragon Cuff","NTSC-J","Japan","Culture Brain Inc.","Culture Brain","1995-04-14","1","No","Action | Fighting","E - Everyone","No overview is currently available for this title, please feel free to add one."
"SD Lupin Sansei: Kinko Yaburi Daisakusen","SD Lupin III - Kinko Yaburi Daisakusen | SD Lupin III - The Great Safe-Cracking Heist | ＳＤルパン三世 ～ 金庫破り大作戦 ～","NTSC-J","Japan","Banpresto Co., Ltd.","Nova Co., Ltd.","1990-04-13","1","No","Action | Puzzle","Not Rated","The classic manga and anime comes to Game Boy in the form of… a generic, by-the-numbers puzzler."
"Sea Battle","","Region Not Set","","Bit Managers","Infogrames","1998-01-01","1","No","Strategy","","Sea Battle is an adaptation of the pen-and-paper game ""Battleship""/""Sea Battle"". The player is a fleet commander and must guess where enemy's ships are on board, and ""destroy"" them. Enemy hunts for player's ships, the better commander wins. Game has several modes: player can customize many things, like the size of the board, the number of vessels and the use of special weapons."
"SeaQuest DSV","","Region Not Set","","Malibu Interactive","Unexpected Development","1994-11-01","","No","Action","","seaQuest DSV is an Action game, developed by Unexpected Development and published by Malibu, which was released in 1994."
"Seaside Volley","Malibu Beach Volleyball | シーサイドバレー","NTSC-J","Japan","Tonkin House","","1989-10-31","1","No","Sports","Not Rated","No overview is currently available for this title, please feel free to add one."
"Senata Land","","NTSC","","","","2025-04-01","1","No","Action | Adventure | Platform","Not Rated","Senata Came To His Castle For A Special Event. Suddenly, A Evil Elf Named ""King E. Elfstein"" And His Minion Elves Came To The Castle And Took All The Stuff That Makes The Event Way Happier And Fuller. The Minion Elves Scattered Everything Around ""Senata Land"". Senata's Mission Is To Collect All Of The Stuff While He Travels All-Through ""Senata Land""."
"Senshijidaino Kyoryu: DINOPREHIS!","Senshijidaino Kyoryu - DINOPREHIS! - Beta 1997 (World) (Aftermarket) (Unl)","Other","","","","2024-07-11","1","No","Role-Playing","Not Rated","The BETA released in 1997 for Senshijidaino kyōryū - DINOPREHÍS! is here!

Experience what DINOPREHIS was like before it became the franchise that is still remembered by many today."
"Sensible Soccer: European Champions","","Region Not Set","","Sony Imagesoft","Sensible Software","1993-01-01","1","No","Sports","","Sensible Soccer: European Champions is a Sports game, developed by Sensible Software and published by Sony Imagesoft, which was released in Europe in 1993."
"Serpent","","Region Not Set","","Taxan","Dual","1990-11-01","","No","Action","","Serpent is an Action game, developed by Dual and published by Naxat Soft, which was released in 1990."
"Seth Da Man Adventure","","Other","","","","2023-07-21","1","No","Platform","Not Rated","Run, jump, and defeat the evil... goopy substance that controls over our new hero's world!

You'll explore many different areas on your adventure. From the grassy greens to the beautiful blues (Even though it's a gameboy game), you'll enjoy your stay."
"Shanghai","","Region Not Set","","HAL America Inc.","HAL Laboratory","1990-06-01","1","No","Puzzle","Not Rated","Steady your nerves and concentration. You're about to play Shanghai! Shanghai is based on an ancient game that's over 25 centuries old. Over the years since, it has been a favorite of pirates and smugglers, flappers and gangsters, of working men and the well-to-do. Now you can play it too! The game is simple... the strategy complex. Remove 144 tiles from a pyramid; two matching tiles at a time. But be careful. Remove the wrong two tiles and you're left with no more matching pairs... game over! It's a game everyone can play and enjoy."
"Shaq-Fu","","Region Not Set","","Black Pearl Software","Unexpected Development","1995-10-01","1","No","Fighting","Not Rated","Shaq brings his awesome skill and size to a multiworld fighting game! As Shaq, use your lightning-fast shuriken and other martial art techniques to prevail over 11 intensely evil warriors in the enforcement of justice. Or choose any of the 12 warriors and fight head to head. Summon Voodoo's bone-shattering earthquake, rebound with Rajah's shockwave sword or lash out with Sett's terrifying mummy wrap! Scores of secret power moves to discover and master!"
"Shark Attack","","NTSC","","","","2022-11-07","1","No","Shooter","Not Rated","The seas of the world are no longer safe! Giant, man eating sharks now rule the waves, and the only hope left is for fearless divers to brave the rigors of the undersea world and destroy the shark menace. Not only will kill you have to brave the sharks, but also vicious and hungry squid, electric eels, and octopi.

Sharks threaten bathers across 12 seas, please clear all 12 locations. Good luck!"
"Sheep It Up!","","NTSC","","","","1970-01-01","1","No","Action | Platform","Not Rated","“Sheep it up!” is a one-button arcade game where a sheep has to climb up by hanging himself to flying velcro straps. The concept is simple, but the game rapidly gets quite challenging! How high can you climb without falling down?"
"Shin Nippon Pro Wrestling: Toukon Sanjushi","新日本プロレスリング公認 闘魂三銃士","NTSC-J","Japan","Varie","Varie","1991-06-28","1","No","Fighting | Sports","Not Rated","The handheld fighting spirit of New Japan Pro Wrestling right in your hands!"
"Shin Pokemon Blue","","Other","","","","2021-02-04","1","No","Adventure | Role-Playing | Unofficial","Not Rated","This is a rom hack of pokemon red & blue based on the Pret team's disassembly.
It's a mostly-vanilla hack that focuses on fixing game engine bugs and oversights from the original game.
Additionally, trainer AI routines are improved and multiple quality-of-life improvements have been added.
Think of it as what the Nintendo Virtual Console re-release of red & blue might have been (plus a few extra goodies)."
"Shin Pokemon Green","","Other","","","","1970-01-01","1","No","Role-Playing","Not Rated","No overview is currently available for this title, please feel free to add one."
"Shin Pokemon Red","","Other","","","","1970-01-01","1","No","Role-Playing","Not Rated","No overview is currently available for this title, please feel free to add one."
"Shin SD Gundam Gaiden","新ＳＤガンダム外伝　ナイトガンダム物語","NTSC-J","Japan","Bandai Co., Ltd.","Tom Create","1994-09-09","1","No","Role-Playing","Not Rated","Shin SD Gundam Gaiden is a Role-Playing game, developed by Tom Create and published by Bandai, which was released in Japan in 1994."
"Shinseiki GPX Cyber Formula","新世紀ＧＰＸ サイバーフォーミュラ","NTSC-J","Japan","Varie","","1992-02-28","1","No","Racing","Not Rated","The first game in the Shinseiki GPX Cyber Formula series of racing games."
"Shisenshou: Match-Mania","四川省 MATCH-MANIA","NTSC-J","Japan","","Tamtex","1990-07-13","1","No","Puzzle","Not Rated","No overview is currently available for this title, please feel free to add one."
"Shock Lobster","","Other","","itch corp","","2021-09-30","1","No","Action | Unofficial","Not Rated","Venture forth on your quest as a lowly lobster imbued with magical powers, determined to inflict lethal damage to whatever stands in your way!

You start out with a handful of skills allowing you to avoid oncoming obstacles and deal damage, but will use the pearls you collect on your way to unlock more skills, upgrades, and items to push your high score higher and higher."
"Shogi","","NTSC-J","Japan","Pony Canyon, Inc.","Pony Canyon","1989-01-01","1","Yes","Board","E - Everyone","Shogi is a Miscellaneous game, published by Pony Canyon, which was released in Japan in 1989"
"Shoot-Out!","ShootOut! (Homebrew)","Other","","","","2023-10-08","1","No","Action","Not Rated","You're a wandering lawman on the trail of an outlaw gang. Beat them in a test of reflexes and bring peace to the Wild West!

• 5 breathtaking locations

• 5 colorful outlaws to duel

• a shocking ending for anyone with the grit to defeat the final stage"
"Shounen Ashibe","Shounen Ashibe: Yuuenchi Panic | 少年アシベ ゆうえんちパニック","NTSC-J","Japan","Magical Company","Magical Company","1991-09-27","1","No","Adventure","E - Everyone","No overview is currently available for this title, please feel free to add one."
"Shurikix","","Other","","","","2023-11-04","1","No","Action | Adventure","Not Rated","Become the quickest ninja alive by completing the Shurikix challenge as fast as possible. Jump on poles, dodge spikes and throw shurikens to break crystals using reflexes and teleportation!"
"Shuyaku Sentai Irem Fighter","主役戦隊アイレムファイター","NTSC-J","Japan","Irem Corp.","IREM","1993-07-30","1","No","Strategy","Not Rated","Shuyaku Sentai Irem Fighter (主役戦隊アイレムファイター) is a 1993 strategy video game developed and published by Irem exclusively in Japan for the Nintendo Game Boy on July 30, 1993. It features characters from four of Irem's franchises: R-Type, Mr. Heli, Ninja Spirit, and Hammerin' Harry."
"Side Pocket","","Region Not Set","","Data East Corporation","Data East Corporation","1990-11-01","","No","Sports","","Chalk up your cue stick and rack up those balls. Now get ready, get set, break! The balls scatter and the match is on... It's the Data East Pool Tournament Finals, and you're behind the 8-ball! It'll take a steady hand and a sharp eye to hustle your way to the top. Challenge your opponents to the ultimate game of skill, but you've got to stay cool... It's a green felt jungle out there!"
"SignalisGB","Signalis","Other","","","","2025-10-03","1","No","Adventure | Horror","Not Rated","The masterpiece from 'Rose-engine' reinterpreted for the Nintendo Gameboy Colour by Jayjay-1992 and released on itch.io. Based on the original Demo released which showed a vertical slice of the game, this demake consists of a faithful translation of that experience, with a few hidden extras. 

Signalis of course is a classic survival horror experience set in a dystopian future where humanity has uncovered a dark secret. Unravel a cosmic mystery, escape terrifying creatures, and scavenge an off-world government facility as Elster, a technician Replika searching for her lost dreams."
"Silent Hill 2: 20th Anniversary Demake","","Other","","itch corp","","2021-12-09","1","No","Horror | Unofficial","Not Rated","This ROM is ""as is"" not finished, but that said you can go through the whole game. There are times when limitations of the software may force a player to NOT FIGHT but run past certain nurses in dark silent hill and if you go to the room where the videotape is the door might not let you in but entering a nearby door then returning will fix it. Still has all the endings including the dog ending, The board  and gun are the only real weapons coded in that is as far as I got.

++++ and one more thing in the bathroom at the beginning of the game if you go left through the wall then up you will find a warp zone with the theme of laura playing..."
"Silicon Pawn","","Other","","Nintendo","","1991-02-01","1","No","Action | Platform","Not Rated","Silicon Pawn is a Metroidvania hybrid that lets you take on the role of a person with the mouth of a submarine."
"Skate or Die: Bad 'n' Rad","","Region Not Set","","Konami","Konami","1990-09-01","1","No","Action","Not Rated","Skate Or Die: Bad 'N Rad is a Sports game, developed and published by Konami, which was released in 1990."
"Skate Or Die: Tour de Thrash","","Region Not Set","","EA Sports","Realtime Associates, Inc.","1991-06-01","","No","Sports","","Skate Or Die: Tour de Thrash is a Sports game, developed by Realtime Associates and published by EA Sports, which was released in 1991."
"Skeleton with a Skateboard","","NTSC","","","","2023-01-01","1","No","Platform","Not Rated","A 1-bit skateboarding platformer for the Game Boy."
"Sky Ace","Sky Ace (Sachen 4-in-1 Vol 7)","Region Not Set","","Sachen","Sanchen","1993-01-27","","No","Flight Simulator","E - Everyone","Thin Chen Enterprise, also known as Sachen or in the original name Sheng Qian Enterprise Co., Ltd (聖謙企業股份有限公司), was a Taiwanese company that developed several original games for the Nintendo Entertainment System (NES), Mega Drive, Game Boy and other early cartridge-based handheld systems such as the Watara Supervision and Mega Duck. With the exception of the latter two handhelds, all of Thin Chen's games were produced without license from the console manufacturers; the company produced at least 70 unique games for the NES and Famicom and at least 32 for the Game Boy (albeit compiled into eight 4-in-1 cartridges), making it the most prolific unlicensed developer and publisher for both consoles by a considerable margin.[1] The company also produced its own Nintendo Entertainment System hardware clones, such as the Q-Boy.[2]

Most of Thin Chen's products were released under the ""Sachen"" brand name, although the names Joy Van and Commin were also used for certain early games for the Famicom and handheld consoles respectively. Several of their NES games were released outside Taiwan under license by foreign publishers, including Hacker International in Japan (usually with added pornographic content), Bunch Games/Color Dreams and American Video Entertainment in the USA, and Milmar in Brazil.[1]

Note: This is taken from wiki, no description for actual game. This was the closest that I could find. also the Front Boxart is not original."
"Slam Dunk","テレビアニメ スラムダンク　がけっぷちの決勝リーグ | Slam Dunk GameBoy","NTSC-J","Japan","Bandai Co., Ltd.","","1994-08-11","1","No","Sports","Not Rated","Slam Dunk (『From TV animation SLAM DUNK がけっぷちの決勝リーグ』) is a Sports game, developed and published by Bandai, which was released in Japan in 1994."
"Slam Dunk 2","テレビアニメ　スラムダンク２　全国へのＴＩＰ　ＯＦＦ | Slam Dunk 2 GameBoy","NTSC-J","Japan","Bandai Co., Ltd.","","1995-03-17","1","No","Sports","Not Rated","Slam Dunk 2 (『From TV animation SLAM DUNK 2 全国へのTIP OFF』) is a Sports game, developed and published by Bandai, which was released in Japan in 1995."
"Small Soldiers","","Region Not Set","","THQ","Tiertex Design Studios","1998-11-01","","No","Action","E - Everyone","In your epic battle against the Commando Elite... You must assume the role of Archer, leader of the peaceful Gorgonites. Forced into a situation that Gorgonites are programmed to lose, namely war, Archer must unite his friends to take on the Commando Elite. Do you have what it takes to guide Archer through this massive Small Soldiers adventure?"
"Smickeonn: The Game","","NTSC","","","","2024-01-14","1","No","Platform","Not Rated","Tal Vaknin's First EVER Video Game - Smickeonn Landing In The Game Boy!

 5 Levels With Increasing Difficulty. Now For The Game Boy (Also Supports Game Boy Color, Game Boy Advance And GB Home Consoles Attachments), Dreamcast And Nintendo 3DS!"
"Smickeonn: The Game - SatellitOsaur's Island Edition","","NTSC","","","","2024-08-13","1","No","Platform","Not Rated","Another ""Smickeonn: The Game"" Version Came Out. Even If 'Smickeonn' No Longer Here. The New Version Of The First TVMZ Videogame Ever Based On The Greatest Adventure On The Game Boy Color: ""Welcome To SatellitOsaur's Island""! 

And... Why Did We Say ""Another""?  Because We Did Another Version Of This Game In The Past. It's Called ""Smickeonn: The Game Deluxe"". That Version Was Kind Of Awful.

But Now, We Came With A Surprise For The Game Boy, Game Boy Pocket, Game Boy Light And Even The Super Game Boy Players: ""Smickeonn: The Game - SatellitOsaur's Island Edition"", Those Players Now Can Experience Both A Yoshi's Island Like Characters And Environment And Re-Experience A Classic.

We Hope You'll Enjoy This Version Of The Classic Arcade-Ish Game, With SatellitOsaur And His Friend - BrandySaur!"
"Snake GB","Snake.gb","Other","","","","2017-01-01","1","No","Platform","E - Everyone","You’re a hungry snake! There’s food out there, so find it and eat it! As you eat food, your tail will grow longer. Don’t run into the walls or your own tail or it’s game over! From time to time, you’ll see a heart appear instead of normal food. Eat it and your tail will get a bit shorter. But hurry, after a few seconds hearts turn back into normal food!

http://donaldhays.com/projects/snake/"
"Snakebird","SnakebirdGB","Other","","","","2016-09-23","1","No","Puzzle","Not Rated","This is a Gameboy recreation / fangame of the amazing puzzle game Snakebird, containing 10 all new levels. Your goal in each stage is to eat all the fruit to unlock the goal, then escape through the goal with all Snakebirds. Eating a fruit will increase a Snakebird's length by one. Falling on spikes or off the screen will kill your Snakebird and you have to restart. Some levels can have movable objects, which can help you on your way.

There are a couple minor gameplay changes compared to the original game: Movable objects must not fall off the screen, and there is NO undo feature (this is more cruel than it may sound at first, so be careful).

A word of warning: This game has a very high difficulty curve, especially if you have not played the original game. However, all stages are selectable from the start, so you can always try your luck on a new challenge."
"Snakes and Ladders","","NTSC","","","","2025-06-23","3","No","Strategy","Not Rated","Step into a new twist on the classic Snakes and Ladders! Up to three players can join the fun - challenge your family, friends, or take on the computer.

Play by traditional rules or explore new variations that add strategy to the mix. In this version, success doesn’t rely on luck alone: perfect timing and smart moves can turn the tide of the game.
Will you climb to victory or slide into defeat? The board awaits!"
"Snaky Pocket","","NTSC","","","","2024-08-30","1","No","Puzzle","Not Rated","Snaky Pocket is a Game Boy classic snake game game developed with GBDK-2020. Play with Snaky eating as much fruit as you can to beat your record. You can select between two style modes: Classic (like the Nokia game) and Redux (small remake)."
"Sneaky Snakes","","Region Not Set","","Tradewest, Inc.","Rare, Ltd.","1991-06-01","","No","Platform","","Sneaky Snakes is an Action game, developed by Rare Ltd. and published by Tradewest, which was released in 1991."
"Snoopy's Magic Show","","Region Not Set","","Kemco","Kemco","1990-10-01","2","No","Puzzle","","As legendary magician Snoopy the Great, you must rescue your assistant Woodstock when his attempt to perform the dangerous Magic Ball Trick goes out of control. Magic Balls are on the attack and even Woodstock has been multiplied by the runaway spell. Maneuver around ever changing barriers and escape through enchanted exits. Summon all your powers to collect Woodstocks through more than 100 levels of escalating jeopardy in… Snoopy’s Magic Show."
"Snow Bros. Jr.","","NTSC-U","United States of America","Capcom","Dual","1991-05-24","1","No","Action | Adventure","E - Everyone","No overview is currently available for this title, please feel free to add one."
"Snow Brothers","","Region Not Set","","Capcom","Toaplan Co., Ltd.","1992-01-01","","No","Platform","","The gameplay of Snow Bros. is similar to Bubble Bobble, released in 1986. The game supports up to two players, with each player taking the part of one of two snowmen Nick and Tom. Each player can throw snow at the enemies. The player must throw snow at each enemy until it is completely covered, when it turns into a snowball. An enemy partially covered in snow cannot move until it shakes it off."
"Soccer","","Region Not Set","","Bandai Co., Ltd.","Tose Co., Ltd.","1991-07-01","1","No","Sports","","Soccer (サッカー?) (known in Europe as Football International) is a football video game with top-down perspective, developed by Tose for the Game Boy handheld, which was released in 1991."
"Soccer Boy","","NTSC-J","Japan","CBS/Sony Group Inc.","CBS","1991-02-01","1","No","Sports","E - Everyone","No overview is currently available for this title, please feel free to add one."
"Soccer Mania","","Region Not Set","","Sony Imagesoft","Kitty Group","1992-03-01","","No","Sports","","Soccer Mania is a Sports game, developed by Kitty Group and published by Epic Sony Record, which was released in 1992."
"SokoPenguin GB","","NTSC","","","","2025-08-30","1","No","Role-Playing | Puzzle","Not Rated","SokoPenguin is a Sokoban-style puzzle game, where you control a penguin who must push boxes to clear the path to its cozy igloo. With each level, the puzzles become more complex, and new mechanics are introduced."
"Solar Striker","ソーラーストライカー | Sōrā Sutoraikā","NTSC-J","Japan","Nintendo","Minakuchi Engineering | 																Nintendo R&D1","1990-01-26","1","No","Action | Shooter","E - Everyone","Solar Striker is a 1989 Game Boy vertically scrolling shooter video game developed by Nintendo R&D1 (co-developed by Minakuchi Engineering) and released by Nintendo in Japan on January 26, 1990."
"Solastra","","Other","","","","2026-03-13","1","No","Action","Not Rated","You are an astronaut aboard the ship SOLASTRA, barreling through the universe at near light-speed. You're all alone, with only the sterile comforts of your ship, communications from back home, and your thoughts to occupy your time. An infinite void surrounds you, and a similar void lingers within you. In seven days, you will reach your destination. What will happen by then?"
"Solitaire FunPak","","Region Not Set","","Interplay Entertainment Corp.","Beam Software","1994-11-01","","No","Strategy","","Solitaire FunPak brings the challenge of this great card game to your Game Boy with a dozen variations to keep you coming back for more. Try your hand at Klondike, Pyramid, Free Cell, Golf, Aces Up, Poker, Florentine - 12 in all. Choose whichever game you like or select Tournament mode and try them all. At home or on the road, Interplay's Solitaire lets you play anywhere, anytime. Plays just like the real thing (except you can't cheat!). If you're up to the task, take on this pack for hours of challenging fun!"
"Solomon's Club","ソロモンズ倶楽部","NTSC-U","United States of America","Tecmo","Graphic Research Co., Ltd.","1991-04-01","1","No","Puzzle","Not Rated","Solomon's Club is a Puzzle game, developed by Graphic Research and published by Tecmo, which was released in 1991."
"Song of Morus: Gala of Battle","","NTSC","","","","2023-11-02","1","No","Shooter","Not Rated","Song of Morus - Gala of Battle is a Hong Kong themed bossfight shooting game. In this game, player controls Taoist Priestess Song to fight hostile spiritual creatures and evil magic users. The game features a total of 8 boss stages, which players can take on in any order. Each boss presents three phases of attack. Reduce their HP in all phases to beat the game."
"Sonic 6","Sonic Adevnture 6","Other","China","","","1998-01-01","1","No","Action | Adventure | Platform","Not Rated","Sonic 6 is an unlicensed ""pirate"" game for the Game Boy supposedly released in 1998. It is actually a minor graphical hack of the 1993 Speedy Gonzales Game Boy game by Sunsoft, replacing all sprites and references to Speedy Gonzales with Sonic the Hedgehog. The game was likely chosen to hack due to Speedy Gonzales' similar gameplay mechanics to that of the Sonic series."
"Soreyuke! Amida-Kun","アミーダくん 阿弥陀 | Amida-kun Amida","NTSC-J","Japan","Coconuts Japan Entertainment Co., Ltd.","Sofix","1990-10-23","1","No","Puzzle","Not Rated","Amida is a Japanese ladder climbing puzzle video game. The game requires players to navigate the main character safely across several pre-set bridges. Each bridge is composed of a number of obstacles that the character will blindly navigate into. The player can utilize an animated platform to redirect the main character as they move through the stage."
"Soul Void Redux","","Other","","","","2023-06-28","1","No","Horror","T - Teen","Explore the odd landscapes of the void, help lost souls you find along the way, and face your inner demons as you attempt to find a way home."
"Space Invaders","","NTSC-U","United States of America","Nintendo","Nintendo","1994-10-01","2","No","Adventure","Not Rated","Space Invaders tests your skill and reflexes against a horde of alien invaders. Space Invaders for Game Boy includes the classic one player ""you against them"" battle, or you can link up with a friend to play head-to-head. Space Invaders is Super Game Boy Enhanced, with special features only available when playing through the Super NES using your Super Game Boy accessory."
"Space Landing","Space Landing (World) (Steam) (Aftermarket) (Maurizio)","Other","","","","2023-01-14","1","No","Adventure","Not Rated","You play as the alien Aestris on a strange journey to recover your spaceships' battery."
"Spanky's Quest","","Region Not Set","","Natsume","Natsume","1992-07-08","2","No","Action","","Wicked witch turns fruits into monsters, Mopoland Population famished!

Welcome to Mopoland, where the evil witch Morticia has cast an evil spell and turned all the fruits of the mighty kingdom into
fiendish monsters. Spanky, our primate hero is on a quest. Armed with his magic ball, Spanky must hunt down Morticia through
six grueling levels to liberate Mopoland, and save it’s citizens from a certain famine.

-Fun, playful characters.
-Password continue feature.
-Unique traps and bonus rooms.
-Fantasy/Adventure for the entire family."
"Spanky's Quest [Limited Run]","","NTSC","United States of America","Limited Run Games | 																Natsume","Natsume","2021-11-09","1","No","Action | Adventure","E - Everyone","Wicked witch turns fruits into monsters, Mopoland Population famished!

Welcome to Mopoland, where the evil witch Morticia has cast an evil spell and turned all the fruits of the mighty kingdom into
fiendish monsters. Spanky, our primate hero is on a quest. Armed with his magic ball, Spanky must hunt down Morticia through
six grueling levels to liberate Mopoland, and save it’s citizens from a certain famine.

-Fun, playful characters.
-Password continue feature.
-Unique traps and bonus rooms.
-Fantasy/Adventure for the entire family."
"Sparkworld","","Other","","","","2020-08-18","1","No","Adventure","Not Rated","In the once peaceful land of Spark was home to many heroes. Unfortunately their greed struck them as no threat lurks again..
Join demon prince Lucifer and his comrades on his journey to restore balance to the world of spark!"
"Special Delivery","","NTSC","","","","2021-05-15","1","No","Adventure","Not Rated","A fast food delivery guy must make his last delivery of the day, in a former residence in the most remote area of the city."
"Speedball 2","","Region Not Set","","Mindscape, Inc.","Spidersoft","1992-10-01","1","No","Sports","Not Rated","Speedball 2: Brutal Deluxe is a Sports game, developed by Spidersoft and published by Mindscape Inc., which was released in 1992."
"Speedy Gonzales","","Region Not Set","","SUNSOFT","Citizen Software","1993-07-01","","No","Platform","","Speedy Gonzales is an Action game, developed by Citizen Software and published by SunSoft, which was released in 1993."
"Spider-Man & X-Men: Arcade's Revenge","","Region Not Set","","LJN","Unexpected Development","1993-12-01","","No","Platform","","Spider-Man and his mutant pals need your help to escape from Arcade's diabolical amusement park - battling killer clowns, hungry piranhas, lethal doom balls and deadly robot replicas of super-villains like Carnage and Juggernaut! Will Spidey's webs, Wolverine's claws, Gambit's energy cards, Storm's lightning bolts and Cyclops' optic blasts mean GAME OVER for Arcade? That depends on YOU!!"
"Spider-Man 2","The Amazing Spider-Man 2","PAL","United Kingdom of Great Britain and Northern Ireland","","","1992-01-01","1","No","Action | Adventure","E - Everyone","Whenever J. Jonah puts me on the front page, it's gotta be bad news... ""Spider-Man Wanted in Daring Daylight Robbery!"" Hmm, I don't need my spider-sense to know that something mysterious is going on here. Better get swinging if I'm going to get to the bottom of this mess... alive!"
"Spider-Man 3: Invasion of the Spider-Slayers","The Amazing Spider-Man 3: Invasion of the Spider-Slayers | Amazing Spider-Man 3, The","Region Not Set","","LJN","Bits Studios","1993-07-01","1","No","Platform","Not Rated","Spidey's in a web of trouble! Razor-winged, bolt-firing, mechanoid Spider-Slayers want to slide and dice him! Electro and Scorpion are trying to fry him with bolts of electricity! But on-screen Spider-Sense and devastating new combat moves mean it ain't over 'till Spidey says it's over!"
"Spiky Harold","","NTSC","","","","2022-09-22","1","No","Platform","Not Rated","You must help Spiky Harold to prepare for hibernation. Each of the chambers beneath the Hedgerow contains an item of food which Harold can eat. However, he must avoidthe creatures who will try to stop him. On his travels, Harold may find some coins which will give him extra lives, and wine glasses that will make him drunk (the creatures will be faster). When you have helped Harold to collect ALL the objects, he must be guided to his home cavern where he can hibernate."
"Spiritual Warfare","","Region Not Set","","Wisdom Tree, Inc.","Wisdom Tree, Inc","1992-01-01","1","No","Platform","E - Everyone","You're a soldier in the army of the Lord. Explore the inner regions of a modern city as you endeavor to collect the Full Armor of God. Along the way, you'll encounter villainous characters and other obstacles designed to test your faith. Correctly answering Bible questions will help restore your health and strengthen your spirit."
"Spirou","","Region Not Set","","Infogrames Entertainment","Infogrames","1996-01-01","1","No","Action | Platform","","Spirou, a journalist, and his friend Fantasio visit New York for an international conference of scientific research. When the pair arrives at the conference, Count Champignac, their long-time friend and one of the inventors at the conference, has disappeared. It turns out that Cyanide, a robot and one of Spirou's long time enemies, has kidnapped the count. With Count Champignac's inventions, Cyanide's intention is to make robots rule the earth and make all humans into slaves. While Spirou tries to save Champignac and stop Cyanida, Fantasio gathers intel in order to help Spirou."
"Splitz","Splitz: Nigaoe 15 Game","Region Not Set","","Imagineer Co., Ltd.","Enigma Variations Ltd.","1993-01-01","1","No","Puzzle","","Splitz: Nigaoe 15 Game is a Puzzle game, developed by Enigma Variations and published by Imagineer, which was released in Japan in 1993."
"Sports Collection","スポーツコレクシェン","NTSC-J","Japan","Tonkin House","Tose Co., Ltd.","1996-09-27","2","Yes","Racing | Sports","Not Rated","Sports Collection is a Miscellaneous game, developed by TOSE and published by Tonkin House, which was released in Japan in 1996.

This title is a compilation of five sports games released between 1989 and 1991.

1989 - Seaside Volley (known in North America as Malibu Beach Volleyball)
1990 - Boxing (known in North America as Heavyweight Championship Boxing)
1990 - Roadster
1991 - Soccer (known in Europe as Football International)
1991 - Dodge Boy"
"Sports Illustrated for Kids: The Ultimate Triple Dare","","Region Not Set","","Malibu Interactive","Halestorm","1994-04-01","","No","Sports","","Sports Illustrated for Kids: The Ultimate Triple Dare is a Sports game, developed by Halestorm and published by Malibu, which was released in 1994."
"Sports Illustrated: Championship Football & Baseball","","Region Not Set","","Malibu Interactive","Halestorm","1993-10-01","","No","Sports","","Sports Illustrated: Championship Football & Baseball is a Sports game, developed by Halestorm and published by Malibu, which was released in 1993."
"Sports Illustrated: Golf Classic","","Region Not Set","","Malibu Interactive","Unexpected Development","1994-10-01","1","No","Sports","E - Everyone","Sports Illustrated: Golf Classic is a Sports game, developed by Unexpected Development and published by Malibu, which was released in Europe in 1993."
"Spot: The Cool Adventure","","Region Not Set","","Virgin Interactive Entertainment, Inc.","Visual Concepts","1993-01-31","1","No","Platform","","The game structure is based on M.C. Kids; although the map screen closely resembles Super Mario Bros. 3. Getting hit causes players to lose health. In addition to avoiding enemies, Spot can either jump or collect blocks that are need to collect hard-to-reach spots and hearts."
"Spot: The Video Game","","Region Not Set","","Virgin Mastertronic Ltd.","Virgin Mastertronic","1990-12-31","1","No","Puzzle | Strategy","","While the gameplay is similar to ""Reversi"", Spot: The Video Game offered an animated approach to moving the pieces. Depending on the proximity and direction of the move, the Spot character would appear as the moving piece and do a dance, roller skate, cart wheel, dive, fall backwards, etc. to the destination location. The player wishing to move would first select the piece they desired to move, followed by selecting the destination location."
"Spud's Adventure","","Region Not Set","","Atlus U.S.A., Inc.","Atlus U.S.A., Inc.","1991-12-31","1","No","Action | Role-Playing","E - Everyone","Spud's Adventure is an Action game, developed and published by Atlus, which was released in 1991."
"Square Deal","","Region Not Set","","DTMC, Inc.","Hect","1992-04-01","","No","Strategy","","Square Deal is a Miscellaneous game, developed and published by Hect, which was released in 1992."
"Squid Game Boy","","Other","","","","2025-06-30","1","No","Puzzle","Not Rated","A fully playable Game Boy adaptation of Squid Game Season 1, made with ❤️ in GB Studio by 64 Bits (You may know us from YouTube!).

Experience the deadly children's games on your actual Game Boy (or favorite emulator). Includes 3 endings, a secret hard mode, and a lovingly crafted manual you can print and fold yourself - just like the old days."
"Star Beasts : Comet Version","","Other","","","","2025-12-20","1","No","Role-Playing","Not Rated","Worked on over the course of more than half a decade, Star Beasts is a Gen 1 total conversion and homage to the first generation of Pokémon games.

Started as a passion project to make a playable version of Vast Fame’s Shi Kong Xing Shou for English speaking audiences, Star Beasts became its own project with entirely new fakemon designs and a new region."
"Star Beasts Asteroid Version","","NTSC","","","","2024-07-31","1","No","Role-Playing | Unofficial","E - Everyone","Worked on over the course of half a decade, Star Beasts is a Gen 1 dex overhaul and homage to the first generation of Pokémon games.

Started as a passion project to make a playable version of Vast Fame's Shi Kong Xing Shou for English speaking audiences, Star Beasts became its own project with entirely new fakemon designs."
"Star Trek: 25th Anniversary","","Region Not Set","","Ultra Games","Visual Concepts","1992-02-01","","No","Adventure","","Fasten your seatbelts, bring your seat backs to an upright position, and stow away those other computer games. You're about to pilot a Federation Starship on a wild roller coaster ride through the final frontier."
"Star Trek: Generations - Beyond the Nexus","","Region Not Set","","Absolute Entertainment","Imagineering Inc.","1994-11-01","1","No","Action","Not Rated","TRAVEL INTO THE FINAL FRONTIER! Re-live the ultimate STAR TREK Adventure on your Nintendo Game Boy! Based on the new STAR TREK GENERATIONS movie from Paramount pictures, BEYOND THE NEXUS puts you in the middle of the most crucial mission of the U.S.S Enterprise! On this voyage, a bizarre phenomenon brings together two of the famed starship's most honored crews! You'll work side-by-side with characters from the original STAR TREK series and the popular syndicated hit STAR TREK: THE NEXT GENERATION! It's an incredible adventure in the 24th century! - Encounter Klingon and Romulan starships in simulated 3-D Space! - Based on Paramount Pictures' seventh STAR TREK motion picture!"
"Star Trek: The Next Generation","","NTSC","United States of America","Absolute Entertainment","Imagineering Inc.","1993-06-01","1","No","Role-Playing | Strategy","Not Rated","Star Trek: The Next Generation is a Simulation game, developed by Imagineering Inc and published by Absolute Entertainment, which was released in 1993."
"Star Wars","","Region Not Set","","Capcom","NMS Software","1992-06-30","1","No","Platform","","A long time ago, in a galaxy far, far away... a small, courageous group of rebels are fighting to restore freedom in the galaxy. Be Luke Skywalker, striking your first deadly blow against the evil Empire. Or Han Solo, veteran space pilot, sometime smuggler, and unlikely hero. Or brave Princess Leia, who risked her life to steal the secret plans for the Death Star. Enlist the aid of Obi-Wan Kenobi, and the droids C-3PO and R2-D2. Explore all the incredible worlds of Star Wars - from the Tatooine desert, to Mos Eisley Cantina, to the treacherous trenches at the very heart of the Death Star. Only you can destroy the Death Star and save the Rebel Alliance... May the Force be with you!"
"Star Wars [Classic Edition]","","Region Not Set","","Limited Run Games","NMS Software","2019-06-28","1","No","Action | Platform","Not Rated","Star Wars on physical cartridge for Game Boy handhelds and compatible clone hardware*. This is a fully functional retro game that will work on your classic hardware! Limited to 3,000 copies available worldwide. Region Free!

This is the first release of our retro Lucasfilm ""mint on sealed card"" line-up. Each game has been blister packed to an authentic 9"" x 6"" card. Each card will be equipped with a method for accessing the game without damaging the packaging - allowing you to play and display!

Internal boards for the cartridge are being supplied by Retro-Bit."
"Star Wars [Player's Choice]","","NTSC-U","","Capcom","NMS Software","1992-11-01","1","No","Action | Platform","E - Everyone","A long time ago, in a galaxy far, far away... a small, courageous group of rebels are fighting to restore freedom in the galaxy. Be Luke Skywalker, striking your first deadly blow against the evil Empire. Or Han Solo, veteran space pilot, sometime smuggler, and unlikely hero. Or brave Princess Leia, who risked her life to steal the secret plans for the Death Star. Enlist the aid of Obi-Wan Kenobi, and the droids C-3PO and R2-D2. Explore all the incredible worlds of Star Wars - from the Tatooine desert, to Mos Eisley Cantina, to the treacherous trenches at the very heart of the Death Star. Only you can destroy the Death Star and save the Rebel Alliance... May the Force be with you!"
"Star Wars Premium Edition","","NTSC","United States of America","Limited Run Games","Beam Software","2020-01-01","1","No","Action","Not Rated","No overview is currently available for this title, please feel free to add one."
"Star Wars The Empire Strikes Back [Classic Edition]","","Region Not Set","","Limited Run Games","NMS Software","2019-07-26","1","No","Action | Platform","Not Rated","The Empire Strikes Back on physical cartridge for Game Boy handhelds and compatible clone hardware*. This is a fully functional retro game that will work on your classic hardware! Limited to 3,000 copies available worldwide. Region Free!

This is the fourth release in our retro Lucasfilm ""mint on sealed card"" line-up. Each game has been blister packed to an authentic 9"" x 6"" card. Each card will be equipped with a method for accessing the game without damaging the packaging - allowing you to play and display!

Internal boards for the cartridge are being supplied by Retro-Bit."
"Star Wars: The Empire Strikes Back","","Region Not Set","","Ubisoft Entertainment","NMS Software","1991-12-30","","No","Action","","Star Wars: The Empire Strikes Back is an Action game, developed by NMS Software and published by Ubisoft, which was released in 1992."
"Star Wars: The Empire Strikes Back Premium Edition","","NTSC","United States of America","Limited Run Games","Beam Software","2020-01-01","1","No","Action","Not Rated","No overview is currently available for this title, please feel free to add one."
"StarFox Grounded","","Other","","","","2020-12-31","1","No","Adventure | Unofficial","Not Rated","A Fan Game for the StarFox franchise where you get to experience an original adventure as the ace pilot Falco Lombardi!  After a simple retrieval mission goes wrong for the StarFox crew, They find themselves grounded and scattered across a mysterious planet. Play as Falco trying to fix his ship and look for his crew mates as he fights against the mysterious assimilating robot species that are slowly taking over the planet."
"Stargate","","Region Not Set","","Acclaim Entertainment, Inc.","Probe Entertainment","1994-12-01","2","Yes","Puzzle","","Travel through the StarGate to a new intergalactic dimension of non-stop action, danger and adventure! Face a hostile and unknown world in a wide variety of incredible missions. StarGate will take you a million light years from home... but can you find your way back?"
"StarHawk","","Region Not Set","","Accolade, Inc.","NMS Software","1993-06-01","","No","Action | Shooter","","StarHawk is an Action game, developed by NMS Software and published by Accolade, which was released in 1993."
"Stop That Roach!","","Region Not Set","","Koei Co., Ltd.","Koei","1994-07-01","","No","Action","","Stop That Roach! is an Action game, developed and published by Koei, which was released in 1994."
"Story of Lasama","La Sa Ma Chuan Qi | 拉薩瑪傳奇 | Lasama Chuanqi: Story of Lasama","PAL","","","","1993-01-01","1","No","Platform","Not Rated","Story of Lasama is an obscure Super Mario Land knockoff. It is noticeably shorter than Super Mario Land, containing only three worlds. It was published by Gowin, a Taiwanese company who released about 17 games total across both mono and color Game Boys."
"Street Fighter II","Street Fighter II: The World Warrior","NTSC","United States of America","Capcom | 																Nintendo","Sun L","1995-08-11","2","No","Fighting","T - Teen","Take the wildest fighting action everywhere you go! Travel the globe seeking the wildest martial arts action with the courageous and elite World Warriors. Get ready to rumble as you choose your champion and prepare to brawl your way through the World Warrior ranks for a chance to put the hurt on M. Bison! With fierce display of bone-crushing moves these global contestants draw; to the very end. Can anyone survive this incredible test of martial arts annihilation? World warrior martial arts action comes to Game Boy!"
"Street Fighter II [Player's Choice]","Street Fighter II: The World Warrior [Player's Choice]","NTSC","United States of America","Capcom | 																Nintendo","Sun L","1995-08-11","2","No","Fighting","T - Teen","Take the wildest fighting action everywhere you go! Travel the globe seeking the wildest martial arts action with the courageous and elite World Warriors. Get ready to rumble as you choose your champion and prepare to brawl your way through the World Warrior ranks for a chance to put the hurt on M. Bison! With fierce display of bone-crushing moves these global contestants draw; to the very end. Can anyone survive this incredible test of martial arts annihilation? World warrior martial arts action comes to Game Boy!"
"Street Racer","","Region Not Set","","Ubisoft Entertainment","Vivid Image","1996-12-01","","No","Racing","","It's fast, it's frantic, it's furious, it's the first racing and fighting game for four players... It's STREET RACER! Race and fight with 24 different tracks, 5 game modes with tons of options, and 8 street racers to choose from!"
"Street Rider","","NTSC","China","Commin","Commin","1993-03-01","1","No","Puzzle","Not Rated","Traverse a maze of streets as a race car in this overhead puzzler."
"Submarine 9","","NTSC","","","","2023-05-04","1","No","Action","E - Everyone","Are you ready to captain your own submarine and dodge enemy ships in Submarine 9? Inspired by the first Game & Watch machines from the early 80s, this retro-style game is simple yet challenging.

As the captain of Submarine 9, you must press the correct buttons to dodge enemy ships and avoid colliding with them. With fast-paced action and moments of tension, this game is the ultimate test of your reflexes and quick thinking. Can you beat your own high score and become the best captain in Submarine 9?"
"Sumo Fighter","","Region Not Set","","DTMC, Inc.","KID Corp.","1993-03-01","1","No","Action","","Appetite For Adventure
Shape up your Nintendo GAME BOY with foot-stomping action. Eat your way to super strength and pound everything in your path. Pick on everyone lighter than you as you make your way through 15 enemy-filled stages. Find the secret temples and take on the bonus stage challenges of thumb wrestling, arm wrestling or tradtional sumo fighting. Remember, don't forget to eat your rice!"
"Sunsoft Grand Prix","","Region Not Set","","SUNSOFT","Lenar","1992-01-01","","No","Racing","","Drive the circuit's most challenging racecourse against the toughest drivers in the world. Staying on course means negotiating hairpin curves and breathtaking straightaways as you attempt to set the all-time speed record in heavy traffic. SUNSOFT GRAND PRIX features multiple course configurations and an on screen visual map to let you glace ahead...and see what the competition is up to. But don't take your eyes off the road! This race will take everythin you've got before you can add your name to the list of SUNSOFT GRAND PRIX champions."
"Super 200 in 1 (Bootleg)","","Region Not Set","","","","1997-01-01","1","No","Unofficial","E10+ - Everyone 10+","No overview is currently available for this title, please feel free to add one."
"Super 68 in 1","","Other","China","","","1990-01-01","1","No","Action | Unofficial","Not Rated","Generic Multi-cartridge that advertises 68 games but only has a handful of games that repeat."
"Super B-Daman: Fighting Phoenix","スーパービーダマン ファイティングフェニックス","NTSC-J","Japan","Hudson Soft Company, Ltd.","Ample Software","1997-07-11","2","No","Action | Puzzle","E - Everyone","Super B-Daman: Fighting Phoenix is an arcade shooter game combined with some puzzle elements. It is based on the B-Daman franchise and features a toy character known as Fighting Phoenix (ファイティングフェニックス).

The main single-player game mode consists of ten levels and each of them is divided into ten stages. The goal of every stage is to clear the screen from the bombs by detonating them with a single well-placed shot.

There is also a versus mode against the computer or another human on various arenas."
"Super Battletank","","Region Not Set","","Absolute Entertainment","Imagineering Inc.","1994-04-01","1","No","Action | Strategy","Not Rated","Brace yourself for one of the most realistic, authentic military gameplaying experiences ever!
In Super Batteltank: War in the Gulf, you are an Allied Forces tank commander in charge of the awesome M1A1 battletank, armored warfare champion of Operation Desert Storm.
At your disposal is all of the state-of-the-art weaponry that gives the M1A1 its fearsome reputation. Smoke grenades, 7.62mm machine guns, 120mm armor-piercing shells controlled by a laser range-finder.
Add to that power a first-person out-of-tank view, blistering sound effects, and spectacular graphics, and you'll feel you're right at the core of the Persian Gulf War!"
"Super Bikkuriman: Densetsu no Sekiban","スーパービックリマン 伝説の石板","NTSC-J","Japan","Yutaka","Tom Create","1992-12-11","1","No","Action","Not Rated","Battle between humans and super demons. Humans can use a cyber-update force to create mecha-like armour.

Human forces has lost to super demons, only few humans flee. One of them - Phoenix, a little boy, wich one become a savior after finding a pieces of stone."
"Super Black Bass","","Region Not Set","","Hot-B Co., Ltd.","Starfish","1998-11-01","1","No","Sports","E - Everyone","Two lakes to fish in and only a limited set of lures is available, such as shallow runners, spinner baits, pencil baits, plastic frogs even real life worms. The casting is an overhead view with two meters. One is for the direction, but the view for the lure is a side view where the shadow of the fish can be seen as it approaches. It also shows how deep the lure is and how much line is left before it is reeled in. There are four fish in the game to fish for - trout, pike, catfish and of course the game's namesake, the black bass."
"Super Bombliss","","NTSC-J","Japan","Bullet-Proof Software, Inc.","Bullet-Proof Software, Inc.","1995-03-17","1","No","Action | Puzzle","E - Everyone","In this version of Super Bombliss, the basic 'clear the line of puzzle blocks' element is still here, but with an added twist: inside the many block shapes are bombs. By linking the bombs while clearing the play field as usual (creating a line of blocks), more of the field is cleared as the bombs explode.

The usual gameplay modes are included, i.e. challenge, clear as many lines as possible, time trial, clear as many lines as possible before time runs out and 2 player battle."
"Super Breakout","","Region Not Set","","Majesco Entertainment","Atari","1998-01-01","1","No","Action","E - Everyone","Super Breakout features similar gameplay to the original, but with several new game variations. Your goal is to earn as many points as possible by destroying the bricks at the top of the playfield. To do this, you need to use the paddle at the bottom of the screen to keep a bouncing ball within the playfield. There are four different game variations included. The first is 'Breakout', and plays the same as the original game.

This leaves three new gameplay concepts. In 'Progressive' the brick walls will slowly drop towards the bottom of the screen and the ball moves progressively faster and faster. When there's room, a new layer of bricks will appear at the top.

The other two games add a second paddle. In 'Double Breakout' you have two balls to keep in play and score with. In 'Cavity' there is a single ball in play when you start, but two additional balls trapped within the bricks. These are freed when their surrounding bricks are destroyed."
"Super Chase H.Q.","","Region Not Set","","Taito Corporation","Taito Corporation","1994-01-01","1","No","Racing","Not Rated","Chase H.Q. is a 1988 arcade racing game, released by Taito. It is sometimes seen as a spiritual successor to Taito's earlier Full Throttle. The player assumes the role of a police officer named Tony Gibson, member of the ""Chase Special Investigation Department."" Along with his partner, Raymond Broady, he must stop fleeing criminals in high-speed pursuits.

The game was well received in the gaming industry, resulting in three arcade-based sequels being released: Special Criminal Investigation (1989), Super Chase: Criminal Termination (1992) and Chase H.Q. 2 (2007). Two spin-offs were also released: Crime City (1989) and Quiz H.Q. (1990).

The game was ported to many home computers by Ocean Software in 1989, including versions for the ZX Spectrum, Amstrad CPC, Commodore 64, Amiga and Atari ST. Taito released versions of the game for the Nintendo Entertainment System (1989), Game Boy (1990), Sega Master System (1990), PC Engine/TurboGrafx-16 (1990) and Sega Game Gear (1991). It was released for PlayStation 2 in Japan in 2007 as part of Taito Memories II Volume 2."
"Super Doggo wow wan","","Other","Japan","","","2023-12-29","1","No","Platform","Not Rated","Strong and adorable, it's Dog's Stroll!
While the dog is invincible, the walk stops when motivation  runs out."
"Super Donkey Kong 3","Donkey Kong 3","PAL","","","","1997-01-01","1","No","Platform","Not Rated","Super Donkey Kong 3 is a bootleg Game Boy game based on Donkey Kong Country 3. It was created by Makon Soft. Titled ""Super Donkey Kong 3"" (the same name as the Japanese version of DKC3), it was released on a single cart even more simply titled ""Donkey Kong 3"".

The game opens up with a title screen reminiscent of Donkey Kong Country 3's Japanese title screen. The gameplay itself is very similar to other Makon games, using a near-identical engine to those games. The music is based on the Donkey Kong Country 3 soundtrack."
"Super Donkey Kong GB","スーパードンキーコングGB","NTSC-J","Japan","Nintendo","Rare, Ltd.","1995-01-01","1","No","Action | Adventure","Not Rated","Japanese version of Donkey Kong Land."
"Super Hard Bouncer","","NTSC","","","","2024-01-31","1","No","Platform","Not Rated","Can you become the bouncing champion?"
"Super Hunchback","","Region Not Set","","Ocean Software Ltd.","Enigma Variations Ltd | 																Ocean | 																Ocean Software Ltd.","1992-04-01","1","No","Action","Not Rated","A welcome and impressive return for the world's most love hunchback!

Ever have a hunch you could be a hero? Well here's your chance! The exquisite Esmeralda has been taken captive by the hideous and heinous Halfenpounder. And nobody - but nobody - is willing to risk the perils of his trap infested castle to rescue her from the highest bell tower.

Nobody that is, except you - Super Hunchback! You may be mad, or you may be miraculous; bit only you can negotiate the frightful forest of runaway logs, the spike filled castle moat, and the dark dungeons and demonic denizens of the castle itself. Just jump up and ring the big bells to advance... if you dare.

But beware - Halfenpounder has the biggest bells of all, and he won't hesitate to drop one on you!"
"Super Imposter Bros.","Super Imposter Bros | Super Impostor Bros. (World) (GB Compatible) (Aftermarket) (Unl)","NTSC","","","","2021-03-23","1","No","Platform","Not Rated","SUPER IMPOSTOR BROS. is an Among Us fangame made for the GameBoy Color. Part platformer, part visual novel, play it in your web browser, or download the rom and play it on an emulator or an actual GameBoy Color!"
"Super Impostor Bros.","","Other","","itch corp","","2021-03-23","1","No","Platform | Unofficial","Not Rated","Super Impostor Bros. is an Among Us fangame made for the Game Boy Color.

Each stage has 5 hidden ID cards. Collect all 5 in a stage to unlock a special item. The special item gives you a different choice in the cutscenes at the end of the level. There is also a hidden room in each of the 3 stages. Can you find them all?"
"Super James Pond","","Region Not Set","","Ocean Software Ltd.","Millennium Interactive Ltd","1992-01-01","1","No","Action | Platform","","he game takes place immediately after its predecessor, James Pond. Although Acme Oil Co. has been destroyed by James Pond, Pond's arch enemy Dr. Maybe survived and has retreated to the North Pole where he has taken over Santa's workshop. Dr. Maybe is holding Santa's workers hostage (in most versions of the game they are penguins, in some they are elves), and has turned many of Santa's helpers into his own twisted and dangerous assistants. James Pond is recruited to infiltrate Santa's grotto, free the captive penguins, retrieve the stolen toys for the children of the world, and defeat Dr. Maybe once and for all. This time, however, due to the greater risks involved in this mission, Pond is given a robotic suit and the code name ""RoboCod"" (a pun on RoboCop). This suit gives Pond superhuman strength and agility as well as enabling him to stretch his midsection almost indefinitely and reach otherwise impossibly high areas."
"Super Kick Off","","Region Not Set","","Imagineer Co., Ltd.","Enigma Variations Ltd.","1991-01-01","1","No","Sports","","Super Kick Off is a Sports game, developed by Enigma Variations and published by Imagineer, which was released in 1991."
"Super Luigi Land 2: 6 Golden Coins","","NTSC","","","","2021-09-24","1","No","Action | Platform","Not Rated","There is no point in this existing, but here it is. New Sprite Set for Luigi and Waluigi. The mechanical statue is Luigi, and it’s the “Luigi Zone” now. Wario is changed to Waluigi. The island with coins in the “Turtle Zone” spelling out “MARIO LAND 2″ is now “LUIGI LAND 2″. This rom hack of Super Mario Land 2: 6 Golden Coins is complete now. You now have an option between toruzz’s sprite set and a Super Mario World-like sprite set. Any one can download this and patch SML2 with any IPS patcher. Instructions are included, so refer to the readme file on this page if you aren’t sure of how to play this game.

What It Features Currently In The Completed Version

    -The credits now say LUIGI (x3)

    -Upgraded Waluigi Watch Tower sprites

    -Better upside-down L castle emblem

    -New and Old Sprite Sets fixed

    -Fixed title screen errors

    -Fixed “M” & “W” clouds, and invisible wall in Tree Zone Boss Level

    -Luigi Statue is now more accurate to Luigi

    -Works On An Actual GAMEBOY
Fanart by BLUEamnesiac:
https://www.deviantart.com/blueamnesiac/art/Super-Mario-Land-2-6-Golden-Coins-Wallpaper-362474528"
"Super Mario 4","Super Mario Land 4","PAL","","Gamtech Software","Gamtec","1970-01-01","1","No","Platform","Not Rated","Super Mario 4 (aka Super Mario Land 4) is a hack of the Game Boy game Crayon Shin Chan 4, originally by Bandai. It is a very common title on multicarts, and can be difficult to obtain in stand-alone form. Super Mario 4 is one of the most commonly found hacks on the Game Boy. The hacker (who claims to be Nintendo) changed a large amount of content. The level design is completely different and is the main subject of the game's criticism due to the borderline unfair increase in difficulty when compared to Crayon Shin Chan 4; this issue is also caused by the lack of a password system and continues. The game has four levels, but each are incredibly lengthy. The story has been removed in an attempt to make the game look original, while most of the sprites are replaced with those from several Mario games (including Donkey Kong as the final boss) as well as the title screen which is based on the Japanese Super Mario 64 boxart. Yoshi is also in the game as a power-up, turning Mario into an invincible Yoshi with a powerful breath attack for a limited time."
"Super Mario Bros. Mini","super mario bros mini","NTSC","United States of America","Nintendo","Nintendo","2024-10-01","1","No","Adventure | Platform","E - Everyone","A remake of SMB1 made in GBStudio.
The game contains all the world and levels from the OG game.
It also contains a second quest that contains 8 additional worlds
with new levels, themes, a new powerup, new bosses and more!
There is also a randomizer mode.
level selection, second quest and randomizer mode can be accessed in the main menu by pressing B."
"Super Mario Land","","NTSC-U","United States of America","Nintendo of America, Inc.","Nintendo R&D1","1989-07-31","1","No","Platform","E - Everyone","Super Mario Land is a 1989 Game Boy video game developed by Nintendo R&D1 and released by Nintendo of America in the USA on July 31, 1989.

Journey with Mario to a land of giant crabs, Koopa Troopas, flying stone heads and hungry sharks!
Travel over land, in the air, and underwater. Mario makes his way through four treacherous worlds on his way to save the Princess!"
"Super Mario Land (Nintendo Classics)","","PAL","","Nintendo","Nintendo","1990-01-01","1","No","Platform","E - Everyone","No overview is currently available for this title, please feel free to add one."
"Super Mario Land [Player's Choice]","","PAL","","Nintendo","Nintendo","1989-07-31","1","No","Platform","E - Everyone","No overview is currently available for this title, please feel free to add one."
"Super Mario Land 2 [Player's Choice]","Super Mario Land 2: 6 Golden Coins [Player's Choice]","NTSC","United States of America","Nintendo","Nintendo R&D1","1992-11-02","1","No","Action | Adventure | Platform","E - Everyone","In his greatest Game Boy adventure, Mario faces off against his evil rival Wario, who has captured Mario Land and turned it into his private playground.

To toss Wario off his ill-gotten throne, Mario must search all-new worlds for the six golden coins that unlock the gate to Mario's castle. A mob of monsters, old and new, seek to stop him. Along the way, through 6 zones, Mario can nab Power Mushrooms, Super Stars and Fire Flowers for extra power. And if he eats the Magic Carrot, he'll turn into a high-flying hare.

The battery pack saves your game in progress in this biggest Game Boy Mario adventure yet."
"Super Mario Land 2: 6 Golden Coins","スーパーマリオランド2 6つの金貨","NTSC-J","Japan","Nintendo","Nintendo R&D1","1992-10-21","1","No","Platform","Not Rated","No overview is currently available for this title, please feel free to add one."
"Super Mario Land 2012","Never Gonna Give You Up: The Game","Other","","","","2012-09-12","1","No","Platform | Unofficial","Not Rated","No overview is currently available for this title, please feel free to add one."
"Super Mario Land 4","","Other","","Nintendo","Nintendo","1970-01-01","1","No","Action | Unofficial","Not Rated","Explore an entirely new world and defeat new enemies and bosses in this unique game for the Game Boy handheld gaming system - Super Mario Land 4!"
"Super Mario Land Hack 2017 - Tatanga's Revenge","Super Mario Land Hack 2017 - Tatanga's Revenge (HeavyMetal Rocker 1988) | SML - Super Mario Land Hack 2017 - Tatanga's Revenge (HeavyMetalRocker1988)","Other","","","","2017-03-03","1","No","Action | Adventure | Platform","Not Rated","No overview is currently available for this title, please feel free to add one."
"Super Mario Land X","","Other","","","","2018-03-31","1","No","Platform | Unofficial","Not Rated","Super Mario Land X is a full level hack of Super Mario Land for the Gameboy. It replaces all 12 levels with new layouts, bonus rooms, power-up locations and enemy locations.

The aim was to create a version of SML which still feels new and interesting to those who are very familiar with the original game.

The hack contains a ‘normal’ mode and a ‘hard’ mode. The ‘normal’ mode is kept to a difficulty level which is reasonably similar to the original. The ‘hard’ mode is much more difficult than the original."
"Super Mario Land: Pier Edition","Super Mario Land - Pier Edition","Other","","","","2021-04-22","1","No","Action | Platform","Not Rated","“Super Mario Land, Pier Edition” is a hack that change the 12 levels of Super Mario Land. Discover Sarasaland with a totally new placement of the original game elements (even to give a very different result than the base level). When the game is finished for the first time, you can test your skills with the hard mode. Additional enemy will appear (and mostly at the right spot to put you in a difficult position).

Furthermore, some sprites has been changed:

The name of the game on the title screen of course.
Mario is hatless (or helmetless on his plane) when he is small (like 3D Land / 3D World).
On the contrary, Daisy have a crown now.
Mushrooms, Super Ball Flowers and Stars have eyes.
Super Balls look like more their appearance in Super Mario Maker 2.
Mario plane bullets are slightly different.
Some enemies has been changed to look more like their artwork (Chibibo, Gira, Pionpi, the boss Hiyoihoi, etc…)."
"Super Mario Land: Timelines","","Other","","Romhacking","Hack","2022-06-16","1","No","Platform | Unofficial","Not Rated","This is a rom hack with completely new levels made with the games existing tiles.

The music is unchanged, many enemies behave differently from the normal game and there is a hard mode after the credits with additional enemies.

Made with Land Forger.

Hope you enjoy!"
"Super Mario World 7","","PAL","","","","1998-01-01","1","No","Platform","Not Rated","Super Mario World 7 is a hack of the North American/European version of Adventure Island II: Aliens in Paradise. It was released for the Game Boy in 1998 by an unknown company."
"Super Momotarou Dentetsu","スーパー桃太郎電鉄","NTSC-J","Japan","Hudson Entertainment, Inc.","Hudson Entertainment, Inc.","1989-09-15","4","No","Strategy | Life Simulation | Vehicle Simulation | Board","Not Rated","Super Momotarou Dentetsu is a train and conveyance-based board game with financial elements that features Hudson's Momotarou character, based on the Japanese folklore hero of the same name. It is the second game in the Momotarou Dentetsu series and the first to be released on a 16-bit console - the PC Engine - hence the ""Super"" in the title. Several years after its PC Engine release, Super Momotarou Detetsu was also released on the Nintendo Famicom and Game Boy. It received a sequel in Super Momotarou Dentetsu II and a large number of successors.

The goal of the game is to travel the map and acquire territory through business deals, similar to Monopoly or Itadaki Street. Players have to contend with each other for limited resources, as well as CPU threats like the God of Poverty."
"Super Momotarou Dentetsu II","","NTSC-J","Japan","Hudson Soft Company, Ltd.","Hudson Soft","1994-02-19","1","No","Board","E10+ - Everyone 10+","The games focus on each player's burgeoning real estate corporation, allowing the players to take turns and move their trains around the board to buy properties and trade resources. It plays similarly to the Parker Brothers board game Monopoly or the Itadaki Street games."
"Super Off Road","","Region Not Set","","Tradewest, Inc.","NMS Software","1992-11-01","1","No","Racing","Not Rated","Super Off-Road is the ultimate off-road racing event. Four tough trucks speed around rough and ready tracks packed with pitfalls, power-boosters and prizes. No one knows the meaning of sportsmanship here. Have you got the skill and determination to come out on top?"
"Super Princess","Super Princess' 2092 EXODUS","Other","","HomeBrew Software","","2016-08-01","1","No","Action | Platform","Not Rated","The evil Lord Zurrapa has stolen the kingdom's crown and now our Super Princess has to take it back! Unveil the secrets of the maze, kill all enemies and bring the glory back to the country!!

Initially developed for #gbjam5"
"Super R.C. Pro-AM","","NTSC-U","United States of America","Nintendo of America, Inc.","Rare, Ltd.","1991-10-01","2","Yes","Action | Racing","E - Everyone","Super R.C. Pro-Am is a 1991 Game Boy video game developed by Rare and released by Nintendo of America in the USA on October 1, 1991.

Grab your Game Boy and pull up to the starting line. It's your car against up to 3 other speedsters in this thrilling racing competition. Face hazardous hairpin turns, skidding oil slicks, and other dangerous obstacles. Race your way through dozens of treacherous track levels that will put your driving ability to the ultimate test. Along the track pick up faster motors, roll cages, better tires and stronger batteries that will help you with your race to finish first. When the going gets tough, use bombs or missiles against your competition to give you an advantage. Collect the letters that spell N-I-N-T-E-N-D-O and you'll be awarded an even more powerful car!"
"Super Robot Taisen","スーパーロボット大戦 | Super Robot Wars","NTSC-J","Japan","Banpresto Co., Ltd.","WinkySoft","1991-04-20","2","No","Strategy","Not Rated","The first game of the series, which only features sentient robots from the Universal Century Gundam series, Mazinger series and Getter Robo series. It is one of the only independent games in the series to feature a multiplayer mode; it is not done again until the release of Super Robot Wars XO. Unlike future games, the goal is to capture the enemy army's ""tower,"" and Spirit Commands can only be used by the unit that is designated the team's ""hero."" The final boss of the game was the main villain from Great Mazinger vs. Getter Robo, Gilgilgan."
"Super Scrabble","","Region Not Set","","Milton Bradley Co.","Imagineering Inc.","1991-03-01","1","No","Puzzle","Not Rated","With all that Super Scrabble has to offer, even the most traditional Scrabble player will smile with delight. Watch the computer scan its 40,000+ word dictionary! ZOOM to any part of the game board for a close-up view. Think your opponent's trying to pull a fast one? CHALLENGE the word! Stuck trying to use your letters? Use the DUMP option to replace them! 5 skill levels and 4 different playing options make every game a mind-bending challenge!"
"Super Star Wars: Return of the Jedi","","Region Not Set","","Black Pearl Software","Realtime Associates, Inc.","1995-02-01","1","No","Action","E10+ - Everyone 10+","All the Adventure and Excitement of the 16-bit Game -- are you ready to challenge the dark side?

Choose your Rebel warrior: Luke Skywalker, Leia Organa, Han Solo, Chewbacca or Wicket the Ewok. Relive the action of the movie as you rescue Han from Jabba the Hutt, destroy the power generator on the forest moon of Endor, challenge Darth Vader and the evil Emperor and lead the Rebel assault fleet in the final battle to destroy the new Death Star!

The Force will be with you as you struggle to defeat the Empire once and for all!"
"Super Street Basketball","","NTSC-J","Japan","Vap Inc.","C-Lab","1992-03-19","1","No","Sports","Not Rated","Super Street Basketball is a Sports game, developed by C-Lab and published by Vap, which was released in Japan in 1992."
"Super Street Basketball 2","","NTSC-J","Japan","Vap Inc.","Arcadia","1994-09-16","1","No","Sports","Not Rated","Super Street Basketball 2 is a Sports game, developed by Arcadia (Japan) and published by Vap, which was released in Japan in 1994."
"Super Super Mario Land","","Other","","","","2011-03-08","1","No","Action | Platform","Not Rated","The first hack that changes all the levels in Super Mario Land! Normal mode and hard mode are both edited. Normal mode can be enjoyed by all, but for those seeking a real challenge, once you beat the normal mode, you can pull out your hair with hard mode!"
"Superman","","Region Not Set","","Titus Interactive, S.A..","Titus Software","1997-12-01","1","No","Platform","Not Rated","The sinister Lex Luthor is at it again! With his powerful weapon, the LEXOSKEL-5000, he'll stop at nothing to destroy the Man of Steel and take control of Metropolis. But now, you as Superman must come to the rescue in a battle against evil spanning land, air and sea. Take on the mysterious Shadow Walkers, battle the menacing extra terrestrial, The Preserver, escape heavy artillery fire and defeat the LEXOSKEL-5000 before Lex Luthor's plan condemns Metropolis forever!
* Features 10 exciting levels of action on land, air and sea.
* Take on dozens of powerful adversaries led by Superman's nemesis Lex Luthor."
"Sushi Gun","","Other","","itch corp","","2021-01-15","1","No","Action | Shooter | Unofficial","Not Rated","You're a bunny armed with the Sushi Gun! Shoot sushi at the hungry cats!"
"Swamp Thing","","Region Not Set","","","Imagineering Inc.","1992-12-01","1","No","Platform","Not Rated","Swamp Thing is based on the DC Comics of the same name. Deep in the swamps of Louisiana, a Dr. Holland, is hard at work on a growth formula for plants. His sponsor however has different ideas for the technology and burns down the lab. The poor doctor is burned and covered with formula and inside of the organically rich Bayou swamps... he becomes Swamp Thing.

The game is a side-scrolling platform game. Swamp thing can punch (but not duck and punch) and jump a short distance. Health powerups will be needed to keep him alive and additionally ball powerups can be found to give him a projectile weapon."
"Sword of Hope II","","Other","","Kemco","Kemco","1996-09-01","1","No","Role-Playing","E - Everyone","When a pack of vile demons breaks open an ancient casket to release the Dark King, an epic quest ensues. Its up to you to find the magic crystals, return stolen shards of the Earth to their rightful places, and more. The follow up to the acclaimed SWORD OF HOPE, this installment continues to follow the stories of Prince Theo and Layla (the brave warrior who hunts by submarine). Battle the elements as you try to find a passage to the Tower of Mystery. Beware the Dragon of Darkness and muster all of your courage in order to return the stolen Sword of Hope to its place. Role-playing adventure has never been this exciting, as a rich story and amazing characters mark a truly masterful game."
"Swordbird Song: The Iron Owl Tower","Swordbird Song - The Iron Owl Tower (World) (v3.1) (Aftermarket) (Unl) | Swordbird Song - Iron Owl Tower 3.1","Other","","","","2022-10-07","1","No","Action | Adventure","Not Rated","Follow the Bird Hero entering the lair of the Iron Owls in this short Action RPG game for Gameboy.  Bird Hero gets their journey interrupted when hit by a lightning bolt and falls on a remote island.  They learn the island is ruled by the Owl King, an evil ruler who enslaves the islanders, making them work in his tower.  Find your way into the Iron Owl Tower, defeat the Owl King and free the island from his evil!"
"T2 - The Arcade Game","","Region Not Set","","Acclaim Entertainment, Inc.","Beam Software","1993-12-31","1","No","Action","Not Rated","T2: The Arcade Game is an Action game, developed by Beam Software and published by Acclaim, which was released in 1992."
"Taikyoku Renju","対局連珠","NTSC-J","Japan","Towa Chiki","Towa Chiki","1990-02-23","2","No","Strategy","Not Rated","Taikyoku Renju is a Miscellaneous game, published by Towa Chiki, which was released in Japan in 1990."
"Tail 'Gator [Limited Run]","","NTSC","United States of America","Limited Run Games","Natsume","2022-02-14","1","No","Action | Platform","Not Rated","The peaceful kingdom of Moberry is under attack! A powerful dragon has teleported his castle and armies into an animal realm that never knew warfare. The creatures went to their greatest hero to save them - Charly the highland alligator.  

Charly bursts into action as he whips the evil invaders with his mighty tail. Help Charly strike a blow for freedom in this tail spinning adventure!"
"Tail 'Gator","Shippo de Bun しっぽでブン | しっぽでブン","NTSC","","Natsume","Natsume","1991-06-01","1","No","Action | Adventure | Platform","Not Rated","Once again a peaceful kingdom, this time named Moberry, was assaulted by an evil entity. The player, taking control over the alligator Charly, has the task to defeat the dragon warlord Basso Gila. To do so, five areas (with three or four levels each) have to be conquered. Those levels can be tackled in any order and - for the first three areas - are either land, air, cave or underwater levels. Of course there are also a number of enemies which try to harm Charly: every contact with them or environmental obstacles makes a heart from the health bar disappear. Charly can defeat himself by hitting enemies with his tail (the range depending on the power meter). The goal of each level is not only to reach the exit and defeat the occasional boss, but also to open all treasure chests on the way. Those contain random power ups, e.g. health refreshments, bonus points, power or a bomb which kills everything on screen. The last chest in a level contains the key which is needed to open the exit."
"Taiyou no Yuusha Fighbird GB","太陽の勇者 ファイバード ＧＢ","NTSC-J","Japan","Irem Corp.","Biox","1991-12-20","1","No","Action","Not Rated","Taiyou no Yusha Fighbird is technically a vertically scrolling shoot'em'up game by design, though the in-game representation differs a bit from normal as you take control of a mech that can fire off energy blades. It is based off a TV show, and is one of two Fighbird games ever released, the other being another shmup game for the Famicom."
"Take It Racing 2","","Other","","","","1970-01-01","1","No","Racing","Not Rated","Take It Racing 2 is a pseudo racing game built around stats. Buy better cars to race harder races to earn more money. Each race is split into sections, you must decide how to race to shave off precious time and win the upper hand. But keep an eye on your fuel and temperature gauges or you might be left eating dust!

Take It Racing 2 here! You can enjoy it on your Game Boy, Analogue Pocket on in an emulator! With 5 team leaders holding 30 new cars to unlock, race your way up the classes and collect them all!"
"Tales of Monsterland","","NTSC","United States of America","","","2021-01-05","1","No","Adventure | Role-Playing | Platform","E - Everyone","A village besieged by monsters, a mysterious tower and a broken rope bridge.

Save the village by uncovering the origin of these creatures. Run, jump and battle your way through a strange land, gaining powerful abilities to help you in your quest.

It’s non-stop action all the way to the end and then maybe, you can find your way home."
"Tamagotchi","Game de Hakken!! Tamagotchi","NTSC-U","United States of America","Bandai Co., Ltd.","Tom Create","1997-10-01","1","No","Life Simulation","E - Everyone","Now there's a whole new way to experience all of the fun and excitement of America's favorite digital pet with Tamagotchi for your Nintendo Game Boy. With the Game Boy version, you can raise up to 3 Tamagotchi at one time. You can change your Tamagotchi's growth rate, save unfinished games so that you can return to them later and enter your Tamagotchi in tournaments! There are also more ways to care for your Tamagotchi than with the original toy!"
"Tarzan: Lord of the Jungle","","Region Not Set","","GameTek, Inc.","Eurocom Entertainment Software","1994-10-01","1","No","Platform","Not Rated","Tarzan: Lord of the Jungle is an Action game, developed by Eurocom Entertainment Software and published by GameTek, which was released in 1994."
"Tasmania Story","","Region Not Set","","FCI","FCI, Inc.","1991-04-01","1","No","Action","Not Rated","Tasmania Story is an Action game, published by Pony Canyon, which was released in 1991."
"Taz-Mania","Looney Tunes 2: Tasmanian Devil in Island Chase","Region Not Set","","SUNSOFT","David A. Palmer Productions","1994-09-01","1","No","Platform","E - Everyone","Watch TAZ's dust! That spinning superstar with the short fuse and gigantic appetite! TAZ whirls across Tasmania, hunting for the lost giant seabird egg to make the world's largest omelet! TAZ gobbles up everything! Snacks like chilli peppers really burn up his enemies. The hungrier he is, the wilder he gets. Explosive TAZ blasts through 17 levels of high-energy adventure."
"Taz-Mania 2","","Region Not Set","","THQ","Beam Software","1997-01-01","1","No","Platform","E - Everyone","Taz-Mania 2 is an Action game, developed by Beam Software and published by THQ, which was released in 1997. Join Taz in dust flurrying action to conquer the aboriginal enemies."
"Tech and Blood","","Other","","","","2021-07-18","1","No","Role-Playing","Not Rated","A very short cyberpunk detective story made for O2A2 2021 game jam."
"Tecmo Bowl","","Region Not Set","","Tecmo","Sculptured Software","1991-09-01","1","No","Sports","Not Rated","TECMO BOWL! You've trained for it in the arcade. Now, strap on your helmet and go for it! Choose your team and select plays for your own game plan. From the snap, total control of every pass, block, run, and tackle is in your hands. Tecmo Bowl! The game of guts and glory!"
"Teenage Mutant Ninja Turtles II: Back from the Sewers","","NTSC-U","United States of America","Konami","Konami","1991-12-06","1","No","Action","E - Everyone","STOP SHREDDER FROM ZAPPING THE WORLD FAMOUS SEWER STARS INTO PET STORE PEBBLE PUSHERS!

Shredder's got his criminal mind back in the gutter and has joined forces with fellow hero hater Krang to pulverize the pizza freaks once and for all. They've shanghaied newswoman of the nineties April O'Neil as a decoy, so the boys from below must rescue her, without losing their shells.

- Two megs memory pumps up the graphics and brings you major screenage with all new ways to make chop suey out of Shredder's goons when you walk, jump, fight, climb and skateboard circles around them.

- Choose your favorite turtle before slicing up in six death defying levels through downtown sewers, abandoned buildings, subways, highways, the Technodrome and more.

- Pizza pounding bonus rounds are your reward for bagging a barrage of nasty villains, like the Corrupt Cops, who'll try to bust you in the name of the outlaw Krang.

- Rescue levels give you the chance to spring your imprisoned pals.

- The difficulty level is up to you, so you decide just how uneasy it is being green. Put on your best ninja mask and start brawling for your life!"
"Teenage Mutant Ninja Turtles III: Radical Rescue","","NTSC-U","United States of America","Konami","Konami","1993-11-25","1","No","Action","Not Rated","The whole sewer crew, except Michaelangelo, is captured in a most heinous hideout. Who could be behind this travesty? Who else. Shredder has returned as Cyber Shredder - half-man, half-machine and he‘s created this twisty-turny fun house"" of Turtle torture. Use Turtle strategy and all new moves to help Michaelangelo rescue the gang from Cyber Shredder's Fortress.

-The Turtles are sporting some radical new maneuvers. Call on each unique skill to overcome specific obstacles. It helps to round up your scrambled cohorts in a certain order.

-Michaelangelo has helicopter hang time, Leonardo dusts concrete blocks, Raphael shells through tight spots and Donatello scales sheer walls.

-Fight through 5 rescue adventures. You'll need keen Turtle sense and all the pizza power you can scarf up to make It past bats, goons and hordes of robotic maniacs.

-Use the Fortress Map to navigate through places unseen and find valuable Items such as power ups, ID cards, keys an shanghaied Shell Backs.

-Who's the Boss you ask? How about Scratch, Dirtbag, Triceraton, Scale Tail and of course Cyber Shredder, as Turtle-hungry as they get.

-The Password feature lets you pick up your mission from the last Boss Beast you annihilated.

-To make it out of Shredder’s maze of mayhem, you'll need to be as sharp as a sai sword and as tough as a team of sumo wrestlers."
"Teenage Mutant Ninja Turtles: Fall of the Foot Clan","","NTSC-U","United States of America","Ultra Games","Konami","1990-01-01","1","No","Action | Adventure","E10+ - Everyone 10+","In cahoots with exiled alien zap master Krang, the evil Shredder has once again kidnapped the dashing damsel of the news desk, April O'Neil. To rescue this ravishing reporter, you must return to the sewers and dredge forth those reptiles with a penchant for pizza and all the nifty knifework of a chop suey chef. You'll control every move of Leonardo, Michaelangelo, Donatello and Raphael as they arm themselves with head-rattling Nunchakus, back-stabbing Sai Swords, and liver-lashing Katana Blades. Of course, this once in a light year adventure will really start rumbling the nanosecond you bust into 5 never-before-seen levels of Manhattan mayhem, including the Traffic Jam, Waste Dump Ravine and Technodrome Tower. Here you'll perfect the ancient art of icing, dicing and shuriken-slicing. And you'll get the chance to wipe the smirks off the faces of all-new creepshow freaks like Roadkill Rodney, Shell Shocker and that nasty villain Filet O'Filth. So get back into your shell and start snapping away, before April goes from delivering the news to singing the blues in some new cement shoes."
"Tekkaman Blade","宇宙の騎士テッカマンブレード","NTSC-J","Japan","Yutaka","Sun L","1992-12-18","1","No","Action","Not Rated","Uch? no Kishi: Tekkaman Blade (a different game than the SNES Tekkaman Blade game) is a 2D side-scrolling platform game, based on the Tekkaman anime series, where the player controls a mech and must find the exit to each level. The mech only has one melee weapon, but it can also use a special grappling hook, like in Ninja Gaiden Shadow, which is necessary to go through the levels. After the platforming part of the levels, the mech fights against a boss."
"Tekkyu Fight! The Great Battle Gaiden (JPN)","The Great Battle Gaiden | 鉄球ファイト　ザ・グレイトバトル外伝","NTSC-J","Japan","Banpresto Co., Ltd.","Sun L","1993-07-30","1","No","Action | Platform","Not Rated","Tekkyu Fight! The Great Battle Gaiden is an action platformer published by Banpresto for the Game Boy platform. The game was released exclusively in Japan.

The game features characters from Ultraman, Kamen Rider, and Gundam."
"Tennis","","Region Not Set","","Nintendo","Nintendo","1989-05-29","2","No","Sports","","The game features single-player and two-player modes for singles and doubles matches, with either competitive or cooperative gameplay. A computerized opponent's artificial intelligence can be set to different difficulty levels. Mario referees the matches."
"Terminator 2: Judgment Day","","Region Not Set","","LJN","Bits Studios","1992-10-08","1","No","Action","","Terminator 2: Judgment Day is a third-person platform/action game for Game Boy. It was developed by B.I.T.S.

The game is a side-scroller. The player moves from left to right, shooting enemies and jumping over obstacles in the platforming stages. There are also time-limited mini-games, such as re-arranging wires to form a connected path, as well as other types of stages. The stages are based on key scenes from the film.

At the beginning of the game, the player appears to be in the future, with Terminators attacking the player, and a Hunter Killer type robot dropping explosives around the player."
"Tesserae","","Region Not Set","","GameTek, Inc.","Eurocom Entertainment Software","1993-08-01","","No","Puzzle","","Tesserae is a Puzzle game, developed by Eurocom Entertainment Software and published by GameTek, which was released in 1993."
"Tetris","Tetorisu | テトリス","NTSC-J","Japan","Nintendo","Nintendo R&D1","1989-06-14","2","Yes","Puzzle","E - Everyone","Tetris is a 1989 Game Boy puzzle video game developed by Nintendo R&D1 and released by Nintendo in Japan on June 14, 1989.

Geometric shapes fall from the top of a playfield to rest on the bottom; fit the pieces together and the formed line will disappear. If the pieces are not lined up correctly they eventually stack up to the top of the playfield and the game is over. Difficulty increases by dropping the pieces faster and faster over time. Tetris is a verifiable classic game, translated to well over 200 electronic and computer platforms. It takes 2 minutes to learn, but a lifetime to master!"
"Tetris - Rosy Retrospection","Tetris : Rosy Retrospection | Tetris Rosy Retrospection","NTSC-U","United States of America","","","2022-02-11","2","No","Puzzle | Unofficial","E - Everyone","“Tetris - Rosy Retrospection” aims to combine the joyful nostalgia of playing classic GameBoy Tetris with the established comfort of modern gameplay mechanics.

Rosy Retrospection includes a lot of additions and improvements. 

    Implement Super Rotation System
    Shadow piece
    Three previews
    Use SELECT to hold
    7-Bag with new pseudo-random number generator
    “Hard drop” and saving from “Classic Harddrop” hack
    Redesigned screen layout
    New demos
    Award spin clears
    Faster “delayed auto shift”
    Lock delay
    Faster line clear
    Extend the field by four invisible lines
    New game over condition
    Adjust difficulty
    Higher start location
    Fix two bugs in the original game

In addition to hard drop and saving, it includes all the other features of the “Classic Harddrop” hack:

    No more waiting for rockets and disclaimers (START to skip)
    Independent Highscores for ‘Heart Levels’
    Character input recalls the last name entered
    Pressing B at name input deletes the current character

Developed by Ospin"
"Tetris (Player's Choice)","","NTSC","","Nintendo","Nintendo R&D1","1996-12-31","2","Yes","Puzzle","E - Everyone","Tetris is a tile-matching video game created by Russian software engineer Alexey Pajitnov in 1984. It has been published by several companies, most prominently during a dispute over the appropriation of the rights in the late 1980s."
"Tetris 2","","NTSC","United States of America","Nintendo of America, Inc.","Tose Co., Ltd.","1993-12-14","2","Yes","Puzzle","E - Everyone","Tetris 2 is a 1993 Game Boy video game developed by Tose and released by Nintendo of America in the USA on December 14, 1993.

Everyone's favorite block-blasting puzzler returns in Tetris 2 for the Game Boy. This sequel to the world-famous Tetris adds a few new wrinkles to the classic formula. First and foremost is the addition of color to the block-matching festivities. Now you'll have to pay attention to the color of the shapes as well as where you put them! Your primary goal in Tetris 2 is to clear out the play area of the different colored flashing ""bomb"" blocks. The game includes three different gameplay modes: Normal mode has you clearing out each stage with a never-ending supply of blocks; in Puzzle mode, you're challenged to clear out the stage with a specific number of blocks; and there's also a Head-to-Head mode, where you can play against a human or computer opponent in a battle to the finish."
"Tetris Attack","","NTSC-U","United States of America","Nintendo of America, Inc.","Intelligent Systems Co., Ltd.","1996-08-11","2","Yes","Puzzle","E - Everyone","Tetris Attack is a 1996 Game Boy video game developed by Intelligent Systems and released by Nintendo of America in the USA on August 11, 1996.

In Tetris Attack, the player is presented with a playfield consisting of a virtual grid of squares, each of which can be occupied by a block. Blocks are stacked on top of one another and rise steadily toward the top of the playfield, with new blocks being added at the bottom. The player must arrange blocks in horizontal or vertical lines of three or more matching shapes by swapping blocks horizontally two at a time. As matching lines are formed, the blocks are cleared from the screen and any blocks above them fall into the gaps. The game is over when the blocks touch the top of the playfield, or another game-ending condition is met (such as reaching a time limit or clearing blocks below a set line). Clearing more than three tiles in a single move scores a Combo, while Chains are scored when falling blocks from one clear cause another clear to occur. Both of these events score extra bonus points, and in multiplayer Versus games, these also send ""garbage blocks"" to the other player's playfield."
"Tetris Blast","","Region Not Set","","Nintendo","Bullet-Proof Software, Inc.","1996-01-01","2","No","Puzzle","","Have a BLAST! The favorite puzzle sensation EXPLODES back on the Game Boy scene! Test your dexterity at the highest level yet! With rapid moves align blocks containing explosive bombs and clear away the screen. KA-BLAAM!! In FIGHT MODE build a mega bomb and take out menacing enemies that threaten your progress, BOOM! You've never experienced Tetris like this before! It's DYNAM"
"Tetris Plus","","PAL","United Kingdom of Great Britain and Northern Ireland","Nintendo","Natsume","1996-01-01","1","No","Puzzle","E - Everyone","The all-time favorite puzzle game is back, with a new bonus puzzle adventure. You'll find Tetris in its classic form with its relentless rain of blocks. It's sure to provide hours of puzzle pleasure. The Puzzle mode lets you play in a whole new way. Help the Professor and his assistant Jo, as they travel to the lost cities of the world in search of treasure. Don't forget, you can always challenge a friend in the VS mode too!"
"The Addams Family","","Region Not Set","","Ocean Software Ltd.","Enigma Variations Ltd | 																Ocean | 																Ocean Software Ltd.","1992-01-08","1","No","Platform","","Tully Alford, the Addams Family attorney, has evicted the clan from their home (based towards the end of the movie) and to make matters worse, Morticia Addams, Pugsley Addams, Wednesday Addams, Granny Addams and Lurch have gone missing. It is up to Gomez Addams to find and save his family, defeat the confused Uncle Fester and face his ultimate goal of kicking Alford out of the Addams' rightful home."
"The Addams Family: Pugsley's Scavenger Hunt","Addams Family, The - Pugsley's Scavenger Hunt","Region Not Set","","Ocean Software Ltd.","Ocean, Enigma Variations Ltd","1993-07-07","1","No","Platform","E - Everyone","The plot of Pugsley's Scavenger Hunt is centered around Pugsley's attempts to win a scavenger hunt challenge proposed by his sister, Wednesday. His hunt takes him to the bedrooms of each member of the Addams family in order to find one item from each."
"The Adventures in CARNAL HELL","","Other","","","","2024-01-01","1","No","Adventure","T - Teen","You control the main character, Priest (*Adult male), and retrieve the sacred crown stolen by demons. 

Let's go through the tower, which has up to 15 floors, defeating enemies as you go.
Every step you take Every time you advance, enemies in the same room will also move and attack you.
At times, enemies that send acid or fireballs flying or traps may block your way.
You must decide how to act and win the game.

There are save crystals on the 1st, 6th, 11th and 15th floors, You can save your progress.
Also, treasure chests may contain You may also find something good in the treasure chests...?"
"The Adventures Of Lewart","","Other","","itch corp","","2021-08-21","1","No","Role-Playing","Not Rated","Lewart lives a boring life, so he decided to take a quest from a mystical hobo named Jerry. This adventure includes cameos from tons of Jaboody characters and memes that come to life in this short game designed to make you giggle."
"The Adventures of Pinocchio","","Region Not Set","","Infogrames Entertainment","Bit Managers","1998-01-01","1","No","Action","E - Everyone","Adventures of Pinocchio is a beta version of Ottifanten, an action puzzle game developed by Bit Managers and released in 1998 for the GameBoy, based on some German comics. While there is a released Pinocchio game for the Game Boy mono, “Adventures of…” is a completely different title and Bit Managers never listed this one on their homepage, only Ottifanten. A playable version of this beta was leaked online, and it’s often confused for an official released game. Trying out the game shows that you cannot lose any lives – the counter won’t work. This is no final release and there is none because it’s an unreleased game.

As we can read in a Wikipedia entry, the game relies on 115 separate levels of puzzle action, played by viewing the playing field in isometric projection. Pinocchio’s main objective is to get to the arrow (the exit) on the screen in order to move onto the next level. If the player is able to navigate Pinocchio to the objective before the timer runs out, he gets a certain number of points equal to the time left. Once this number reaches 500, the Fairy will bestow Pinocchio with an extra life.

A closer look at the dump floating around will reveal a weird internal name “Infrey Quest”, so we can speculate that before Pinocchio and Ottifanten, Bit Managers tried to develop their own original IP. When they did not find any publisher interested in Infrey Quest, they changed the game in Pinocchio and later into Ottifanten, with their more recognized characters.

Ottifanten uses the same game concept as well and the same music as Adventure of Pinocchio. It even looks like the basic stage design is the same."
"The Adventures of Rocky and Bullwinkle and Friends","Adventures of Rocky and Bullwinkle and Friends, The | Rocky and Bullwinkle GameBoy","NTSC","","THQ","Imagineering Inc.","1992-01-01","1","No","Platform","E - Everyone","The Game Boy version only has three levels, although generally with multiple sections. The first level, Frostbite Falls, has the player controlling Bullwinkle, the second, on the Moon, uses Rocky, and the final one, the Abominable Manor, uses Bullwinkle again. Before the final section, a bonus level that has Bullwinkle running to the end of a football field to catch Rocky, while avoiding and head-butting football players on the way, can grant the player an extra life upon completion. The final section has a time limit to defeat the Fearless Leader and rescue your friend, dying in this three times will send the player back to the first section of the level. Despite the absence thereof, the game label still shows the ""Friends"" (e.g. Dudley Do-Right)."
"The Adventures of Star Saver","Rubble Saver | Adventures of Star Saver, The","Region Not Set","","Taito Corporation","A-Wave","1992-03-01","1","No","Action | Platform","E - Everyone","A police officer named Tony and his sister are forced to go inside an unidentified flying object by a group of aliens who are planning to invade the galaxy. They are later exiled to a distant planet after refusing to engage in espionage for their side.

Tony finds himself stranded on a strange planet where nothing is familiar (and without his sister). However, a mech that has a vast knowledge of telepathic skills saves him and empowers Tony with the ability to take on the aliens' army. This machine becomes an important ally in the battle to save Tony's sister and stop the extraterrestrial invasion before it's too late. The game forces players to fight strange aliens across the galaxy. Players collect power-ups while in the mech but loses it after a single hit. The game includes some surreal enemies like a typical dog and some music notes."
"The Amazing Spider-Man","Amazing Spider-Man, The","Region Not Set","","LJN","Rare, Ltd.","1990-07-01","1","No","Action","E - Everyone","Spider-Man's most dangerous super villains have discovered his secret identity, Peter Parker, and kidnapped his wife, Mary Jane. The action game takes the player through various ciy locations, battling an assortment of minor thugs, animals, and a supervillain at the end of each level who, through intermission scenes, will taunt Spider-Man as to the whereabouts of his wife."
"The Battle of Olympus","","Region Not Set","","Imagineer Co., Ltd.","Radical Entertainment Inc.","1993-01-01","1","No","Action | Adventure","Not Rated","The Battle of Olympus is an Action Adventure game, developed by Radical Entertainment and published by Imagineer, which was released in Europe in 1993."
"The Binding of Isaac: Game Boy Edition","","Other","","itch corp","","2020-10-09","1","No","Action | Unofficial","Not Rated","A demake for the classic roguelike The Binding of Isaac originally developed by Edmund McMillen and Florian Himsl. This homebrew redesign of the game was built from the ground up to run on the orignal Game Boy hardware itself (meaning it will require an emulator to play on the PC).

The project was made for this year's #GBJAM8 (developed over the course of roughly a week) and is more of a prototype as to what the game would be like running on original Game Boy hardware so, many features may be missing or lacking polish. Hopefully, in the future, this project could be fleshed out more into a well-rounded and enjoyable experience."
"The Blues Brothers","Blues Brothers, The","Region Not Set","","Titus Interactive, S.A..","Titus","1994-12-31","1","No","Platform","E - Everyone","The Blues Brothers is a video game based on the band The Blues Brothers, where the object is to evade police in order to make it to a blues concert."
"The Blues Brothers: Jukebox Adventures","Blues Brothers, The - Jukebox Adventures","Region Not Set","","Titus Interactive, S.A..","Titus France SA","1994-12-31","1","No","Action","E - Everyone","Jukebox Adventure is the sequel to The Blues Brothers. Once again, the player has to choose a favourite Blues Brother and take him through different side-scrolling platform levels. He needs to collect records and use them as defence by throwing them towards enemies. There are also power-ups that can be gathered until the jukebox to progress to the next level is found"
"The Bouncing Ball","THEBOUNCINGBALL | Bouncing Ball, The","Other","","HomeBrew Software","","2015-08-17","1","No","Puzzle | Platform","Not Rated","Guide your bouncing balls around obstacles or try to avoid them at all. There are really plenty of levels, which makes this game outstanding. Coded by HuCABBAGE for GB Jam 4."
"The Bugs Bunny Crazy Castle","","Region Not Set","","Kemco","Kemco","1990-03-01","1","No","Puzzle","E - Everyone","While presented in a side-scroller format, Crazy Castle differed from standard side-scrollers such as Super Mario Bros. in that Bugs Bunny did not have a jump function; therefore, only by taking different routes could Bugs avoid enemies. Some of the levels had boxing gloves, invincibility potions, safes, crates, flower pots, or ten-pound weights that could be used against the enemies in the game. As a result, the game had a ""puzzle-solving"" atmosphere.

Players score 100 points for every carrot with the last one in each floor giving the player an extra life, 100 points for every enemy defeated using invincibility bottles, 500 points per enemy using boxing glove and 1000 points per enemy that gets hit with heavy objects."
"The Bugs Bunny Crazy Castle 2","","NTSC-U","","Nintendo","Kemco","1991-09-01","1","No","Action | Platform","Not Rated","Bugs Bunny must save his girlfriend Honey Bunny from Witch Hazel's enemy-filled castle. There are 28 levels with keys to collect. In each level is a locked door leading to the next level; to open it, the player must collect eight keys placed throughout the level. Various Looney Tunes characters are encountered, including Yosemite Sam, Daffy Duck, Wile E. Coyote, Sylvester, Foghorn Leghorn, Tasmanian Devil, Beaky Buzzard, Spike, Merlin the Magic Mouse, and Tweety."
"The Chessmaster","Chessmaster, The","Region Not Set","","Ubisoft Entertainment","Ubisoft","1990-01-01","1","No","Strategy","E - Everyone","It is the best-selling chess franchise in history."
"The Dance Of The Death","","PAL","","","","2022-05-29","1","No","Unofficial","Not Rated","From the project's itch.io page:

Hans Holbein was a famous painter from Germany, who settled in London and depicted members of the court of Henry the VIII. Before he painted Henry the VIII he was well known for what we commonly refer to now as “The Dance of Death”.

Hans Holbein’s “Dance of Death” is a 16th century print series satirising late medieval society. Using a common motif of the time, a dancing skeleton, to represent the abstract idea of death. This series was arguably the first comic satire in print and ancestor of the comic book.

In 2020 I collaborated with the FABLAB at the New University of Lisbon. The project was to produce a series of 20 miniature prints at the same size as Holbein’s. I used google’s deepdream generator to embellish my drawings with Hans Holbein’s style. These drawings were then engraved onto acrylic plaques that were used to print onto paper. The resulting miniature prints are 45mm by 65mm and can be seen here (Dance Of Death 2020 on flickr).

The motive of the project was to see what fun dancing skeletons would get up to in our society of corporations, technology and markets. I hope it entertains and provokes.

This is a pixel version I have made into a Game Boy Rom."
"The Dark Side of Little Red Riding Hood","","NTSC","","","","2025-10-08","1","No","Role-Playing","AO - Adult Only 18+","Mother has sent Little Red Riding Hood on an errand to visit her ailing grandmother.   Will she head straight to her grandmother’s house or will she venture off the beaten path to an unknown fate?  

This is a demake of an old RPGMaker game by Charon."
"The Dead in My Living Room","Dead in My Living Room, The | Dead in My Living Room, The (World) (Aftermarket) (Unl) | The Dead in My Living Room (World) (Aftermarket) (Unl)","Other","","","","2021-01-10","1","No","Horror","Not Rated","As Jack awoke one night from uneasy dreams, a corpse was lying in front of him on the floor of his living room...

What had happened?"
"The Empire of Dreams","","PAL","","","","2023-12-02","1","No","Puzzle","Not Rated","'The Empire of Dreams' is a (point-and-click) exploration game, where you get lost in a world inspired by the paintings of surrealist René Magritte.

You must choose a character to go and explore. Collect the tool items which you can use to recover 5 treasure items, so you can retrieve your favorite pipe and find your way home.
Every new game you start will have some objects distributes randomly to keep things interesting and every character has their own specific tool, already in their inventory.

Includes music by the amazing Ember!
Print you own cartridge label (pdf format)
Game Boy Printer compatible: there are over 30 scenes that can be printed, if you connect to a  Game Boy Printer (or via an emulator that supports this)"
"The Fair","","NTSC","","","","2023-07-12","1","No","Adventure","Not Rated","The Fair is a Game Boy game born from a ludodivinatory exploration of the sounds, synchronicities and high strangeness of a real word place. 

Discover the weird lore of the place by connecting to its hidden agencies through sonic mechanics, tracing the eerie resonances between the town’s hills, the power plant, and a lake long abandoned by the fish."
"The Farm","","NTSC","","","","2021-07-15","1","No","Action","Not Rated","Do you know the history of Roswell? It’s time to show you what happened in 1947. 3 missions, 1 spaceship and the true story. Find out exactly how the events happened."
"The Fidgetts","Fidgetts, The","Region Not Set","","Jaleco Ltd.","Game Over","1997-10-01","1","No","Puzzle","E - Everyone","The Fidgetts is a Puzzle game, developed by Game Over and published by Elite, which was released in Europe in 1993."
"The Final Fantasy Legend","","NTSC-U","United States of America","Squaresoft","Squaresoft","1990-09-30","1","No","Role-Playing","E - Everyone","The Final Fantasy Legend is a 1990 Game Boy video game developed by Square and released by Square Soft Inc. in the USA on September 30, 1990.

The Final Fantasy Legend takes you on a sensational voyage through four fantastic worlds: Land, Ocean, Space, and Future City. You and your band of warriors seek to overpower Zombies, Goblins and dreadful monsters hidden along the way. Secret clues lead you to the exotic weapons and treasures you'll need to stay alive. Your Quest? To save Paradise from the evil Ashura Devils-they're wicked and treacherous!

It takes all the spirit and cunning you can muster to claim victory. Once you've started there's no turning back. Are you daring enough?"
"The Flash","Flash, The | Flash","Region Not Set","","THQ","Probe Entertainment","1991-12-31","1","No","Action | Platform","E - Everyone","Central City is Under Siege!
The Scarlet Speedster has his hands full!

Gangs of cutthroats, rogues and maniacs have launched an all out assault on Central City. Shooting
wildly in high speed chases with the authorities, these bandits threaten to take control. Only the super speed of The Flash can halt the mayhem and bring these criminals to justice.

Which mysterious super villain has united all of Central City '3 underworld into an unstoppable army? Race through dark alleyways, gloomy dock-yards and a chemical warehouse to find out! Will The Flash discover which arch nemesis is up to his old tricks before it's too late?

-Super speed gives The Flash rapid fire attacks.

-Dodge bombs, bullets and poisonous gas with incredible speed.

-All the action and intensity of the TV Series!"
"The Flintstones","Flintstones | Flintstones, The","Region Not Set","","Ocean Software Ltd.","Twilight Games","1994-12-01","1","No","Platform","E - Everyone","The Flintstones is a 1994 video game adaptation of the live-action film The Flintstones. The Game Boy version developed by Twilight.

The Flintstones is a 2D platforming game where the player controls Fred Flintstone who must rescue Pebbles, Bam-Bam, Barney and Wilma from the evil Cliff Vandercave. All three versions of the game feature different levels and enemies."
"The Flintstones: King Rock Treasure Island","Flintstones, The - King Rock Treasure Island | Flintstones, The: King Rock Treasure Island | Flintstones - King Rock Treasure Island, The | Flintstones: King Rock Treasure Island, The","Region Not Set","","Taito Corporation","Taito Corporation","1993-02-01","1","No","Action","E - Everyone","The Flintstones: King Rock Treasure Island is an Action game, developed and published by Taito Corporation, which was released in 1993."
"The Frog for Whom the Bell Tolls","The Frog for Whom the Bell Tolls (En) (v1.0) (ryanbgstl) | For the Frog the Bell Tolls","Other","","","","1992-09-14","1","No","In a land far away, the two princes—Richard (of the Custard Kingdom) and the game's main protagonist (prince of the Sablé Kingdom)—have shared a friendly rivalry since they were small children. They often compete, although it usually ends in a tie or close win. In Fencing however, Prince Richard is always the victor. One day a messenger arrives from a small neighboring kingdom, warning the princes that the evil King Delarin has invaded the Mille-Feuille Kingdom and captured the beautiful princess Tiramisu. In yet another boastful attempt to best the Sablé Prince, Richard grabs a boat and rushes towards the kingdom. The Sablé Prince is left trying to catch up. While on his journey, he and Richard (and many others) are transformed into frogs in an attempt to reveal the true happenings in this kingdom.

ESRB Rating: Not Rated

 Action | Role-PlayingGenre(s): Action | Adventure | Role-Playing","In a land far away, the two princes—Richard (of the Custard Kingdom) and the game's main protagonist (prince of the Sablé Kingdom)—have shared a friendly rivalry since they were small children. They often compete, although it usually ends in a tie or close win. In Fencing however, Prince Richard is always the victor. One day a messenger arrives from a small neighboring kingdom, warning the princes that the evil King Delarin has invaded the Mille-Feuille Kingdom and captured the beautiful princess Tiramisu. In yet another boastful attempt to best the Sablé Prince, Richard grabs a boat and rushes towards the kingdom. The Sablé Prince is left trying to catch up. While on his journey, he and Richard (and many others) are transformed into frogs in an attempt to reveal the true happenings in this kingdom.

 Not Rated

Genre(s): Action | Role-PlayingESRB Rating: Not Rated","In a land far away, the two princes—Richard (of the Custard Kingdom) and the game's main protagonist (prince of the Sablé Kingdom)—have shared a friendly rivalry since they were small children. They often compete, although it usually ends in a tie or close win. In Fencing however, Prince Richard is always the victor. One day a messenger arrives from a small neighboring kingdom, warning the princes that the evil King Delarin has invaded the Mille-Feuille Kingdom and captured the beautiful princess Tiramisu. In yet another boastful attempt to best the Sablé Prince, Richard grabs a boat and rushes towards the kingdom. The Sablé Prince is left trying to catch up. While on his journey, he and Richard (and many others) are transformed into frogs in an attempt to reveal the true happenings in this kingdom.

ESRB Rating: Not Rated

Genre(s): Action | Role-Playing"
"The Game of Harmony","E-Motion | Sphericule | Game of Harmony, The","Region Not Set","","Accolade, Inc.","The Code Monkeys Ltd.","1990-12-31","1","No","Action | Puzzle | Strategy","E - Everyone","The player controls a round spacecraft, and must work to clear all globes from the screen within a time limit. The playing field wraps around at the edges, so a globe or the ship travelling off the left edge (for example) will re-appear on the right. Globes come in three different colors, and those of the same color will disappear when they collide, whereas differing-colored globes will produce small pods, of the third color. Pods can be collected for more energy, but if they are not picked up quickly, they will turn into globes. There are 50 levels of increasing difficulty. On some levels, elastic bands connect certain globes, or even attach the player's ship to one or more globes. Destroying a globe will remove any elastic band attached to it. In other areas, barriers block the movement of the player and the globes. On difficulty settings above ""easy"", the globes are somewhat volatile. If they are not cleared within a certain time of their appearance, they will explode and damage your ship. If your ship loses enough energy, it is destroyed."
"The Getaway","Getaway, The | Getaway","Region Not Set","","Williams Electronic Games, Inc.","Unexpected Development","1995-05-15","1","No","Action | Shooter","E - Everyone","A basic pinball game. If you've never played pinball, you hit 
a ball with flippers to try to get points. This game isn't a good replica 
because the physics are all wrong. The screen and ball scroll too slowly, 
the dynamics are way off (the ball it too heavy when falling and too light 
when rising), and even the 'lights' are a little off. These problems, along 
with the shoddy board, make it so that there is very little to enjoy 
about this game."
"The Getaway: High Speed II","The Getaway - High Speed II | Getaway, The - High Speed II | Getaway: High Speed II | Getaway - High Speed II | Getaway: High Speed II, The | Getaway - High Speed II, The","Region Not Set","","Williams Electronic Games, Inc.","Unexpected Development","1995-12-01","1","No","Action","E - Everyone","The Getaway: High Speed II is an Action game, developed by Unexpected Development and published by Williams, which was released in 1995."
"The Humans","Humans, The | Humans","PAL","United Kingdom of Great Britain and Northern Ireland","GameTek, Inc.","Imagitec Design Inc","1993-01-01","1","No","Puzzle","E - Everyone","The goal of The Humans varies per level, but is usually to bring at least one of the player-controlled humans to the designated end area, marked by a red tile. To do this, the player must take advantage of the humans' ability to build a human ladder and use tools, such as spears, torches, wheels, ropes, in later levels, a witch doctor."
"The Hunt for Red October","Hunt for Red October, The","Region Not Set","","Hi-Tech Expressions, Inc.","Beam Software","1991-01-01","1","No","Action | Shooter","E - Everyone","Based on the movie of the same name, the Soviet Union have been building in secret a Typhoon-class submarine with nuclear strike capabilities. This war machine has been named the Red October. While on its trial run, the captain, Marko Ramius has hijacked the submarine along with it's crew. They plan to defect to the United States. Naturally, such a weapon must not be allowed to fall into American plans, and so orders are issued among the Soviet forces to destroy the Red October."
"The Incredible Crash Dummies","","Region Not Set","","LJN","Software Creations","1992-10-01","2","No","Platform","","DON'T BE A DUMMY. BUCKLE YOUR SAFETY BELT™.

It's a crashing, bashing good time guaranteed to break you up! Whether it's an avalanche of laughs on the ski slopes, the boulevard bounce after a stunt jump, or a burst of high pressure humor testing air bags, the Incredible Crash Dummies are a real crack-up! They may have a few screws loose...but the Incredible Crash Dummies will knowck themselves out so you have a good time."
"The Island","","Other","Norway","","","2023-07-12","1","No","Adventure","Not Rated","Your stuck on an island and need to get the necessary items to escape.

made by N1kko on itch.io"
"The Jetsons: Robot Panic","","Region Not Set","","Taito Corporation","Act Japan","1992-10-01","1","No","Action","Not Rated","Robots have attacked Orbit City and only George Jetson can stop them. With the help of his family, George will navigate through multiple levels filled with robots and hazards. Ultimately, he will have to defeat the robot leader to save the day in THE JETSONS: Robot Panic."
"The King of Fighters '95","Nettou The King of Fighters '95","Region Not Set","","Nintendo","SNK","1997-02-01","1","No","Fighting","","Out of the storm of battle comes 24 fighters from around the world who are invited to enter the King of Fighters '95 tournament. Omega Rugal is alive and out to seek revenge on the participants who destroyed him and his plan to rule the world."
"The King of Fighters 98","","Region Not Set","","Nintendo","Gaibrain","1998-12-01","1","No","Fighting","","A fighting game similar to Street Fighter."
"The King of Fighters: Heat of Battle","The King of Fighters '96","Region Not Set","","SNK","Takara","1996-01-01","1","No","Fighting","Not Rated","The battle of the dream teams '96 - READY! 27 of SNK's top fighting heroes face off for fisticuffs! Only King of Fighters lets you combine your favorite characters in exciting teams. Try out endless combinations and bop your way to the top with the toughest team of all! Over 2,900 possible team combinations using the Team Edit Function. It's too much!"
"The Lawnmower Man","","Region Not Set","","Time Warner Interactive, Inc.","The Sales Curve Ltd.","1993-11-01","1","No","Action","","The Lawnmower Man is the game based on the 1992 movie of the same name (itself loosely based on a Stephen King short story) starring pre-Bond fame Pierce Brosnan as Dr. Lawrence Angelo, a scientist working for Virtual Space Industries in ""Project 5"", a secret research that attempts to increase the intelligence of primates using psychotropic drugs and VR training.

With his reluctance to aim the research to military purpose, after one of the chimps escapes and shoots a guard in the process he is given a forced vacation, and while taking notes on the need for experiment with a human subject, he notices Jobe Smith (Jeff Fahey), a simpleton who makes his living on odd jobs such as mowing the grass (hence, the title role). The first experiments quickly increase Jobe's intelligence, and while after an accident Angelo stopped the experiments, The Shop, a secret agency overviewing Project 5, reinserted the drugs responsible for violent behaviour into the program and sped up the treatment. As Jobe starts to develop telekinetic powers, he starts to take revenge on those who abused him before he started the treatments, and plots to take over all computers in the world.

While the CD version of the game (PC, Mega CD) is an interactive movie, both cartridge versions are platformers, the player taking control of Dr. Angelo or Carla Parkette (mother of Jobe's best friend) in typical side-scrolling shooting action. The player can collect better weapons or data discs, which after collecting a number of them allow to morph into the Virtual Suit, which gives protection against a first hit. The player visits several locations seen in the movie, such as the gas pump and the VSI headquarters.

The twists of the game are true-3D level connectors, based on the CG sequences of the movie, usually all involving avoiding obstacles (and the occasional shooting) at high speed in the VR world. There are four different (Virtual World, Cyber War, Cyber Run and Cyber Tube), each taking a slightly different approach (Virtual World is seen in first person, the objective being dodging obstacles such as trees and archs and reach the exit, Cyber War similar to Virtual World but with some shooting stops, Cyber Run is seen in third person and requires occasional shooting of obstacles, while Cyber Tube is a fast travel with plenty of enemies in a VR tunnel)."
"The Legend of Prince Valiant","","Region Not Set","","Ocean Software Ltd.","Idol Minds","1992-11-20","1","No","Adventure | Role-Playing","","The quest to find the legendary Viking Ring of Peace begins in treacherous marshland, where every step is potentially lethal. Armed with a mere crossbow, the prince must fight his way through a vast forest, inhabited with cut throats and thieves, down into the underground caverns, through the deadly maze to the ring's resting place. Now he must cross the stormy sea and battle the hostile viking armada to reach Camelot. Arthur's Hall lies beyond the labyrinthine maze of corridors and passageways...will Prince Valiant make it and fulfil his dream of knighthood?"
"The Legend of Zelda - Linear Version","The Legend of Zelda - Linear Version (Vermin) (v1.0)","Other","","","","2025-03-20","1","No","Action | Adventure","Not Rated","No overview is currently available for this title, please feel free to add one."
"The Legend of Zelda - Link's Awakening","","PAL","Germany","Nintendo","Nintendo EAD","1993-12-01","1","No","Action | Adventure","Not Rated","The Legend of Zelda: Link's Awakening[a] ist ein 1993 von Nintendo für den Game Boy entwickeltes und veröffentlichtes Action-Adventure-Spiel. Es ist der erste Teil der Serie The Legend of Zelda, der auf einer Handheld-Spielkonsole veröffentlicht wird. Link's Awakening ist eines der wenigen ZeldaZelda-Spiele, die nicht im Land von Hyrule stattfinden, und es gibt keine Prinzessin Zelda, Ganon oder das TriforceTriforce-Relikt. Stattdessen beginnt der Protagonist Link das Spiel, das auf Koholint Island gestrandet ist, einem Ort, der von einer whaleWal-ähnlichen Gottheit namens Windfisch bewacht wird. Unter der Rolle des Link kämpft der Spieler gegen Monster und löst Rätsel, während er nach acht Musikinstrumenten sucht, die den schlafenden Windfisch wecken und ihm erlauben, von der Insel zu fliehen.

Die Entwicklung begann als Versuch, das Super Nintendo Entertainment System-Spiel A Link to the Past to the Game Boy zu portieren, das nach Stunden von Nintendo-Mitarbeitern entwickelt wurde. Es entwickelte sich zu einem originellen Projekt unter der Leitung von Takashi Tezuka, mit einer Geschichte und einem Drehbuch von Yoshiaki Koizumi und Kensuke Tanabe. Der Großteil des Links zum Vergangenheit-Teams versammelte sich für Link's Awakening, und Tezuka wollte, dass sich die Spielwelt wie die Fernsehserie Twin Peaks anfühlt. Nach einer Entwicklungsphase von anderthalb Jahren wurde Link's Awakening im Juni 1993 in Japan und später im Jahr weltweit veröffentlicht."
"The Legend of Zelda: Link's Awakening [Player's Choice]","","NTSC-U","United States of America","Nintendo","Nintendo EAD Tokyo","1996-01-01","1","No","A Game Boy fantasy adventure like no other!

Nintendo's fantasy adventure hero, Link of Hyrule, returns in this new epic quest...Link's Awakening. Link's newest challenge is set on the mysterious Koholint Island, a place where dreams and reality collide. As a castaway, Link must find a way to escape from the island and return to his beloved homeland of Hyrule.

But it won't be as easy as chartering a boat. The island's inhabitants have no knowledge of the outside world. One creature, a talking Owl, may know the solution to Link's dilemma, but first Link must tackle eight dungeons full of treacherous monsters and tricky taps. His goal: find the eight Instruments of the Sirens and awaken the omnipotent Wind Fish which rules the island.

Link will battle new enemies and make new friends in one of the most in-depth fantasy adventures for Game Boy yet!

A battery-backed memory will save up to three games so you never have to start your journey empty-handed.

ESRB Rating: E - Everyone

 AdventureGenre(s): Adventure","A Game Boy fantasy adventure like no other!

Nintendo's fantasy adventure hero, Link of Hyrule, returns in this new epic quest...Link's Awakening. Link's newest challenge is set on the mysterious Koholint Island, a place where dreams and reality collide. As a castaway, Link must find a way to escape from the island and return to his beloved homeland of Hyrule.

But it won't be as easy as chartering a boat. The island's inhabitants have no knowledge of the outside world. One creature, a talking Owl, may know the solution to Link's dilemma, but first Link must tackle eight dungeons full of treacherous monsters and tricky taps. His goal: find the eight Instruments of the Sirens and awaken the omnipotent Wind Fish which rules the island.

Link will battle new enemies and make new friends in one of the most in-depth fantasy adventures for Game Boy yet!

A battery-backed memory will save up to three games so you never have to start your journey empty-handed.

 E - Everyone

Genre(s): AdventureESRB Rating: E - Everyone","A Game Boy fantasy adventure like no other!

Nintendo's fantasy adventure hero, Link of Hyrule, returns in this new epic quest...Link's Awakening. Link's newest challenge is set on the mysterious Koholint Island, a place where dreams and reality collide. As a castaway, Link must find a way to escape from the island and return to his beloved homeland of Hyrule.

But it won't be as easy as chartering a boat. The island's inhabitants have no knowledge of the outside world. One creature, a talking Owl, may know the solution to Link's dilemma, but first Link must tackle eight dungeons full of treacherous monsters and tricky taps. His goal: find the eight Instruments of the Sirens and awaken the omnipotent Wind Fish which rules the island.

Link will battle new enemies and make new friends in one of the most in-depth fantasy adventures for Game Boy yet!

A battery-backed memory will save up to three games so you never have to start your journey empty-handed.

ESRB Rating: E - Everyone

Genre(s): Adventure"
"The Legend of Zelda: Link's Awakening","","PAL","","Nintendo","Nintendo EAD","1993-12-01","1","No","Action | Adventure | Role-Playing | Puzzle","Not Rated","A Game Boy fantasy adventure like no other!

Nintendo's fantasy adventure hero, Link of Hyrule, returns in this new epic quest...Link's Awakening. Link's newest challenge is set on the mysterious Koholint Island, a place where dreams and reality collide. As a castaway, Link must find a way to escape from the island and return to his beloved homeland of Hyrule.

But it won't be as easy as chartering a boat. The island's inhabitants have no knowledge of the outside world. One creature, a talking Owl, may know the solution to Link's dilemma, but first Link must tackle eight dungeons full of treacherous monsters and tricky taps. His goal: find the eight Instruments of the Sirens and awaken the omnipotent Wind Fish which rules the island.

Link will battle new enemies and make new friends in one of the most in-depth fantasy adventures for Game Boy yet!

A battery-backed memory will save up to three games so you never have to start your journey empty-handed."
"The Lion King","","NTSC-U","United States of America","Virgin Interactive Entertainment, Inc.","Dark Technologies | 																Disney Software","1995-04-01","1","No","Platform","E - Everyone","Relive your childhood tragedy as you help the fatherless Simba regain his title as rightful king. Navigate through the elephant graveyard, battle hyenas, and save your friends."
"The Little Tales of Alexandria UpMeowed Version","","NTSC","","","","2024-06-12","1","No","Adventure","Not Rated","The Little Tales Of Alexandria is a retro short story driven exploration game. Staging inside the apartment block Alexandria, featuring 15 plus different apartments all with their own tale to tell. Talk to the tenants, and interact with almost ANYTHING and EVERYTHING in and out of there homes, including cats! One quest. Explore, interact and have fun! Can you get to the roof?

The Little Tales of Alexandria UpMeowed version includes tons of improvements and more area's, bringing it on par with the Evercade version with added extras!"
"The Little Tales of Alexandria: Mr Meows Dance Party!","","NTSC","","","","2022-11-07","1","No","Music","Not Rated","Mr Meow and his fluff ball friends have managed to get a massive stereo system into your apartment. Enjoy the tracks and see what your fluffy friends are up to!"
"The Lost World: Jurassic Park","","Region Not Set","","THQ","Torus Games","1997-12-01","1","No","Action | Platform","Not Rated","SOMETHING HAS SURVIVED...

on the mysterious Isla Sorna, and it's your job to find out exactly what. You must infiltrate the island, collect vital information and thwart the efforts of the evil BioSyn team. A difficult enough task if the island wasn't infested with man-eating dinosaurs! Welcome to The Lost World: Jurassic Park, the largest adventure you'll ever fit in your pocket!"
"The Machine","Machine, The (World) (v1.1) (GB Compatible) (Aftermarket) (Unl) | Machine, The","Other","","","","1970-01-01","1","No","Adventure","Not Rated","The Machine is a game about a little guy named Girt. Girt lives in the machine. The machine isn't perfect but it's the only thing Girt knows. Girt can choose any career he wants... as long as he has good enough test scores! By the way, Girt forgot to study for his tests. Good luck! :)

The Machine is a non-linear adventure where you can get different jobs, meet new characters, and try to survive inside the machine. As you progress along different career paths you can learn more about the world and unlock new careers by scoring higher on the test the next time you play. Your choices affect the direction the machine's society goes. If you rise through the ranks you can change the course of the machine's history."
"The Mayor of Sanctuary","","Other","","","","2023-12-15","1","No","Action | Adventure","Not Rated","No overview is currently available for this title, please feel free to add one."
"The Mayor of Sanctuary Expanded Edition","The Mayor of Sanctuary Expanded (v2.1) (menu fix)","Other","","","","2024-07-08","1","No","Action | Adventure","Not Rated","As Yuu, the former mayor of Anzen, you had hoped for a quiet retirement away from the hustle of civic life. However, the peace you sought is shattered when a wave of cursed spirits begin to emerge from the once tranquil forests of Sanctuary. It is now up to you to return to Anzen and connect with its inhabitants to unravel the mysteries behind the unrest."
"The Music Of Sanctuary","TheMusicOfSanctuary","Other","","","","2024-10-22","1","No","Music","Not Rated","No overview is currently available for this title, please feel free to add one."
"The Nays Origins","","Other","","","","2023-12-23","1","No","Adventure | Puzzle","Not Rated","Welcome to The Worlds, where those with strong mind abilities are recognized and shine. Each World has its own leader and those who populate it. 

In this story, you’ll start in a World called Compass World where an otter named Rotle lives. Rotle is a teenager in a popular band called Meteor Age.

While he has a strong presence in his group of friends, he doesn’t feel confident in his own abilities and has a lot of anxiety. He resorts to secluding himself in times to calm himself down.

Rotle may be popular in his group of friends, but they don’t often talk about their feelings and how they’re doing before performances. After some events that take place, Rotle ends up in The Worlds where life is very different from what he's used to in Biggert City.

Compass World is sectioned off from the rest of The Worlds, and the inhabitants are mostly oblivious to what other Worlds are out there. Once he finds himself in The Worlds, he meets Malik, who takes him through a series of trials and shows him a completely new lifestyle."
"The New Chessmaster","New Chessmaster, The","Region Not Set","","Altron Corporation","Altron Corporation","1992-01-01","1","No","Strategy","E - Everyone","Say goodbye to lost pieces and slow opponents. THE NEW CHESSMASTER lets you play in one of 16 different skill levels from Newcomer to Grandmaster. A Teaching mode allows you to examine all possible moves more easily, letting you play out then reverse any scenario. You can pause your game anytime and return later without having to set up the board all over again. Play against the computer or a human adversary in the most inclusive chess package ever. Whether you're looking for a chess companion, a well-suited opponent, or a friendly instructor, THE NEW CHESSMASTER is the perfect solution."
"The new story of the mist prince","","Other","","","","2019-07-21","1","No","Adventure","Not Rated","The sun crept over the horizon, casting a warm, golden light across the verdant forest. Crows where cawing in the distance, and the air was thick with the scent of wildflowers. Nerwen, an elf girl with red hair like fire and emerald green eyes, stirred in her cabin, stretching lazily before yawning. She had spent the night tossing and turning, plagued by nightmares of an evil, mad king and his minions who were slowly destroying their beloved kingdom. As she sat up, she glanced at the ancient tome lying open on her bedside table. It was a journal kept by the late Keeper of the Forest, who had been slain by the mad king's forces just days before. The final entry, scribbled in desperation, spoke of the five magical crowns that had been hidden away for generations, each capable of stopping the king's reign of terror. Nerwen knew that she must find those crowns and use them to save their world. With a deep breath, she swung her legs out of bed and began to prepare for her long journey..."
"The Pagemaster","","Region Not Set","","Fox Interactive","Probe Entertainment","1994-11-01","1","No","Action | Platform","Not Rated","The Pagemaster is a video game released in conjunction with the 1994 film The Pagemaster. A character can be guided through a selection of literature genre-themed levels, ranging from horror to adventure and fantasy worlds. Magic can be used, and stomping enemies to death by jumping on their heads is permitted. Enemies include bats, flying books, giant hands, ghosts, pirates, and more. 

Reviewing the Game Boy version, GamePro praised the diverse gameplay, detailed graphics, and atmospheric music, but remarked that the poor control ruins the entire experience. They particularly cited jumps requiring excessive precision and slippery control, remarking that ""Richard slides from platforms so often you'll think his soles are oiled."""
"The Punisher: The Ultimate Payback","","Region Not Set","","Acclaim Entertainment, Inc.","Beam Software","1991-07-01","1","No","Action | Shooter","Not Rated","The Punisher: The Ultimate Payback! released in 1991 by Acclaim Entertainment is the Game Boy version of the 1990 NES game The Punisher about the Marvel comics vigilante Frank Castle, also known as the Punisher. It contains several changes from the original. It features cameo appearances of Spider-Man in the first level rescuing hostages and the final boss was switched from Kingpin to Jigsaw.

The player controls Frank Castle (the Punisher character) from an over-the-shoulder third-person perspective through various New York City locations, shooting thugs and battling enemies such as Hitman, Colonel Kliegg, Sijo Kanaka, and Assassin as bosses. The final boss is Jigsaw. Power-ups can be obtained by shooting them onscreen and include extra ammunition, a med kit, kevlar, a machine gun, a bazooka and grenades."
"The Real Ghostbusters","Garfield Labyrinth | Mickey Mouse IV: Mahō no Labyrinth | ミッキーマウスIV 魔法のラビリンス | Mikkī Mausu Fō: Mahō no Rabirinsu | Mickey Mouse IV: Maho no Labyrinth | Mickey Mouse 4: Maho no Labyrinth","Region Not Set","","Activision","Kemco","1993-10-01","1","No","Action | Platform","Not Rated","The Real Ghostbusters, known in Europe as Garfield Labyrinth and in Japan as Mickey Mouse IV: Maho no Labyrinth, is a 1993 action-puzzle video game developed by Kemco and published in Japan and Europe by Kotobuki Systems and in North America by Activision.

The Japanese version is based on Walt Disney's Mickey Mouse, which is part of the Mickey Mouse side of Kemco's Crazy Castle series, while the European version is based on Jim Davis's Garfield comic strips and the animated series Garfield and Friends. The North American version is based on the animated series The Real Ghostbusters and contains ten more stages than the previous incarnations.

The game is a direct lift of P.P. Hammer and his Pneumatic Weapon, featuring simplified sprites and near-identical level designs. According to the developer of P.P. Hammer, the port is entirely unauthorized."
"The Ren & Stimpy Show - Veediots!","","NTSC-U","United States of America","THQ","Gray Matter","1993-10-01","1","No","Platform","E10+ - Everyone 10+","Help! We're trapped in our own T.V. show! 

Stimpy and I can't take it anymore, man! We've decided to bust out of this two-bit tube and into the real world, but we need your help!

First, in ""The Boy Who Cried Rat!"", Stimpy's trying his hand at being a mousecatcher -- and the mouse, of course, it is I in disguise! I just hope the eediot doesn't eat me by mistake!

Then, ""Stimpy's Invention"", that feline friend of mine is putting together something in his crazy laboratory.  Hmmm...looks like a hat.

Finally, ""In The Army"", I'm behind enemy lines and up to my earbones in all sorts of bad guys! Jeez! Who wrote this episode, anyway?  

Are we going to be able to get out of this crazy show?  Beats me, man.  I just want out so I can pick up some real food.

So grab those controls and get us out of here!"
"The Ren & Stimpy Show: Space Cadet Adventures","Nickelodeon The Ren & Stimpy Show: Space Cadet Adventures","Region Not Set","","THQ","Imagineering Inc.","1992-11-01","1","No","Action | Platform","Not Rated","The Ren and Stimpy Show: Space Cadet Adventures is the first video game based on the Nickelodeon animated series The Ren and Stimpy Show. It was released by THQ for the Game Boy in 1992.

Commander Ren Hoek and Cadet Stimpy aboard their space ship on their 9,999 day mission. Ren goes out to cook hot dogs on the engines, then asks Stimpy to open the hatch. Stimpy accidentally cuts his lifeline and the adventure begins."
"The Ren & Stimpy Show: Veediots!","Nickelodeon The Ren & Stimpy Show: Veediots!","Region Not Set","","THQ","THQ","1993-10-01","1","No","Action | Platform","Not Rated","Ren and Stimpy Show: Veediots! is a video game based on Ren & Stimpy cartoon series on Nickelodeon. It was released by THQ for the Super Nintendo Entertainment System in 1993, and re-released for the Game Boy.

Ren and Stimpy gets trapped in their TV show, and they want to get out. All four levels are separate stories based on episodes of the TV series.

Game Boy differences from the SNES:

""The Boy Who Cried Rat!"" omits being in Stimpy's mouth and defeating the tooth beaver.

The level order of ""In the Army and Stimpy's Invention"" are switched.

In ""Stimpy's Invention"", the player plays as Stimpy and goes through five different levels. When Ren gets to the boss battle, the happy helmet must land on Ren.

In ""In The Army"", the game has Ren getting across a battlefield by riding on big bullets and avoiding the other soldiers."
"The Rugrats Movie","Nickelodeon The Rugrats Movie","Region Not Set","","THQ","Software Creations","1998-12-01","1","No","Action | Platform","Not Rated","An adventure for anyone who has ever worn diapers! Just as the Rugrat babies are getting ready to play with Tommy's brand new baby brother, Dil, he disappears! Join the Rugrats babies as they face scary spiders, escaped circus monkeys and big boulders in a quest to find and rescue the newest member of the Pickles' family."
"The Shapeshifter","Shapeshifter | The Shapeshifter (World) (Aftermarket) (Unl)","Other","","","","2021-06-01","1","No","Adventure","Not Rated","Elliot meets a little elf who is asking for help: Save the Elven world from the wizard's spell!!
To do this, the elf gives you a great power: You will become the animal you touch!"
"The Shapeshifter 2","Shapeshifter 2 | The Shapeshifter 2 Cart 1 (World) (Aftermarket) (Unl) | The Shapeshifter 2 Cart 2 (World) (Aftermarket) (Unl) | The Shapeshifter 2 (Cart 1) (World) (Aftermarket) (Unl) | The Shapeshifter 2 (Cart 2) (World) (Aftermarket) (Unl)","Other","","","","2022-10-10","1","No","Adventure","Not Rated","The Shapeshifter 2 is the second part of the Trilogy 'The Shapeshifter- Become the Animal You Touch', an old-school adventure game, and is the first and only Game Boy game that requires two cartridges to play!

Elliot meets a little elf who is asking for help: Save the elven world from the wizard’s spell. To do this, the elf gives you a great power: You will become the animal you touch! But hurry up, because the powers run out at dawn.

...but things that you thought were simpler get complicated with every step you take. Nothing is what it seems in this fantasy world, and you won't think that the best of powers is sometimes hard to handle."
"The Simpsons: Bart & the Beanstalk","","Region Not Set","","Acclaim Entertainment, Inc.","Software Creations","1994-02-01","1","No","Action | Platform","","Once upon a time... Bart Simpson had a cow, man. He traded it for some magic beans which grew into a giant beanstalk. If he can scale the stalk, overcome giant bugs, mash monstrous mice, and grab the Giant's loot, he'll become a zillionaire faster than you could say ""I DIDN'T DO IT!"""
"The Simpsons: Bart vs. the Juggernauts","","Region Not Set","","Acclaim Entertainment, Inc.","Imagineering Inc.","1992-09-01","1","No","Action","E - Everyone","Bart Simpson here, on my way to the Springfield Arena to do battle with the Juggernauts, my all-time TV heroes.

It isn't going to be easy. There's nobody tougher than the Juggernauts (except maybe yours truly), but I'll be fighting 'em out on my own turf: Krustyland Amusement Park, Moe's Tavern, and the Nuclear Power Plant, just to name a few.

No one knows this, but I've got a whole new set of cool manoeuvres AND a new technological edge - I can CHEAT!

I'm psyched. I'm ready to rock and roll. On to victory, Man!

Your pal, Bart Simpson."
"The Simpsons: Itchy & Scratchy in Miniature Golf Madness","The Simpsons: Itchy and Scratchy in Miniature Golf Madness | Itchy and Scratchy Miniature Golf Madness","NTSC-U","","Acclaim Entertainment, Inc.","Beam Software","1994-11-09","1","No","Strategy | Sports","Not Rated","Itchy & Scratchy in Miniature Golf Madness is a miniature golf game released on the Game Boy in 1994, featuring the cat and mouse pair Itchy & Scratchy from the television series The Simpsons. Developed by Beam Software, it was the first game to feature these characters. In the game, the player controls Scratchy as he plays through a miniature golf course of nine holes while at the same time avoiding Itchy's attacks. It received generally mixed to positive reviews from critics."
"The Smurfs","","Region Not Set","","Infogrames Entertainment","Bit Managers","1994-01-01","1","No","Platform","Not Rated","Gargamel has already captured three Smurfs. Smurf to their rescue! Smurf down the mountains riding on a sledge, explore the labyrinths of the mine, travel on the back of a stork... but beware of nasty enemies such as the Buzz flies, the Angry Smurfs, the Howlibird, Azrael and... Gargamel!

You control a Smurf who must venture into the forest to rescue his fellow Smurfs that are being held captive by Gargamel. Along the way, Smurf can collect bonus items such as sarsaparilla leaves to increase his life count and raspberries to replenish his energy. Each section of the forest has its own set of dangers that Smurf must be careful to avoid. (In the Super Nintendo and Sega Mega Drive versions, you must also at the beginning of the game make your way through the Smurf Village!) Collecting stars in the Super Nintendo and Mega Drive versions will allow you to unlock bonus screens where Smurf can collect items to increase health and lives."
"The Smurfs' Nightmare","The Smurfs 3","PAL","","Infogrames","","1997-01-01","1","No","Platform","Not Rated","The Smurfs' Nightmare (also sub-titled the Smurfs 3) is a 2D platform game where the evil Gargamel has cast a spell on all sleeping smurfs trapping them in terrible nightmares. You as Brave Smurf has to enter all the Smurfs' houses and rescue them from their nightmare."
"The Spirit Of F-1","エフワン スピリット | World Circuit Series | F-1 Spirit","Region Not Set","","Palcom Software Ltd.","Konami","1992-03-01","4","No","Racing","Not Rated","The game features racing in one of two Formula One cars around a variety of tracks near world capitals and landmarks. In the Family Computer version of the game, the cars come in three colors: red, light orange, and dark blue.

Gameplay is similar to that of Namco's Pole Position. Finishing in first, second, or third results in a podium finish; players must win on each track to advance to the next. Vehicles in the game have a generic two-speed manual transmission governing their speed (with a ""LOW"" setting and a ""HI"" setting). There are ten tracks in the race; the game repeats itself after the conclusion of the tenth circuit. Three difficult levels help beginners to adjust to the artificial intelligence on ""skill level 1"" while novices get some extra challenge on ""skill level 2"" and experts get the ultimate challenge on ""skill level 3."" A strict time limit forces players to finish races without mistakes in order to progress to a more complicated race track.

Several Nintendo characters appear at the end of race circuits: Mario, Luigi, Princess Peach, Toad, Bowser, Link, Samus, Pit and Donkey Kong. The game resulted in a Grand Prix series sequel, featuring Famicom Grand Prix: F-1 Race and Famicom Grand Prix II: 3D Hot Rally.[citation needed] Similar to the original, both games were never released outside of Japan."
"The Sword of Hope","","Region Not Set","","Seika Corporation","Kemco","1991-06-14","1","No","Role-Playing","","An evil sorcery blankets the land. A monstrous dragon, having possessed the king, now rules behind an army of hideous creatures. Y ou are the chosen one, the prince of destiny, who must save the true monarch and restore his kingdom. Summon your courage and wit for the myriad challenges ahead. You must battle ogres, cyclopses, and elusive skeletons. Search for keys to the wizards' gates that guard the invincible ""Sword of Hope."" Free the sword, and carry its magic to defeat the deadly dragon. Go now. It is time to master your fate."
"The Tower of Druaga","ドルアーガの塔","NTSC-J","Japan","Bandai Co., Ltd.","Tose Co., Ltd.","1990-12-31","1","No","Role-Playing","Not Rated","The Tower of Druaga is a Role-Playing game, developed by TOSE and published by Angel (Bandai), which was released in Japan in 1990."
"The Warp Coin Catastrophe","Warp Coin Catastrophe, The","Other","","","","2019-11-25","1","No","Adventure | Puzzle | Unofficial","Not Rated","The Warp World Crew is in trouble and they need your help! Someone has eaten all the Warp Coins made by Marianne’s Chocolate! Use all of your skills and know-how to find the evidence that will clear your friend’s name and prove their innocence!"
"There's Nothing to Do in This Town","","Other","","itch corp","","2020-05-29","1","No","Adventure","Not Rated","There's Nothing To Do In This Town is a short RPG for the original Nintendo Game Boy set in a dystopian present featuring music snobs, zombies, and alcoholic parents. Available either as a Game Boy ROM for you to download to play on an emulator or flash cartridge, or here in your browser as an HTML5 game. Works pretty well in most phone browsers too. You can play it through in under an hour. Inspired by my crushing depression and written during the 2020 lockdown (but before the 2020 zombie apocalypse). Written by, and including two original chiptune pieces by donotrunwithpixels, aka Simeon Smith."
"Thin Ice Rescue","","NTSC","","","","2020-07-22","1","No","Action","Not Rated","An ice sheet has broken off and is heading towards open water, the poor panic-stricken penguins have forgotten how to swim. As a lone antarctic researcher; you must try to save them all."
"Timberman","","NTSC","","","","2023-08-18","1","No","Action","Not Rated","Timberman is an old-school arcade style casual game. Become a Timberman, chop wood and avoid the branches. Sounds like an easy task? It's easy to play but hard to master."
"Tintin in Tibet","","Region Not Set","","Infogrames Entertainment","Bit Managers","1995-01-01","1","No","Action | Adventure","","Re-live the adventures of Tintin on the search for his friend Chang. What happened to Chang after the crash of the DC3 on the way to Kotmondu? Set off with Tintin to Tibet where all along your exciting journey you'll find vital items to aid your progress and interrogate the locals for helpful advice. You'll face many a danger as you examine the aeroplane wreck, climb on steep rock walls and meet the legendary Yeti."
"TinTin: Le Temple du Soleil","The Adventures of TinTin:  Prisoners of the Sun","PAL","","Infogrames Entertainment","Infogrames","1997-01-01","1","No","Platform","E - Everyone","Prisoners of the Sun is a video game based on The Seven Crystal Balls and Prisoners of the Sun from the series The Adventures of Tintin, the comics series by Belgian cartoonist Hergé. It was released for the SNES, Windows, Game Boy and Game Boy Color by the late 1997 and 2000."
"Tiny Toon Adventures","タイニー・トゥーン アドベンチャーズ | Tiny Toon Adventures: Babs' Big Break","NTSC-J","Japan","Konami","Konami","1992-02-01","1","No","Platform","Not Rated","No overview is currently available for this title, please feel free to add one."
"Tiny Toon Adventures 2: Buster Bunny no Kattobi Daibouken","Tiny Toon Adventures 2: Buster Bunny no Kattobi Daibouken JP","NTSC-J","Japan","Konami","Konami","1993-12-22","1","No","Action | Platform","E - Everyone","A brand new movie theater has just opened up in Acme Acres! But, it's unfortunately owned by none other than resident spoiled rich brat of Acme Acres, Montana Max, and he's decided to run movies in which he's the hero, and Buster Bunny is his arch-nemesis! Of course, Buster can't sit too still on that, so he's going to try and enter the movies and change the plots so Montana can't win at his dirty scheme of ruining Buster's reputation!

It's all up to Buster! If he manages to change all four flicks Monty has cooked up, he can try to face Montana rabbit-to...well, spoiled kid, in a final showdown! Time to get rolling!"
"Tiny Toon Adventures 2: Montana's Movie Madness","","Region Not Set","","Konami","Konami","1993-12-22","1","No","Platform","E - Everyone","Here comes Montana Max the meanest movie maker to ever tarnish the silver screen. He's directed four new flicks that make Buster Bunny look like a villain! To defend his character Buster Bunny must leap into Max's movies and use attack moves like fast dash and freeze kick to change the endings before his career is finished."
"Tiny Toon Adventures: Babs' Big Break","","Region Not Set","","Konami","Konami","1992-02-01","1","No","Platform","E - Everyone","BABS MAY BE A TOUGH ACT TO FOLLOW, BUT CATCHING UP WITH HER IS EVEN TOUGHER!

Babs dreams of making It BIG in the BIG City as a BIG Star. She slips away on an adventurous downtown journey to the Acme Theater. Montana Max wants to turn the theater into a spectacular safe to show off his money. so he's out to bring the curtain down on Babs. Yikes! It’s all up to Buster Bunny, Plucky Duck and Hamton to catch our favorite rising star before Monty catches her first! Join the zaniest star search to hit the Game Boy screen and see Babs in her most thrilling role yet. Here's what the fans have to say."
"Tiny Toon Adventures: Doki Doki Sports Festival","Tiny Toon Adventures: Wacky Sports","NTSC-J","Japan","Konami","Konami","1994-11-25","1","No","Sports","E - Everyone","No overview is currently available for this title, please feel free to add one."
"Tiny Toon Adventures: Wacky Sports","Tiny Toon Adventures 3: Doki Doki Sports Festival","Region Not Set","","Konami","Konami","1994-01-01","1","No","Sports","Not Rated","Tiny Toon Adventures: Wacky Sports (Tiny Toon Adventures 3: Doki Doki Sports Festival in Japan), released in 1994 on the Nintendo Game Boy and developed and published by Konami, was the third Tiny Toon Adventures-related game.

In Wacky Sports, you choose to play as either Buster Bunny or Babs Bunny and participate in your choice of sports activities, including baseball, soccer, or tennis. As Buster, you can also play carnival games set up by characters such as Shirley the Loon and Fifi La Fume. Carnival games include a watergun gallery and a beat-the-clock challenge featuring Elmyra Duff.

If the Konami Code is used at the title screen, a level select feature becomes available."
"Tip Off","","Region Not Set","","Imagineer Co., Ltd.","Enigma Variations Ltd.","1993-03-13","1","No","Sports","","Tip Off is a basketball game released for the Amiga and Atari. It was developed in 1991 by Anco Software. A Game Boy version was developed by Enigma Variations and published by Imagineer in Europe. An unreleased NES version was also in development."
"Titus the Fox","Titus the Fox: To Marrakech and Back","Region Not Set","","Titus Interactive, S.A..","Aqua Pacific Ltd.","1993-06-01","1","No","Platform","Not Rated","Titus the Fox is a side-scrolling platform game developed by Titus France for the Amiga, Amstrad CPC, Atari ST, and MS-DOS. The game was originally released in 1991 under the name Lagaf': Les Aventures de Moktar — Vol 1: La Zoubida, featuring French comedian Lagaf' as a tie-in with his song ""La Zoubida"". For the international edition, Titus retooled the game to feature its mascot and released the game as Titus the Fox: To Marrakech and Back in 1992."
"Tobu Tobu Girl","","Other","","itch corp","TangramGames","2017-12-03","1","No","Action | Platform | Unofficial","Not Rated","Your cat is floating into the atmosphere and you are the only one who can save it. Jump, dash, and flap your arms to maneuver around perilous obstacles racing against the clock to retrieve your pet friend before it is too late!"
"Tokyo Disneyland: Fantasy Tour","東京ディズニーランド ファンタジーツアー","NTSC-J","Japan","Tomy","Tose Co., Ltd.","1995-12-22","1","No","Platform","Not Rated","Take a trip through wonderland, as Mickey visits Disneyland! Search for Minnie and explore the entire fantasy land!"
"Tokyo Disneyland: Mickey no Cinderella Shiro Mystery Tour","東京ディズニーランド ミッキーのシンデレラ城ミステリーツアー | Tokyo Disneyland: Mickey no Cinderella-jou Mystery Tour","NTSC-J","Japan","Tomy","Graphic Research Co., Ltd.","1995-12-22","1","No","Platform","Not Rated","Join Mickey as he explores the Magical Kingdom's signature location, Cinderella's castle!"
"Tom & Jerry","Tom and Jerry","Region Not Set","","Hi-Tech Expressions, Inc.","Beam Software","1992-10-01","1","No","Platform","Not Rated","They're at it again. That delightful duo of disasterTom & Jerry!

And now that Jerry's nephew Tuffy is coming for a visit, you can be sure things are going to get even wilder!

As Jerry, it's up to you to outwit Tom in a mad dash from the edge of town to the safety of your mouse hole back home. In the 2-player version, you or a friend can take on the role of Tuffy, who comes to visit his uncle Jerry and gets caught up in the chase!

12 levels of action start at the Movie Theater where you must make your way across the marquee and then through the film projector! Then it's on the Junk Yard where you'll have to make your way out of a hazardous maze filled with old tires and rusty pipes. Next it's the treacherous Toy Store and it's army of wind-up toys. Every location is an adventure in itself, filed with hidden dangers and wild surprisesespecially that crafty ol' cat, Tom! And once you make it inside the house, the action really heats up in the Kitchen and on into the Living Room, where a whole lot of trouble stands between you and your mouse hole."
"Tom and Jerry 2: The Film","","PAL","","","","1993-10-02","1","No","Action | Adventure | Family","E - Everyone","No overview is currently available for this title, please feel free to add one."
"Tom and Jerry: Frantic Antics","トムとジェリー | Tom and Jerry Part 2 | Tom & Jerry 2: The Movie","Region Not Set","","Hi Tech Entertainment","Beam Software","1993-10-01","1","No","Platform","Not Rated","Tom and Jerry: Frantic Antics, known simply as Tom and Jerry in Japan, is a sidescrolling action game based on the 1992 film, Tom and Jerry: The Movie.

They're back! The world's wildest cat and mouse team returns in an all-new animated adventure filled with non-stop action, frantic antics and an outrageous bunch of baddies. This time out, it's up to you to help both Tom and Jerry save their new friend, Robyn, from some fiendish foes - including cruel Captain Kiddie and the evil Aunty Figg. Together you'll have to conquer 8 completely chaotic levels filled with awesome obstacles and incredible enemies - all while trying to grab as much cheese and fish as you can get your paws on! And remember, you're here to beat the bad guys - not each other! So get it together, guys. Robyn's counting on you!"
"Top Gun: Guts and Glory","","Region Not Set","","Konami","Distinctive Software, Inc.","1993-01-01","1","No","Flight Simulator","Not Rated","Top Gun: Guts and Glory is a modern jet flight simulation that was released in 1993 for the original Nintendo Game Boy in Europe and North America.

This video game is loosely based on the Top Gun movie starring Tom Cruise. Essentially controlling a modern U.S. Air Force jet through ten levels, players must take out enemy jet fighters in addition to battleships.

Aircraft that can be chosen are the F-14 Tomcat, the F-117A Nighthawk stealth fighter, the F-16 Fighting Falcon and the Soviet-made MiG-29 Fulcrum. Players can either dedicate themselves to a long career mode, engage in a quick air combat session, or go on a bombing run. Passwords help store the player's progress in career mode.

Due to various limitations found on the original Game Boy system, the player can only see and fight against two enemy aircraft at a time."
"Top Rank Tennis","","Region Not Set","","Nintendo","Pax Softnica","1993-05-01","1","No","Sports","Not Rated","Top Rank Tennis is a tennis video game released on the Game Boy initially in 1993 by Nintendo. The game is for the gamers who were looking for a more realistic tennis experience on the system as opposed to those wanting the more arcade-esque Tennis, which was also released on the Game Boy a while before this game. The game features similar rules to the real game. A player volleys a tennis ball over the net and onto the other side, and the other player will do all they can to hit it back. They will continue to do this until someone misses the ball. A match is won by acquiring the most points. Each time a player misses a ball, the other player earns 15 points."
"Top Rank Tennis + adaptateur","","PAL","France","Nintendo","Pax Softnica","1993-01-05","4","No","Sports","E - Everyone","No overview is currently available for this title, please feel free to add one."
"Torpedo Range","","Region Not Set","","Romstar Incorporated","SETA Corporation","1991-04-27","1","No","Action | Shooter","","In Torpedo Range, terrorists have basically somehow taken over most of
the world. As a one-ship operation, you have to free six countries from the
terrorists' grasp to win the game: to do this, you must visit a port at each of
the six countries and destroy all the guns on the port in a shooting mini-game
to 'liberate' the country."
"Total Carnage","","Region Not Set","","Malibu Interactive","Malibu Interactive","1994-02-01","1","No","Shooter","Not Rated","Captain Carnage and Major Mayhem lead your force... all right, actually they are your face. That's right -- two men against an entire army! If you need better odds than that, this isn't your game!
here's you mission: with your one or two man ground force, you must stop a mad dictator bent on destroying the world! Rescure civilians, eliminate key targest, and destroy General Akhboob's bio-nuclear generators, which he's using to create his endless mutant army!
On your side: an awesome arsenal of the 21st century's most destructive weaponry and your ability to engage in optional two-player simultaneous combat.
On their side: 20 battle zones full of the nastiest mutated enemies and the baddest bosses you'll ever want to see!"
"Totsugeki Bareishons","","NTSC-J","Japan","Atlus Co., Ltd.","Atlus Co., Ltd.","1991-01-01","1","No","Puzzle","E - Everyone","No overview is currently available for this title, please feel free to add one."
"Tottemo! Lucky Man: Lucky Cookie Minna Daisuki!!","Tottemo! Luckyman: Everyone Loves Lucky Cookie!! | とっても！ラッキーマン　ラッキークッキーみんな大好きー！！ | Tottemo! Rakkīman: Rakkī Kukkī Minna Daisukī!! | Absolutely! Luckyman: Everyone Loves Lucky Cookie!!","NTSC-J","Japan","Bandai Co., Ltd.","Bandai Co., Ltd.","1994-09-22","1","No","Puzzle | Board","Not Rated","Tottemo! Lucky Man: Lucky Cookie Minna Daisuki!! is a Miscellaneous game, published by Bandai, which was released in Japan in 1994."
"Touhou Pocket Festival: Show of Scale","Touhou Pocket Festival - Show of Scale (World) (Aftermarket) (Unl)","Other","","","","2025-02-05","1","No","Action","Not Rated","A festival is once again taking place in Gensokyo! From the peaks of Youkai Mountain to the Human Village, its residents participate in a show of scale. Slam, slash and scale to the top of each of the festival's many events!

A collection of short simple minigames based on the theme of scale. Each minigame has its own controls and objectives."
"Tower of Evil","","NTSC","","","","2025-03-04","1","No","Action","Not Rated","Many years ago, our hero Andros was banished from the court of King Salimos, destined never to return until he could recapture the king's lost treasure and the beautiful princess Diana stolen by a wicked Necromancer and his minions.

Andros has one powerful aid given to him by an old friend -the court wizard, the power to hurt fireballs from his fingertips. Our hero has journeyed to the Tower of Evil, home of the Necromancer. He will have to move from room to room, killing the evil minions as he goes.

Andros will need to collect the treasure and find the key to the gate enabling him to travel to the next level; a drink from the goblet will grant him invincibility or double his strength for a short while.

Andros must deposit his treasures in the chest which will be found on level 7, and rescue the imprisoned princess.

You will need to defeat such nasties as Ashtoroths, Warriors of Ayperos and Baphornets and many others while trying to find your way around the maze-liked Tower of Evil. With over 60 rooms to be explored, this game is not for the faint-hearted."
"Toxic Crusaders","","Region Not Set","","Bandai Co., Ltd.","Realtime Associates, Inc.","1992-09-01","1","No","Action","Not Rated","Only a complete and helpless nerd like Melvin Junko could be such a klutz that he would run into a vat of Grossolium 90, a terribly toxic waste by-product of the Island City Chemical Plant. Now the wimpy nerd Melvin has mutated into Toxie, a hideously deformed creature of superhuman size and strength. But all is not lost. Toxie, with his newfound power, has joined forces with Major Disaster, Nozone, Headbanger, and Junkyard to form the Toxic Crusaders. No, not the ultimate heavy metal band, you moron! This motley crew is sworn to defend Tromaville and the rest of the U.S. from the polluting ways of Dr. Killemoff and his Radiation Rangers! It won't be any easy mop up operation, but with your help the Toxic Crusaders are sure to make a clean sweep of the six levels of sludge, slime, goop, and grime, while washing Killemoff and his filthy friends off the face of earth forever!"
"Track & Field","Hyper Olympic | ハイパーオリンピック | Haipā Orinpikku","Region Not Set","","Konami","Konami","1992-09-01","2","No","Sports","Not Rated","Track & Field, known in Japan and Europe as Hyper Olympic, is an Olympic-themed sports arcade game developed by Konami and released in 1983. The Japanese release sported an official license for the 1984 Summer Olympics. Players compete in a series of events, most involving alternately pressing two buttons as quickly as possible to make the onscreen character run faster. It was followed by a sequel, Hyper Sports.

This ain't no 20-minute workout. It's the ultimate in head-to-head competition, in 8 grueling events. 100 meter dash. Long jump. Hurdles. Javelin. Skeet shooting. Triple jump. Archery. And the high jump. No timeouts, no breathers, no water boys. Just you and your own exhaustion. So get psyched. Pick your level of competition and the opening event. Then block out the roar of the crowd and take a deep breath. Because it's not whether you win or lose. It's whether you survive!"
"Track Meet","Track Meet: Mezase! Barcelona | トラックミート めざせ!バルセロナ | Litti's Summer Sports","Region Not Set","","Interplay Entertainment Corp.","Interplay Entertainment Corp.","1991-01-01","2","No","Sports","Not Rated","Track Meet (known in Japan as Track Meet: Mezase! Barcelona) is a sports video game that was released for the original Game Boy. In Germany the game was released as Litti's Summer Sports (endorsed by Pierre Littbarski).

The game offers seven different events in the spirit of the 1992 Summer Olympic Games in Barcelona, Spain. There are five different opponents to compete against in events like long jump, the 100-meter dash, and weightlifting. Each competitors has his own strengths and weaknesses that either help or hinder his performance on certain events. Once the player has more points than his opponents, he becomes the grand champion of the Summer Olympic Games."
"Traumatarium","","Other","","itch corp","","2022-06-18","1","No","Adventure | Fighting | Horror | Unofficial","Not Rated","A deadly famine broke out in an ancient kingdom. Wells dried up, livestock died, and the earth turned as deadly as the plague itself. Whispers spread stories about an ancient evil reawakening in the mountains looking down upon the kingdom. An ancient evil who knew only war and famine. But who shall be so brave, so insane, so vain, as to try and best the creatures that live beyond for glory and adulation?

Welcome to Traumatarium, a short Game Boy game where the goal was trying to push the visual limitations of the hardware, and create a randomly generated, visually engaging, dungeon crawling experience.

See if you can survive the the ten random rooms and defeat not juts the monsters lurking, but also the hunger as you descend into the darkest of the dungeon rooms."
"Traumatarium: Penitent","Traumatarium Penitent","Other","","itch corp","","2024-01-13","1","No","Adventure | Fighting | Horror | Unofficial","Not Rated","The world of Traumatarium returns!
Decades after the great evil was finally sealed away, a new mysterious group has been sowing chaos in the shadows. And now, in their most brazen move yet, they have taken over the castle, vying for control of the land.
In response, the Order has sent one of their bravest and deadliest warriors to quell the uprising and bring swift penance to the impure.

The followup to Traumatarium, Penitent aims to improve on the success of the original, while improving and expanding on almost all aspects. You have three distinct dungeons to overcome, all while managing scarce resources and making hard decisions on when to push on, or use a map to return to the safety of one of the few outposts found in those dark halls."
"Trax","","Region Not Set","","Electro-Brain","HAL Laboratory","1991-09-01","1","No","Action | Shooter","Not Rated","It's the zaniest bunch of enemies ever! And they said it could only be done on the big screen. It's a head-to-head battle through the Grasslands, the Desert Base and the Cave Base on your way to the Capitol City and the Master Tank Master himself! Four big levels in the Main Game, 12 different layouts in the Multi-Game, each with a different terrain and cast of unusual opponents. Continue feature and varied soundtrack for hours of fun! Handicap feature in Multi-Play mode evens out the competition. Fun graphics and exciting gameplay!"
"Treasure Island","","NTSC","","","","2020-02-22","1","No","Action","Not Rated","Gold! Buried treasure! Wealth beyond your wildest dreams! And all you have to do is guide young Jim Hawkins through Treasure Island's tortuous maze to the treasure trove. But beware! Fierce pirates abound, they will slay Jim on the stroke of a cutlass. And Long John Silver wants the treasure for himself, he will stop at nothing to prevent Jim leaving the island with his haul."
"Trick Tactics","","NTSC","","","","1970-01-01","1","No","Adventure | Role-Playing","Not Rated","TRICK TACTICS is a card-based RPG where everything is a card, and you're not cut out to be saving the world... But you must do it anyway. Play anything and everything you can to your advantage and wombo combo your way to victory.  Interactions between cards are inspired by Immersive Sim genre games and tabletop roleplaying."
"Trickle Greenweed Mermaid at Law in Christmas Catastrophe","","Other","","","","2021-09-30","1","No","Adventure","Not Rated","Help Trickle Greenweed, newly qualified mermaid attorney, save Christmas! Seanta has been accused of murdering CHRISTMAS ITSELF, and only Trickle, and her new friend Sparky the mer-elf, can prove Seanta's innocence and save the most magical time of the year!

Meet a cast of colorful Christmas characters in this visual novel, interrogate witnesses, discover clues, and find the real culprit, all in time to save the holidays!

Designed to be suitable for all ages, Trickle Greenweed is fun for any fan of mysteries and action packed courtroom drama, full of turnabouts and ace attorneys battling it out to find the truth!"
"Trip World","","Region Not Set","","SUNSOFT","Sunsoft","1993-03-17","1","No","Platform","Not Rated","Trip World is a 1992 platform video game developed and published by Sunsoft for the Game Boy. It was released in Japan on November 27, 1992, and in Europe in 1993. The game's plot centers around the bunny-like being Yakopoo and his quest to retrieve the flower of peace so that peace will return to Yakopoo's disarranged world. The protagonist's trademark ability is to shapeshift into different forms.

In Trip World, you play as a strange creature called Yakopoo, who has to recover his tribe's stolen flower to prevent the villagers from fighting each other."
"TROUBLE CITY","Trouble City Pocket Mission","Other","","","","2021-09-30","1","No","Adventure","Not Rated","After a violent quake emanates from Trouble City’s PARADISE CO. Toy Factory, special operative JACK MISSION is tasked with infiltrating the abandoned complex on a one-man mission. As JACK, you must EXPLORE, SCROUNGE for supplies and SURVIVE against the machinations of a troubled inventor’s dream-—turned horrible nightmare..."
"True Lies","","Region Not Set","","LJN","Beam Software","1995-02-01","1","No","Action | Shooter","Not Rated","It's not like he's saving the world or anything. Oh, yes it is! As special agent Harry Tasker, it's up to you to prevent a nuclear holocaust and stop the Crimson Jihad! Experience all the explosive intensity of TRUE LIES - including never-before-seen secret missions! All the action of the movie mega hit - and none of the romance!"
"Tumble Pop","","Region Not Set","","SUNSOFT","Data East Corporation","1993-03-01","2","No","Action","Not Rated","Tumble Pop is an action game, developed by Data East and published by Sunsoft, which was released in 1993.

The Game Boy version incorporates a world map that doesn't resemble Earth; levels are contained in different cities on that map that the player can walk between (similar to the style of the world map in Commander Keen). If a city proves too difficult, it is also possible to drop out of it and come back later (though not if the Game Boy is turned off, due to a password-saving system). The enemies in a given city approximately correspond to those in an area in the arcade version, though there is not necessarily any link between the cities of the world and the cities of Tumblepop. In addition, the Game Boy version incorporates a shop in which players can spend their points to buy power-ups."
"Turn and Burn: The F-14 Dogfight Simulator","Phantom Air Mission","Region Not Set","","Absolute Entertainment","Imagineering Inc.","1992-05-01","1","No","Flight Simulator","Not Rated","Turn and Burn: The F-14 Dogfight Simulator is a modern jet flight simulation developed by Imagineering Inc. and released in 1992 for the Game Boy in Europe and North America. In Europe, the game was released as the Game Boy adaptation of Phantom Air Mission, the European version of Imagineering's previous flight simulator Flight of the Intruder. A sequel, Turn and Burn: No-Fly Zone, was later released for the Super NES."
"Turok: Battle of the Bionosaurs","","Region Not Set","","Acclaim Entertainment, Inc.","Bit Managers","1997-12-01","1","No","Action | Platform","E - Everyone","Turok: Battle of the Bionosaurs is a 2D action platformer video game developed by Bit Managers for the Game Boy. It was originally released in 1997, and is part of the Turok video games franchise. It was intended to be a companion to the Nintendo 64 game Turok: Dinosaur Hunter. The game includes eight stages, has a password system, and can be played in four different languages (English, French, Spanish, and German)."
"Turrican","","Region Not Set","","Accolade, Inc.","The Code Monkeys Ltd.","1991-11-15","1","No","Platform","","MEET THE FULL-METAL DUDE WITH AN ATTITUDE.

You are Turrican - the cockiest, coolest Chromidium Warrior since Hobocop'“ and Terminator. Your mission? Explore and reclaim the deep space colony of Alterra from blood-draining, bio-mutated killers. It’s a big job. But no big deal when you’re bad and bullet proof.

4 vast worlds to conquer.
Explore 10 menacing levels. Go underwater, underground, into cities. Nearly 1000 screens.

A galaxy of surprises.
Bonus rooms, secret passages, hidden objects make this a never-ending guest.

An awesome arsenal.
Strap on the high-tech weapons. Blaster. Powerlines. Lightning Whip. Photon Grenades."
"TV Champion","","NTSC-J","Japan","Yutaka","Tom Create","1994-10-28","1","No","Sports","E - Everyone","No overview is currently available for this title, please feel free to add one."
"Twin","","NTSC-J","Japan","Athena Co., Ltd.","Athena Co., Ltd.","1992-01-31","1","No","Role-Playing","Not Rated","Twin is a Role-Playing game, developed and published by Athena, and released in Japan in 1992."
"TwinBee Da!!","ツインビーだ！！","NTSC-J","Japan","Konami","Konami","1990-10-12","1","No","Action | Shooter","Not Rated","No overview is currently available for this title, please feel free to add one."
"Twitch Plays Pokémon: Anniversary Red","Twitch Plays Pokemon: Anniversary Red","Other","","","","2015-03-24","1","No","Role-Playing | Unofficial","Not Rated","This is a challenge hack of Pokemon Red. While allowing all 151 Pokemon to be caught in a single game, it also substantially beefs up the trainers.

As the name implies, this hack was originally made for the stream channel TwitchPlaysPokemon. As such, it contains some references to it, though it contained a couple surprises for the participants. It was the first game they played of the “second season” of the channel. It initially debuted on the first anniversary of the launch and the patch was publicly released by the patch authors after the stream 100% completed the game after 39 days and over 920 hours.

UPDATE

A special edition of the patch was made to include a SGB border that was an exclusive to the cartridge version of the game during its original release. This is the patch file used for the cartridge. Same version of the game, but includes the Super Game Boy border."
"Ultima: Runes of Virtue","","Region Not Set","","FCI","Origin Systems","1992-07-01","2","No","Role-Playing","Not Rated","Ultima: Runes of Virtue is an RPG that was developed by Origin and published by Fujisankei Communications International, Inc for the Nintendo Game Boy in 1991.

Unlike the other games of the Ultima universe, this is more of an action-adventure game, similar to games such as The Legend of Zelda, with a strong focus on solving multiple puzzles throughout dungeons. No party members are available, and the main character is one of the four companions of the Avatar, either Shamino, Dupre, Iolo, or Mariah

Interestingly, the game is capable of multi-player, making it the first Ultima to offer this option."
"Ultima: Runes of Virtue II","","Region Not Set","","Pony Canyon, Inc.","Origin Systems","1993-06-01","2","No","Role-Playing","Not Rated","Ultima: Runes of Virtue II was developed by Origin and published by FCI for the Nintendo Game Boy in 1993. A port for the SNES followed in 1994.

Like its predecessor, Runes of Virtue, this is mostly an action-adventure game similar to the Legend of Zelda and offers basically the same gameplay. The land is however much bigger this time, with actual cities to explore and more NPCs to see, and longer dungeons.

Like the first episode, this game is again capable of multi-player.

Enter the world of Ultima! Rescure the kidnapped mayors of Britannia as either Shamino the Ranger, Mage Mariah, the Bard lolo or Dupré the Knight. Board and conquer pirate ships, visit dungeons, islands and castles, and solve puzzles in this lively adventure!"
"Ultra Golf","Konami Golf | Konamic Golf | コナミックゴルフ","Region Not Set","","Ultra Games","Konami","1992-03-01","1","No","Sports","Not Rated","Ultra Golf, known in Europe as Konami Golf and in Japan as Konamic Golf, is a golf video game developed by Konami for the Game Boy system. It was released by Konami on November 1, 1991 in Japan, later being released in North America in March 1992, and in the PAL region in 1994.

The game features two courses and a tournament mode, in which a player must win on the first course to play tournaments on the second course. It also has a practice mode which allows the player to play both courses regardless of the tournament status."
"Ultraman","Ultraman Gameboy","NTSC-J","Japan","Nintendo","Interbec","1991-01-01","2","No","Action | Fighting","Not Rated","The game follows the basic outline of the original 1966 Ultraman series. When fighting a monster, it turns into a 2D fighting game."
"Ultraman Ball","ウルトラマン","NTSC-J","Japan","Interbec","Interbec","1991-12-29","1","No","Platform","Not Rated","A bizarre Japanese platform game where Ultraman is turned into a ball. The game is a re-package of a proposed Armadillo (NES) sequel. It has a very simple and straight forward plot, Ultraman gets the power to transform into a ball and goes to various destinations. Along the way he kills every monster in his way, but in comedic ways."
"Ultraman Chou Toushi Gekiden","ウルトラマン超闘士激伝","NTSC-J","Japan","Bandai Co., Ltd.","Angel","1994-08-26","1","No","Action | Shooter | Platform","Not Rated","Ultraman Chou Toushi Gekiden is an action game, published by Angel (Bandai), which was released in Japan in 1994. It is based on the Ultraman series. The game has you do everything from platforming to side scroll shooting"
"Ultraman Club: Teki Kaijū o Hakken Seyo!","","NTSC-J","Japan","","","1990-05-26","1","No","Strategy","E - Everyone","It is a more tacticle game then the games that came before it, where you have to place an Ultra warrior tile down to defend an area in the same vein of Fire Emblem."
"Umi No Nushi Tsuri 2","","NTSC-J","","Victor Interactive Software, Inc.","Tose","1998-07-10","1","No","Role-Playing","E - Everyone","No overview is currently available for this title, please feel free to add one."
"Un Indien Dans La Ville","Little Indian in Big City","Region Not Set","","Titus Interactive, S.A..","Titus","1995-12-31","1","No","Platform","E - Everyone","Little Indian in Big City, a.k.a. Little Indian, Big City, a.k.a. An Indian in the City is the English title of a French movie, Un indien dans la ville that I have never seen or heard of. It did receive an (apparently horrible) English dub in select areas, and it was even adapted into the more widely known (to Americans and other English-native speakers, at least) Jungle 2 Jungle. Yes, the Tim Allen movie with the jungle boy. But while Jungle 2 Jungle never received a video game adaptation, Little Indian in Big City did. This makes sense when you realize that it was adapted by the video game company Titus, who are also French."
"Unearthed","","Other","","","","1970-01-01","1","No","Puzzle","Not Rated","UNEARTHED is a logic puzzle game created for Nintendo's Game Boy Color.

You are employee #X276, contracted by the mining mega-corporation DSMR to travel off-planet and mine for valuable resources.

Use your company issued Mech to solve puzzles on various planets beyond the solar system. Every move counts as you carry out your mission in time to get home for your wedding anniversary and daughters birthday!"
"Unfair Flips: Unofficial Pocket Edition","","NTSC","","","","2025-10-22","1","No","Life Simulation | Unofficial","Not Rated","A GameBoy demake of the hit incremental clicker Unfair Flips. Starting at just 20% odds of getting heads on a coin flip, can you get 10 in a row? This is an unofficial fan game of the original and not associated with the real Unfair Flips. Go check that out on Steam!"
"Universal Soldier","","Region Not Set","","Accolade, Inc.","The Code Monkeys Ltd.","1992-12-17","1","No","Platform","","Based on the major motion picture, this awesome action adventure takes you from the steaming shell-pocked jungles of Southeast Asia to laser-seared battlefields at home.

You are a perfectly engineered Universal Soldier with extraordinary skills and powers - locked in mortal combat against your old Vietnam foe, the villainous Sergeant Scott. You are both ""Ultimate Fighting Machines"", but only one of you can survive!

-Are you strong enough to conquer ten incredible locations?
-Your arsenal includes Triple Beam Lasers, Land Mines and a special Chaos Weapon."
"Uno: Small World","UNO スモールワールド","NTSC-J","Japan","Tomy","TOMY","1993-11-26","2","No","Board","Not Rated","No overview is currently available for this title, please feel free to add one."
"Urban Strike","","Region Not Set","","Black Pearl Software","Borta","1996-11-01","1","No","Action | Shooter","Not Rated","Urban Strike is a video game developed and published by Electronic Arts. It was initially released for the Sega Genesis in 1994, with ports to the Super Nintendo Entertainment System and Game Gear in 1995 and to the Game Boy in 1996. It is the third game in the Strike series, after Desert Strike: Return to the Gulf and Jungle Strike.

Save the cities of the U.S.A. from Armageddon in ten spectacular multiple-stage missions! Leave your copter and fight on foot. New choppers and ground assault vehicles. New timed sequences, power-ups and interactive control panels."
"Urusei Yatsura: Miss Tomobiki o Sagase!","うる星やつら　－ ミス友引を捜せ！ －","NTSC-J","Japan","Yanoman Corporation","KID Corp.","1992-12-07","1","No","Role-Playing","Not Rated","Urusei Yatsura: Miss Tomobiki o Sagase! is a role-playing game, developed by Kid and published by Yanoman, which was released in Japan in 1992. The game is based on an anime “Urusei Yatsura”. The game is a dungeon-crawling first-person JRPG where you control Ataru and beat up various characters from the series over and over (and over and over) again while following orders to go to X location."
"V-Rally: Championship Edition","Need for Speed: V-Rally","Region Not Set","","Ocean Software Ltd.","Velez & Dubail","1998-01-01","1","No","Racing","Not Rated","The Game Boy version of the popular V-Rally series, includes 4 licensed cars and 20 racing tracks from different countries with varying weather conditions (raining on the English track, snow in Sweden etc.), and two game modes: Arcade and Championship. In Arcade mode you race against the clock, and in Championship mode you race against other cars to get to the finish line first.

You see the car from behind in the usual early racing game style, with symbols popping up to warn about turns and obstacles on the road."
"Vampire Night Shift","","NTSC","","","","2020-08-29","1","No","Adventure","Not Rated","Vampire Night Shift is a small adventure game about working the night shift at a convenience store.  Also, you are a vampire."
"Vattle Giuce","","NTSC-J","Japan","Information Global Service","Information Global Services, Inc.","1991-07-12","1","No","Shooter","Not Rated","Vattle Giuce is an Action game, published by IGS (Japan), which was released in Japan in 1991"
"Vegas Stakes","","Region Not Set","","Nintendo","HAL Laboratory","1995-12-01","1","No","Strategy","Not Rated","Risk it all in live casino action! Check into your favorite hotel, meet up with friends in the lobby, and you're ready to go!
Place your bets! Blackjack, Slots, Roulette, Craps and Seven Card Stud poker promise fame and fortune. Parlay your stakes into a serious bankroll and shoot for the $10 million goal!
Your companion will give you odds, advice and rules. Even beginners can master these realistic casino games. Put your money on the line and trust Lady Luck. It's an all-or-nothing ride to Vegas!"
"Versus Hero: Kakutou Ou e no Michi","Versus Hero: Road to the King Fight | バーサス ヒーロー ～ 格闘王への道 ～","NTSC-J","Japan","Banpresto Co., Ltd.","Banpresto","1992-08-07","2","No","Fighting","Not Rated","A fighting game featuring characters from the Ultraman, Gundam, and Kamen Rider franchises.  It's part of the Compati Heros series, a series of competitive games featuring those franchises that Banpresto published."
"Virtual Beemo","","Other","","","","1970-01-01","1","No","Life Simulation","Not Rated","Turn your Game Boy or Analogue Pocket into Adventure Time's lovable walking handheld console with Virtual BMO!"
"Volley Fire","","Region Not Set","","","Toei Animation","1990-01-01","1","No","Action | Shooter","","Players must shoot down opponents by precisely timing each shot so that it avoids rocks and other debris."
"Waifu Clicker","","Other","","itch corp","","2016-04-08","1","No","Unofficial","Not Rated","The Gameboy Clicker game that nobody ever even asked for! Created during GGJ16 In ~24 hours with mild panic everywhere around the theme of ""ritual"" heck, there's nothing more ritualistic than a clicker game, let's Gameboy it up. This was the sadly somewhat lacklustre result, but still, it IS a gameboy ROM I made so, here it is in all its glory. Kiss the waifus."
"Wandering Slime","","NTSC","","","","2024-09-22","1","No","Adventure | Role-Playing","Not Rated","Lured by a local legend, a brave little slime sets off into the Tower of Heroes, where the stories go that you can make your wishes come true when you reach the very top. 

However, it won't be an easy task. The tower is riddled with enemies, traps and puzzles to overcome. But nothing will stop the slime from fulfilling their dream: to become a true hero!"
"Wario Blast: Featuring Bomberman!","","NTSC-U","United States of America","Nintendo of America, Inc.","Hudson Soft","1994-11-15","1","No","Action","E - Everyone","Wario Blast: Featuring Bomberman! is a 1994 Game Boy video game developed by Hudson Soft and released by Nintendo of America in the USA on November 15, 1994.

OH NO! Wario has stumbled upon the secret gateway into Bomberland! Now the greedy warmonger wants to claim the land, its inhabitants, and treasures as his own. Entering the underground labyrinth, he meets the resistance of the Madbombers - explosives experts who have some TNT tricks and surprises to toss at Wario. The battle heats up as Wario and Bomberman each try to outwit the other, level by level in a dynamite duel!"
"Wario Land II","","NTSC","United States of America","Nintendo","Nintendo","1998-03-02","1","No","Action | Adventure","E - Everyone","What kind of no-good ruffians would break into my castle and steal my treasures?! It's that rotten Captain Syrup and that Black Sugar Gang! I'm looking out for bad guys and scavenging for coins as I track down my treasures. If I don't get them all the first time, that's OK. I can go back again and again until I find them all. Captain Syrup doesn't stand a chance against me!"
"Wario Land: Super Mario Land 3","","NTSC-U","United States of America","Nintendo of America, Inc.","Nintendo R&D1","1994-02-07","1","No","Platform","E - Everyone","Wario Land: Super Mario Land 3 is a 1994 Game Boy video game developed by Nintendo R&D1 and released by Nintendo of America in the USA on February 7, 1994.

Hey! Things are really cookin' on Kitchen Island! Wario's got a scheme to steal the pirates' treasure so he can have his very own castle! You help Wario get the treasure by smashing into the the magic pots! Each pot changes him into Dragon Wario, Bull Wario, or Jet Wario! With each change comes new powers!

Dozens of enemies try to stop Wario, but you have the power to beat them!

Be the bad guy!

Explore the many exciting levels of Kitchen Island!

Battery-backed memory saves your progress for many hours of fun!"
"Wario Land: Super Mario Land 3 [Player's Choice]","Wario Land 1","NTSC","","Nintendo","Nintendo Research & Development 1","1994-02-01","1","No","Action | Adventure | Platform | Family","E10+ - Everyone 10+","Desiring to replace or restore the castle he lost to his rival in Super Mario Land 2: 6 Golden Coins, Wario sets out to steal a golden statue of Princess Toadstool from the Brown Sugar Pirates and Captain Syrup, which he then intends to ransom for the money to buy his own castle. Along the way, he collects or steals any other coins and treasures he finds or knocks out of enemies. The game is spent by navigating a number of levels to reclaim his lost treasures, and has a significant level of re-playability due to the branched path that many of the levels take. In the end, Captain Syrup (revealed to be female, which was hidden in the instruction manual) is defeated while Wario ultimately gets anything from a birdhouse to an actual planet or moon for himself based on the amount of treasure collected as compensation for failing to steal the statue (due to Mario retrieving it by airlifting it)"
"Wario Land: Super Mario Land 3 Color Edition","Wario Land: Super Mario Land 3 DX | Wario Land Super Mario Land 3 Color Edition | Wario Land Super Mario Land 3 DX","Other","United States of America","","","2023-10-11","1","No","Action | Adventure | Platform","E - Everyone","The first entry in the Wario Land series has been colorised with this hack.

It doesn’t have the quality of the Mario Land color hacks, but it’s still better than the monochrome version.

It doesn’t run on a monochrome Game Boy, only on a Game Boy Color."
"Water World","","Region Not Set","","Ocean Software Ltd.","Power & Magic Development","1995-01-01","1","No","Action","E - Everyone","The sun. For millions of years the source of life. But for one planet the source of it's demise. The temperature climbed, the vast pools of ice at it's poles melted, and the oceans rose. Centuries later, few people remained on this planet, once called Earth. A lone mariner sails the expanse of water, trading to survive. For survival, is all these people do, in this place they know only as Waterworld."
"Wave Race","","NTSC","United States of America","Nintendo of America, Inc.","Nintendo EAD | 																Pax Softnica","1992-07-01","2","Yes","Racing","E - Everyone","Jump aboard your Personal Water Craft and hit the waves! Pick one of three versatile PWC's - the nimble 550cc, the speedy 650cc, or the high-powered 800cc National Class racer. Splash your way through 8 tracks in the racing circuit, or compete in 8 different breakneck slalom courses. Watch the spray fly as you leave your opponents swamped in your wake! Save your quickest lap and course times. Race to top your fastest speed, or challenge up to three of your friends with the Four Player Adapter and pour on the power!"
"Wayne's World","","Region Not Set","","THQ","Radical Entertainment Inc.","1993-11-01","1","No","Action","Not Rated","Are you ready for this? Number One of the Top Ten Most Bizarre Things to Happen This Year: Garth has been kidnapped! No way, you say? Hway!! It's the work of a most heinous goon - a pixelated purple putridosity called Zantar. And now you, Wayne Campbell, must heartily rescue your excellent sidekick from a fate most unbecoming!

Armed with you mighty guitar and the power to Schwing, you must brave the perils of Kramer's Music Store, Stan Mikita's Donut Shop, the Gaeworks nightclub and suburbia. There, you will spar with such dweeboids as monster bagpipes, accordions and kazoos (shyeah, rright!), spewing coffee cups and dangerous disco balls (as if!), hair-whipping headbangers and the strange Psycho Hose Beast (way!)"
"WCW: The Main Event","WCW The Main Event","Region Not Set","","FCI","Beam Software","1994-02-08","2","No","Fighting | Sports","Not Rated","WCW: The Main Event is a professional wrestling video game released in 1994 by FCI for the Nintendo Game Boy portable video game system. It was just the second video game based on World Championship Wrestling, and the first of two released to a handheld console.

Gameplay

There are two types of matches available: a set number of falls (best of one, three, or five) and a set time limit (five, ten, or fifteen minutes). Each wrestler has his unique special move along with punch, clothesline, bodyslam, suplex, dropkick, and cross body block. One can choose between a single match and an elimination match which runs the gauntlet of the remaining wrestlers.

Throwing one's opponent out of the ring is possible, as is fighting outside of the ring. There is no ten-count while both wrestlers are outside of the ring, but one will start after one enters.

These wrestlers used in the game were considered to be the top-ranked superstars of the WCW as of 1993. They were Rick Rude, Ron Simmons, Steve Austin, Sting, Dustin Rhodes, Johnny B. Badd, Big Van Vader and former tag team duo The Steiner Brothers (who had left for the WWF but still appeared in the game anyway)."
"We're Back!","Bamse | We're Back! A Dinosaur's Story","Region Not Set","","Hi-Tech Expressions, Inc.","Beam Software","1993-10-01","1","No","Platform","Not Rated","We're Back! is an action game, developed by Beam Software and published by Hi Tech Expressions, which was released in 1993."
"Wedding Peach: Jamapii Panic","ウェディングピーチ　～じゃ魔ピーパニック～","NTSC-J","Japan","KSS","Atelier Designs","1995-12-08","1","No","Puzzle","Not Rated","Jamapii Panic is a Puzzle game, developed by Atelier Double and published by KSS, which was released in Japan in 1995."
"Wheel of Fortune","","Region Not Set","","GameTek, Inc.","Data Design Interactive","1990-09-01","1","No","Puzzle","Not Rated","Bring Vanna White, fun puzzles, and the glittering sets of Wheel of Fortune into your home. Spin for fantastic prizes, solve the puzzles, and hear the studio audience go wild. Tackle 3,000 puzzles and beat the clock in exciting bonus rounds. Play against up to two other players, and then take a sample contestant exam for the actual show. See for yourself what it's like to be a contestant on Wheel of Fortune."
"Where is my body?","","NTSC","","","","2020-10-01","1","No","Adventure","Not Rated","""Where is My Body?"" is a unique adventure game that takes place in Dr. Pentagon's laboratory, where a disembodied hand has come to life and is searching for its body. You'll help the hand navigate through the laboratory, the metro, and the city, while solving puzzles and collecting objects to advance through the game's three chapters."
"Who Framed Roger Rabbit","","Region Not Set","","Capcom","Capcom","1991-11-01","1","No","Adventure","Not Rated","Who Framed Roger Rabbit is a 1991 overhead adventure game by Capcom for the Game Boy released in North America and Europe. Based on the 1988 film of the same title, it is one of the earliest games designed by Shinji Mikami."
"Wild Snake","WildSnake","Region Not Set","","Spectrum Holobyte, Inc.","Bullet-Proof Software, Inc.","1994-09-01","1","No","Puzzle","Not Rated","A deadly nest of snakes. And only you can keep them from getting out! Maneuver each new snake so it touches another of the same kind, making the venomous viper disappear. Sound easy? As long as you con keep matching up snakes, you're in control. But when those poisonous reptiles pile close to the top, you better run for your life!"
"Wink","","Other","","","","1970-01-01","1","No","Adventure","Not Rated","Explore a lush post-apocalyptic world while using your laser powers to help a broken robot recover all its pieces. 8 worlds filled with levels, secrets, and a huge map to explore.

Wink is taking inspiration from Gameboy classics like Super Mario Land 2 and Link’s Awakening, but doing its own little thing. It has been described as a “cross between Megaman and Kirby”. Regardless of the comparisons, Wink has its own personality and a crazy little world to explore all its own

Find yourself in the weird and cute post-apocalyptic world of The Outskirts while collecting coins and mysterious ancient treasures like floppy disks and cassette tapes"
"Winter Gold","Winter Olympic Games: Lillehammer '94","Region Not Set","","","","1994-01-01","1","No","Sports","","Winter sports game released in conjunction with '94 Winter Olympics in Lillehammer."
"Winter Olympic Games: Lillehammer '94","","Region Not Set","","U.S. Gold Ltd.","Unexpected Development","1994-01-01","4","No","Sports","Not Rated","Play the hottest game on ice and snow - Winter Olympic Games, the official licensed version of the 1994 Lillehammer Olympic Winter Games. Ten events with actual courses used in Lillehammer. Compete with 1 - 4 players, or challenge Olympic Game records. Sixteen countries to represent including Canada, United States, France and Japan. Eight languages including English, French, Spanish, German and Norwegian."
"Wishing Sarah","Dreaming Sarah | Dreaming Sarah (PTBR)","Other","","","","2020-05-12","1","No","Adventure","Not Rated","After being in a coma, Sarah finally wakes up to find something odd about the world the lives in. She can't seem to understand what's going on very well, and you must help her traverse this new world - filled with intriguing new characters and events."
"Wizard of Wor","","NTSC","","","","2021-12-15","1","No","Action","Not Rated","Trapped within the diabolical dungeon of the wicked Wizard, your elite squadron of Worriors must defeat his legion of weird Worlings! First come the fiendish Burwors. Then, the devilish Garwors and Thorwors, creatures who seem to vanish and reappear at will. If you're expert with your Laser Blaster you just might manage to stay alive long enough to get a shot at the winged Worluk and maybe even the Wizard himself! But beware, Worrior - his is a fight to the finish! Deeper and deeper into the Wizard's labyrinthine mazes you'll descend...into the Arena and maybe even the Worlord Dungeons! Prove yourself worthy of that honor and you may make it into the Pit, the Wizard's most deadly dungeon with no place to hide! Accept the challenge, Worrior, and let the battle begin!"
"Wizard Woes","","Other","","","","1970-01-01","1","No","Action | Platform","Not Rated","Taking after the classics, Wizard Woes is a brutally difficult (some may say unfair) action platformer where you take control of Wizard as she battles through the Woeful Tower. Use your magical abilities to fend off the various enemies in her wake. 

Wizard Woes combines tight difficult platforming (we promise all the jumps are possible), action packed combat, randomized levels, a dark aesthetic, and a thrilling soundtrack to create an adventure you wont want to miss. Wizard Woes features ""randomization""™ which will provide new challenges in every playthrough.

Generic Game Reviewer says, ""[Insert dark souls comparison here], a little something for everyone 8.5/10"""
"Wizardry Gaiden I: Joou no Junan","Wizardry Gaiden I: Suffering of the Queen | ウィザードリィ・外伝Ｉ: 女王の受難","NTSC-J","Japan","ASCII Corporation","ASCII Corporation","1991-10-01","1","No","Role-Playing","Not Rated","Wizardry Gaiden I: Suffering of the Queen (Japanese: ウィザードリィ・外伝Ｉ: 女王の受難, Uiza-dorii Gaiden I: Joou no Junan), published in 1991 by ASCII, was the first of the trilogy of Wizardry roleplaying games released for the original gray-scale Nintendo Gameboy portable video game system."
"Wizardry Gaiden II: Curse of the Ancient Emperor","Wizardry Gaiden II: Kodai Koutei no Noroi | ウィザードリィ・外伝II 古代皇帝の呪い","NTSC-J","Japan","ASCII Corporation","Sir-Tech Software, Inc.","1992-12-26","1","No","Role-Playing","Not Rated","Wizardry Side-Story II: Curse of the Ancient Emperor [Japanese: Uiza-dorii Gaiden II: Kodai Koutei no Noroi], published in 1992 by ASCII, was the second of the trilogy of Wizardry roleplaying games released for the original gray-scale Nintendo Gameboy portable video game system. ."
"Wizardry Gaiden III: Scripture of the Dark","Wizardry Gaiden III: Yami no Seiten | ウィザードリィ外伝Ⅲ　闇の聖典","NTSC-J","Japan","ASCII Corporation","Sir-Tech Software, Inc.","1993-09-25","1","No","Role-Playing","Not Rated","Wizardry Gaiden III: Scripture of the Dark is a Role-Playing game, developed by Sir-Tech Software Inc. and published by ASCII Corporation, which was released in Japan in 1993."
"Wizards & Warriors X: Fortress of Fear","Wizards & Warriors X: Fortress of Fear | Fortress of Fear: Wizards & Warriors X","Region Not Set","","Acclaim Entertainment, Inc.","Rare, Ltd.","1990-01-18","1","No","Action | Platform","Not Rated","The incredible saga of Wizards and Warriors continues. As Kuros you'll enter the dreaded Fortress of Fear in your pursuit of the Evil Wizard, Malkil. Hundreds of enemy encounters await you. Deadly bats and other flying beasts attack from above. Scorching fireballs and arrows speed toward you. And skin crawling spiders and undead skeletons appear from the darkness. Defeat them all! Only those with the blackest of hearts dwell among the 18 levels of challenging game play. But the rewards are great, riches beyond belief, keys to long lost treasure and magic spells and potions. And what better reward could you seek than a final encounter with the Evil Wizard Malkil himself? Beware, Kuros. Others have journeyed into the Fortress of Fear, but none have returned alive."
"Woolball's Backyard","","NTSC","","","","2019-06-08","1","No","Platform","Not Rated","Woolball the ram has lost their flock! Grab your Game Boy and help guide Woolball home."
"Word Zap","","Region Not Set","","Jaleco Ltd.","Realtime Associates, Inc.","1992-09-01","1","No","Puzzle","E - Everyone","WordZap is a puzzle video game designed by Michael F.C. Crick, son of scientist Francis Crick. In 1991, it was included with Volume 3 of the Microsoft Entertainment Pack and was later released by Jaleco for the Game Boy in 1992. An updated version for newer editions of Microsoft Windows is available on the game's official website as shareware. The game has been compared with Scrabble and Boggle; in WordZap players ""zap"" letters in order to make proper English words."
"Wordtris","","Region Not Set","","Spectrum Holobyte, Inc.","Realtime Associates, Inc.","1992-11-01","1","No","Puzzle","Not Rated","It's a New Word Order in video games as those Soviet Blocks fall again! Letter by letter, words fall together at your command. Horizontally. Vertically. Quickly. They clear. You score. The pace quickens. So does your mind - creating words you didn't even know existed! You await a letter for that Magic Word. (The one that scores big, then wipes the slate clean.) Suddenly, a Wild Card Block appears. You flip through the alphabet, drop that critical letter into place, and Ahhhh. You breathe again. And you are hooked - to the letter!"
"Wordyl","Wordyl (v1.0.3) (Aftermarket) (Homebrew) | GB-Wordyl","Other","","","","2022-02-17","1","No","Puzzle","Not Rated","A Wordle clone for the Nintendo Game Boy / Color and Analogue Pocket!

This is a re-written and greatly expanded fork (by me) of the original version by stacksmashing.

Playable online at: https://bbbbbr.itch.io/gb-wordyl

Available as a physical cartridge at Ferrante Crafts Etsy Store

It adds a full dictionary (versus the bloom filter), thousands more solution words, multiple dictionary languages, Game Boy Color support, and many other features."
"World Beach Volley","World Beach Volley: 1992 GB Cup","Region Not Set","","Taito Corporation","Graphic Research Co., Ltd.","1992-01-01","1","No","Sports","","World Beach Volley is a Sports game, developed by Graphic Research and published by IGS, which was released in Japan in 1991."
"World Beach Volley: 1991 GB Cup","","NTSC-J","Japan","Taito Corporation","Graphic Research Co., Ltd.","1991-12-13","2","Yes","Sports","Not Rated","No overview is currently available for this title, please feel free to add one."
"World Bowling","","Region Not Set","","Romstar Incorporated","Athena Co., Ltd.","1990-04-01","1","No","Sports","Not Rated","World Bowling is a sports game, developed and published by Athena, which was released in 1990."
"World Circuit Series","","Region Not Set","","Ultra Games","Konami","1992-03-01","1","No","Racing","Not Rated","World Circuit Series is a racing game, developed and published by Konami, which was released in Japan in 1991."
"World Cup 98","","Region Not Set","","THQ","EA Sports","1998-06-01","1","No","Sports","E - Everyone","World Cup 98 is created by the makers of the internationally-acclaimed FIFA Soccer series. World Cup 98 delivers all the action of the World Cup tournament in precise detail including all 32 teams and 10 World Cup stadiums."
"World Cup USA '94","","Region Not Set","","U.S. Gold Ltd.","Tiertex Design Studios","1994-07-29","1","No","Sports","","Realistic gameplay with over 15 different moves. Customize gameplay to suit your own soccer style using pre-match options. Over 3000 frames of animation."
"World Heroes 2 Jet","","Region Not Set","","TAKARA Co., Ltd.","Betop","1995-08-01","2","No","Fighting","","World Heroes 2 Jet, initially released in 1994, is the 3rd in the prolific fighting game series. Choose from 16 historical or well-known heroes, villains and fighters and battle your way to the top to become the world's greatest warrior! There are two types of modes in this version, ""Tournament of Titans Mode"", where you fight three bouts in one day, and if you are successful you move on to the next day, and ""World Heroes Training Mode"", where you can fight with any opponent. Furthermore, the addition of dash and back step, which were not in the previous version, as well as a countering system that ushers in a more speedy way of fighting, makes World Heroes 2 Jet even more enjoyable to play. There are also four competition types to choose from, allowing for even more in-depth battles."
"World Ice Hockey","ワールド・アイスホッケー","NTSC-J","Japan","Athena Co., Ltd.","Athena Co., Ltd.","1991-04-12","1","No","Sports","Not Rated","World Ice Hockey is a Sports game, published by Athena, which was released in Japan in 1991."
"Worm Visitor","","NTSC","China","Sachen","Sachen","1993-12-06","1","No","Action","Not Rated","A funny take on the Frogger style of games, get this worm across the very busy streets!"
"Worms","","Region Not Set","","Ocean Software Ltd.","Team17 Software Limited","1995-01-01","4","No","Action | Strategy","E - Everyone","Worms is a turn based game where a player controls a team of worms against other teams of worms that are controlled by a computer or human opponent. The aim is to use various weapons to kill the worms on the other teams and have the last surviving worm(s)."
"Wrath of Nightmare","","Other","","","","2020-09-15","1","No","Adventure | Puzzle","Not Rated","Wrath of Nightmare is an adventure-puzzle game for the original GameBoy and desktop developed by Jordan Allen. It tells the tale of an enkian named Orpheus who receives a vision from his god tasking him with putting an end to the murders in his village of Vandros. As Orpheus you must use your wits to find who is behind the killings and navigate your village and it's surrounding areas."
"Wrecking Balloon","","Other","","","","2021-01-01","1","No","Role-Playing | Platform","Not Rated","Play as an unlikely duo: an angry cactus strung to a happy balloon. Together, they embark on an epic adventure through the sky - popping any balloons in their way.

The game is a challenging autoscrolling shoot 'em up where you pop enemy balloons with your cactus and avoid getting popped yourself!"
"WWF King of the Ring","","Region Not Set","","LJN","Eastridge Technology","1993-09-01","2","No","Fighting | Sports","Not Rated","It's the event everyone's talking about - the King of the Ring - and now it's time to prove you're the best! It's a brutal, no-time-out elimination tournament for the wrestling crown!

-All-New King of the Ring Tournament
-10 of the hottest superstars
-Create your own wrestler with customized strength, speed & more
-Grueling One-on-One and Tag Team bouts

If you've got the guts... take the challenge.

If you've got the skill... TAKE THE CROWN!!

-DO YOU HAVE WHAT IT TAKES TO BE KING OF THE RING?!
-FLATTEN YOUR OPPONENT WITH PUNISHING DROP-KICKS!
-TAKE THE BATTLE OUTSIDE THE ROPES!
-LEAD YOUR TAG TEAM TO VICTORY!"
"WWF Raw","WWF Raw - Wrestling's Rudest and Roughest","Region Not Set","","Accolade, Inc.","Realtime Associates, Inc.","1994-12-22","4","No","Fighting | Sports","Not Rated","With WWF Raw, you can bring more than 35 WWF superstars into your living room. This game puts you inside the squared circle to compete against your favorite wrestlers in a variety of match types, including tag team, King of the Ring, and more. Each player has his or her own finishing moves, entrances, and entrance effects. Set up tournaments against the game's AI, or face off against three of your friends in multiplayer modes."
"WWF Superstars","","Region Not Set","","LJN","Rare, Ltd.","1991-04-19","2","No","Fighting | Sports","Not Rated","Step into the ring and experience all the bodyslamming action of WWF wrestling! Take on 5 of the most popular WWF Superstars-both in and out of the ring-with bone crunching moves like the piledriver suplex and the incredible flying dropkick."
"WWF Superstars 2","","Region Not Set","","LJN","Sculptured Software","1992-08-20","2","No","Fighting | Sports","","Crunching clotheslines, devastating dropkicks, backbreaking body slams steps through the ropes for all-new WWF action. Match your skills against 6 of the toughest WWF Superstars- in the air, in the ring or inside the steel cage! Use Game Link to lack up with a friend for the ultimate WWF wrestling challenge."
"WWF War Zone","","Region Not Set","","Acclaim Entertainment, Inc.","Probe Entertainment","1998-06-10","2","No","Sports","","ENTER THE WAR ZONE!

Over a dozen WWF Superstars: Stone Cold Steve Austin, Kane and The Undertaker, Shawn Michaels and more!

4 outrageous modes of play: Cage Match! Championship Challenge! VS. and Tag Team!

In and Out of the ring action: Over 40 moves per character! Signature and finishing moves! Feuds, grudge matches and personal vendettas!"
"X Ekkusu","エックス","NTSC-J","Japan","Nintendo","Nintendo","1992-05-29","1","No","Flight Simulator","Not Rated","X is a three-dimensional first-person shooter video game released for the Game Boy only in Japan on May 29, 1992. The game was developed and published by Nintendo, with assistance from Argonaut Software. X was followed by an internationally released DSiWare exclusive sequel, X-Scape, in 2010.


The game was influenced by the Starglider series, and was originally slated to be published by Mindscape as Eclipse or Lunar Chase, but Nintendo took over the project after becoming interested in the concept of having three-dimensional graphics on the Game Boy. Then Nintendo president Hiroshi Yamauchi renamed the game X, shortly before its release. The Japanese gaming magazine Famitsu listed X as one of the four most influential Game Boy games released, as it was the first 3D game released for a portable system in Japan.


The game takes place in a wireframe 3D view. The player controls the VIXIV to complete various missions assigned by the Training Academy Coach. Objectives can range from destroying enemy targets, escorting cargo, or defending bases. A short break is provided after the completion of each mission, and the player is awarded a number of stars based on their skill in each level. 10 small stars equal one regular star, and a certain number of stars are needed to continue the game after failing a mission. The game is completed by finishing all ten missions."
"Xenon 2","","Region Not Set","","Mindscape, Inc.","Teeny Weeny Games, Ltd.","1992-10-01","2","No","Action | Shooter","Not Rated","The Xenites are back and the very fabric of time is in danger. Five time bombs have been planted at various points throughout history. Only you can save the day, not to mention the universe! Featuring ground-breaking graphics, digitized Bomb the Bass soundtrack, 1 or 2 competitive player option, and 5 vertically-scrolling parallax levels."
"Yakuman","","NTSC-J","Japan","Nintendo","Intelligent Systems","1989-04-21","1","No","Party","E - Everyone","No overview is currently available for this title, please feel free to add one."
"Yakuza GB","","Other","","itch corp","","2024-05-06","1","No","Action | Adventure | Unofficial","Not Rated","Yakuza GB is a de-make of Yakuza / Like A Dragon specifically made to run on actual GameBoy hardware! Take on the role of the legendary Kazuma Kiryu and navigate through Kamurocho taking on anyone who dares to question you. Tired of brawling? Head to space in Ono Michio Space Defence; A short space shooter starring the beloved mascot."
"Year 2031","Year2031","Other","","","","2023-09-07","1","No","Adventure","T - Teen","The year 2021 started like every other year. Soon, messages about a new virus started coming.  It started on the other side of the world, but in a few months, the virus reached Europe. Soon, no one was safe.

Governments started closing their borders, closing factories, everything to stop the virus. People started losing their jobs and then their houses…the economy collapsed. That led to hunger, problems with food supplies appeared, and people started to rebel.

Then, all of society collapsed…

Discover the world 10 years later: A world full of new adventures, puzzles, and locations."
"Yogi Bear's Goldrush","Yogi Bear's Goldrush","Region Not Set","","GameTek, Inc.","Entertainment Int","1994-10-01","1","No","Platform","Not Rated","Yogi Bear's Goldrush is an Action game, developed by Entertainment Int and published by GameTek, which was released in 1994."
"Yoshi","","NTSC-U","United States of America","Nintendo of America, Inc.","Game Freak","1992-07-10","2","Yes","Puzzle","E - Everyone","Yoshi is a 1992 Game Boy video game developed by Game Freak and released by Nintendo of America in the USA on July 10, 1992.

In Yoshi, the player is tasked with clearing monsters from the on-screen playing field. The monsters fall in from the top of the screen to build vertical stacks; the player must prevent a stack from growing too high such that it exits the play field. In order to so, the player swaps and moves the stacks about such that falling monsters collide with identical monsters stationed atop the stacks, causing them to be removed from play."
"Yoshi no PanePon","ヨッシーのパネポン","NTSC-J","Japan","Nintendo","Intelligent Systems","1996-10-26","1","Yes","Puzzle","Not Rated","Yoshi no Panepon (ヨッシーのパネポン, Yoshi no Panepon) also known as Tetris Attack outside of Japan is essentially a watered-down port of its 16-bit counterpart of the same name. This is the 2nd Panel de Pon game in the series to be released in most regions, while in Japan this is the 1st game in the Panepon series under the Panepon name."
"Yoshi's Cookie","","NTSC-U","United States of America","Nintendo of America, Inc.","Tose Co., Ltd.","1993-04-01","2","Yes","Puzzle","E - Everyone","Yoshi's Cookie is a 1993 Game Boy video game developed by Tose and released by Nintendo of America in the USA on April 1, 1993.

Cookie chaos for Mario and Yoshi! Mario and Yoshi are filling in at the Cookie Factory and they need your help! Fresh baked cookies roll out of the ovens. It's up to Mario to sort and stack 'em before they pile too high! Line up a row of the same kind of cookies either vertically or horizontally, and they vanish! Clear the screens to move on to a new level of cookie chaos. Yoshi appears from time to time to stir things up. Play for a high score or head-to-head against a friend. The mouth-watering madness doesn't let up! And be sure to keep some cookies close by, 'cause you'll get the munchies during this lip-smacking good time!"
"You Are a Skeleton & That Is a Problem","","Other","","","","2022-12-03","1","No","Life Simulation | Unofficial","T - Teen","What if you only had 7 days to make a video game and you decided to make a point & click text adventure for Game Boy using GB Studio, fully typeset on a typewriter, and with no second draft. All improvised, so you end up writing about taking over hell and fighting god. Wouldn't that be f*cked up?"
"Yu Yu Hakusho Dai-Ni-Dan: Ankoku Bujutsu Kai Hen","幽遊白書　暗黒武術会編","NTSC-J","Japan","Tomy","","1993-12-10","1","No","Fighting","Not Rated","Yuu Yuu Hakusho Dai-Ni-Tama is an Action game, published by Tomy Corporation, which was released in Japan in 1993."
"Yu Yu Hakusho Dai-Yon-Dan: Makai Toitsu Hen","幽遊白書　第４弾　魔界統一編","NTSC-J","Japan","Tomy","","1994-12-09","1","No","Fighting","Not Rated","Yuu Yuu Hakusho Dai 4 Tama: Makai Touitsu is an Action game, published by Tomy Corporation, which was released in Japan in 1994."
"Yu-Gi-Oh! Duel Monsters","遊戯王 デュエルモンスターズ | Yūgiō De~yueru Monsutāzu","NTSC-J","Japan","Konami","Konami","1998-12-16","1","No","Strategy","Not Rated","Yu-Gi-Oh! Duel Monsters is the second Yu-Gi-Oh! video game, following Yu-Gi-Oh! Monster Capsule: Breed and Battle. It is the first game in the Duel Monsters series and the only Yu-Gi-Oh! game released for the Game Boy. It was published in Japan by Konami on December 16, 1998."
"Yuu Yuu Hakusho","幽遊白書","NTSC-J","Japan","Tomy","","1993-07-23","1","No","Action","Not Rated","Yuu Yuu Hakusho is an Action game, developed and published by Tomy Corporation, which was released in Japan in 1993."
"Yuu Yuu Hakusho Dai-San-Tama","幽☆遊☆白書　第３弾　魔界の扉編","NTSC-J","Japan","Tomy","TOMY","1994-06-03","1","No","Action","Not Rated","Yuu Yuu Hakusho Dai-San-Tama is an Action game, published by Tomy Corporation, which was released in Japan in 1994."
"Yuuto Ichika Makes Friends","","Other","","itch corp","","2019-04-29","1","No","Adventure | Role-Playing","Not Rated","The bootleg 2hu Yuuto Ichika is back to make some new friends!

This Game Boy homebrew is available to be played on emulators, such as Visual Boy Advance, and real hardware. Explore a town full of thugs and befriend all sorts of criminals and crazy people. Discover what happens after the events of Super Ledgehop: Double Laser before its proper follow-up game get released.

This one week project was developed with GB Studio."
"Yvonne goes to carbonic","","Other","","","","2024-03-08","1","No","Adventure","Not Rated","You play as Yvonne, an emotionful monkey who really wants a matcha latte. Explore the the area and maybe you will make friends along the way? Make sure to interact with everything you see! After your first play through, start a new game. Who knows, maybe something will surprise you?"
"Zagan Warrior","","NTSC","","","","2023-01-07","1","No","Shooter","Not Rated","Accelerate until you are given the green light to fire. Destroy the Tycons and their Mother Ship. Dodge the crystals - they wreak havoc on your mega speed Zagan chaser. Fire, fire."
"Zelda no Densetsu: Yume wo Miru Shima","ゼルダの伝説　～ 夢をみる島 ～ | The Legend of Zelda: Link's Awakening","NTSC-J","Japan","Nintendo","Nintendo EAD","1993-06-06","1","No","Action | Adventure | Role-Playing | Puzzle","Not Rated","The Legend of Zelda: Link's Awakening[a] is a 1993 action-adventure game developed and published by Nintendo for the Game Boy. It is the fourth installment in the Legend of Zelda series and the first for a handheld game console. Link's Awakening is one of the few Zelda games not to take place in the land of Hyrule, and it does not feature Princess Zelda or the Triforce relic. Instead, protagonist Link begins the game stranded on Koholint Island, a place guarded by a whale-like deity called the Wind Fish. Assuming the role of Link, the player fights monsters and solves puzzles while searching for eight musical instruments that will awaken the sleeping Wind Fish and allow him to escape from the island."
"Zelda's Adventure","Zelda's Adventure (World) (v1.3.0) (Aftermarket) (Unl)","NTSC-U","United States of America","itch corp","","2020-07-12","1","No","Action | Adventure | Role-Playing | Unofficial","Not Rated","It is the Age of Darkness.

The evil Ganon has captured the young hero Link. Only Princess Zelda can rescue him. Her journey will be difficult, filled with many challenges and mysteries. Armed only with the advice of the wise court astronomer Gaspra, and the guidance of Shurmak, Zelda must set out on her journey deep into the uncharted southeastern region of Hyrule, known as Tolemac.

Before she begins, Gaspra warns her that the only way to save Link is to collect the seven Celestial Signs that Ganon has stolen, and that she must overcome one final obstacle: Ganon himself. Once she succeeds, she gains the knowledge and strength to rescue Link and brings the magical land of Hyrule into the Age of Lightness."
"Zen-Nippon Pro Wrestling Jet","全日本プロレス　ジェット","NTSC-J","Japan","NCS Corporation","Geo Factory","1994-07-15","1","No","Action | Sports","Not Rated","The fan favorite Super Famicom title has come to the Game Boy! The largest roster and move list ever on a handheld, All Japan Pro Wrestling Jet has all the action the Game Boy can handle!"
"Zen: Intergalactic Ninja","","Region Not Set","","Konami","Konami","1993-01-01","1","No","Platform","","LORD CONTAMINOUS MUST BE STOPPED BEFORE EARTH IS TRASHED! Zen's the name. Intergalactic-for-hire, fulfilling his destiny by taking on the toughest environmental problems in the cosmos. Today this master of martial arts and mediation faces his ultimate cause. Planet Earth is teetering on the brink of total destruction. It was a nice place until Lord Contaminous came to life in an illegal toxic waste dump he's bent on turning the entire planet into a contaminated carnival of horrors, He's enlisted the help of his crud-loving cronies Oil Stick, Smogger, and Garbageman. Zen needs your help to conquer each pollution-powered creature and ultimately take on Lord Contaminous it Earth is ever to be restored to ecological harmony."
"Zettai Muteki Raijin-Oh","絶対無敵ライジンオー","NTSC-J","Japan","Tomy","TOMY","1991-12-28","1","No","Action","Not Rated","First, The Evil Jark Empire attacked from the Fifth Dimension, then their huge secret weapon “Arkdarma” began to attack humans… The world is in a sad state of affairs indeed. Lucky Reijin-Oh is here to save the day!

This game is a one on one mecha fighter, much like Ultraman, etc. You control a giant robot straight out of a japanese B movie and engage 8 equally giant creatures of darkness in mortal combat. You have an attack and jump button, but if you only rely on the standard punch you start with you’re asking to be mauled. You can punch your opponent all day and you’ll never get it below 3 or 4 life bars. The secret lies with the Select button, which will bring you to a menu with three options: Weapon, Body, and Combine."
"Zipball","","Other","","Sachen","","1993-12-31","1","No","Action","Not Rated","Zipball is an Action game, developed and published by Sachen, which was released in Asia in 1993."
"Zoids Densetsu","ZOIDS ゾイド伝説","NTSC-J","Japan","Tomy","Nova Co., Ltd.","1990-06-15","1","No","Action","Not Rated","Zoids Densetsu is an Action game, developed by Nova Games Ltd. and published by Tomy Corporation, which was released in Japan in 1990."
"Zool","Zool: Ninja of the","Region Not Set","","GameTek, Inc.","Gremlin Graphics","1993-01-01","1","No","Platform","Not Rated","Once every year, the games world is rocked by a game so stunning, so fast, so colorful, so big, so demanding, so mega, so awesome, so varied , so incredible, and so full of fabulous features and unexpected treats, that everybody just looks at it and says ""THAT'S IT!"" This year, ZOOL, THE NINJA FROM THE Nth DIMENSION, is definitely ""IT!"""
"Zoop","","Region Not Set","","Viacom New Media","Hookstone Ltd.","1995-11-05","1","No","Puzzle","Not Rated","Level after level of brain-burning action coming at you from all sides, faster and faster until your thumbs are numb, your eyes are aching and your mind is molten. Scorching four-way action attacks you from all sides. Ninety-nine levels of intense, non-stop action shatters even the calmest of nerves! Intensifying gameplay demanding expert strategic thinking."
"МИР","Mup","NTSC","","","","2021-01-01","1","No","Music","E - Everyone","This gameboy music ROM for free, because ""МИР"" shouldn't have any price. 

Wish you all peace and love! 

Take care of yourself and loved ones.

Stay human no matter the circumstances.

P.S. Peace, МИР"
"&quot;Digital Monster&quot; Ver. GBs [Kunemon Edition]","","Other","","Unknown","?","2022-02-03","1","No","Life Simulation","Not Rated","&quot;Digital Monster&quot; Ver. GBs (Kunemon Edition) is a recreation of the Original Digital Monster virtual pet, adapted for the Nintendo Gameboy. ESRB Rating: Not Rated Genre(s): Life Simulation"
"A Cat &amp; His Boy","","Other","","","","1970-01-01","1","No","Adventure","Not Rated","A Cat &amp; His Boy is a short heartwarming narrative adventure for the Gameboy. Can you as the mischievous cat named Midnight help your hooman friend Leif through a difficult time in his life? Use all your cat like reflexes to help lift Leif&#039;s mood and find value in himself again! ESRB Rating: Not Rated Genre(s): Adventure"
"A Crow&#039;s Life","","Other","","Self-Published","","2023-10-26","1","No","Action","Not Rated","A Crows Life is a side scrolling pixel art game where the player controls a crow that must avoid hooks that scroll across the screen. The game has an easy and hard mode, so that casual and more experienced players can try a different pace at the game. The game is designed for the Game Boy and is available for download in ROM format to be used with an emulator. Physical copies of the device can be obtained by emailing or messaging the developer at zrabatah@gmail.com. You can also visit zrabatah.com for other games and programs offered from the developer. Trailer: YouTube ESRB Rating: Not Rated Genre(s): Action"
"Astérix &amp; Obélix","Asterix & Obelix Caesar has erected a new barricade around the village of the indomitable gauls, to keep them trapped inside. Join Asterix and Obelix and travel across the Roman Empire. Here you will enter a bullfight, participate in a rugby match, and even take part in the Olympic Games. Bring a souvenir from each country you visit, in order to prove to Caesar that the Gauls are the strongest heroes.","PAL-B","Germany","Infogrames Entertainment","Bit Managers","1995-08-17","1","No","Platform","Not Rated","Caesar has erected a new barricade around the village of the indomitable gauls, to keep them trapped inside. Join Asterix and Obelix and travel across the Roman Empire. Here you will enter a bullfight, participate in a rugby match, and even take part in the Olympic Games. Bring a souvenir from each country you visit, in order to prove to Caesar that the Gauls are the strongest heroes. ESRB Rating: Not Rated Genre(s): Platform"
"Atop the Witch&#039;s Tower GB","","Other","","","","2022-08-21","1","No","Adventure | Puzzle","Not Rated","Atop The Witch&#039;s Tower is a game about sacrificing a princess and the anxiety over performing the ritual for the very first time. ESRB Rating: Not Rated Genre(s): Adventure | Puzzle"
"Bat-Son&#039;s Nightmare","","NTSC","","","","2026-03-14","1","No","Adventure | Platform | Horror","Not Rated","Bat-Son is finally getting his own game! What? Nobody asked for that? Well... here it is anyway. Prepare to explore a dungeon where danger isn&#039;t just a probability - it&#039;s a guarantee. Can you navigate Bat-Son to safety and unlock the final gate, or will you succumb to death time and time again, forever leaving the mysteries of the nightmare unsolved? WELCOME TO BAT-SON&#039;S BRAIN. This demo can be played freely in the Itch browser on desktop or mobile. It is also available to download for use with any Game Boy hardware or Analogue Pocket. Use the arrow keys to move, the Z key to jump, and the X key to interact. Enter and Select open the menu and statistics screens, respectively. Trailer: YouTube ESRB Rating: Not Rated Genre(s): Adventure | Platform | Horror"
"Battletoads &amp; Double Dragon","Battletoads-Double Dragon | Battletoads and Double Dragon: The Ultimate Team The Ultimate Team! When a battle cruiser the size of a city and called the Colossus smashes out of the moon, its laser cannon glowing menacingly, you can bet it ain’t gonna be makin’ no social calls… You can bet it’s gonna be creating some bad n’ crazy mayhem on good ol’ planet Earth- ‘specially when you know that the dreaded Dark Queen and the shady Shadow Boss are on board just rarin’ to rock n’ roll… The dastardly duo are about to unleash their most monstrous plan yet- from their secret lunar base they intend to launch an invasion that’ll make them master of the world… Neutralized by deadly glooming rays, Earth’s forces are powerless… that is until the Dragons join the ‘Toads! Take a toadacious trip with the dream ticket as those terrific twins Billy and Jimmy Lee team up with Zitz, Rash and Pimple against the combined might of the gruesome twosome and their mindless minions, Big Blag, Abobo, Robo-Manus and Roper, in a toadally terminal new adventure! So let’s get mad, bad n’ crazy once again as the BATTLETOADS join DOUBLE DRAGON in THE ULTIMATE TEAM!","NTSC","","Tradewest, Inc.","Rare, Ltd.","1993-12-31","1","No","Fighting | Platform","E - Everyone","The Ultimate Team! When a battle cruiser the size of a city and called the Colossus smashes out of the moon, its laser cannon glowing menacingly, you can bet it ain’t gonna be makin’ no social calls… You can bet it’s gonna be creating some bad n’ crazy mayhem on good ol’ planet Earth- ‘specially when you know that the dreaded Dark Queen and the shady Shadow Boss are on board just rarin’ to rock n’ roll… The dastardly duo are about to unleash their most monstrous plan yet- from their secret lunar base they intend to launch an invasion that’ll make them master of the world… Neutralized by deadly glooming rays, Earth’s forces are powerless… that is until the Dragons join the ‘Toads! Take a toadacious trip with the dream ticket as those terrific twins Billy and Jimmy Lee team up with Zitz, Rash and Pimple against the combined might of the gruesome twosome and their mindless minions, Big Blag, Abobo, Robo-Manus and Roper, in a toadally terminal new adventure! So let’s get mad, bad n’ crazy once again as the BATTLETOADS join DOUBLE DRAGON in THE ULTIMATE TEAM! ESRB Rating: E - Everyone Genre(s): Fighting | Platform"
"Battletoads in Ragnarok&#039;s World","","NTSC","United States of America","Tradewest, Inc.","Rare, Ltd.","1993-06-01","1","No","Fighting | Platform","E10+ - Everyone 10+","Okay &#039;toads! Let&#039;s get EVEN! When the evil Dark Queen kidnaps both your best buddy and the best looking girl this side of the Mazallion Star Cluster -what are you gonna do about it? Are you gonna cry? Hide? Call the Starcops? No way! Because you&#039;re a BATTLETOAD and BATTLETOADS don&#039;t cry, hide, or call for help. BATTLETOADS get real MAD-and then they get EVEN! So, strap on your Blaster, power-up the Toadster and get on downt o the Dark Queen&#039;s planet - but, watch out &#039;toad - this lady&#039;s bad, and she&#039;s got a whole mess of really nasty surprises lined up for you - like the Psyko Pigs, the Mutant Ratpack, Robo-Manus and the Saturn Toadtrap, to name but a few. You&#039;re gonna need all your fighting skills to defeat her - the Battletoad Butt, the Big Bad Boot and the Nuclear Knuckles. Hey, and don&#039;t forget to take along the Jet Turbo, the Space Board and the Speed Bike. Because you&#039;re gonna need &#039;em all, &#039;toad, if you&#039;re gonna rescue your friends and get the frog outta there with your green skin intact! ESRB Rating: E10+ - Everyone 10+ Genre(s): Fighting | Platform"
"Battletoads &amp; Double Dragon [Collector’s Edition]","","NTSC","United States of America","Arc System Works Co., Ltd. | Limited Run Games","Rare, Ltd.","2025-10-24","1","No","Fighting | Platform","Not Rated","Lead the Double Dragons Billy and Jimmy Lee as they team up with Zitz, Pimple, and Rash against the gruesome twosome. The Ultimate Team of ‘Toads and Dragons leaps onto the portable screen to bring down the Dark Queen and the Shadow Boss. Lead the Double Dragons Billy and Jimmy Lee as they team up with Zitz, Pimple, and Rash against the gruesome twosome. The crossover brings this iconic team together to fi ght Big Blag, Abobo, Robo-Manus, and more in this toadally epic adventure! Battletoads &amp; Double Dragon Collector’s Edition includes: Ultimate Team Green cartridge for Game Boy® Numbered hardcover magnetic cartridge packaging Detailed instruction manual Trailer: YouTube ESRB Rating: Not Rated Genre(s): Fighting | Platform"
"Bill &amp; Ted's Excellent Game Boy Adventure","","Region Not Set","","LJN","Beam Software","1991-08-01","1","No","Action | Puzzle","","DeNomolos has hatched another plan to alter history in his favor. He has stolen special orbs called Time Fragments and scattered them all across time. Now Bill and Ted must travel across time to retrieve the time fragments to prevent the future from altering. But it won't be easy for the San Dimas duo. As DeNomolos has the aid of the evil robot Bill and Ted, plus he has brainwashed Death and some historical figures to stop them along the way. Each level takes place on a single screen. Players must collect scattered time fragments while jumping platforms, climbing ladders or ropes, and avoiding enemies. Because this is a Game Boy game, all sprites are very simplistic as both Bill and Ted have almost identical game sprites. In addition, enemies are only differentiated by their actions. Genre(s): Action | Puzzle"
"Block Droppin&#039;","","Other","","Self-Published","","2024-04-05","1","No","Puzzle","Not Rated Genre(s): Puzzle","Block Droppin’ is a fast-paced puzzle game to train your brain and test your reflexes: swap blocks to match three or more blocks of the same type, and use special blocks like bombs to your advantage. Block Droppin’ takes quick wits and concentration, so make sure your block-swapping skills are up to the task! The game comprises two playing modes, Arcade and Puzzle, each with its own unique challenges and rewards. That&#039;s it. Go play. Trailer: YouTube ESRB Rating: Not Rated Genre(s): Puzzle ESRB Rating: Not Rated Genre(s): Puzzle"
"Borbo&#039;s Quest","","NTSC","","","","2020-12-20","1","No","Adventure | Puzzle","Not Rated","Borbo&#039;s Quest is a short adventure game in which you play as Borbo, a 10 year-old kid set on a quest to retrieve their stolen birthday cake. Journey through a charming puzzle-filled world to track down Nasty Cake Jake and retrieve your precious cake. ESRB Rating: Not Rated Genre(s): Adventure | Puzzle"
"Castlevania II: Belmont&#039;s Revenge","","NTSC","United States of America","Konami","Konami","1991-08-09","1","No","Platform","E - Everyone","Castlevania II: Belmont&#039;s Revenge is a 1991 Game Boy video game developed by Konami and released by Konami Inc. in the USA on August 9, 1991. Fifteen years after vanquishing the emperor of evil, Count Dracula, Christopher Belmont now faces a vampire swearing vengeance. Drac&#039;s back. And he&#039;s turned your son, Soleil Belmont, into a deadly demon to do his dirty deeds. Now not only do you have to rescue your kid from the Count&#039;s clutches, you have to first track him down in four creep packed Castles. Fortunately, you posses weapons like armor piercing Battle Axes, beast burning Holy Water, and the Legendary Mystic Whip. And you can increase your arsenal with power up items like Crystal Balls, Hearts, and Candles. Strap on your shield and step into the shadows. That is, if you&#039;re prepared for the dwellers of darkness. Trailer: YouTube ESRB Rating: E - Everyone Genre(s): Platform"
"Choosin&#039; Pughs","","NTSC","","","","2025-07-25","1","No","Role-Playing","Not Rated","Have you ever met a pair of twins and thought, &quot;Man, how do I pick which one I want to date?&quot; Well, now you can! &quot;Choosin&#039; Pughs&quot; is a totally normal RPG about exactly that: deciding which twin you&#039;d like to date. Talk to each Pugh boy, find out his interests, and see which one is right for you. It&#039;s super easy and fun! And there&#039;s totally nothing lurking beneath the surface at all! Replays are encouraged, as there are multiple possible paths to take and endings to encounter. ESRB Rating: Not Rated Genre(s): Role-Playing"
"Choplifter II - Rescue &amp; Survive","Choplifter II The gameplay revolves around piloting a rescue helicopter into hostile territory and rescuing hostages. Enemies like birds, fighter jets, and even ammunition fired from various weapons can harm the player's helicopter. Saving more hostages than the scenario requires will allow players to collect extra points. However, losing a lot of hostage will lead to a loss of continues; regardles of how many lives the player has during that time. This is to simulate a mission failure and/or becoming a SNAFU.","Region Not Set","","Victor Interactive Software, Inc.","Beam Software","1991-09-30","1","No","Strategy | Shooter","E - Everyone","The gameplay revolves around piloting a rescue helicopter into hostile territory and rescuing hostages. Enemies like birds, fighter jets, and even ammunition fired from various weapons can harm the player's helicopter. Saving more hostages than the scenario requires will allow players to collect extra points. However, losing a lot of hostage will lead to a loss of continues; regardles of how many lives the player has during that time. This is to simulate a mission failure and/or becoming a SNAFU. ESRB Rating: E - Everyone Genre(s): Strategy | Shooter"
"Dagger&#039;s Last Testament","","NTSC","","","","2023-10-09","1","No","Adventure","Not Rated","A retired star pilot receives an unwelcome visit. ESRB Rating: Not Rated Genre(s): Adventure"
"Dante&#039;s Detour - Chapter 1","","NTSC","","","","2022-12-22","1","No","Adventure | Platform","Not Rated","Get ready to explore! Delve into the mysterious world of Dante&#039;s Detour. Follow a young dinosaur on his way to find a fallen star. You control Dante as he stumbles into a network of caves deep beneath his usual napping spot. Dante&#039;s Detour is an adventure platformer with many hazards and pitfalls. You have no choice but to descend into the unknown to find out just where the star went... Explore a fantastical world of environments and characters that guide you on your journey of curiosity! ESRB Rating: Not Rated Genre(s): Adventure | Platform"
"David Crane&#039;s The Rescue of Princess Blobette","A Boy and His Blob in The Rescue of Princess Blobette | David Crane's Rescue of Princess Blobette starring a Boy and his Blob | Fushigi na Blobby: Princess Blob wo Tsukue! | A Boy and His Blob 2 | David Crane's The Rescue of Princess Blobette starring a Boy and his Blob The Rescue of Princess Blobette tells the story of a young, male protagonist and his blob companion as they attempt to rescue the latter&#039;s girlfriend, the titular Princess Blobette. The damsel in distress has been imprisoned by the Antagonistic Alchemist within the highest tower of the Royal Castle on the planet Blobolinia. Like its predecessor, A Boy and His Blob: Trouble on Blobolonia, The Rescue of Princess Blobette is a puzzle-platformer in which the player directly controls the boy as he is followed around by the blob, who is controlled by the computer AI. The pair must navigate the various passages and floors of the castle to locate and free Blobette. The boy can only run back and forth, cannot jump or swim, and will die if he falls a long distance or comes in contact with dangerous objects such as flame throwers and sewer serpents. However, the blob can be made to turn into useful tools when he is fed jelly beans of various flavors. Each flavor causes a different transformation. For example, feeding the blob a tangerine jelly bean will change him into a trampoline, which the boy can then use to reach high platforms. The player may also locate extra jelly bean sacks and numerous, optional treasures. Finding five peppermints will increase the player&#039;s extra lives by one.","PAL","United Kingdom of Great Britain and Northern Ireland","Absolute Entertainment","Imagineering Inc.","1991-01-01","1","No","Platform","E - Everyone","The Rescue of Princess Blobette tells the story of a young, male protagonist and his blob companion as they attempt to rescue the latter&#039;s girlfriend, the titular Princess Blobette. The damsel in distress has been imprisoned by the Antagonistic Alchemist within the highest tower of the Royal Castle on the planet Blobolinia. Like its predecessor, A Boy and His Blob: Trouble on Blobolonia, The Rescue of Princess Blobette is a puzzle-platformer in which the player directly controls the boy as he is followed around by the blob, who is controlled by the computer AI. The pair must navigate the various passages and floors of the castle to locate and free Blobette. The boy can only run back and forth, cannot jump or swim, and will die if he falls a long distance or comes in contact with dangerous objects such as flame throwers and sewer serpents. However, the blob can be made to turn into useful tools when he is fed jelly beans of various flavors. Each flavor causes a different transformation. For example, feeding the blob a tangerine jelly bean will change him into a trampoline, which the boy can then use to reach high platforms. The player may also locate extra jelly bean sacks and numerous, optional treasures. Finding five peppermints will increase the player&#039;s extra lives by one. ESRB Rating: E - Everyone Genre(s): Platform"
"Dino&#039;s Offline Adventure","","Other","","itch corp","","2018-11-01","1","No","Platform","Not Rated","Dino&#039;s Offline Adventure is a port of the modern classic built into Chrome the web browser. ESRB Rating: Not Rated Genre(s): Platform"
"Disney&#039;s Darkwing Duck","","NTSC","","Capcom","Capcom","1993-02-23","1","No","Platform","Not Rated","The kingpins of crime are at it again! The mysterious criminal organization F.O.W.L. has hatched a plan to take control of the peaceful city of St. Canard. Six of their most heinous henchmen are running rampant through the city and only the daring Darkwing Duck can bring them to justice. Join Darkwing as he explores the woods to weed out Bushroot&#039;s evil plan. Search the warehouses along the wharf for Mega Volt and pull the plug on an electrifying scheme. Track down all six of F.O.W.L.&#039;s crafty criminals and then prepare yourself as Darkwing squares off against the sinister Steelbeak in his fiendish floating fortress! ESRB Rating: Not Rated Genre(s): Platform"
"Disney&#039;s Aladdin","","NTSC-U","United States of America","THQ","NMS Software","1995-10-01","1","No","Action | Platform","E - Everyone","Based on the 1992 animated Disney film. The player controls Aladdin, who must make his way through several levels based on locations from the movie: from the streets and rooftops of Agrabah, the Cave of Wonders and the Sultan&#039;s dungeon to the final confrontation in Grand Vizier Jafar&#039;s palace. The Sultan&#039;s guards and also animals of the desert want to hinder Aladdin in his way. He can defend himself with his sword or by throwing apples. Next to apples, Aladdin can also collect gems which can be traded for lives and continues with a traveling trader. Finding Genie or Abu icons enables bonus rounds. The Genie bonus round is a game of luck played for apples, gems or extra lives. In Abu&#039;s bonus round, the player controls the little monkey who has to catch bonus items that fall from the sky, but without touching any of the unwanted objects like rocks and pots. ESRB Rating: E - Everyone Genre(s): Action | Platform"
"Disney&#039;s DuckTales","Duck Tales DuckTales (わんぱくダック夢冒険 Wanpaku Dakku Yume Bōken, lit. &quot;Naughty Ducks Dream Adventures&quot;) is an action platformer video game developed and published by Capcom and based on the Disney animated TV series of the same name. It was first released in North America for the Nintendo Entertainment System in 1989 and was later ported to the Game Boy in 1990. The story involves Scrooge McDuck traveling around the globe collecting treasure and outwitting his rival Flintheart Glomgold to become the world&#039;s richest duck.","NTSC","","Nintendo","Capcom","1990-07-01","1","No","Action | Platform","Not Rated","DuckTales (わんぱくダック夢冒険 Wanpaku Dakku Yume Bōken, lit. &quot;Naughty Ducks Dream Adventures&quot;) is an action platformer video game developed and published by Capcom and based on the Disney animated TV series of the same name. It was first released in North America for the Nintendo Entertainment System in 1989 and was later ported to the Game Boy in 1990. The story involves Scrooge McDuck traveling around the globe collecting treasure and outwitting his rival Flintheart Glomgold to become the world&#039;s richest duck. ESRB Rating: Not Rated Genre(s): Action | Platform"
"Disney&#039;s DuckTales 2","Duck Tales 2 Huey runs to his uncle Scrooge McDuck with a torn piece of paper, which is actually a piece of a treasure map drawn by Fergus McDuck. Inspired to discover the hidden treasure left by Fergus, Scrooge starts an expedition to find the missing pieces, unaware that his rival Flintheart Glomgold is also after the lost treasure of McDuck.","NTSC","","Capcom","Capcom","1993-12-03","1","No","Platform","Not Rated","Huey runs to his uncle Scrooge McDuck with a torn piece of paper, which is actually a piece of a treasure map drawn by Fergus McDuck. Inspired to discover the hidden treasure left by Fergus, Scrooge starts an expedition to find the missing pieces, unaware that his rival Flintheart Glomgold is also after the lost treasure of McDuck. ESRB Rating: Not Rated Genre(s): Platform"
"Disney&#039;s Hercules","","NTSC","United States of America","THQ","Tiertex Design Studios","1997-07-01","1","No","Action | Platform","E - Everyone","You are Hercules... the strongest man on Earth. After learning of your true origins, you are informed by the mighty Zeus that no mortal may join the gods unless he has proven himself a hero. So, the adventure begins. Do what you must to pass each of your deadly tests, become a true hero and take your rightful place on Mt. Olympus! ESRB Rating: E - Everyone Genre(s): Action | Platform"
"Disney&#039;s Mulan","","NTSC","United States of America","THQ","Tiertex Design Studios","1998-10-01","1","No","Action","E - Everyone","Disney&#039;s Mulan is an Action game, developed by Tiertex Design Studios and published by THQ, which was released in 1998. ESRB Rating: E - Everyone Genre(s): Action"
"Disney&#039;s Pinocchio","","NTSC","United States of America","Black Pearl Software","NMS Software","1996-10-01","1","No","Action","E - Everyone","Journey through as Geppetto, the carpenter&#039;s live wooden puppet, Pinocchio, as he did in his Disney animated film - which itself was based on a children&#039;s novel. Have Pinocchio run, jump and twist-kick through all the familiar places, including the inside of a whale, and do good deeds enough to become the real human boy he&#039;s always wanted to be. ESRB Rating: E - Everyone Genre(s): Action"
"Disney&#039;s Pocahontas","","NTSC","United States of America","THQ","Black Pearl","1996-04-01","1","No","Platform","E - Everyone","Disney&#039;s Pocahontas is an Action game, developed by Black Pearl and published by THQ, which was released in 1996. ESRB Rating: E - Everyone Genre(s): Platform"
"Disney&#039;s TaleSpin","","NTSC","","Capcom","Dual","1992-12-01","1","No","Action","E - Everyone","Soar into the wild blue yonder with Kit and Baloo, your madcap buddies. Scramble to win the world&#039;s zaniest flying contest ever, in Higher for Hire&#039;s famous flying machine, the Sea Duck. The prize: a lucrative air-transport contract and glory for all! Fly in the face of adversity as you compete against Shere Khan. Fend off lowdown high-altitude strikes by Air Pirate Don Karnage. This airborne bully will stop at nothing to see you fail! You&#039;ve got non-stop ground action, too. Leap quagmires, ford rivers, and swing from vines through a treacherous jungle. So strap on your goggles, and hang on for dear life as you soar into the wildest adventure in aviation history! ESRB Rating: E - Everyone Genre(s): Action"
"Disney&#039;s The Jungle Book","","NTSC-U","United States of America","Virgin Interactive Entertainment, Inc.","Eurocom Entertainment Software","1994-08-01","1","No","Platform","E - Everyone","Get down to the bare necessities of life... and escort Mowgli through the jungle to the safety of the human village. Fight the boggle-eyed snake, Kaa, and defeat Shere Khan the hungry tiger in this exciting adventure based on Disney&#039;s classic! It&#039;ll drive you ape crazy! ESRB Rating: E - Everyone Genre(s): Platform"
"Disney&#039;s Toy Story","","NTSC","United States of America","Black Pearl Software | Disney Interactive","Tiertex Design Studios","1996-05-01","1","No","Platform","E - Everyone","Join your old friend Woody in this side-scrolling adventure to save the toys of Andy&#039;s house. Navigate through Sid&#039;s work shop and use your alien friends to free you from the claw. Fun for all ages. ESRB Rating: E - Everyone Genre(s): Platform"
"Doc Cosmos the saga begins","Doc Cosmos - The Saga Begins Doc Cosmos is on the search for a powerful alien device that is rumoured to be able to allow the user to time travel. He arrives on the alien planet to begin his quest to obtain the device but soon gets stuck in the underground complex. Use the device to switch between timelines to change Docs control scheme and alter the scenery in order to progress through the complex and find a way out. Search for keys to open the multitude of doors blocking Docs way. With your help Doc can get out with the device and begin his adventures in time!","Other","","","","1970-01-01","1","No","Adventure","Not Rated","Doc Cosmos is on the search for a powerful alien device that is rumoured to be able to allow the user to time travel. He arrives on the alien planet to begin his quest to obtain the device but soon gets stuck in the underground complex. Use the device to switch between timelines to change Docs control scheme and alter the scenery in order to progress through the complex and find a way out. Search for keys to open the multitude of doors blocking Docs way. With your help Doc can get out with the device and begin his adventures in time! ESRB Rating: Not Rated Genre(s): Adventure"
"Dog&#039;s Muck Island","Dog's Muck Island (World) (Aftermarket) (Unl) Dog&#039;s Muck Island is a short Gameboy game inspired by Link&#039;s Awakening&#039;s fetch quest.","Other","","","","2021-08-20","1","No","Adventure","Not Rated","Dog&#039;s Muck Island is a short Gameboy game inspired by Link&#039;s Awakening&#039;s fetch quest. ESRB Rating: Not Rated Genre(s): Adventure"
"Don&#039;t Call Me Mama But Yes I Am Your Mama","","Other","","itch corp","","2019-10-03","1","No","Adventure | Unofficial","Not Rated","Don&#039;t Call Me Mama But Yes I Am Your Mama is the ugly adventure of a Genomster engineer doing her best to create a strong creature for cool battles before her power gets shut off in five days. ESRB Rating: Not Rated Genre(s): Adventure | Unofficial"
"Donkey Kong [Player&#039;s Choice]","Game Boy Donkey Kong [Player's Choice] | Donkey Kong '94 [Player's Choice] Donkey Kong returns to Game Boy! This famous ape has kidnapped Pauline and climbed to the top of a perilous skyscraper. Challenged by many perils and unending puzzles, Mario must reach his arch rival. As he makes his way Mario will need to gather disappearing keys to unlock doors of hidden rooms. Donkey Kong devises evil tricks to confuse and trap him. Our heroic plumber has his hands full this time!","NTSC","","Nintendo","Nintendo","1994-06-01","1","No","Puzzle | Platform","Not Rated","Donkey Kong returns to Game Boy! This famous ape has kidnapped Pauline and climbed to the top of a perilous skyscraper. Challenged by many perils and unending puzzles, Mario must reach his arch rival. As he makes his way Mario will need to gather disappearing keys to unlock doors of hidden rooms. Donkey Kong devises evil tricks to confuse and trap him. Our heroic plumber has his hands full this time! Trailer: YouTube ESRB Rating: Not Rated Genre(s): Puzzle | Platform"
"Donkey Kong Land [Player&#039;s Choice]","","NTSC","United States of America","Nintendo","Rare, Ltd.","1995-07-26","1","No","Action | Adventure | Platform","E - Everyone","Donkey Kong Land is a Jump &amp; Run classic, developed by RareWare and released by Nintendo for the Game Boy in June 1995. Cranky Kong, jealous of all the success Donkey Kong and Diddy Kong have had from Donkey Kong Country on the SNES, challenges the Kongs to beat another adventure on an 8-bit system (Game Boy). As King K. Rool agrees with Cranky and steals the bananas again, Donkey &amp; Diddy Kong set out to go through another adventure! ESRB Rating: E - Everyone Genre(s): Action | Adventure | Platform"
"Donkey Kong Land 2 [Player&#039;s Choice]","","NTSC","United States of America","Nintendo","Rare, Ltd.","1996-09-23","1","No","Action | Adventure","E - Everyone","Donkey Kong Land 2 is the first sequel to Donkey Kong Land for the Nintendo Game Boy and was released in 1996. The story mainly complies to its SNES counterpart; K. Rool kidnapped Donkey Kong, demanding the entire Banana Hoard as ransom, so it&#039;s up to Diddy Kong and Dixie Kong to rescue their kidnapped pal. A wild assortment of friendly animals like Rambi the Rhino, Squitter the Spider, Squawks the Parrot, Rattly the Rattlesnake and Enguarde the Swordfish help the two little monkeys in their adventurous mission. Each exciting level is filled with special traps, hidden items and dastardly Kremlings! Prepare yourself for the biggest Game Boy adventure yet! ESRB Rating: E - Everyone Genre(s): Action | Adventure"
"Donkey Kong Land: Diddy&#039;s Kong Quest","Donkey Kong Land 2 | ドンキーコングランド Japanese version of Donkey Kong Land 2.","NTSC-J","Japan","Nintendo","Rare, Ltd.","1996-11-23","1","No","Adventure | Platform","Not Rated","Japanese version of Donkey Kong Land 2. ESRB Rating: Not Rated Genre(s): Adventure | Platform"
"Fishin&#039; for Average Caucasian Boyfriends","","NTSC","","","","2024-03-08","1","No","Life Simulation","Not Rated","Go fishin&#039; in this semi-autobiographical Game Boy game about expectations, queerness, and the possibility of dreaming bigger. Based on a true conversation the artist had with her mom at a seafood restaurant, the game allows players to make the choice to fish–or not... What if we refuse to play the game? ESRB Rating: Not Rated Genre(s): Life Simulation"
"Flashin&#039;","","NTSC","","","","2021-05-08","1","No","Platform","M - Mature 17+","It was a nice warm spring day, the light breeze felt good on your exposed skin, and thanks to losing that bet with your college girlfriends, there is a lot of exposed skin! Now armed with only a cheap trench coat hastily bought from a nearby thrift store, you are tasked with one goal: Make it across town in you undressed state and don&#039;t get caught! Hop, skip, and jump your way through 7 amazing levels, from the campus to the beaches, the shopping mall, and more. Flash and streak past as many people as you can as you strive to achieve a perfect score. The Man getting you down? Draining your health? feel free to grab some water or an energy drink at one of the many vending machines scattered about the city, or stop into a Pulsar Burger and grab one of their Double D-lite burgers to really fill you up. No shoes - no shirt - no service need not apply. ESRB Rating: M - Mature 17+ Genre(s): Platform"
"Fly O&#039;Clock","","NTSC","","","","2023-08-18","1","No","Action","Not Rated","Fly O’Clock is tiny, highly-addictive single arcade endless jumper with one-touch mechanics and unique GameBoy graphics. The faster you play the more you risk and as you know: no risk no fun. ESRB Rating: Not Rated Genre(s): Action"
"Foal&#039;s Creek","","NTSC","","","?","2023-10-21","1","No","Adventure | Unofficial","M - Mature 17+","People are going missing in Foal‘s Creek, a small settlement deep in the late 1880’s American West. Foal’s Creek may seem like a happy, sleepy town, but there is an evil that lurks below the surface. ESRB Rating: M - Mature 17+ Genre(s): Adventure | Unofficial"
"Flying Arrows 2: The Healer&#039;s Journey","","PAL","Italy","","","2025-04-01","1","No","Action | Platform","E - Everyone","This is how it all continues. &quot;No more zoos!&quot; the black wolf exclaimed. Everyone knows that the Master of the Beasts has been defeated by the Archer in the legendary Colusseum Battle. Wild animals have been freed from their master by one of their human prisoners. A new balance between wild animals and humans has been finally established. Even if wild animals were wary of this new civilization, they all decided to work together in peace... or at least to try to. Next to the ExZoo Village there are now a forge, a hospital, a cemetery and a carpenter&#039;s shop. Former Veterinary &#039;Dessa the Healer freed some beasts in the Castle of Fear - right before the Colusseum Battle - and now she helps building the new community. &#039;Dessa, the mother of the Archer Hero, is resting out of the village, waiting for her son for the daily changing of the guard... when she gets some bad news. GameBoy players! This is the start of your new adventure!! Trailer: YouTube ESRB Rating: E - Everyone Genre(s): Action | Platform"
"Franky, Joe &amp; Dirk... On the Tiles","","Region Not Set","","Elite Systems Ltd.","Audio Visual Magic","1993-01-01","1","No","Puzzle","","The Joe and Mac, Dragon's Lair and Dr. Franken franchises combine in this tile sliding puzzle game. A rather bizarre concept given the source material but does the gameplay stand on its own merits? Genre(s): Puzzle"
"Fydo&#039;s Magic Tiles","","Other","","","","2022-09-01","1","No","Puzzle","Not Rated","Fydo&#039;s Magic Tiles is a match-four action puzzle game for Game Boy and compatible systems! Match at least 4 tiles vertical or horizontal and clear them from the board. Pop magic bubbles with a match right next to them. Match 6 or more to start a combo, and keep matching to get bonus stars! Find and unlock all 17 Star Tiles to complete the game! ESRB Rating: Not Rated Genre(s): Puzzle"
"Galaga &amp; Galaxian","ギャラガ&ギャラクシアン Galaga &amp; Galaxian (ギャラガ&amp;ギャラクシアン) is a 1995 video game compilation developed and published by Namco. It was released in North America by Nintendo as part of its Arcade Classic series, renaming it Arcade Classic Vol. 3: Galaga and Galaxian. It includes conversions of Galaxian (1979) and Galaga (1981), with both featuring support for the Super Game Boy peripheral for enhanced color and border backgrounds. The included port of Galaga was later re-released for Namco Gallery Vol. 1 and Galaxian in Namco Gallery Vol. 2, both released in 1996.","NTSC-J","Japan","Namco","Namco","1995-07-14","1","No","Shooter","Not Rated","Galaga &amp; Galaxian (ギャラガ&amp;ギャラクシアン) is a 1995 video game compilation developed and published by Namco. It was released in North America by Nintendo as part of its Arcade Classic series, renaming it Arcade Classic Vol. 3: Galaga and Galaxian. It includes conversions of Galaxian (1979) and Galaga (1981), with both featuring support for the Super Game Boy peripheral for enhanced color and border backgrounds. The included port of Galaga was later re-released for Namco Gallery Vol. 1 and Galaxian in Namco Gallery Vol. 2, both released in 1996. ESRB Rating: Not Rated Genre(s): Shooter"
"Game &amp; Watch Gallery","","NTSC-U","United States of America","Nintendo of America, Inc.","Nintendo R&amp;D1, TOSE","1997-05-01","1","No","Action","E - Everyone","Game &amp; Watch Gallery is a 1997 Game Boy video game developed by Nintendo R&amp;D1 and Tose and released by Nintendo of America in the USA on May 1, 1997. Original and updated versions of four Game &amp; Watch handheld games! Classic versions will take you back to the &#039;80s and a simpler time in video games. Modern versions feature your favorite characters and will bring you to the present with improved play control and sound effects. Enjoy four different games! -Manhole - Don&#039;t let pedestrians fall. -Fire - Rescue the jumpers. -Octopus - Retrieve the sunken treasure. -Oil Panic - Catch the dripping oil. -New Interrupt Save feature lets you stop and restart anytime! -Battery-backed memory saves all your scores! ESRB Rating: E - Everyone Genre(s): Action"
"Gargoyle&#039;s Quest II: The Demon Darkness","Gargoyle's Quest II - The Demon Darkness | Gargoyle's Quest II - The Demon Darkness (Japan) (En) (v1.0) (bailli) No overview is currently available for this title, please feel free to add one.","Other","","","","1970-01-01","1","No","Action","Not Rated","No overview is currently available for this title, please feel free to add one. ESRB Rating: Not Rated Genre(s): Action"
"Gargoyle&#039;s Quest","","NTSC-U","United States of America","Capcom USA, Inc.","Capcom","1990-07-01","1","No","Action | Adventure","E - Everyone","Gargoyle&#039;s Quest is a 1990 Game Boy video game developed by Capcom and released by Capcom USA in the USA on July 1, 1990. The game consists of two gameplay styles. One half has the player traverse an overhead view, either on the world map or in towns. This is broken up by the other type of content: individual, action-platforming levels that sometimes feature a boss at the end. While traversing in the sections with an overhead view, the player is able to talk with residential ghouls and, if outside a town, is susceptible to random battle encounters. The player then must defeat the enemies in order to return to the overhead-view map. While on the overhead map, the player occasionally comes across ghouls who want to fight Firebrand for various reasons. Firebrand can walk, jump (progressively higher with time), cling to walls using his claws, hover for a period (progressively longer with time), and fire offensive projectiles. The player starts with a weak projectile, but progressively gains new projectiles which grant more power and special abilities. Firebrand starts with two hit points, but gains more throughout the game based on items or blessings obtained; various enemies and objects drain different amounts of his health, represented by the hit points. Throughout the game, the player gains various items including passive ones that increase Firebrand&#039;s abilities outright. Eventually, Firebrand acquires an item that allows the player to hover without ever needing to rest on the ground. A healing vial can be used to restore health. Additionally, the offensive projectiles that are learned over time each have unique traits or specialized uses. The Blockbuster, for example, is more powerful than its predecessor and can destroy special walls blocking the player&#039;s path. Another projectile temporarily covers sharp vertical surfaces allowing Firebrand to reach higher locations. These abilities guarantee a use for such projectiles even after more powerful projectiles are obtained, and provide a depth of valid options for attacking foes. Projectiles can be selected from a drop-down, pause menu at any time, same as healing vials. ESRB Rating: E - Everyone Genre(s): Action | Adventure"
"Guns &amp; Riders","","Region Not Set","","","","2016-03-28","1","No","Action","E10+ - Everyone 10+","Guns &amp; Riders is a new Game Boy classic game in 2016! Developed by J.M. Climent (Kanfor). Protect people by eliminating bandits. Bang! Bang! Trailer: YouTube ESRB Rating: E10+ - Everyone 10+ Genre(s): Action"
"Hyper Black Bass &#039;95","","NTSC-J","Japan","Black Label Games","","1995-10-20","1","No","Sports","Not Rated","No overview is currently available for this title, please feel free to add one. ESRB Rating: Not Rated Genre(s): Sports"
"InfoGenius Productivity Pak: Frommer&#039;s Travel Guide","","NTSC-U","","GameTek, Inc.","NovaLogic, Inc.","1991-01-01","1","No","Productivity","Not Rated","InfoGenius Productivity Pak: Frommer&#039;s Travel Guide is a Miscellaneous game, developed by NovaLogic and published by GameTek, which was released in 1991. The perfect travel companion, the Travel Guide covers 15 of the most popular and most traveled cities in the U.S.; Atlanta - Boston - Chicago - Denver - Honolulu - Las Vegas - Los Angeles - Miami/Fort Lauderdale - New Orleans - New York - Orlando - San Francisco - Santa Fe - Seattle - Washington. Compiled from the famous bestselling Frommer&#039;s Guides, the most up-to-date and valuable visitor information has been formatted and organized for instant access and ease to use. Reliable and detailed, Frommer&#039;s reports on accommodations and restaurants are clear and concise, with full listings of sights, attractions, sports, shopping, culture, and nightlife. Also included aare informative introductions to each city to make the most out of your visit. ESRB Rating: Not Rated Genre(s): Productivity"
"Joe &amp; Mac","","Region Not Set","","Data East Corporation","Motivetime Ltd.","1991-12-31","1","No","Platform","","The objective of the game is to rescue group of girls who were kidnapped by a rival tribe of cavemen. The game features a health system by which the player loses health over a period of time, apart from during boss battles. Genre(s): Platform"
"John Madden Football &#039;93","John Madden Football A cancelled port of John Madden Football &#039;93. Announced in 1993 by Ubisoft.","NTSC","United States of America","Ubisoft","NMS Software","1993-11-23","1","No","Sports","Not Rated","A cancelled port of John Madden Football &#039;93. Announced in 1993 by Ubisoft. Trailer: YouTube ESRB Rating: Not Rated Genre(s): Sports"
"Joshua &amp; the Battle of Jericho","","Region Not Set","","Wisdom Tree, Inc.","Wisdom Tree, Inc","1992-01-01","1","No","Puzzle | Platform","","You play Joshua, the leader of God's people after Moses. You must lead God's people into the Promised Land, but there are many puzzles and obstacles that stand in your way - falling rocks, bad soldiers and other things. Using your horn and other special weapons to defeat enemies, you will face ancient biblical baddies like the Hitties, the Amorites, the Gibeonites, and the Gezerites. Genre(s): Puzzle | Platform"
"Kenzie&#039;s Birthday Dash","","NTSC","","","","2020-04-15","1","No","Adventure","Not Rated","The Birthday Bandits have stolen Kenzie&#039;s presents, and it&#039;s up to the whole family to stop them in this brand-new Game Boy game! You&#039;ll have sixty seconds to pick up as many gifts as you can from each of the four levels. ESRB Rating: Not Rated Genre(s): Adventure"
"Kepler&#039;s Castle","","NTSC","","","","2020-12-06","1","No","Platform","Not Rated","When looking for the king, Kepler found out that the &quot;king&quot; was an impostor called Koepernick. Before he could do anything, Kepler was locked up in the same cell where the true king was imprisoned. Now Kepler has to break out of the prison and find the key to the cell to free the true king. Help Kepler to discover the rooms of the castle in search for the right key! ESRB Rating: Not Rated Genre(s): Platform"
"Kirby&#039;s Block Ball","","NTSC-U","United States of America","Nintendo of America, Inc.","HAL Laboratory, Inc. | Nintendo R&amp;D1 | Tose Co., Ltd.","1996-05-13","1","No","Action","E - Everyone","Kirby&#039;s Block Ball is a 1996 Game Boy video game developed by Nintendo R&amp;D1, HAL Laboratory, and Tose and released by Nintendo of America in the USA on May 13, 1996. Kirby&#039;s back with fast-paced, four-way action! It&#039;s a breakaway bash in this wild new Kirby game of Block Ball! By destroying the blocks on the screen, you clear stages and obtain powers that help you in your final confrontation with King Dedede. Paddles on all four sides of the screen make this an intense four-way action contest. Your quick reactions and your careful use of Kirby&#039;s powers will determine your ultimate fate! ESRB Rating: E - Everyone Genre(s): Action"
"Kirby&#039;s Block Ball [Not For Resale]","","NTSC-U","United States of America","Nintendo","HAL Laboratory | Nintendo Research &amp; Development 1","1996-05-13","1","No","Puzzle","Not Rated","This is a kiosk demo for Kirby&#039;s Block Ball. The only difference from the retail version is that it does not save your progress and has a &quot;Not for Resale&#039; block on the label. ESRB Rating: Not Rated Genre(s): Puzzle"
"Kirby&#039;s Dream Land","","NTSC-U","United States of America","Nintendo of America, Inc.","HAL Laboratory","1992-08-01","1","No","Platform","E - Everyone","Kirby&#039;s Dream Land is a 1992 Game Boy video game developed by HAL Laboratory and released by Nintendo of America in the USA on August 1, 1992. The gluttonous King Dedede has stolen all of the food from the inhabitants of Dream Land for a midnight feast, so Kirby, a resident of Dream Land, goes to retrieve the food and stop Dedede. Kirby&#039;s Dream Land plays like other platformers of the 8-bit and 16-bit era of video games: Kirby must use various natural abilities and occasionally external abilities or items while heading toward the goal at the end of each level. Like many 1980s-era platformers, the player can accumulate points, with an extra life granted when the player has enough points. However, because Kirby lacks a save function, scores are not recorded. Also, there are no save files, so the player has to start over again when the Game Boy is turned off, if the player chooses to return to the title screen after a Game Over, or if the player resets the game. All levels are played on a two-dimensional plane, letting Kirby move only left, right, up, and down. Kirby can walk, jump, and fly. Kirby can also inhale objects and enemies, swallowing them or spitting them out as projectiles. Trailer: YouTube ESRB Rating: E - Everyone Genre(s): Platform"
"Kirby&#039;s Dream Land (Nintendo Classics)","星のカービィ | Hoshi no Kirby No overview is currently available for this title, please feel free to add one.","PAL","","Nintendo","HAL Laboratory","1996-01-01","1","No","Platform","Not Rated","No overview is currently available for this title, please feel free to add one. ESRB Rating: Not Rated Genre(s): Platform"
"Kirby&#039;s Dream Land 2","","PAL","","Nintendo","HAL Laboratory","1995-07-31","1","No","Adventure","Not Rated","Kirby&#039;s Dream Land 2[a] ist ein 1995 von platform gameHAL Laboratory entwickeltes und von Nintendo für die Game Boy Handheld-Videospielkonsole veröffentlicht. Es erschien am 21. März 1995 in Japan, am 1. Mai 1995 in Nordamerika[[1] in Europa am 31. Juli 1995 und am 22. November 1995 in Australien. Kirby&#039;s Dream Land 2 setzt die Abenteuer von KirbyKirby&#039;s Dream Land und Kirby&#039;s Adventure fort und fügt drei tierische Freunde hinzu, um Kirby im Kampf zu unterstützen. Es kann auf dem Super Game Boy gespielt werden und gibt leichte Änderungen am Spiel, wie das Hinzufügen eines benutzerdefinierten Farbschemas, eine spezielle Spielgrenze und ein paar neue Soundeffekte. Das Spiel wurde am Virtual Console15. Februar 2012 in der PAL-Regionen am 17. Mai 2012 in der PAL-Regionen und am 1. August 2013 in Nordamerika wiederveröffentlicht. Kirby&#039;s Dream Land 2 ist auch in Kirby&#039;s Dream Collection für die Wii enthalten. ESRB Rating: Not Rated Genre(s): Adventure"
"Kirby&#039;s Dream Land DX","Kirby's Dream Land 1 DX | Kirby's Dreamland DX | Kirby Dream Land DX | Kirby Dreamland DX Just like Legend of Zelda: Link’s Awakening DX and Tetris DX, Dream Land DX is a port of the monochrome Gameboy game to the Gameboy color. Experience Masahiro Sakurai’s first game in an all new light. The gluttonous King Dedede has stolen all of the food from the inhabitants of Dream Land for a midnight feast, so Kirby, a resident of Dream Land, goes to retrieve the food and stop Dedede. Kirby&#039;s Dream Land plays like other platformers of the 8-bit and 16-bit era of video games: Kirby must use various natural abilities and occasionally external abilities or items while heading toward the goal at the end of each level. Like many 1980s-era platformers, the player can accumulate points, with an extra life granted when the player has enough points. However, because Kirby lacks a save function, scores are not recorded. Also, there are no save files, so the player has to start over again when the Game Boy is turned off, if the player chooses to return to the title screen after a Game Over, or if the player resets the game. All levels are played on a two-dimensional plane, letting Kirby move only left, right, up, and down. Kirby can walk, jump, and fly. Kirby can also inhale objects and enemies, swallowing them or spitting them out as projectiles.","NTSC","","Romhacking","?","2020-06-21","1","No","Adventure | Platform | Unofficial","Not Rated","Just like Legend of Zelda: Link’s Awakening DX and Tetris DX, Dream Land DX is a port of the monochrome Gameboy game to the Gameboy color. Experience Masahiro Sakurai’s first game in an all new light. The gluttonous King Dedede has stolen all of the food from the inhabitants of Dream Land for a midnight feast, so Kirby, a resident of Dream Land, goes to retrieve the food and stop Dedede. Kirby&#039;s Dream Land plays like other platformers of the 8-bit and 16-bit era of video games: Kirby must use various natural abilities and occasionally external abilities or items while heading toward the goal at the end of each level. Like many 1980s-era platformers, the player can accumulate points, with an extra life granted when the player has enough points. However, because Kirby lacks a save function, scores are not recorded. Also, there are no save files, so the player has to start over again when the Game Boy is turned off, if the player chooses to return to the title screen after a Game Over, or if the player resets the game. All levels are played on a two-dimensional plane, letting Kirby move only left, right, up, and down. Kirby can walk, jump, and fly. Kirby can also inhale objects and enemies, swallowing them or spitting them out as projectiles. ESRB Rating: Not Rated Genre(s): Adventure | Platform | Unofficial"
"Kirby&#039;s Pinball Land","","NTSC-U","United States of America","Nintendo of America, Inc.","HAL Laboratory, Inc.","1993-11-30","1","No","Action","E - Everyone","Kirby&#039;s Pinball Land is a 1993 Game Boy video game developed by HAL Laboratory and released by Nintendo of America in the USA on November 30, 1993. Choose your world and take aim! Kirby will be launched into the fast-paced danger of uncharted worlds, but you can help him face his foes head on. It&#039;s a pinball race to check out each new world&#039;s surprise enemies and pitfalls. Flip Kirby in battles against lethal eyeballs, a shooting tree and mace-swinging maniacs. Take aim and leap to new worlds! ESRB Rating: E - Everyone Genre(s): Action"
"Kirby&#039;s Star Stacker","","NTSC-U","","Nintendo of America, Inc.","HAL Laboratory, Inc.","1997-04-07","2","Yes","Puzzle","E - Everyone","Kirby&#039;s Star Stacker is a 1997 Game Boy video game developed by HAL Laboratory and released by Nintendo of America in the USA on April 7, 1997. Join Kirby as he stacks the falling stars with help from his friends, Rick the Hamster, Kine the Sunfish, and Coo the Owl. Watch out for King Dedede. He is out to stop you! With a few quick moves and some well-timed strategy, you can quickly outwit him and move on to the next challenging level. Kirby&#039;s Star Stacker features pure puzzle fun for everyone. From above, blocks rain down constantly. From below, whole lines appear with unrelenting clock-like regularity. Simply sandwich the stars between Kirby&#039;s pals and you&#039;ll soon be on your way to the high score. -Play the VS mode against a friend using the Game Link Cable! (sold separately). -Four different games: Round Clear, VS, Challenge, and Time Attack! -Battery backed-up memory saves your progress! ESRB Rating: E - Everyone Genre(s): Puzzle"
"Lee Carvallo&#039;s Putting Challenge 2","","Other","","","","2024-02-11","1","No","Adventure | Unofficial","Not Rated","In this Point &amp; Click Adventure, you play as Lee Carvallo. Puzzle your way through a series of events in his life. Sleep where he sleeps, eat what he eats, golf where he golfs! ESRB Rating: Not Rated Genre(s): Adventure | Unofficial"
"Life&#039;s Too Short GB","","NTSC","","","","2023-08-10","1","No","Adventure | Puzzle","Not Rated","In Life&#039;s Too Short GB, you take on the role of a celestial problem-solver as you&#039;re tasked with repairing a rift between two vampires who have dramatically fallen out and confined themselves to their respective coffins... You&#039;ll need to explore the mansion, meet various spooky characters and solve simple puzzles in order to put the mansion back together and mend the rift in the vampires&#039; relationship! Trailer: YouTube ESRB Rating: Not Rated Genre(s): Adventure | Puzzle"
"Maid&#039;s Crisis","","NTSC","","","","2025-06-23","1","No","Adventure","AO - Adult Only 18+","After a fun-filled night, Mimi the maid oversleeps the next day. Problem is that her master will come back soon and he won&#039;t be happy to see what she has done the last night. So, she has to quickly remove all traces of it before it is too late. It doesn&#039;t help that someone has hid her clothes somewhere. Nor that Mimi is easily distracted and certain things might cause her to vividly remember the last night. Not a good thing, when you don&#039;t actually have time to do so. ESRB Rating: AO - Adult Only 18+ Genre(s): Adventure"
"Mario &amp; Yoshi","Yoshi | Mario and Yoshi Yoshi, known as Mario &amp; Yoshi in PAL regions, is a puzzle video game developed by Game Freak and published by Nintendo. It was released for the NES and Game Boy platforms. Both versions were first released simultaneously in Japan on December 14, 1991, and released in all other regions the following year.","PAL","","Nintendo","Game Freak","1991-12-14","1","No","Puzzle","E - Everyone","Yoshi, known as Mario &amp; Yoshi in PAL regions, is a puzzle video game developed by Game Freak and published by Nintendo. It was released for the NES and Game Boy platforms. Both versions were first released simultaneously in Japan on December 14, 1991, and released in all other regions the following year. ESRB Rating: E - Everyone Genre(s): Puzzle"
"Marron&#039;s Day","","Other","","","","2024-11-28","1","No","Adventure | Puzzle","Not Rated","Save the town festival in Marron&#039;s Day, a silly pocket-sized adventure where you&#039;re a bunny! For Game Boy and PC. Play as Marron, a young bunny, and help the cute animal friends in town so that they&#039;ll sign up for stalls at the town festival! Enjoy the cosy and retro pixel art graphics as you explore the town. Features: A top-down town to explore and adorable animal friends to help Cosy minigames to go with a heartwarming story! Cute pixel art and beepy chiptune music Authentic retro gameplay - it can practically* run on the handheld game console of your childhood! ESRB Rating: Not Rated Genre(s): Adventure | Puzzle"
"Mario&#039;s Picross","","NTSC-U","United States of America","Nintendo of America, Inc.","Ape Studios | Jupiter Corporation","1995-03-16","1","No","Puzzle","E - Everyone","Mario&#039;s Picross is a 1995 Game Boy video game developed by Ape and Jupiter and released by Nintendo of America in the USA on March 16, 1995. Help Mario unlock the mystery of Picross! The secrets lie in the numeric codes on the top and left side of the window. Deciper these numbers and uncover a hidden picture in each mind-bending puzzle! Quick wits and a speedy pace are required to solve the clues before the clock runs out! Chisel away strategic boxes and reveal the hidden image in record time! Be careful! Every mistake will cost precious minutes! ESRB Rating: E - Everyone Genre(s): Puzzle"
"Mario&#039;s Picross X","","Other","","","","2018-08-08","1","No","Puzzle","Not Rated","Mario’s Picross X is a full hack of Mario’s Picross, with 256 new puzzles to solve. All of the puzzle solutions in Mario’s Picross X are based on retro gaming sprites and images, containing characters such as Mario, Sonic, Kirby, Link and Jet Set Willy. The package for this hack contains solutions for each of the puzzles, including references to the games/systems on which they are based. Good luck! Trailer: YouTube ESRB Rating: Not Rated Genre(s): Puzzle"
"Mega Man World: Dr. Wily&#039;s Revenge GBC","","Other","","Capcom","Capcom","2023-01-26","1","No","Action | Platform | Unofficial","Not Rated","This is a GB to GBC conversion hack for Mega Man: Wily’s Revenge, the first in the Mega Man World series. ESRB Rating: Not Rated Genre(s): Action | Platform | Unofficial"
"Mega Man: Dr. Wily&#039;s Revenge","","NTSC-U","United States of America","Capcom USA, Inc.","Minakuchi Engineering","1991-12-06","1","No","Platform","E - Everyone","Mega Man: Dr. Wily&#039;s Revenge is a 1991 Game Boy video game developed by Minakuchi Engineering and released by Capcom USA in the USA on December 6, 1991. They&#039;re alive, and ripping up the town! Insane industrial wizard Dr. Wily has revived 8 of his robot masters in another try at taking over the world. Dr. Wily&#039;s really raving this time. As you blaze and blast your way closer, he runs further into even nastier mazes, and hides behind terrifying tons of mechanized maniacs, including the all-new Mega Man Hunter! Yikes, Mega Man. This one&#039;s a close shave! ESRB Rating: E - Everyone Genre(s): Platform"
"Metroid II: Return of Samus [Player&#039;s Choice]","","NTSC-U","","Nintendo","Nintendo","1991-11-01","1","No","Platform","E - Everyone","A Sinister Planet Threatens the Galaxy! Space Hunter Samus Aran returns to battle a planet crawling with evil creatures bent on universal domination in this bigger than ever sequel to the NES classic, Metroid. Take control! Guide Samus through cavernous corridors, ancient ruins and alien traps. On the mysterious planet of the Metroids, you&#039;ll find artifacts of a lost civilization that grant amazing powers. Cut through creatures in a buzz-saw blur! Roll through hidden tunnels and climb sheer walls! A battery back-up allows you to save your progress as you fight to the heart of the planet and search for the merciless Metroid leaders. If you are a cunning explorer, you&#039;ll earn the best of several super endings. Enter this exciting Metroid sequel and experience the thrills of Game Boy like never before! ESRB Rating: E - Everyone Genre(s): Platform"
"Mona and the Witch&#039;s Hat","","Other","","itch corp","","2018-02-07","1","No","Platform | Unofficial","Not Rated","What a peaceful day! As the sun sets and the moon begins to shine its light over the village, a young witch finishes her busy day of potion making by hanging her hat and going to bed. Her cat, Mona, doesn&#039;t want to go to bed though. She&#039;s more interested in the treats the Witch left out! But things don&#039;t go as planned when the Witch&#039;s hat falls on Mona&#039;s head and everything comes to life. Now she has to turn everything back to normal! ESRB Rating: Not Rated Genre(s): Platform | Unofficial"
"Mortal Kombat &amp; Mortal Kombat II","","Region Not Set","","Acclaim Entertainment, Inc.","Probe Entertainment","1997-11-01","1","No","Fighting","T - Teen","Mortal Kombat I PREPARE YOURSELF... The #1 arcade hit is here: from Sub-Zero, Rayden and your favorite Kombat Warriors to the grueling endurance and intense mirror matches! Execute bone-shattering combos and ferocious finishing moves! Defeat the half-human dragon Goro, and destroy the shape-changing Shang Tsung to become the Supreme Mortal Kombat Warrior! Mortal Kombat II Nothing, NOTHING can prepare you! The fierce kombatants of the #1 arcade smash gather for Mortal Kombat II, a battle to defeat the shape-shifting demon Shang Tsung and his ruthless master, Shao Kahn. Brutal special moves, Babalities, hidden surprises, outrageous finishing moves -- ALL yours to kommand. Let the Kombat Kontinue... ESRB Rating: T - Teen Genre(s): Fighting"
"NIV Bible &amp; the 20 Lost Levels of Joshua","","Region Not Set","","Wisdom Tree, Inc.","Wisdom Tree, Inc","1996-01-01","1","No","Platform","E - Everyone","Convert your Game Boy into a portable NIV Bible. Featuring the text of the entire NIV Bible, a word search (simple or complex) and two challenging Bible word games. Plus, the Twenty Lost Levels of Joshua. Exciting arcade-style gameplay never seen before! ESRB Rating: E - Everyone Genre(s): Platform"
"Pluto&#039;s Corner","","NTSC","","","","2019-10-08","1","No","Platform","Not Rated","Lil&#039; Matchy the cat hears that the Cat King of the block, Pluto, is on the prowl. Matchy&#039;s got a lot to do! Help her complete the day&#039;s checklist, including a showdown with Pluto. Can she make it to the end and get a good nap? ESRB Rating: Not Rated Genre(s): Platform"
"Pretty Princess&#039; Castle Escape","","NTSC","","","","2016-07-16","1","No","Platform","Not Rated","The Princess has to escape from the Royal Castle killing Aznar clones, Captain Zurrapa and other deadly enemies avoiding spikes everywhere! Help her get her crown back! ESRB Rating: Not Rated Genre(s): Platform"
"Robby&#039;s Day Out","","NTSC","","","","2020-09-08","1","No","Adventure","Not Rated","You play as Robby the Bunny, a lazy, round bunny who would love nothing more than to sleep all day. But, Grandma and Grandpa think Robby sleeps too much! It&#039;s time for Robby to go out and explore! ESRB Rating: Not Rated Genre(s): Adventure"
"Rock&#039;n! Monster!!","","NTSC-J","Japan","Hori Electric Co., Ltd.","","1970-01-01","1","No","Puzzle","E - Everyone","Rock&#039;n! Monster!! is a Puzzle game, developed by Electronics Application and published by Hori, which was released in Japan in 1994. ESRB Rating: E - Everyone Genre(s): Puzzle"
"Ryan&#039;s Veeder&#039;s Mud Warriors","","Other","","","","1970-01-01","1","No","Adventure","Not Rated","Ryan&#039;s Veeder&#039;s Mud Warriors is a narrative adventure game with a focus on story and exploration. It is also a Gameboy adaptation of Ryan&#039;s original text adventure game ESRB Rating: Not Rated Genre(s): Adventure"
"SaGa 2: A Haniwa&#039;s Contingency","Sa-Ga 2 - A Haniwas Contingency (Average) (v1.02) (tehtmi) | Sa-Ga 2 A Haniwas Contingency No overview is currently available for this title, please feel free to add one.","Other","","","","2025-03-01","1","No","Role-Playing","Not Rated","No overview is currently available for this title, please feel free to add one. ESRB Rating: Not Rated Genre(s): Role-Playing"
"Smickeonn: The Game - SatellitOsaur&#039;s Island Edition","","NTSC","","","","2024-08-13","1","No","Platform","Not Rated","Another &quot;Smickeonn: The Game&quot; Version Came Out. Even If &#039;Smickeonn&#039; No Longer Here. The New Version Of The First TVMZ Videogame Ever Based On The Greatest Adventure On The Game Boy Color: &quot;Welcome To SatellitOsaur&#039;s Island&quot;! And... Why Did We Say &quot;Another&quot;? Because We Did Another Version Of This Game In The Past. It&#039;s Called &quot;Smickeonn: The Game Deluxe&quot;. That Version Was Kind Of Awful. But Now, We Came With A Surprise For The Game Boy, Game Boy Pocket, Game Boy Light And Even The Super Game Boy Players: &quot;Smickeonn: The Game - SatellitOsaur&#039;s Island Edition&quot;, Those Players Now Can Experience Both A Yoshi&#039;s Island Like Characters And Environment And Re-Experience A Classic. We Hope You&#039;ll Enjoy This Version Of The Classic Arcade-Ish Game, With SatellitOsaur And His Friend - BrandySaur! ESRB Rating: Not Rated Genre(s): Platform"
"Spanky&#039;s Quest [Limited Run]","","NTSC","United States of America","Limited Run Games | Natsume","Natsume","2021-11-09","1","No","Action | Adventure","E - Everyone","Wicked witch turns fruits into monsters, Mopoland Population famished! Welcome to Mopoland, where the evil witch Morticia has cast an evil spell and turned all the fruits of the mighty kingdom into fiendish monsters. Spanky, our primate hero is on a quest. Armed with his magic ball, Spanky must hunt down Morticia through six grueling levels to liberate Mopoland, and save it’s citizens from a certain famine. -Fun, playful characters. -Password continue feature. -Unique traps and bonus rooms. -Fantasy/Adventure for the entire family. ESRB Rating: E - Everyone Genre(s): Action | Adventure"
"Spider-Man &amp; X-Men: Arcade's Revenge","","Region Not Set","","LJN","Unexpected Development","1993-12-01","","No","Platform","","Spider-Man and his mutant pals need your help to escape from Arcade's diabolical amusement park - battling killer clowns, hungry piranhas, lethal doom balls and deadly robot replicas of super-villains like Carnage and Juggernaut! Will Spidey's webs, Wolverine's claws, Gambit's energy cards, Storm's lightning bolts and Cyclops' optic blasts mean GAME OVER for Arcade? That depends on YOU!! Genre(s): Platform"
"Sports Illustrated: Championship Football &amp; Baseball","","Region Not Set","","Malibu Interactive","Halestorm","1993-10-01","","No","Sports","","Sports Illustrated: Championship Football &amp; Baseball is a Sports game, developed by Halestorm and published by Malibu, which was released in 1993. Genre(s): Sports"
"Star Wars [Player&#039;s Choice]","","NTSC-U","","Capcom","NMS Software","1992-11-01","1","No","Action | Platform","E - Everyone","A long time ago, in a galaxy far, far away... a small, courageous group of rebels are fighting to restore freedom in the galaxy. Be Luke Skywalker, striking your first deadly blow against the evil Empire. Or Han Solo, veteran space pilot, sometime smuggler, and unlikely hero. Or brave Princess Leia, who risked her life to steal the secret plans for the Death Star. Enlist the aid of Obi-Wan Kenobi, and the droids C-3PO and R2-D2. Explore all the incredible worlds of Star Wars - from the Tatooine desert, to Mos Eisley Cantina, to the treacherous trenches at the very heart of the Death Star. Only you can destroy the Death Star and save the Rebel Alliance... May the Force be with you! ESRB Rating: E - Everyone Genre(s): Action | Platform"
"Street Fighter II [Player&#039;s Choice]","Street Fighter II: The World Warrior [Player's Choice] Take the wildest fighting action everywhere you go! Travel the globe seeking the wildest martial arts action with the courageous and elite World Warriors. Get ready to rumble as you choose your champion and prepare to brawl your way through the World Warrior ranks for a chance to put the hurt on M. Bison! With fierce display of bone-crushing moves these global contestants draw; to the very end. Can anyone survive this incredible test of martial arts annihilation? World warrior martial arts action comes to Game Boy!","NTSC","United States of America","Capcom | Nintendo","Sun L","1995-08-11","2","No","Fighting","T - Teen","Take the wildest fighting action everywhere you go! Travel the globe seeking the wildest martial arts action with the courageous and elite World Warriors. Get ready to rumble as you choose your champion and prepare to brawl your way through the World Warrior ranks for a chance to put the hurt on M. Bison! With fierce display of bone-crushing moves these global contestants draw; to the very end. Can anyone survive this incredible test of martial arts annihilation? World warrior martial arts action comes to Game Boy! ESRB Rating: T - Teen Genre(s): Fighting"
"Super Mario Land 2 [Player&#039;s Choice]","Super Mario Land 2: 6 Golden Coins [Player's Choice] In his greatest Game Boy adventure, Mario faces off against his evil rival Wario, who has captured Mario Land and turned it into his private playground. To toss Wario off his ill-gotten throne, Mario must search all-new worlds for the six golden coins that unlock the gate to Mario&#039;s castle. A mob of monsters, old and new, seek to stop him. Along the way, through 6 zones, Mario can nab Power Mushrooms, Super Stars and Fire Flowers for extra power. And if he eats the Magic Carrot, he&#039;ll turn into a high-flying hare. The battery pack saves your game in progress in this biggest Game Boy Mario adventure yet.","NTSC","United States of America","Nintendo","Nintendo R&amp;D1","1992-11-02","1","No","Action | Adventure | Platform","E - Everyone","In his greatest Game Boy adventure, Mario faces off against his evil rival Wario, who has captured Mario Land and turned it into his private playground. To toss Wario off his ill-gotten throne, Mario must search all-new worlds for the six golden coins that unlock the gate to Mario&#039;s castle. A mob of monsters, old and new, seek to stop him. Along the way, through 6 zones, Mario can nab Power Mushrooms, Super Stars and Fire Flowers for extra power. And if he eats the Magic Carrot, he&#039;ll turn into a high-flying hare. The battery pack saves your game in progress in this biggest Game Boy Mario adventure yet. ESRB Rating: E - Everyone Genre(s): Action | Adventure | Platform"
"Super Mario Land Hack 2017 - Tatanga&#039;s Revenge","Super Mario Land Hack 2017 - Tatanga's Revenge (HeavyMetal Rocker 1988) | SML - Super Mario Land Hack 2017 - Tatanga's Revenge (HeavyMetalRocker1988) No overview is currently available for this title, please feel free to add one.","Other","","","","2017-03-03","1","No","Action | Adventure | Platform","Not Rated","No overview is currently available for this title, please feel free to add one. ESRB Rating: Not Rated Genre(s): Action | Adventure | Platform"
"Tail &#039;Gator","Shippo de Bun しっぽでブン | しっぽでブン Once again a peaceful kingdom, this time named Moberry, was assaulted by an evil entity. The player, taking control over the alligator Charly, has the task to defeat the dragon warlord Basso Gila. To do so, five areas (with three or four levels each) have to be conquered. Those levels can be tackled in any order and - for the first three areas - are either land, air, cave or underwater levels. Of course there are also a number of enemies which try to harm Charly: every contact with them or environmental obstacles makes a heart from the health bar disappear. Charly can defeat himself by hitting enemies with his tail (the range depending on the power meter). The goal of each level is not only to reach the exit and defeat the occasional boss, but also to open all treasure chests on the way. Those contain random power ups, e.g. health refreshments, bonus points, power or a bomb which kills everything on screen. The last chest in a level contains the key which is needed to open the exit.","NTSC","","Natsume","Natsume","1991-06-01","1","No","Action | Adventure | Platform","Not Rated","Once again a peaceful kingdom, this time named Moberry, was assaulted by an evil entity. The player, taking control over the alligator Charly, has the task to defeat the dragon warlord Basso Gila. To do so, five areas (with three or four levels each) have to be conquered. Those levels can be tackled in any order and - for the first three areas - are either land, air, cave or underwater levels. Of course there are also a number of enemies which try to harm Charly: every contact with them or environmental obstacles makes a heart from the health bar disappear. Charly can defeat himself by hitting enemies with his tail (the range depending on the power meter). The goal of each level is not only to reach the exit and defeat the occasional boss, but also to open all treasure chests on the way. Those contain random power ups, e.g. health refreshments, bonus points, power or a bomb which kills everything on screen. The last chest in a level contains the key which is needed to open the exit. ESRB Rating: Not Rated Genre(s): Action | Adventure | Platform"
"Tetris (Player&#039;s Choice)","","NTSC","","Nintendo","Nintendo R&amp;D1","1996-12-31","2","Yes","Puzzle","E - Everyone","Tetris is a tile-matching video game created by Russian software engineer Alexey Pajitnov in 1984. It has been published by several companies, most prominently during a dispute over the appropriation of the rights in the late 1980s. Trailer: YouTube ESRB Rating: E - Everyone Genre(s): Puzzle"
"The Legend of Zelda - Link&#039;s Awakening","","PAL","Germany","Nintendo","Nintendo EAD","1993-12-01","1","No","Action | Adventure","Not Rated","The Legend of Zelda: Link&#039;s Awakening[a] ist ein 1993 von Nintendo für den Game Boy entwickeltes und veröffentlichtes Action-Adventure-Spiel. Es ist der erste Teil der Serie The Legend of Zelda, der auf einer Handheld-Spielkonsole veröffentlicht wird. Link&#039;s Awakening ist eines der wenigen ZeldaZelda-Spiele, die nicht im Land von Hyrule stattfinden, und es gibt keine Prinzessin Zelda, Ganon oder das TriforceTriforce-Relikt. Stattdessen beginnt der Protagonist Link das Spiel, das auf Koholint Island gestrandet ist, einem Ort, der von einer whaleWal-ähnlichen Gottheit namens Windfisch bewacht wird. Unter der Rolle des Link kämpft der Spieler gegen Monster und löst Rätsel, während er nach acht Musikinstrumenten sucht, die den schlafenden Windfisch wecken und ihm erlauben, von der Insel zu fliehen. Die Entwicklung begann als Versuch, das Super Nintendo Entertainment System-Spiel A Link to the Past to the Game Boy zu portieren, das nach Stunden von Nintendo-Mitarbeitern entwickelt wurde. Es entwickelte sich zu einem originellen Projekt unter der Leitung von Takashi Tezuka, mit einer Geschichte und einem Drehbuch von Yoshiaki Koizumi und Kensuke Tanabe. Der Großteil des Links zum Vergangenheit-Teams versammelte sich für Link&#039;s Awakening, und Tezuka wollte, dass sich die Spielwelt wie die Fernsehserie Twin Peaks anfühlt. Nach einer Entwicklungsphase von anderthalb Jahren wurde Link&#039;s Awakening im Juni 1993 in Japan und später im Jahr weltweit veröffentlicht. ESRB Rating: Not Rated Genre(s): Action | Adventure"
"The Legend of Zelda: Link&#039;s Awakening","","PAL","","Nintendo","Nintendo EAD","1993-12-01","1","No","Action | Adventure | Role-Playing | Puzzle","Not Rated","A Game Boy fantasy adventure like no other! Nintendo&#039;s fantasy adventure hero, Link of Hyrule, returns in this new epic quest...Link&#039;s Awakening. Link&#039;s newest challenge is set on the mysterious Koholint Island, a place where dreams and reality collide. As a castaway, Link must find a way to escape from the island and return to his beloved homeland of Hyrule. But it won&#039;t be as easy as chartering a boat. The island&#039;s inhabitants have no knowledge of the outside world. One creature, a talking Owl, may know the solution to Link&#039;s dilemma, but first Link must tackle eight dungeons full of treacherous monsters and tricky taps. His goal: find the eight Instruments of the Sirens and awaken the omnipotent Wind Fish which rules the island. Link will battle new enemies and make new friends in one of the most in-depth fantasy adventures for Game Boy yet! A battery-backed memory will save up to three games so you never have to start your journey empty-handed. ESRB Rating: Not Rated Genre(s): Action | Adventure | Role-Playing | Puzzle"
"The Ren &amp; Stimpy Show - Veediots!","","NTSC-U","United States of America","THQ","Gray Matter","1993-10-01","1","No","Platform","E10+ - Everyone 10+","Help! We&#039;re trapped in our own T.V. show! Stimpy and I can&#039;t take it anymore, man! We&#039;ve decided to bust out of this two-bit tube and into the real world, but we need your help! First, in &quot;The Boy Who Cried Rat!&quot;, Stimpy&#039;s trying his hand at being a mousecatcher -- and the mouse, of course, it is I in disguise! I just hope the eediot doesn&#039;t eat me by mistake! Then, &quot;Stimpy&#039;s Invention&quot;, that feline friend of mine is putting together something in his crazy laboratory. Hmmm...looks like a hat. Finally, &quot;In The Army&quot;, I&#039;m behind enemy lines and up to my earbones in all sorts of bad guys! Jeez! Who wrote this episode, anyway? Are we going to be able to get out of this crazy show? Beats me, man. I just want out so I can pick up some real food. So grab those controls and get us out of here! ESRB Rating: E10+ - Everyone 10+ Genre(s): Platform"
"The Ren &amp; Stimpy Show: Space Cadet Adventures","Nickelodeon The Ren & Stimpy Show: Space Cadet Adventures The Ren and Stimpy Show: Space Cadet Adventures is the first video game based on the Nickelodeon animated series The Ren and Stimpy Show. It was released by THQ for the Game Boy in 1992. Commander Ren Hoek and Cadet Stimpy aboard their space ship on their 9,999 day mission. Ren goes out to cook hot dogs on the engines, then asks Stimpy to open the hatch. Stimpy accidentally cuts his lifeline and the adventure begins.","Region Not Set","","THQ","Imagineering Inc.","1992-11-01","1","No","Action | Platform","Not Rated","The Ren and Stimpy Show: Space Cadet Adventures is the first video game based on the Nickelodeon animated series The Ren and Stimpy Show. It was released by THQ for the Game Boy in 1992. Commander Ren Hoek and Cadet Stimpy aboard their space ship on their 9,999 day mission. Ren goes out to cook hot dogs on the engines, then asks Stimpy to open the hatch. Stimpy accidentally cuts his lifeline and the adventure begins. ESRB Rating: Not Rated Genre(s): Action | Platform"
"The Ren &amp; Stimpy Show: Veediots!","Nickelodeon The Ren & Stimpy Show: Veediots! Ren and Stimpy Show: Veediots! is a video game based on Ren &amp; Stimpy cartoon series on Nickelodeon. It was released by THQ for the Super Nintendo Entertainment System in 1993, and re-released for the Game Boy. Ren and Stimpy gets trapped in their TV show, and they want to get out. All four levels are separate stories based on episodes of the TV series. Game Boy differences from the SNES: &quot;The Boy Who Cried Rat!&quot; omits being in Stimpy's mouth and defeating the tooth beaver. The level order of &quot;In the Army and Stimpy's Invention&quot; are switched. In &quot;Stimpy's Invention&quot;, the player plays as Stimpy and goes through five different levels. When Ren gets to the boss battle, the happy helmet must land on Ren. In &quot;In The Army&quot;, the game has Ren getting across a battlefield by riding on big bullets and avoiding the other soldiers.","Region Not Set","","THQ","THQ","1993-10-01","1","No","Action | Platform","Not Rated","Ren and Stimpy Show: Veediots! is a video game based on Ren &amp; Stimpy cartoon series on Nickelodeon. It was released by THQ for the Super Nintendo Entertainment System in 1993, and re-released for the Game Boy. Ren and Stimpy gets trapped in their TV show, and they want to get out. All four levels are separate stories based on episodes of the TV series. Game Boy differences from the SNES: &quot;The Boy Who Cried Rat!&quot; omits being in Stimpy's mouth and defeating the tooth beaver. The level order of &quot;In the Army and Stimpy's Invention&quot; are switched. In &quot;Stimpy's Invention&quot;, the player plays as Stimpy and goes through five different levels. When Ren gets to the boss battle, the happy helmet must land on Ren. In &quot;In The Army&quot;, the game has Ren getting across a battlefield by riding on big bullets and avoiding the other soldiers. ESRB Rating: Not Rated Genre(s): Action | Platform"
"The Simpsons: Bart &amp; the Beanstalk","","Region Not Set","","Acclaim Entertainment, Inc.","Software Creations","1994-02-01","1","No","Action | Platform","","Once upon a time... Bart Simpson had a cow, man. He traded it for some magic beans which grew into a giant beanstalk. If he can scale the stalk, overcome giant bugs, mash monstrous mice, and grab the Giant's loot, he'll become a zillionaire faster than you could say &quot;I DIDN'T DO IT!&quot; Genre(s): Action | Platform"
"The Simpsons: Itchy &amp; Scratchy in Miniature Golf Madness","The Simpsons: Itchy and Scratchy in Miniature Golf Madness | Itchy and Scratchy Miniature Golf Madness Itchy &amp; Scratchy in Miniature Golf Madness is a miniature golf game released on the Game Boy in 1994, featuring the cat and mouse pair Itchy &amp; Scratchy from the television series The Simpsons. Developed by Beam Software, it was the first game to feature these characters. In the game, the player controls Scratchy as he plays through a miniature golf course of nine holes while at the same time avoiding Itchy&#039;s attacks. It received generally mixed to positive reviews from critics.","NTSC-U","","Acclaim Entertainment, Inc.","Beam Software","1994-11-09","1","No","Strategy | Sports","Not Rated","Itchy &amp; Scratchy in Miniature Golf Madness is a miniature golf game released on the Game Boy in 1994, featuring the cat and mouse pair Itchy &amp; Scratchy from the television series The Simpsons. Developed by Beam Software, it was the first game to feature these characters. In the game, the player controls Scratchy as he plays through a miniature golf course of nine holes while at the same time avoiding Itchy&#039;s attacks. It received generally mixed to positive reviews from critics. ESRB Rating: Not Rated Genre(s): Strategy | Sports"
"The Smurfs&#039; Nightmare","The Smurfs 3 The Smurfs&#039; Nightmare (also sub-titled the Smurfs 3) is a 2D platform game where the evil Gargamel has cast a spell on all sleeping smurfs trapping them in terrible nightmares. You as Brave Smurf has to enter all the Smurfs&#039; houses and rescue them from their nightmare.","PAL","","Infogrames","","1997-01-01","1","No","Platform","Not Rated","The Smurfs&#039; Nightmare (also sub-titled the Smurfs 3) is a 2D platform game where the evil Gargamel has cast a spell on all sleeping smurfs trapping them in terrible nightmares. You as Brave Smurf has to enter all the Smurfs&#039; houses and rescue them from their nightmare. ESRB Rating: Not Rated Genre(s): Platform"
"There&#039;s Nothing to Do in This Town","","Other","","itch corp","","2020-05-29","1","No","Adventure","Not Rated","There&#039;s Nothing To Do In This Town is a short RPG for the original Nintendo Game Boy set in a dystopian present featuring music snobs, zombies, and alcoholic parents. Available either as a Game Boy ROM for you to download to play on an emulator or flash cartridge, or here in your browser as an HTML5 game. Works pretty well in most phone browsers too. You can play it through in under an hour. Inspired by my crushing depression and written during the 2020 lockdown (but before the 2020 zombie apocalypse). Written by, and including two original chiptune pieces by donotrunwithpixels, aka Simeon Smith. ESRB Rating: Not Rated Genre(s): Adventure"
"Tom &amp; Jerry","Tom and Jerry They're at it again. That delightful duo of disasterTom &amp; Jerry! And now that Jerry's nephew Tuffy is coming for a visit, you can be sure things are going to get even wilder! As Jerry, it's up to you to outwit Tom in a mad dash from the edge of town to the safety of your mouse hole back home. In the 2-player version, you or a friend can take on the role of Tuffy, who comes to visit his uncle Jerry and gets caught up in the chase! 12 levels of action start at the Movie Theater where you must make your way across the marquee and then through the film projector! Then it's on the Junk Yard where you'll have to make your way out of a hazardous maze filled with old tires and rusty pipes. Next it's the treacherous Toy Store and it's army of wind-up toys. Every location is an adventure in itself, filed with hidden dangers and wild surprisesespecially that crafty ol' cat, Tom! And once you make it inside the house, the action really heats up in the Kitchen and on into the Living Room, where a whole lot of trouble stands between you and your mouse hole.","Region Not Set","","Hi-Tech Expressions, Inc.","Beam Software","1992-10-01","1","No","Platform","Not Rated","They're at it again. That delightful duo of disasterTom &amp; Jerry! And now that Jerry's nephew Tuffy is coming for a visit, you can be sure things are going to get even wilder! As Jerry, it's up to you to outwit Tom in a mad dash from the edge of town to the safety of your mouse hole back home. In the 2-player version, you or a friend can take on the role of Tuffy, who comes to visit his uncle Jerry and gets caught up in the chase! 12 levels of action start at the Movie Theater where you must make your way across the marquee and then through the film projector! Then it's on the Junk Yard where you'll have to make your way out of a hazardous maze filled with old tires and rusty pipes. Next it's the treacherous Toy Store and it's army of wind-up toys. Every location is an adventure in itself, filed with hidden dangers and wild surprisesespecially that crafty ol' cat, Tom! And once you make it inside the house, the action really heats up in the Kitchen and on into the Living Room, where a whole lot of trouble stands between you and your mouse hole. ESRB Rating: Not Rated Genre(s): Platform"
"Track &amp; Field","Hyper Olympic | ハイパーオリンピック | Haipā Orinpikku Track &amp; Field, known in Japan and Europe as Hyper Olympic, is an Olympic-themed sports arcade game developed by Konami and released in 1983. The Japanese release sported an official license for the 1984 Summer Olympics. Players compete in a series of events, most involving alternately pressing two buttons as quickly as possible to make the onscreen character run faster. It was followed by a sequel, Hyper Sports. This ain't no 20-minute workout. It's the ultimate in head-to-head competition, in 8 grueling events. 100 meter dash. Long jump. Hurdles. Javelin. Skeet shooting. Triple jump. Archery. And the high jump. No timeouts, no breathers, no water boys. Just you and your own exhaustion. So get psyched. Pick your level of competition and the opening event. Then block out the roar of the crowd and take a deep breath. Because it's not whether you win or lose. It's whether you survive!","Region Not Set","","Konami","Konami","1992-09-01","2","No","Sports","Not Rated","Track &amp; Field, known in Japan and Europe as Hyper Olympic, is an Olympic-themed sports arcade game developed by Konami and released in 1983. The Japanese release sported an official license for the 1984 Summer Olympics. Players compete in a series of events, most involving alternately pressing two buttons as quickly as possible to make the onscreen character run faster. It was followed by a sequel, Hyper Sports. This ain't no 20-minute workout. It's the ultimate in head-to-head competition, in 8 grueling events. 100 meter dash. Long jump. Hurdles. Javelin. Skeet shooting. Triple jump. Archery. And the high jump. No timeouts, no breathers, no water boys. Just you and your own exhaustion. So get psyched. Pick your level of competition and the opening event. Then block out the roar of the crowd and take a deep breath. Because it's not whether you win or lose. It's whether you survive! ESRB Rating: Not Rated Genre(s): Sports"
"Wizards &amp; Warriors X: Fortress of Fear","Wizards & Warriors X: Fortress of Fear | Fortress of Fear: Wizards & Warriors X The incredible saga of Wizards and Warriors continues. As Kuros you'll enter the dreaded Fortress of Fear in your pursuit of the Evil Wizard, Malkil. Hundreds of enemy encounters await you. Deadly bats and other flying beasts attack from above. Scorching fireballs and arrows speed toward you. And skin crawling spiders and undead skeletons appear from the darkness. Defeat them all! Only those with the blackest of hearts dwell among the 18 levels of challenging game play. But the rewards are great, riches beyond belief, keys to long lost treasure and magic spells and potions. And what better reward could you seek than a final encounter with the Evil Wizard Malkil himself? Beware, Kuros. Others have journeyed into the Fortress of Fear, but none have returned alive.","Region Not Set","","Acclaim Entertainment, Inc.","Rare, Ltd.","1990-01-18","1","No","Action | Platform","Not Rated","The incredible saga of Wizards and Warriors continues. As Kuros you'll enter the dreaded Fortress of Fear in your pursuit of the Evil Wizard, Malkil. Hundreds of enemy encounters await you. Deadly bats and other flying beasts attack from above. Scorching fireballs and arrows speed toward you. And skin crawling spiders and undead skeletons appear from the darkness. Defeat them all! Only those with the blackest of hearts dwell among the 18 levels of challenging game play. But the rewards are great, riches beyond belief, keys to long lost treasure and magic spells and potions. And what better reward could you seek than a final encounter with the Evil Wizard Malkil himself? Beware, Kuros. Others have journeyed into the Fortress of Fear, but none have returned alive. Trailer: YouTube ESRB Rating: Not Rated Genre(s): Action | Platform"
"Woolball&#039;s Backyard","","NTSC","","","","2019-06-08","1","No","Platform","Not Rated","Woolball the ram has lost their flock! Grab your Game Boy and help guide Woolball home. ESRB Rating: Not Rated Genre(s): Platform"
"Yoshi&#039;s Cookie","","NTSC-U","United States of America","Nintendo of America, Inc.","Tose Co., Ltd.","1993-04-01","2","Yes","Puzzle","E - Everyone","Yoshi&#039;s Cookie is a 1993 Game Boy video game developed by Tose and released by Nintendo of America in the USA on April 1, 1993. Cookie chaos for Mario and Yoshi! Mario and Yoshi are filling in at the Cookie Factory and they need your help! Fresh baked cookies roll out of the ovens. It&#039;s up to Mario to sort and stack &#039;em before they pile too high! Line up a row of the same kind of cookies either vertically or horizontally, and they vanish! Clear the screens to move on to a new level of cookie chaos. Yoshi appears from time to time to stir things up. Play for a high score or head-to-head against a friend. The mouth-watering madness doesn&#039;t let up! And be sure to keep some cookies close by, &#039;cause you&#039;ll get the munchies during this lip-smacking good time! ESRB Rating: E - Everyone Genre(s): Puzzle"
"You Are a Skeleton &amp; That Is a Problem","","Other","","","","2022-12-03","1","No","Life Simulation | Unofficial","T - Teen","What if you only had 7 days to make a video game and you decided to make a point &amp; click text adventure for Game Boy using GB Studio, fully typeset on a typewriter, and with no second draft. All improvised, so you end up writing about taking over hell and fighting god. Wouldn&#039;t that be f*cked up? ESRB Rating: T - Teen Genre(s): Life Simulation | Unofficial"
"Zelda&#039;s Adventure","Zelda's Adventure (World) (v1.3.0) (Aftermarket) (Unl) It is the Age of Darkness. The evil Ganon has captured the young hero Link. Only Princess Zelda can rescue him. Her journey will be difficult, filled with many challenges and mysteries. Armed only with the advice of the wise court astronomer Gaspra, and the guidance of Shurmak, Zelda must set out on her journey deep into the uncharted southeastern region of Hyrule, known as Tolemac. Before she begins, Gaspra warns her that the only way to save Link is to collect the seven Celestial Signs that Ganon has stolen, and that she must overcome one final obstacle: Ganon himself. Once she succeeds, she gains the knowledge and strength to rescue Link and brings the magical land of Hyrule into the Age of Lightness.","NTSC-U","United States of America","itch corp","","2020-07-12","1","No","Action | Adventure | Role-Playing | Unofficial","Not Rated","It is the Age of Darkness. The evil Ganon has captured the young hero Link. Only Princess Zelda can rescue him. Her journey will be difficult, filled with many challenges and mysteries. Armed only with the advice of the wise court astronomer Gaspra, and the guidance of Shurmak, Zelda must set out on her journey deep into the uncharted southeastern region of Hyrule, known as Tolemac. Before she begins, Gaspra warns her that the only way to save Link is to collect the seven Celestial Signs that Ganon has stolen, and that she must overcome one final obstacle: Ganon himself. Once she succeeds, she gains the knowledge and strength to rescue Link and brings the magical land of Hyrule into the Age of Lightness. ESRB Rating: Not Rated Genre(s): Action | Adventure | Role-Playing | Unofficial"
