title,alternate_titles,region,country,publisher,developer,release_date,players,coop,genre,esrb_rating,description
"001 Pokemon Stadium","","PAL","Japan","Nintendo","Nintendo","1999-04-30","1","No","Adventure | Role-Playing","E - Everyone","Benvenuti alla più appassionante lotta Pokémon! Ecco finalmente i tuoi Pokémon preferiti in uno stadio con una splendida animazione tridimensionale! Sia che lotti contro un amico, un Capopalestra o un altro sfidante, assisterai alle battaglie Pokémon più spettacolari della storia! 
E con il Transfer Pak Nintendo64 potrai portare in scena dal tuo Game Boy i Pokémon che hai allenato tu stesso. Cosi i tuoi fedeli amici ti seguiranno anche in questo sensazionale evento tridimensionale! Sfida tutti i Capopalestra fino alla lotta finale contro il tuo eterno rivale, Ash! Vivrai così l'esperienza più emozionante della tua vita!"
"002 Pokemon Stadium 2","","PAL","Japan","Nintendo","Nintendo","2000-12-14","1","No","Adventure | Role-Playing","E - Everyone","Tutti i Pokémon diOro e Argento in 3D! Centinaia di Pokémon in tre dimensioni! Cos'è più esaltante di vincere in una lotta di Pokémon? 
È semplice: vincere in una lotta di Pokémon in 30, sul tuo N64! Tu decidi la strategia, i Pokémon la mettono in pratica! I Pokémon che tu hai allenato lotteranno in un ambiente completamente tridimensionale!"
"003 Dragon Ball Kart","","PAL","Japan","Romhacking","Nintendo","1996-12-14","1","No","Sports | Unofficial","E - Everyone","Goku, Piccolo, Vegeta o Mr.Satan, scegliete con quale tra i personaggi più famosi della mitica serie Dragon Ball scendere in pista per questa entusiasmante sfida a bordo di kart da corsa. Il primo classificato avrà diritto a ben 10 punti, il secondo a 5, e il terzo a 3.
Per vincere, oltre alla vostra abilità di piloti, durante la gara potrete utilizzare l'energia speciale in vostro possesso per combattere i vostri avversari e frenarli nella loro corsa; ma fate attenzione ai loro attacchi perchè anche i vostri nemici cercheranno di mandarvi K.O.!!"
"007: The World Is Not Enough","","NTSC","United States of America","Electronic Arts","Eurocom","2000-10-17","4","No","Action | Shooter","T - Teen","Bond Is Back

Experience the intensity of being the world's top secret agent. Equipped with a full arsenal of Q-Lab gadgets and weaponry, you must be suave, resourceful and lethal as you carry out action-packed missions based on the blockbuster movie. Are you cool under pressure? Deadly when necessary? Of course you are - you're Bond... James Bond 

• Bond's Best Missions! Battle through 14 dangerous levels with dynamic objectives based on your skill level.
• Over 40 Q-Lab Gadgets and Weapons! Bond's P2K, X-Ray Glasses, Watch Stunner, and many more.
• Action-packed Multiplayer! Customizable multiplayer modes for 1 to 4 players plus AI controlled bots.
• Authentic Dialogue! Interact with you favorite characters and experience movie-like 3D cinematics with full speech.
• Expansion Pak Support for enhanced graphics and visual effects.
• Saves via Controller Pak"
"007: World Is Not Enough [Gray Cart]","","NTSC-U","United States of America","Electronic Arts","","2000-10-17","4","No","Shooter","T - Teen","The World Is Not Enough is a first-person shooter video game developed by Eurocom and based on the 1999 James Bond film of the same name. It was published by Electronic Arts and released for the Nintendo 64 on October 17, 2000, shortly before the release of its PlayStation counterpart."
"1080° Snowboarding","テン・エイティ　スノーボーディング | Ten Eiti Sunōbōdingu | 1080 TenEighty Snowboarding","NTSC-J","Japan","Nintendo","Nintendo EAD","1998-02-28","4","No","Racing","E - Everyone","1080° Snowboarding is a 1998 snowboarding video game developed by Nintendo EAD and published by Nintendo. It was released for the Nintendo 64 and re-released in 2008 for the Wii's Virtual Console. In the game, the player controls one of five snowboarders from a third-person perspective, using a combination of buttons to jump and perform tricks over eight levels."
"1080° Snowboarding [Player's Choice]","","NTSC-U","United States of America","Nintendo","Nintendo EAD","1999-01-01","2","No","Sports","E - Everyone","You’re taking a Tahoe 155 snowboard down a steep, bumpy incline at night and you’re about to top off an Indy Nosebone with a 360° Air, and you haven’t even left your living room!  You’re Playing 1080° (Ten Eighty) Snowboarding, a game so intense you’ll be brushing the snow off your goggles.  With five different boarders, eight different Lamar snowboards, more than 25 tricks, a Half-Pipe and six different courses, this is as close as you’ll get to the real thing without hopping on the next ski lift.

• Six game modes and courses!
• 2-Player simultaneous play!
• Over 25 different tricks!
• Compatible with Rumble Pak accessory."
"19XX","","Other","","","","2015-01-05","4","No","Fighting | Platform | Party","E - Everyone","19XX is a mod of Super Smash Bros. It is the first notable mod for the game, with development having started in May of 2015. 

Several versions exist:
19XXTE is based on 20XX Tournament Edition; that is, the purpose of the mod is to assist in running tournaments, help players learn the game, and add other cosmetic changes instead of exclusively modifying characters or stages. 19XXTE has seen tournament use, being notably used at GENESIS 3 and Super Smash Con 2016; its most important feature is the ability to add a timer to a stock match like in later games, saving tournament organizers from the trouble of keeping track of match time externally.

19XXCE, includes more features than 19XXTE, but is more opted for use in casual play, training and combo contests.

19XXNE (Netplay Edition), is based on CE but has VS Mode Combo Meter off and stage hazards off by default."
"40 Winks","","Region Not Set","","GT Interactive Software Corp.","Piko Interactive","2018-11-01","2","Yes","Platform","E - Everyone","Originally cancelled, the game was later released by Piko Interactive in 2018.

40 Winks is a 3D action-platform game in which you play as Ruff or Tumble, two children who must battle ghosts, goblins and other monsters in their dream-world. They must try to capture 40 winks scattered around the world in order to stop an evil old man named Nitekap. Nitekap wants to turn the winks into hood-winks, the things responsible for nightmares. You also have to find the 12 dream keys to unlock the boss level. A unique aspect of the game allows the players to temporarily morph into different costumes with special abilities. The costumes include a Prehistoric Man, Jester, Super Hero, and Ninja."
"64 de Hakken! Tamagotchi Minna de Tamagotchi World","Tamagotchi 64","NTSC-J","Japan","Bandai Co., Ltd.","Bandai Co., Ltd.","1997-12-19","1","No","Life Simulation","Not Rated","64 de Hakken!! Tamagotchi: Minna de Tamagotchi World is a Nintendo 64 game released only in Japan in 1997. It is a virtual board game based on the Tamagotchi toy."
"64 Hanafuda: Tenshi no Yakusoku","","NTSC-J","Japan","Altron Corporation","Altron Corporation","1999-11-05","1","No","Puzzle","E - Everyone","64 Hanafuda: Tenshi no Yakusoku is a hanafuda card game released exclusively for the Nintendo 64 in Japan."
"64 Oozumou","64 Ōzumō | 64 Professional Sumo Wrestling","NTSC-J","Japan","Bottom Up","Bottom Up","1997-11-28","4","No","Sports","Not Rated","64 Professional Sumo Wrestling is a sumo wrestling game for the Nintendo 64, which was released only in Japan in 1997. The gameplay simulates various aspects that of which a sumo wrestler does, such as dieting and training for championships."
"64 Oozumou (Controller Pak Edition)","","NTSC-J","Japan","","","1998-02-20","4","No","Sports","Not Rated","No overview is currently available for this title, please feel free to add one."
"64 Ozumo 2","Rokujuuyon Oozumou Ni | 64 Professional Sumo Wrestling 2 | 64大相撲","NTSC-J","Japan","Bottom Up","Bottom Up","1999-03-19","2","No","Fighting","Not Rated","No overview is currently available for this title, please feel free to add one."
"64 Trump Collection - Alice's Exciting Trip to Trump World","64 Trump Collection: Alice no Waku Waku Trump World (JP)","NTSC-J","Japan","Bottom Up","Bottom Up","1998-08-07","4","No","Adventure | Puzzle","Not Rated","64 Trump Collection: Alice no Waku Waku Trump World is a card game based on Alice in Wonderland for the Nintendo 64. It was released in 1998 in Japan only."
"Aero Fighters Assault","Sonic Wings Assault","NTSC-U","","Video System Co., Ltd.","Paradigm Entertainment Inc.","1997-10-30","2","No","Action | Flight Simulator","E - Everyone","The AeroFighters Assault team needs your help to save the Earth from the evil Phutta Morgana and their machines of doom. Join the battle in the only game that matters!

• 360 degrees of total air assault action!
• Multiple missions around the globe pit you against a variety of enemy aircraft and boss characters.
• Player selectable viewpoints include traditional external and in-aircraft views, plus our unique ""combat view"" that provides you with a better perspective of the dogfight situation.
• Four different game modes including practice, main game, boss attack, and two-player death match.
• Game progress stored in memory."
"AeroGauge","","NTSC-J","Japan","","","1997-12-19","2","No","Racing","Not Rated","No overview is currently available for this title, please feel free to add one."
"AI Shogi 3","AI将棋3","NTSC-J","Japan","ASCII Corporation","I4","1998-12-18","4","No","Puzzle | Strategy","Not Rated","AI Shogi 3 is a Board game, developed by I4 and published by ASCII Entertainment, which was released in Japan in 2005."
"Aidyn Chronicles: The First Mage","","Region Not Set","","THQ","H2O Interactive","2001-03-14","1","No","Role-Playing","T - Teen","Young Alaron is on a quest to discover the truth about himself, his name, and his heritage. Traveling to far and distant lands, pursued by forces he cannot understand, danger lurks around every corner. Alaron and his companions will seek to fulfill his destiny as the greatest mage ever.

• Beautiful 3D environments and highly-detailed characters
• Party-based adventuring gameplay with thirteen different playable characters. up to four characters at one time.
• Unique blend of action and turn-based combine for a true RPG experience.
• Huge world map with the freedom to explore areas in any order.
• Daytime cycle affects the performance of lunar and solar-aspected characters."
"Aidyn Chronicles: The First Mage [Gray Variant]","","NTSC-U","United States of America","THQ","","2001-03-14","1","No","Role-Playing","T - Teen","Aidyn Chronicles: The First Mage [Gray Variant]"
"Airboarder 64","AirBoardin' USA | Air Boarder 64 | Airboarders 64","Region Not Set","","GMI | 																Human Entertainment, Inc.","Human Entertainment, Inc.","1998-03-27","2","No","Sports","E - Everyone","Air Boarder 64 is a futuristic racing game for the Nintendo 64. It is very similar to the Tony Hawks Pro Skater series, allthough the game features hover boards instead of the usual skateboards. Various game modes are available in which you either have to win the race challenges or get a high score by performing different tricks."
"Akumajou Dracula Mokushiroku","Akumajo Dracula Mokushi Hashumi | Castlevania","NTSC-J","Japan","Konami","Konami","1999-03-11","1","No","Action | Adventure","Not Rated","No overview is currently available for this title, please feel free to add one."
"Akumajou Dracula Mokushiroku Gaiden: Legend of Cornell","Castlevania: Legacy of Darkness","NTSC-J","Japan","Bottom Up","Bottom Up","1999-12-25","1","No","Action | Adventure","Not Rated","No overview is currently available for this title, please feel free to add one."
"Aleck Bordon Adventure 4th Story: Tower & Shaft","Tower & Shaft: Aleck Bordon no Fuyukai na Nakamatachi | Tower & Shaft: Aleck Bordon Adventure","NTSC-J","Japan","Azure","Azure","2003-01-01","1","No","Platform | Unofficial","Not Rated","Tower & Shaft: Aleck Bordon no Fuyukai na Nakamatachi is an enhanced remake of the Macintosh games NS-Tower and NS-Shaft bundled together into one game. Players control an adventurer Aleck Bordon, who is tasked to unseal the divine power of treasures hidden within two temples: Tower & Shaft.

In Tower, players hold and release a button to jump, while Aleck automatically moves left and right. It's important to release the button before Aleck falls off any of the platforms he's walking on and falling off the screen leads to a game over.

In Shaft, players can move Aleck left and right and the objective is to fall on the platforms below him. Losing this game is possible by falling off the screen or getting squished by the spikes above that descend on the player.

The game features a story mode and endless mode with high scores being saved only for the Endless mode.

This game is a hack/port from the Aleck64 Arcade to work on Nintendo 64."
"All Star Tennis 99","Yannick Noah All Star Tennis '99","NTSC","United States of America","Ubisoft Entertainment","Smart Dog","1999-08-31","4","No","Sports","E - Everyone","Play as 8 world class ATP / WTA tour players (including Mark Philippoussis, Richard Krajicek, Conchita Martinez & Jana Novotna) as well as 4 fictional players through a range of tournaments on grass, clay, hard court and rebound ace surfaces.

Lob, volley, smash and serve past computer controlled players in singles or doubles, 4 player multiplayer doubles, and 8 player multiplayer singles and doubles tournaments.

• Saves via Internal Memory (EEPROM)"
"All-Star Baseball 2000","","NTSC","United States of America","Acclaim Entertainment, Inc.","Acclaim","1999-03-31","4","No","Sports","E - Everyone","All-Star Baseball 2000 is the second release in the series and includes a range of improvements and new features compared to the '99 version. Motion captured technology allows a realistic representation of player movements, swings, throws and catches. Apart from the improved roster management, which includes the ability to sign players from the minor league and create new players with new stats, you are able to play a 162 game inter-league season or complete the 1999 MLB scheduled season.
Once more there are 30 teams available in the game, as well as home stadiums and home or away jerseys. Additionally players' face sizes and play styles coincide with the real ones, since the game is licensed.

• Saves via Controller Pak"
"All-Star Baseball 2001","Allstar Baseball 2000 | All Star Baseball 2000","NTSC","United States of America","Acclaim Entertainment, Inc.","Acclaim","2000-02-29","4","No","Sports","E - Everyone","The last All-Star Baseball release on the N64 once again includes some new features as well as improvements in relation to previous play modes & options. For 2001, a new team is included, The Coopertown Legends, featuring a selection of some of the finest players to ever grace the MLB, including Yogi Berra, Willie Stargell and Reggie Jackson.
Along with the legends team, you can choose from every player, team and stadium from the real 2000 MLB season. Each player includes facial expressions and looks inspired to realism, plus motion-captured player movements, batting stances and reactions to key events during play.

• Saves via Controller Pak"
"All-Star Baseball 99","All Star Baseball 99 | Allstar Baseball 99","NTSC","United States of America","Acclaim Entertainment, Inc.","Acclaim","1998-04-30","4","No","Sports","E - Everyone","All-Star Baseball is a baseball video game series developed and published by Acclaim Entertainment. The series began in 1998 with the release of All-Star Baseball '99. All 30 Major League Baseball teams feature in the first All-Star Baseball title. Game modes include Training, Season, Playoff, World Series, plus an All-Star Match, Home Run Derby and MLB trivia. 100 different batting styles are featured, as well as motions such as sliding catches, base collisions, kneeling throws and broken bats. It's also possible to sign up and trade players from all around the league and creating your own team from the entire 700-player roster. And if a player fitting your demands doesn't exist, you can use the Create a Player mode for further versatility.

• Saves via Controller Pak"
"Animal Forest","","PAL","Japan","Nintendo","Nintendo EAD","2001-04-14","1","No","Life Simulation","E - Everyone","Animal Forest is the name of the first installment in the Animal Crossing series. It was released only in Japan for the Nintendo 64. The reason it was originally released as a Japan-exclusive game was because Nintendo was uncertain whether a worldwide release for the game was viable, due to it being text-heavy and containing Japanese references and holidays that were untranslatable at the time.[1] It was later remade for the GameCube in 2002, and released worldwide as Animal Crossing. Since 2010, a fully playable fan translation patch exists which ports dialog directly from the Nintendo GameCube release, but there are glitches with long blocks of text such as mail and the Bulletin Board being cut off suddenly."
"Another Mario Adventure","","NTSC","United States of America","Nintendo","","2020-05-04","1","No","Adventure | Platform","E - Everyone","A hack that's been in development for 2 years, features contributions from several notable members of the Super Mario 64 ROM Hacking community, and is full of custom mechanics."
"Armorines: Project S.W.A.R.M.","Armorines: Project SWARM","NTSC","United States of America","Acclaim Entertainment, Inc.","Acclaim","1999-12-02","4","No","Action | Shooter","T - Teen","The invasion has begun - an alien species infestated Earth and now they are after your flesh! Choose one of two Armorines, each with their own selection of weapons and fight back against bugs of all sizes; minimize the enemies chance of eliminating human civilization as we know it and eradicate every single trace of their race on our beloved planet!

• Saves via Controller Pak - Secondary Saves via Password"
"Army Men: Air Combat","Army Men: Air Attack","NTSC","United States of America","3DO","3DO","2000-07-24","4","Yes","Action","T - Teen","Toy Soldiers Take to the Skies!

Pilot one of four toy helicopters through the treacherous terrain of your backyard, the local playground, picnic areas, and nearby beaches. Engage in both Air-to-Air and Air-to-Ground combat with enemies ranging from battleships to butterflies. Utilize the unique abilities of each 'copter to battle armies of mutant insects; destroy rampaging remote control cars; blow up Sand Castles; and save Sarge from being melted by kids with Magnifying Glasses.

Real Combat. Plastic Men.

• Control 4 toy helicopters armed with a full arsenal of pyrotechnic weaponry.
• Conquer 16 one-player Destroy, Rescue, Escort and Delivery missions of bloodless, toy violence.
• Team up in the Cooperative Mode or battle with up to 3 other friends in 4 multi-player games: Flag-Nab-It, Air Rescue, Food Fight, and Bug Hunt.
• Saves via Controller Pak"
"Army Men: Air Combat [Gray Variant]","","NTSC-U","United States of America","3DO","","1999-11-03","4","No","Action","T - Teen","Army Men: Air Combat [Gray Variant]"
"Army Men: Sarge's Heroes","","NTSC","United States of America","3DO","3DO","2000-11-16","4","No","Action | Shooter","T - Teen","CONFIDENTIAL. 0600 hours: Tan forces captured Bravo Company Commandos. General Plastro has new weapons of mass destruction: magnifying glass, M-80 firecrackers and the garbage disposal. This is a job for Sarge. Requisition M-60s, shotguns, bazookas, flame throwers, grenades, sniper rifles, mortars, mine sweepers and plenty of ammo. Good luck, soldier.

• Saves via Controller Pak"
"Army Men: Sarge's Heroes 2","","NTSC","United States of America","3DO","3DO","2000-07-15","4","No","Action","T - Teen","The boys are back and ready to do battle! Sarge and the Bravo Company Commandos managed to foil the Tan Army's first assault, but do they have what it takes this time?

General Plastro has teamed up with Brigitte Bleu, a diabolically treacherous Blue Spy, to destroy the Green Nation once and for all. The adventure continues as Sarge and Vikki fight their way over pool tables, under beds and across desktops to the final showdown against Plastro and his troops. Prepare for another gigantic battle! It's Real Combat. Plastic Men.

• Missions include a refrigerator, pinball machine and a toy store showdown!
• New worlds, new weapons and new characters!
• Interactive environments and incredible detail bring ""their world"" into ""our world!""
• Saves via Controller Pak"
"Army Men: Sarge's Heroes 2 [Gray Variant]","","NTSC-U","United States of America","","3DO","2000-09-27","4","No","Action","T - Teen","Army Men: Sarge's Heroes 2 [Gray Variant]"
"Asteroids Hyper 64","","NTSC","United States of America","Crave Entertainment","Syrox Developments","1999-12-15","4","No","Action | Puzzle","E - Everyone","Asteroids Hyper 64 is an updated version of the classic arcade blast 'em up and features full 3D environments, all new weapons and defense systems and a 2 player split-screen mode. The gameplay, however, is exactly the same. Pilot a spacecraft and destroy the on-coming asteroids, each of different sizes. Alien ships and black holes are also out there, along with ship upgrades that update your ships weapons and defense systems.

• Saves via Controller Pak"
"Automobili Lamborghini","Lamborghini 64 | Super Speed Race 64 (JP)","Region Not Set","","Titus Interactive, S.A..","Titus","1997-11-30","4","No","Racing","E10+ - Everyone 10+","Are you ready for the ride of your life? This car circuit racing game will have you driving the car of your dreams: a Lamborghini Diablo! Trade in your econo-car and burn up the fast lane!

You'll have your choice of four different race styles; six challenging racetracks; manual or automatic transmission; and other options such as pit stops and multi-player split screen mode.

• Race styles: Arcade, Tournament, Championship and Time Trial!
• Feel every bump and crash with the Nintendo Rumble Pak!
• Play with up to four players in split screen mode!
• Save your record times onto a controller pak!
• Best playability a racing fan can dream of!"
"B3313","","Other","","Romhacking","Hack","2021-04-26","1","No","Action | Platform | Unofficial","Not Rated","This is a rom hack of SM64 that brings the SM64 Beta iceberg to life.  It features new levels, a new hub world, and most of its beta assets."
"Baku Bomberman","","NTSC-J","Japan","Hudson Entertainment, Inc.","Hudson Soft","1997-09-26","4","Yes","Strategy","Not Rated","No overview is currently available for this title, please feel free to add one."
"Baku Bomberman 2","","NTSC-J","Japan","Hudson Entertainment, Inc.","Hudson Soft","1999-12-03","4","Yes","Strategy","Not Rated","No overview is currently available for this title, please feel free to add one."
"Bakuretsu Muteki Bangai-O","Bakuretsu Muteki Bangai-Ō (JP) | Bangai-O | 爆裂無敵 バンガイオー","NTSC-J","Japan","Conspiracy Entertainment Corporation","Treasure","1999-09-03","1","No","Action","Not Rated","Bakuretsu Muteki Bangaioh (爆裂無敵 バンガイオー) is a Action/Shooter video game published by ESP, Treasure released on September 3rd, 1999 for the N64.In Bakuretsu Muteki Bangaioh, a multi-directional shooter video game developed by Treasure, two young mech-pilots, Riki and his sister Mami share command of the powerful humanoid-shaped Bangai-O and battle villains from the ""Cosmo Gang"", guilty of fruit contraband, and lots of gun turrets, bombs and robots through 44 levels."
"Bakushou Jinsei 64: Mezase! Resort Ou","Bakushō Jinsei 64: Mezase! Resort Ō","NTSC-J","Japan","Taito Corporation","Taito Corporation","1998-12-24","4","No","Puzzle","Not Rated","Bakushō Jinsei 64: Mezase! Resort Ō is an interactive board game for the Nintendo 64 based on The Game of Life. It was released only in Japan in 1998."
"Banjo Kazooie - The Corrupted Jiggies","The Corrupted Jiggies | Banjo-Kazooie: The Corrupted Jiggys","NTSC-U","","","","2025-08-16","1","No","Adventure | Platform | Unofficial","Not Rated","Banjo-Kazooie: The Corrupted Jiggies is a massive fan-made Romhack that’s been in development for several years, featuring 9 completely new worlds packed with fresh content. Explore a new hub world, collect 97 Jiggies and 910 Notes, and discover new mechanics, transformations, and custom music (alongside classic BK tracks). For those who reach 100%, a secret tenth world awaits."
"Banjo Kazooie: Stay At Home","Banjo-Kazooie - Stay At Home | BK_Stay At Home V1_9","NTSC-U","United States of America","","","2021-01-01","1","No","Adventure | Platform | Unofficial","Not Rated","Mod by Kurko Mods

Stay home, save lives. As the world struggles with Covid-19, this simple advice is the best thing many of us can do.
To help make lockdown life a little easier, Kurko Mods has released Banjo-Kazooie: Stay At Home. This new mod merges Super Mario 64 with Banjo-Kazooie, and it’s one hell of a nostalgia trip.

As the bear ‘n’ bird duo, you can explore three worlds from Mario’s N64 adventure: Whomp’s Fortress, Bob-omb Battlefield and Jolly Roger Bay.

--WHOMP'S FORTRESS--
-100 Notes
-8 Jiggies
-2 Honeycomb Pieces
--EASTER EGGS--
- 3 Mario clothes (Cap, Shoes and gloves)

--BOB-OMB BATTLEFIELD--
-100 Notes
-8 Jiggies
-2 Honeycomb Pieces
--EASTER EGGS--
- A room plenty of them

--JOLLY ROGER BAY--
-100 Notes
-8 Jiggies
-2 Honeycomb Pieces
--EASTER EGGS--
-Super Mario 64 Title Screen

--BLUE RESORT--
-100 Notes
-8 Jiggies
-2 Honeycomb Pieces
--EASTER EGGS--
-Blast Corps Poster
-Diddy kong Racing Poster
-N64 with Bomberman 64
-Bomberman 64 game box

--DK ISLES--
-100 Notes
-8 Jiggies
-2 Honeycomb Pieces
--EASTER EGGS--
-1 Golden Banana (If you got the ICE KEY the golden banana will appear directly in your pause screen)
-SNES DKC set box
-N64 DK64 set box
-Diddy Kong
-DK junior Arcade machine

--GREENWOOD VILLAGE--
-100 Notes
-8 Jiggies
-2 Honeycomb Pieces
--EASTER EGGS--
-4 DKR speedrunners posters
-3 DKR64.com grafittis
-1 Jetpack's trophy
-1 Peanut popgun trophy
-2 Karts
-A lot of games and consoles

--GOLDENEYE DAM--
-100 Notes
-8 Jiggies
-2 Honeycomb Pieces
--EASTER EGGS--
-20 Secret docs -Check the notepad ""Secret Agents Docs"" for more info-
-Goldfinger 64 poster
-N64 vault boxes
-Various easter eggs on PC screens
-First P.Brosnan dialogue as James Bond (Said by Banjo) on WC

--POKEMON ISLAND--
-100 Notes
-8 Jiggies
-2 Honeycombs Pieces
--EASTER EGGS--
-Lots of Pokemons
-Pokemon Red game box
-Pokemon Blue game box
-Pokemon Yellow game box
-Secret GB ""Pokemon""

--CONKER'S WINDY--
-100 Notes
-8 Jiggies
-2 Honeycomb Pieces
--EASTER EGGS--
-Conker Pocket Tales game Box
-Conker's Bad Fur Day game box
-Conker Live and reloaded game box"
"Banjo to Kazooie no Daibouken","Banjo-Kazooie","NTSC-J","","Nintendo","Rare, Ltd.","1998-12-06","1","No","Action | Adventure","Not Rated","Action and Puzzles and Bears, Oh My!

Trouble brews when Gruntilda the witch captures the unbearably beautiful cub, Tooty. But before the grisly hag can steal the bear's good looks, big brother Banjo and his fine-feathered friend, Kazooie, join forces to stop her. Combining their 24 moves and special powers, Banjo and Kazooie will fend off armies of beasts. Bear and bird must hunt down the 100 puzzle pieces and 900 musical notes that will ultimately lead them to Gruntilda. However, miles of swamp, desert and snow and one bear of an adventure stand in their way.

-Soar over islands to scout out buried treasure.

-Brave past whirling blades in the belly of a mechanical shark.

-With some voodoo magic, transform into different creatures to gain special powers.

-Solve the puzzles of the ancients to unearth the cursed labyrinths."
"Banjo to Kazooie no Daibouken 2","Banjo-Tooie","NTSC-J","Japan","Nintendo","Rare, Ltd.","2000-11-27","4","No","Action | Adventure | Puzzle | Platform","E - Everyone","Grunty returns-and that's bad news for Banjo and Kazooie! In this all-new adventure, combine everything you learned in the award-winning prequel, Banjo-Kazooie, with dozens of brand-new moves and abilities. Explore eight original worlds-like a monstrous factory and a dilapidated amusement park. Solve incredible puzzles that link those worlds together-sometimes you'll have to complete tasks in several worlds to solve a single puzzle!

-Divide and conquer! The bear and bird are back and this time they can split up and work alone.

-Play as Mumbo! Now you'll get to take control of the bone-headed shaman himself!

-Meet Humba Wumba! She'll transform Banjo into a number of objects, such as a walkin', talkin' statue or a tightie whitie shootin' washer.

-Four-player mini-games! Play over a dozen mini-games, including five different shootout modes."
"Banjo-Kazooie","","NTSC-U","United States of America","Nintendo of America, Inc.","Rare, Ltd.","1998-06-29","1","No","Platform","E - Everyone","Banjo-Kazooie is a 1998 N64 video game developed by Rare and released by Nintendo of America in the USA on June 29, 1998.

Action and puzzles and bears, oh my!

Trouble brews when Gruntilda the witch captures the unbearably beautiful cub, Tooty. But before the grisly hag can steal the bear's good looks, big brother Banjo and his fine-feathered friend, Kazooie, join forces to stop her. Combining their 24 moves and special powers, Banjo and Kazooie will fend off armies of beasts. Bear and bird must hunt down the 100 puzzle pieces and 900 musical notes that will ultimately lead them to Gruntilda. However, miles of swamp, desert and snow and one bear of an adventure stand in their way.

-Soar over islands to scout out buried treasure.

-Brave past whirling blades in the belly of a mechanical shark.

-With some voodoo magic, transform into different creatures to gain special powers.

-Solve the puzzles of the ancients to unearth the cursed labyrinths.

• Saves via Internal Memory (EEPROM)"
"Banjo-Kazooie - Bob Omb Newfield","Banjo-Kazooie Bob-Omb NEWFIELD","NTSC","","","","2014-01-01","1","No","Adventure","E10+ - Everyone 10+","Mod by MARK KURKO:
YOUTUBE: Mark Kurko    Link: https://www.youtube.com/channel/UCsKoYFDB72f5YcLbQ8CVU3w
TWITTER: @Markus_Kurko
INSTAGRAM: kurko_mods



CONTENT:

10-Jiggies
6-Empty Honeycombs 
5-Mumbo Tokens
1-Ice Key"
"Banjo-Kazooie - Bubbling Bog Brewery (redone)","BK_BBB_Redone_v1.2","NTSC","","","","2023-01-01","1","No","Platform | Unofficial","Not Rated","Mod by Kurko Mods"
"Banjo-Kazooie - Donkey Kong Country","Banjo-Kazooie x Donkey Kong Country | BanjoKazooie_DK Country_ENG","NTSC","","","","2019-01-01","1","No","Adventure","E10+ - Everyone 10+","Mod by MARK KURKO:
YOUTUBE: Mark Kurko    Link: https://www.youtube.com/channel/UCsKoYFDB72f5YcLbQ8CVU3w
TWITTER: @Markus_Kurko
INSTAGRAM: kurko_mods


-CONTENTS:
100 notes
1 Golden Banana
6 Empty Honeycombs

...and some Easter Eggs!! ;)

Hope you enjoy it!!"
"Banjo-Kazooie - Eagle Dungeon","Banjo-Kazooie - EAGLE DUNGEON Updated_2019","NTSC","","","","2015-01-01","1","No","Adventure","E10+ - Everyone 10+","Mod by MARK KURKO:
YOUTUBE: Mark Kurko    Link: https://www.youtube.com/channel/UCsKoYFDB72f5YcLbQ8CVU3w
TWITTER: @Markus_Kurko
INSTAGRAM: kurko_mods


CONTENT:
- 6 Extra Honeycombs"
"Banjo-Kazooie - Gruntilda's Mask","BK-Gruntilda's Mask v_1.2","NTSC","","","","2019-01-01","1","No","Adventure","E10+ - Everyone 10+","Mod by Kurko Mods

YOU'VE MET WITH A TERRIBLE FATE, HAVEN'T YOU?
Gruntilda has found the Majora Mask and, using a powerful spell, has created an ever dearlier item, the Gruntilda's Mask. 
Explore the secrets of Clock Town and find the way to climb to the top of the Clock Tower...
CONTENT:
-100 Notes
-20 Jiggies
-18 Honeycomb Pieces
-20 Mumbo Tokens
   and more..."
"Banjo-Kazooie - Kurkoin Quest","BK Kurkoin Quest v0.1_SCB | BK Kurkoin Quest v0.2_FW | BK Kurkoin Quest v0.3_SM | BK Kurkoin Quest v0.4_Gruntylvania | BK Kurkoin Quest v0.5_KK | Banjo-Kazooie - Kurkoin Quest v0.1 - Snacker's Coral Bay | Banjo-Kazooie - Kurkoin Quest v0.2 - Frost Woods | Banjo-Kazooie - Kurkoin Quest v0.3 - Splash Mountain | Banjo-Kazooie - Kurkoin Quest v0.4 - Gruntylvania | Banjo-Kazooie - Kurkoin Quest v0.5 - Kiddy Kingdom","NTSC","","","","2024-01-01","1","No","Platform | Unofficial","Not Rated","Mod by Kurko Mods

WIP"
"Banjo-Kazooie - NightBear Before Christmas","BK-NightBear Before Christmas","NTSC","","","","2020-01-01","1","No","Platform | Unofficial","Not Rated","Mod by Kurko Mods"
"Banjo-Kazooie - Nostalgia 64","Banjo-Kazooie Nostalgia 64 | Banjo Kazooie Nostalgia 64","NTSC","United States of America","Nintendo","Rare, Ltd.","2025-05-17","1","No","Action | Adventure | Platform","E - Everyone","Banjo Kazooie Nostalgia 64 is a mod of Banjo Kazooie for N64, where you can explore some of most emblematic worlds of other N64 games like Super Mario 64, DK64, Goldeneye, Bomberman, Conker and more. This project started last year with the Covid-19 crisis, but was called ""Banjo Kazooie Stay At Home"" then. At that time my idea was just to release a new world every few weeks, so that people would have something to play during the lockdown, but little by little the project grew and at the beginning of this year I made the decision to transform it in a full game to play, adding a Hub World to explore and a few more extra areas. -Mark Kurko."
"Banjo-Kazooie - Santa's Village","BK_Santa's_Village_v1.1","NTSC","","","","2023-01-01","1","No","Platform | Unofficial","Not Rated","Mod by Kurko Mods"
"Banjo-Kazooie - Smash Bros TEMPLE","Banjo-Kazooie - Smash Bros TEMPLE-","NTSC","","","","2019-01-01","1","No","Adventure","E10+ - Everyone 10+","""Banjo Kazooie - Smash Bros TEMPLE"" is a 100% playable BK Mod fo N64. 
In it you can explore the TEMPLE stage (from Super Smash Bros. Melee) in a brand new 3D adventure.
COLLECTABLES:
- 100 Notes
- 8 Jiggies
- 2 Honeycomb pieces"
"Banjo-Kazooie - Snow Glow Village (redone)","Banjo-Kazooie: New Snow Glow Village","Other","","Romhacking","","2022-12-24","1","No","Adventure | Platform | Unofficial","Not Rated","New Snow Glow Village is a wintery romhack from the legendary Kurko Mods team that revisits the original Snow Glow Village concept with updated level design, improved visuals, and a polished snowy atmosphere. A small hub world connects the new village, the untouched original release, and extra areas, creating a festive, exploration‑focused package wrapped like a holiday gift for Banjo‑Kazooie fans."
"Banjo-Kazooie - The Bear Waker","BK-THE BEAR WAKER_(N64 OPT)","NTSC","","","","2019-01-01","1","No","Adventure","E10+ - Everyone 10+","Mod by MARK KURKO:
YOUTUBE: Mark Kurko    Link: https://www.youtube.com/channel/UCsKoYFDB72f5YcLbQ8CVU3w
TWITTER: @Markus_Kurko
INSTAGRAM: kurko_mods


CONTENT:
-10 Jiggies
-200 Notes
-2 Extra Honeycombs
- 15 Mumbo Tokens"
"Banjo-Kazooie : Bubbling Bog Brewery","Banjo Kazooie - Bubbling Bog Brewery Redone | BK Bubbling Bog Brewery | Banjo-Kazooie - Bubbling Bog Brewery (redone) | Banjo-Kazooie - Bubbling Bog Brewery | BK_BBB_Redone_v1.2","NTSC","United States of America","","","2023-10-31","1","No","Platform | Unofficial","Not Rated","This project is a remake of Bubbling Bog Brewery, a project made by Daveyx0 and Aegonian back in 2014. The exact same level design has been respected, but remaking all the models to give them a new aesthetic and adding some new challenges."
"Banjo-Kazooie : Cheato's Challenges","Banjo-Kazooie - CheatosChallenges | CheatosChallenges_v1.0","NTSC","United States of America","","","2022-03-01","1","No","Adventure","E - Everyone","Explore Cheato's Library and conquer six Stories, each written by a different Author!

Mod by: Bynine, ThatCowGuy, BanjoFreak64, Brady, Squash, RetroNuva10"
"Banjo-Kazooie : Cut-Throat Coast","Banjo-Kazooie - Cut-Throat Coast | BK - Cut-Throat Coast v1.4","NTSC","","","","2021-12-09","1","No","Adventure","E - Everyone","Set sail to Cut-Throat Coast for a grim, new single level experience with Banjo and Kazooie. Explore nine new areas coupled with brand new music and enemies the likes of which you've never seen before!

Mod by: RetroNuva10, Loggo, BanjoFreak64, Atezian, Bynine"
"Banjo-Kazooie : The Gruntch","Banjo-Kazooie - The Gruntch | BK - The Gruntch v1.2","NTSC","","","","2021-01-01","1","No","Platform | Unofficial","Not Rated","Oh no! All the presents are gone; the Gruntch took everything! It's up to our bear and bird to make things right... but maybe there's more to Christmas than presents. A mod inspired by the story from Dr Seuss.

Mod by: Kurko Mods

Mod by Kurko Mods

20 Christmas Tokens
200 Notes
8 Mumbo Tokens
... and some easter eggs!

Important info:
- Camera was adapted to work more similar to Banjo Tooie (Hold C-Left/Right move camera)
- Jiggies were replaced by Christmas Tokens
- Jiggy dance was removed (similar to Banjo Tooie)

UPDATES 1.2:
- Stealth segment reworked
- Extra dialogue in stealth segment
- Extra dialogue and sound effect added to avoid confusion with a jiggy that players thought was glitched (but wasn't)
- Cave window bars' recoil removed"
"Banjo-Kazooie : The Hidden Lair","Banjo-Kazooie - The Hidden Lair","NTSC","United States of America","","","2019-06-23","1","No","Adventure","E - Everyone","Banjo Kazooie The Hidden Lair is a passion project by Daveyx0 and Oldum77. It shows a possible continuation of the series; showing possible events after Banjo Tooie. It features a new area of the original Grunty's Lair, called the Hidden Lair."
"Banjo-Kazooie : Worlds Collide","Banjo-Kazooie - Worlds Collide","NTSC","United States of America","","","2019-09-02","1","No","Adventure","E - Everyone","Banjo-Kazooie Worlds Collide is an fanmade, unofficial Banjo Kazooie romhack. Explore 9 worlds and a hub world, each comprised of memories from Banjo-Kazooie games past, complete with a custom soundtrack made of combinations of BK tunes!

Mod by: Bynine B"
"Banjo-Kazooie Ft. Minecraft","","Other","","Romhacking","","2021-08-03","1","No","Adventure | Platform | Unofficial","Not Rated","Banjo‑Kazooie ft. Minecraft is a crossover ROM hack developed by FreeRunnerGuys that brings Minecraft‑inspired environments and aesthetics into the Banjo‑Kazooie engine. Featuring blocky terrain, familiar voxel‑style motifs, and exploration‑focused gameplay, the hack offers a compact fan‑made adventure where Banjo and Kazooie traverse a stylized world built to resemble Minecraft’s iconic landscapes."
"Banjo-Kazooie: New Horizons","","Other","","Romhacking","","2020-05-24","1","No","Adventure | Platform | Unofficial","Not Rated","New Horizons is a single‑world ROM hack developed by Bynine Studio which draws inspiration from the Animal Crossing series. Explore, solve puzzles, and hunt for secrets in this short but charming mod. Enjoy your stay in Jiggytown!"
"Banjo-Kazooie: The Cave of Dreams","","Other","","Romhacking","","2022-04-20","1","No","Adventure | Platform | Unofficial","Not Rated","Cave of Dreams drops the iconic bear and bird duo into a cursed dream realm where they must hunt for an orange while navigating eerie caverns, uncovering secrets, and gathering items along the way. Developed by SquashMVP."
"Banjo-Kazooie: Tooty Adventure","Banjo-Kazooie Tooty Adventure | Banjo-Kazooie  -Tooty Adventure | Banjo Kazooie Tooty Adventure | Banjo Kazooie - Tooty Adventure","NTSC","","","","2023-11-01","1","No","Adventure | Platform | Unofficial","E - Everyone","Tooty adventure is a banjo kazooie mod that reverse the roles with  banjo with a new story, custom scenes and mechanics."
"Banjo-Kongzooie","","Other","","Romhacking","","2023-03-20","1","No","Adventure | Platform | Unofficial","Not Rated","Banjo‑Kongzooie is a crossover ROM hack of Donkey Kong 64 developed by GloriousLiar, featuring a partial recreation of Banjo‑Kazooie within DK64’s engine. The hack adapts the first few BK worlds into DK64‑style gameplay, blending Banjo‑Kazooie’s charm with Donkey Kong 64’s mechanics for a quirky, experimental mash‑up of both Rare classics."
"Banjo-Tooie","Banjo to Kazooie no Daibouken 2","PAL","","Nintendo","Rare, Ltd.","2001-04-12","4","No","Action | Adventure | Puzzle | Platform","Not Rated","Grunty returns-and that's bad news for Banjo and Kazooie! In this all-new adventure, combine everything you learned in the award-winning prequel, Banjo-Kazooie, with dozens of brand-new moves and abilities. Explore eight original worlds-like a monstrous factory and a dilapidated amusement park. Solve incredible puzzles that link those worlds together-sometimes you'll have to complete tasks in several worlds to solve a single puzzle!

-Divide and conquer! The bear and bird are back and this time they can split up and work alone.

-Play as Mumbo! Now you'll get to take control of the bone-headed shaman himself!

-Meet Humba Wumba! She'll transform Banjo into a number of objects, such as a walkin', talkin' statue or a tightie whitie shootin' washer.

-Four-player mini-games! Play over a dozen mini-games, including five different shootout modes."
"Banjo-Tooie [Not For Resale]","Banjo to Kazooie no Daibouken 2 [Not For Resale]","NTSC","United States of America","Nintendo","Rare, Ltd.","1999-01-01","4","No","Adventure | Strategy | Fighting | Music | Family","E - Everyone","Not for resale variant of “Banjo-Tooie”."
"Bass Rush","Bass Rush: Ecogear PowerWorm Championship","NTSC-J","Japan","Visco Corporation","Visco Corporation","2000-04-28","1","No","Sports","E - Everyone","Bass Rush:  Ecogear PowerWorm Championship is a fishing simulation game for the Dreamcast and Nintendo 64. It was released only in Japan in 2000."
"Bassmasters 2000","","NTSC","United States of America","THQ","Mass Media, Inc.","1999-12-16","2","No","Sports","E - Everyone","Bassmasters 2000 is a fishing simulation game which counts a total of 4 modes and has a wide variety of customizable options.  You can create and save up to 7 anglers through the “Create Angler” option and customize stats such as sex, hair, face, clothes, etc. Other customizable options include “Lake Conditions” (lake location, season, weather, time, etc.), “Boat” (boat model, engine, etc.) and “Tackle” (rod/reel, line, lure, etc.).  These are the following modes: •Exhibition - the only mode where every customizable option is available.  The objective is to catch up to a certain number of fish and the sum of their weight to equal or surpass the weight that is mentioned in the beginning of the mode; •Tournament - there are 6 tournaments you must compete in and each tournament lasts for 3 days.  Fishing lasts until the day is over at the end of which the total weight of fish caught is counted and depending on how well you did you get the equivalent rank.  If at the end of the last tournament you manage to rank 5th or higher place new equipment and boats are unlocked; •Speed Fishing - in this mode you’re given a time limit of 3 minutes and must catch as more of the fish mentioned in the overview as possible.  Time is extended by one second depending on how much the fish weighs and the objective is to fish for as long as you can; •Casting Game - you must cast the line at certain spots on the lake which are specified by colored circles within the time limit.  With each target you manage to hit you receive points and if the points that are accumulated are high enough you get additional time and the patterns in which the targets appear change.

• Saves via Controller Pak"
"Bassmasters 2000 [Gray Variant]","","NTSC-U","United States of America","THQ","","1999-12-16","2","No","Action","E10+ - Everyone 10+","Bassmasters 2000 [Gray Variant]"
"Batman Beyond: Return of the Joker","","NTSC","United States of America","Ubisoft Entertainment","Kemco","2000-12-13","1","No","Action | Adventure","E - Everyone","Will The Joker have the last laugh? A sleeker, deadlier Clown Prince of Crime is back from the past to terrorize Gotham City in Batman Beyond: Return of the Joker. When The Joker's recent attacks nearly bring about the demise of the aging Bruce Wayne, it's up to you to help Batman avenge his mentor and send The Joker back to the bottom of the deck... forever!

• No Save option"
"BattleTanx","","NTSC","United States of America","3DO","3DO","1998-12-31","4","No","Action","T - Teen","In the year 2001, a virus has killed 99.99% of the females on Earth. Various countries fight over each other's quarantine zones, and end up engaging in nuclear war, destroying much of civilization. The few remaining females are held by gangs who have taken over small pieces of the world. The main character, Griffin Spade, had his fiancee Madison taken away from Queens, New York by the U.S. Government. Griffin ends up separated from his fiancee, and New York City is destroyed. He claims a tank for his own and sets out to cross America and find her, battling gangs as he reaches his goal. After surviving the ruins of New York City, Griffin heads westward gaining recruits in the countryside, Chicago, Las Vegas, and San Francisco.

• Saves via Controller Pak"
"BattleTanx: Global Assault","","NTSC","United States of America","3DO","3DO","1999-10-12","4","No","Action","T - Teen","On January 13, 2006, a Queenlord, Cassandra, is spying on Griffin Spade's family, telling her troops to kidnap Griffin's son Brandon and kill everyone else. Griffin and his army manage to push back the invaders, but Cassandra soon turns the tables by mind-controlling Griffin's own army. Griffin and Madison manage to escape San Francisco and begin chasing Cassandra across the United States, eventually cornering her in Washington, D.C.. Cassandra, however, escapes with Brandon to Great Britain; Griffin and Madison follow. They build a new army in Europe, and chase Cassandra through England, France and Germany. While in Paris, they discover Cassandra released the virus in 2001 to kill every female on Earth who didn't have the power of the Edge.

• Saves via Controller Pak"
"Battlezone: Rise of the Black Dogs","Battle Zone: Rise of the Black Dogs","NTSC","United States of America","Crave Entertainment","The Climax Group","2000-03-01","4","No","Action","E - Everyone","During cold war Soviets and Americans were actually fighting on the moon, unbeknownst to the public. As a commander you climb into space-based hover tanks and command fleets of tanks in realtime. Explore 3 completely different game modes and fight as American, Soviet or Black Dog renegade to turn the tides to your favour!

• Saves via Controller Pak"
"BAZR","Super Mario 64 BAZR","Other","","","","2025-02-11","1","No","Action | Strategy | Unofficial","E - Everyone","Come on down to Luigi's Casino to try the brand new card game, BAZR!

BAZR turns Super Mario 64 into a roguelike deck-builder with multiple unlockable decks and 100+ cards to find! Find coins in the level to buy new cards, collect stars under par time to get big bonuses, or find card pickups scattered throughout the stages to build your deck to take on Bowser's Gauntlet! 

Test your luck, skill, and SM64 knowledge!"
"Beetle Adventure Racing","ビートル アドベンチャーレーシング","NTSC-J","Japan","","","1999-11-26","4","No","Racing","Not Rated","No overview is currently available for this title, please feel free to add one."
"Beetle Adventure Racing!","HSV Adventure Racing","NTSC","","Electronic Arts","Paradigm Entertainment Inc.","1999-02-28","4","No","Racing","E - Everyone","Take control of a collection of the latest Volkswagen Beetle ""2.0"" models, from street type to off-road designs, and race across varying road types that will test your speed and endurance!
Find shortcuts or use nitro boosts to finish first in order to move on to the next track. If the computer AI is to easy for you, battle against a friend in two player race mode or challenge up to 4 people in a special Battle Mode, with added abilities including weapons, from mines and rockets to magical elements, while collecting the flag and finding the exit!

• Saves via Controller Pak"
"Big Mountain 2000","Snow Speeder","NTSC","","Imagineer Co., Ltd.","Genki Co., Ltd.","2000-10-10","4","No","Sports","E - Everyone","Big Mountain 2000 is a wintersports game where you can choose to race downhill with either a snowboard or skis. There are various characters to choose from, each of them with different skills. Three game modes are available in total, in which free ride, slalom and giant slalom can be chosen as track styles; game modes include championship, time attack and also a battle mode for multiplayer challenges.

• Saves via Internal memory (EEPROM) - Secondary Saves via Controller Pak"
"Bio Freaks","Bio Freaks | Bio FREAKS","NTSC","","Midway Games","Saffire Corporation","1998-06-14","2","No","Fighting","M - Mature 17+","Bio F.R.E.A.K.S. is a 3D fighting game set in a near-future Neo-Amerika where technology and bio-engineering have accelerated at an incredible rate. The Techno-Industrial Civil Wars have split the country into corporate-controlled territories, and wars are fought with genetically engineered super-soldiers.

Combats take place in Battle Pits with unique terrain and hazards. Choose from 8 characters with an assortment of special attacks and fatality-like finishing attacks, from the prototype soldier Bullzeye to the cybernetically enhanced ZipperHead.

• Saves via Controller Pak"
"Biohazard 2","Resident Evil 2 (JPN)","NTSC-J","Japan","Capcom","Capcom","2000-01-28","1","No","Action | Adventure | Horror","AO - Adult Only 18+","Resident Evil 2 is a 1998 survival horror video game developed and published by Capcom for the PlayStation. The player controls Leon S. Kennedy and Claire Redfield, who must escape Raccoon City after its citizens are transformed into zombies by a biological weapon two months after the events of the original Resident Evil. The gameplay focuses on exploration, puzzles, and combat; the main difference from its predecessor are the branching paths, with each player character having unique storylines, partners and obstacles."
"BK Lair Witch Project","Banjo-Kazooie: The Lair Witch Project","Other","","Romhacking","Rare, Ltd.","2025-10-31","1","No","Adventure | Platform | Horror | Unofficial","Not Rated","Content:
-16 Jiggies (+ 1 Alternate Ending)
-200 Notes
-16 Mumbo Tokens
-1 Your Soul
-4 Extra Honeycomb Pieces
-1 Kurkoin
-1 Extra trophy (Alternate Ending)

    An alternate ending for those who replay the game and meet certain requirements."
"Blast Corps","","NTSC","United States of America","Nintendo of America, Inc.","Rare, Ltd.","1997-02-28","1","No","Action | Puzzle","E - Everyone","A pair of defective nuclear missiles, en route to a safe detonation site, has begun to leak. Badly damaged, the carrier automatically locks onto the most direct route. Clear a path to help the carrier arrive safely. Tons of vehicles are at your disposal. Leave nothing standing or the adventure will end in an earth-shattering explosion! Find the hidden technicians to ensure a safe detonation. Strap on your seat belt, it's going to be a bumpy ride.

• Different vehicles deliver destructive powers!
• Lay waste to the cities in this fast-paced smash-action adventure!
• Smooth scrolling, multiple-angle views!
• Game Pak memory will store your progress, best times, and custom settings!
• Store your progress, best times, and custom settings on a N64 Controller Pak to play at a friend's house!"
"Blastdozer","Blast Corps","NTSC-J","Japan","Nintendo","Rare, Ltd.","1997-03-21","1","No","Action | Puzzle","Not Rated","No overview is currently available for this title, please feel free to add one."
"Blues Brothers 2000","","NTSC","","Titus Interactive, S.A..","Player 1","2000-11-16","1","No","Platform | Music","E - Everyone","Start out as Elwood in prison and get the band together for the battle of the bands, which is in less than two days. After saving the guitarist, Cab and defeating the warden, Mac and Buster are waiting to be found in Chicago to complete and reunite your crew!

• Saves via Controller Pak"
"Body Harvest","","NTSC","United States of America","Midway Games","DMA Design Limited","1998-10-20","1","No","Action | Shooter","T - Teen","The year is 2016. Humanity has been reduced to a few survivors inhabiting the orbital space station Omega. Over the course of the history, aliens visited the Earth every twenty-five years, ""harvesting"" humans as an organic material. Eventually, they launch an assault on the last remnants of the human race. But Adam Drake, a genetically engineered soldier, comes into possession of a time-traveling device. He uses it to travel to the time periods of human history when aliens performed their deadly attacks. The fate of humanity is in his hands.

Body Harvest is an action and driving game with a mission-based structure. The protagonist travels to various locations and eras (e.g. Greece during World War II, Siberia in the 1990s, etc.) with the goal of stopping alien invasions. Missions can be accessed by traveling to specified areas on the map. Adam can move on foot and use his weapons to kill aliens; however, vehicles usually prove to be a more reliable way of tackling most missions. Adam can use most of his weapons while in a vehicle; in addition, some vehicles are outfitted with their own weapons.

• Saves via Internal Memory (EEPROM)"
"Bokujou Monogatari 2","Harvest Moon 64 | Bokujō Monogatari 2","NTSC-J","Japan","Natsume | 																Pack-In-Soft","Victor Interactive Software, Inc.","1999-02-05","1","No","Life Simulation","E - Everyone","No overview is currently available for this title, please feel free to add one."
"Bomberman 64","Baku Bomberman","NTSC","","Nintendo","Hudson Entertainment, Inc.","1997-12-01","4","No","Platform","E - Everyone","The evil Altair is using the Omni Cube to drain the energy from Planet Bomber. With the aid of a mysterious helper, you must defeat Altair, and restore peace to Planet Bomber. In the Adventure mode, guide Bomberman through 24 areas of perilous conflict. Battle Altair's sinister allies, destroy their bases and put an end to the insane attack. The multi-player Battle mode offers endless hours of explosive action. Use the standard Bomberman character or create a custom one and save it to an N64 Controller Pak.

• Saves via Internal Memory (EEPROM) - Secondary Saves via Controller Pak"
"Bomberman 64: The Second Attack!","Baku Bomberman 2","NTSC","","Vatical Entertainment LLC","Hudson Entertainment, Inc.","2000-05-18","4","No","Action","E - Everyone","Of the great discoveries in the universe, few are more important than the legendary 8 elements. When the evil Rukifellth found one of these elements - the powerful Celestial Stone - he used his influence to assemble the dreaded BHB Army. Armed with his new army and a giant space warship, the power-crazed Rukifellth began scouring the galaxy for the other 7 elements, invading planets and enslaving innocent races throughout the galaxy. Rukifellth controls these enslaved planets with special Gravity Generators - the same devices the BHB Army used to create a Black Hole. Rukifellth uses his Black Hole to capture new planets... But he should have thought twice before he tried to capture Bomber Planet!

• Saves via Internal Memory (EEPROM) - Secondary Saves via Controller Pak"
"Bomberman Hero","Bomberman Hero: Millian Ojosama wo Sukue","NTSC","","Nintendo","Hudson Entertainment, Inc.","1998-09-01","1","No","Action","E - Everyone","Bomberman's latest adventure takes him across the galaxy! Princess Millian has been kidnapped by the evil Garaden Empire and it's up to Bomberman to save the day. Travel through worlds of ice, fire and water. Use new abilities and get help from friends like Louie the rabbit and Pibol the robot. New vehicles like the Bomber Copter and Bomber Marine will come in handy in your quest to save the Princess and free the universe once again!

• Saves via Internal Memory (EEPROM)"
"Bottom of the 9th","","NTSC","","Konami","Konami","1999-04-14","2","No","Sports","E - Everyone","Play Exhibition and Season modes as your favorite team from the Major League Baseball. 300 real life players, complete with a full list of stats, are included for this combination of simulation and arcade style baseball.

Along with the usual assortment of playing options, you can also play some scenario simulations, where each scenario is based on a real life occurence in the MLB. For example, hit a home run with the last ball of the match, or stop a team from scoring in the final inning to complete each scenario. Traning and support for 2 player multi-player are also available.

• Saves via Controller Pak"
"Brunswick Circuit Pro Bowling","","NTSC","","THQ","Point of View, Inc.","1999-12-23","4","No","Sports","E - Everyone","Choose one of the 13 genuine tournament bowlers and start the challenge! You're provided with real player animations and lanes, as well as different lane conditions and various bowling balls (genuine Brunswick!)! Full 3D environment brings the game to life, and all the tournament rules are available, even the Brunswick ""Skins"" game.

• Saves via Controller Pak"
"Buck Bumble","","NTSC","","Ubisoft Entertainment","Argonaut Games","1998-09-30","2","No","Action | Shooter","E - Everyone","A chemical spill somewhere in rural England has mutated an army of bees into killer insects! Led by their queen, they are out to destroy everything living thing on the planet, including all insects that dare stop them. 
Only Buck Bumble, the only bee not to be turned evil by the ways of the queen, can save the world, and his fellow insects, from total destruction. 

Shoot down swarms of enemy bees, while flying and avoiding the hazards bellow or land on the ground and attack the enemies on foot with various weapons. Also included are a handful of two-player split-screen modes, including Buzz Ball, a unique soccer style game.

• Saves via Controller Pak"
"Bust-A-Move '99","Bust-A-Move 3 DX | Puzzle Bobble 3","NTSC","","Acclaim Entertainment, Inc.","Distinctive Developments","1999-04-30","4","No","Puzzle","E - Everyone","Think you've busted with the best? Not until you've faced Bust-A-Move '99! With intense 4-player competition, all new graphics, and create-a-level mode, you've never busted bubbles like these! And with eight new mysterious characters to save, you'll be bustin' like crazy to solve all the puzzles and send them home!

• Saves via Controller Pak"
"Bust-A-Move 2: Arcade Edition","","NTSC","","Acclaim Entertainment, Inc.","Probe Entertainment","1998-04-30","2","No","Puzzle","E - Everyone","Bust-A-Move 2 is the lightning-quick, ultra-intense, 100% addictive, arcade puzzler that's gonna grab you and never let go! As the balls descend, you're gonna need sharp eyes and quick reflexes to match 3 or more balls and pop them... fast! Insane two-player action pits you against an opponent in a race to bust or be busted! Match 'em by color! Stack 'em! Pop 'em! It's the end all, be all, puzzle game of the century that lets everyone Bust-A-Move!

• Saves via Controller Pak"
"Bust-A-Move 3 DX","","PAL","","Natsume","Taito Corporation","1997-12-31","4","No","Puzzle | Strategy","Not Rated","So you think you've mastered every puzzle game in the universe, eh? Well, think again. Our all-new Bust-a-Move 3 will have you eating humble pie 'til your gut hurts. But hang in there, after your ego recovers a bit, you'll learn to smash through all the complex levels of dazzling rainbow spheres. And when you figure out what it takes to win, challenge friends to a head-to-head and watch them squirm. Just try not to laugh too hard.

Puzzle Bobble 3 (also known as Bust-A-Move 3) is the second sequel to Puzzle Bobble. It was released into arcades in 1996 and later ported to the PlayStation, Sega Saturn, Nintendo 64 and PC. It would be the final appearance of Puzzle Bobble on the Sega Saturn. Like its predecessors, the player is tasked with shooting balls at groups of balls, creating groups of 3 or more, which are then removed from play. A North American remake is entitled Bust-a-Move '99."
"California Speed","","NTSC","United States of America","Midway Games","Atari","1999-02-28","2","No","Racing | Sports","E - Everyone","California Speed features racing through California, with a range of different and unique tracks based on the real life maps of the US state, with short-cuts and branching elements adding elements of strategy when racing to the finish line.The car pool includes the usual collection of fast cars, as well as F1 racers and golf-carts.

• Saves via Controller Pak"
"Carmageddon 64","","NTSC","","Titus Interactive, S.A..","SCi Games","2000-01-01","2","No","Racing","M - Mature 17+","In Carmageddon, the player races a vehicle against a number of other computer controlled competitors in various settings, including city, mine and industrial areas. The player has a certain amount of time to complete each race, but more time may be gained by collecting bonuses, damaging the competitors' cars or by running over pedestrians.

• Saves via Controller Pak"
"Castlevania","Castlevania 64","PAL","","Konami","Konami Computer Entertainment Kobe","1999-05-14","1","No","Action | Adventure | Platform | Horror","Not Rated","Castlevania (also referred to as Castlevania 64) is a 1999 action-adventure video game developed by Konami's Kobe branch for the Nintendo 64 video game console. An expanded version of the game, Castlevania: Legacy of Darkness, was released later in the same year.

Castlevania is the first 3D game in the Castlevania series. The player selects one of the game's protagonists to control: Carrie Fernandez, a young orphan gifted with magic powers, or Reinhardt Schneider, the whip-wielding heir to the Belmont clan (the series' recurring protagonists). Carrie and Reinhardt set out on a quest to stop Count Dracula's impending return to power after a century of dormancy. The characters travel to and explore Dracula's grand estate in their mission to defeat the count and his horde of undead minions.

Gameplay

The player-character Reinhardt can jump between 3D platforms to traverse areas. The GUI displays the time of day, which has an effect on the gameplay.
Castlevania, like most of its predecessors, is primarily an action-adventure and platforming game. The Japanese logo for the game include the words ""real action adventure"" in English.

Combat is slightly more complex than in older entries. A basic targeting and lock-on system has been implemented. Players have the use of both a long-range attack (the whip for Reinhardt, homing energy balls for Carrie) and a close-quarters attack (dagger and rings respectively). Each weapon has strengths and weaknesses. For example, the Cerberus hounds can outrun Carrie's orbs, and Reinhardt must jump to land blows when fighting the vampire in the Castle Keep. Both characters can acquire sub-weapons, of which only one can be used at a time. In past Castlevania titles they were powered by red hearts, but in this game are instead powered by red jewels. The sub-weapons are series mainstays: the axe, knife, cross, and holy water.

A large part of the game's challenge is also based on jumping from platform to platform while avoiding environmental hazards such as enemies and traps. Platforms are usually stationary, but some may rotate out from under the player, move through the environment like a rail shooter (the gondola in the Tunnel level), and crumble or fall away underfoot. There are also some invisible platforms that either afford players a strategic advantage or lead to hidden items.

Castlevania also includes elements from the survival horror game genre. In addition to the trappings and narrative devices of Gothic horror, players are often placed in situations that may evoke feelings of stress, anxiety, and vulnerability. Players may be trapped in caged fights with monsters, such as the battle with the Cerebrus hounds in the Villa when the screen darkens to near-black. Some caged battles are timed, such as the boss battles in the Duel Tower level, where the gamer will be crushed by a falling ceiling should they not best their enemy in time. Vampires are also often fought in caged environments, with the added complication that they can latch onto Carrie and Reinhardt to suck their blood. If the player doesn't break free by rapidly rotating the control stick, the character's status changes to ""vamp"" and they will not be able to use their primary weapon or healing items. Unless a specific item is used to recover, the game becomes exponentially more challenging. Castlevania also features two other survival horror sequences: In the Villa's maze garden, players must follow Malus through the labyrinthine hedges while strong, unbeatable enemies give chase. In the Castle Center, players must carefully carry the ""magic nitro"" item through an obstacle course to its destination. One jump, fall, or hit will cause the volatile chemical to explode, resulting in immediate death.

Although progression through the game is relatively linear, with characters unable to revisit completed levels, there is also an emphasis on exploration. Most levels require only occasional backtracking, and are relatively straightforward in how players progress. The Villa and Castle Center levels, however, are sprawling environments that require in-depth exploration. This element of exploration and discovery is strengthened by the fact that there is no in-game map, requiring players to rely on memory alone to navigate. Occasionally boss battles will not occur at end of a level, but rather in the middle or even at the beginning (such as in first level, where players must fight a boss moments after starting the game). The Duel Tower level consists only of boss battles. Both styles of levels include light puzzle-solving, such as the astronomical puzzle in the Castle Center's planetarium. Puzzle solving often involves non-player characters such as Charlie Vincent, Rosa, and the lizard man. Conversations with these characters may yield insights or items necessary to progress in the game.

Castlevania features an internal clock that results in a day/night cycle. In a few choice areas the time of day will affect events in the story: characters may not appear or be unwilling to talk at a certain time of day. For example, in the Villa level players must meet Rosa at sunrise in the rose garden and Charlie Vincent will be asleep at night. Also, if the player takes 16 or more in-game days to beat the game, the game will give them a bad ending in which Dracula and his dark forces prevail. The time of day also affects whether or not the player can access certain areas of the game. Doors sealed by magic and bearing a sun or moon crest can only be opened during the corresponding time of day. Additionally, timed events can occur which grant access to secrets, such as the pillar in the Villa's courtyard fountain. Players can use sun cards to advance the time to sunrise (6 AM) and moon cards to sunset (6 PM). Finally, the strength of certain enemies can fluctuate based on the time of day. For example, vampires are much harder to defeat at night than during the day.

Castlevania has different settings to adjust the challenge posed by the game. In ""easy mode"", the player will only be able to play until the end of the Castle Center level, at which time the game will prompt them to try ""normal mode"" to advance to the subsequent stages. Upon fulfilling certain conditions ""hard mode"" will be unlocked. In this mode enemies take more hits to defeat and subweapons require more red jewel points to use (e.g. 2 jewel points for the knife instead of 1).

Currency, in the form of moneybags, can be used to purchase items that are not dropped by enemies or found hidden in the environments. The heroes may also need to battle Renon, the demon salesman, should they spend over thirty thousand gold. An inventory on the pause screen displays items, such as health-restoring meat, restorative ampoules, keys, etc.

The North American and PAL versions of the cartridge do not have a built-in save feature; all saved games are stored on a memory card (the Controller Pak) attached to the Nintendo 64's controller. Players save their in-game progress by using white jewel items scattered throughout the levels, which must be touched to activate and can be used indefinitely."
"Castlevania: Legacy of Darkness","悪魔城ドラキュラ黙示録外伝 LEGEND OF CORNELL | Demon Castle Dracula Apocalypse Gaiden: Legend of Cornell","PAL","","Konami","Konami Computer Entertainment Kobe","2000-03-03","1","No","Action | Adventure","Not Rated","Castlevania: Legacy of Darkness (悪魔城ドラキュラ黙示録外伝 LEGEND OF CORNELL Demon Castle Dracula Apocalypse Gaiden: Legend of Cornell) is a 3D action-platformer game developed and published by Konami for the Nintendo 64. It is part of the Castlevania series and it was first released in North America on November 30th, 1999.
The game is both an expanded and remastered version of Castlevania, which was released earlier that same year on the same system. As such, it includes additional levels, characters, and gameplay modes that were left out from the previous game, presumably due to time constraints.

Plot
Set in the year 1844, the game stars the man-beast Cornell in his quest to prevent his adopted younger sister, Ada, from being used as a sacrifice to resurrect Count Dracula. The game opens as Cornell arrives at his village, which has been burned to the ground by Dracula's minions. He finds Ada's pendant in a doorway and follows her scent to Dracula's castle.

During the course of the game, Cornell comes upon a grand estate owned by the Oldrey family: J.A. Oldrey, the master of the Villa, Mary, his wife, and Henry, their son. Gilles de Rais and Actrise have turned Oldrey into a vampire. At Mary's request, Cornell guides Henry to safety. Later in life, Henry returns to Castlevania to save kidnapped children.

Throughout the game, Cornell encounters his rival and fellow man-beast, Ortega. Ortega has allied himself with Dracula to finally best Cornell in combat. They eventually battle near the end of the game, just before Cornell defeats Dracula and saves his sister. (Although he only accomplishes the latter by sacrificing his man-wolf powers.) Unbeknownst to the hero, acquiring this power was the true aim of the dark forces, as it was the perfect sacrifice (not Ada, as Cornell had assumed) to resurrect Dracula at his full power.

The quests for Carrie Fernandez and Reinhardt Schneider (from the original Castlevania for the Nintendo 64) are also featured in Legacy of Darkness. They can be unlocked by rescuing children in Henry's quest."
"Centre Court Tennis","Let's Smash","PAL","","Hudson Entertainment, Inc.","Hudson Entertainment, Inc.","1999-01-01","4","No","Sports","E - Everyone","The basic game features a multiplayer mode (up to 4 players), a tournament mode and an exhibition mode. You also have four mini-games, ""Tennis Court Bingo"", ""Burning Barrels"", ""Run and Gun"" & Knock'em Down"", where your goal is to hit certain objects in the tennis field. You can win special prices for getting enough points."
"Chameleon Twist","","NTSC-J","Japan","","","1997-12-12","1","No","Platform","E - Everyone","No overview is currently available for this title, please feel free to add one."
"Chameleon Twist 2","","NTSC","","SUNSOFT","Japan System Supply","1999-04-14","1","No","Platform","E - Everyone","Chameleon Twist 2 is presented as the direct sequel to Chameleon Twist and was published in 1999 by Sunsoft. 

After the events in Chameleon Twist, Davy and his friends are playing in the forest, still carrying the backpacks from their last adventure, when suddenly the rabbit returns and knocks one of the chameleons high up into the sky. The chameleon transforms into an enhanced-looking humanoid chameleon and goes on a search for six carrots in six different worlds, like Ice Land, Carnival Land or Sky Land.

• Saves via Controller Pak"
"Charlie Blast's Territory","","NTSC","","Kemco","Realtime Associates, Inc.","1999-04-02","4","No","Puzzle","E - Everyone","Charlie Blasts Territory is categorized as a 3D-Puzzle Game, released in 1999 by publisher Kemco. It combines solving intricate puzzles and blowing things up using tons of TNT! Use Charlie and his demolition skills to destroy the dams with bombs to free the life-giving water from other lakes in order to refill Rainbow Valley Lake. If you're looking for a human challenge, Charlie Blast's Territory also offers a multiplayer function that lets you go head-to-head against a bomb-blasting friend!

• Saves via Password"
"Chopper Attack","Wild Choppers","NTSC","","Midway Games","SETA Corporation","1998-06-17","1","No","Action | Shooter","T - Teen","Chopper Attack is a helicopter-based third-person shooter game released and published in 1997 by Midway.
The game features numerous missions in various locations; missions include bombing the enemy's bases, escorting Air Force One through dangerous jungle terrain and rescuing prisoners of war.

• Saves via Internal Memory (EEPROM)"
"Choro Q 64 (Blue Metallic Version)","チョロQ 64","NTSC-J","Japan","Takara","","1998-07-17","4","No","Racing","Not Rated","Choro-Q 64 (チョロQＱ64), also known as Penny Racers in North America and Europe, is an action racing game for the Nintendo 64."
"Choro Q 64 2: Hachamecha Grand Prix Race","","NTSC-J","Japan","TAKARA Co., Ltd.","Locomotive Staff","1999-12-24","4","No","Racing","Not Rated","Choro Q 64 2:Hacha-Mecha Grand Prix Race is a racing game released in 1999 in Japan for the Nintendo 64. It is the sequel to Choro Q 64 (Penny Racers outside of Japan) and is part of the Choro Q series. The game is also compatible with the Game Boy Color game Choro Q Hyper Customable GB, using the GB Transfer Pak."
"Choro-Q 64","チョロQ 64","NTSC-J","Japan","Takara","Locomotive Staff","1998-07-17","4","No","Racing","Not Rated","Choro-Q 64 (チョロQＱ64), also known as Penny Racers in North America and Europe, is an action racing game for the Nintendo 64."
"Chou Snobow Kids","Snowboard Kids 2","NTSC-J","Japan","Atlus Co., Ltd.","Racjin Co., Ltd.","1997-12-12","4","Yes","Sports","Not Rated","No overview is currently available for this title, please feel free to add one."
"Chou-Kuukan Night Pro Yakyuu King","Chou Kuukan Night Pro Yakyuu King","NTSC-J","Japan","Imagineer Co., Ltd.","Genki","1996-12-20","1","No","Sports","Not Rated","Chou-Kuukan Night Pro Yakyuu King is a Sports game, developed by Genki and published by Imagineer, which was released in Japan in 1996."
"Chou-Kuukan Night Pro Yakyuu King 2","","NTSC-J","Japan","Imagineer Co., Ltd.","Genki","1999-03-19","1","No","Sports","Not Rated","Chou-Kuukan Night Pro Yakyuu King 2 is a Sports game, developed by Genki and published by Imagineer, which was released in Japan in 1999."
"City Tour Grand Prix: Zen Nihon GT Senshuken","シティツアーグランプリ 全日本GT選手権","NTSC-J","Japan","Imagineer Co., Ltd.","Imagineer","1998-10-30","2","No","Racing","Not Rated","No overview is currently available for this title, please feel free to add one."
"ClayFighter 63 1/3","Clay Fighter 63 1/3","NTSC","","Interplay Entertainment Corp.","Interplay Entertainment Corp.","1997-10-21","2","No","Fighting","T - Teen","Get ready to crumble! Once again, the clay fighters prove that when you play a state-of-the-art fighter, you might lose lives, you might lose limbs, but there's no reason to lose your sense of humor! Fight in and out of 3D backgrounds. Get tossed out of a window and resume fighting outside. Choose form 12 eccentric fighters including brand new combatants and old favorites like ""Bad Mister Frosty"" and ""Bonker the Clown."" Includes bonus ""secret characters"" who are so famous that a legal gag order prohibits us from revealing their identity. Move freely in over 12 highly detailed 3D environments.

• No save option available"
"ClayFighter: The Sculptor's Cut","Clay Fighter: Sculptor's Cut","NTSC","","Interplay Entertainment Corp.","Interplay Entertainment Corp.","1998-05-01","2","No","Fighting","T - Teen","Get ready to crumble... with this special edition of the world's funniest fighting game! This ""director's cut"" contains many extras added to the original Clay Fighter 63 1/3 game. You might lose lives, you might lose limbs, but don't lose your sense of humor! 12 eccentric fighters plus 4 additional clay combatants only found in this version. More snide remarks and barbed wit will have you crying from laughing so hard! Original characters get additional attacks for an all-new experience. Enhanced camera angle stays put to see more details in the environment and improve fight control!

• No save option available"
"Command & Conquer","","NTSC","","Nintendo","Looking Glass Studios, Inc.","1999-05-31","1","No","Strategy","T - Teen","Command & Conquer  is a real-time strategy game developed by Westwood Studios and released by Nintendo in 1999. 
Like the PC version released in 1995, C&C focuses on the war between two ficitional organizations - The Brotherhood of NOD & the Global Defense Initiative. When a mysterious resource called Tiberium emerged on Earth, a conflict developed between both factions, as the GDI wanted to contain the biological material while the Brotherhood wanted to harness it.

15 missions on either side are available in which various units and structures, including artillery, tanks or light infantry, have to be used adequately to crush the enemy base, find traitors, protect vehicles or conquer certain areas.

• Saves via Internal Memory (FlashRAM)"
"Conker's Bad Fur Day","","PAL","","Nintendo","Rare, Ltd.","2001-01-13","4","No","Action | Adventure | Platform","Not Rated","The guy's at Rare have been naughty! The day after his 21st birthday, Conker's sporting the worst hangover ever, and he just can't seem to find his way home. Prepare to stagger through raunchy, raucous scenes crammed full of bad manners, twisted humour and graphic bodily functions. Unless you're a fan of foul language and racy innuendo you'd better steer clear of this one!"
"Conker's Bad Fur Day - Uncensored Edition","","NTSC-U","United States of America","Rare, Ltd.","Rare, Ltd.","2001-03-05","4","Yes","Action | Adventure | Platform","M - Mature 17+","The day after his 21st birthday bash, Conker's sporting the worst hangover ever, and he just can't seem to find his way home. Prepare to stagger through randy, raunchy, raucous scenarios crammed full of bad manners, twisted humor, and graphic bodily functions. Unless you're a fan of violence, foul language, and racy innuendo, you'd best steer clear of this one."
"Corruption's Embrace","Ocarina of Time - Corruption's Embrace","NTSC","","","","1970-01-01","1","No","Adventure","E - Everyone","Corruption's Embrace is a ROM hack created by Skiirote and an entry in the 2024 Hylian Modding Horror Competition."
"Cruis'n Exotica","Cruis 'n Exotica","NTSC","United States of America","Midway Games","Midway Games","2000-10-16","4","No","Action | Racing","E - Everyone","GET EXOTIC! …from Atlantis to Mars and everywhere in between.

Race in style! Cruis’n Exotica takes you to fantastic locales in even more fantastic vehicles. Race through steamy Jurassic jungles or on the ocean floor. Midair stunts keep the action nonstop! Valuable shortcuts and nitro boosts speed up the already fast-paced action! Fantastic driving excitement straight from the arcade!

28 exotic cars to race!

1 to 4 player non-stop racing action!

Turbo boosts, stunts, nitros and more!

60 tracks from around the world!

Three modes of play to choose from!

• Saves via Internal Memory (EEPROM)"
"Cruis'n USA","Cruis 'n USA","NTSC","United States of America","Nintendo","Midway Games","1996-12-18","2","No","Racing","E - Everyone","Slam the pedal to the metal and hang on for a wild race across the highways of America. Catch tall the roadside scenery and famous landmarks from three different driving perspectives -- from San Francisco's Golden Gate Bridge, South Dakota's Mount Rushmore to the rolling hills of Appalachia.

Experience the treacherous turns and famous landmarks as you drive across America!

Select one of five difficulty levels and even remove street traffic or rivel racers from the course.

Select one of ten short courses or go the distance on an textended 14-stage road race.

A split screen perspective allows two players to share the action simultaneously.

With the N64 Controller as your steering wheel,you have the precision to make the tightest of turns and quickest maneuvers.

There's no better way to experience the excitement of cross-country racing!

• Saves via Internal Memory (EEPROM) - Secondary Saves via Controller Pak"
"Cruis'n World","","NTSC","United States of America","Midway Games","Midway Games","1998-09-28","4","No","Racing","E - Everyone","Wanna see the world the easy way? Cruise it! Race through the deserts of Australia, zip through the streets of Paris or blast through the roadways of China! Play the new Championship mode to earn power-ups and secret cars! Go it alone or challenge up to three friends to see who’s the fastest! Check your passport at the door. With Cruisin’ World, you’ve got the power!

Play the new Championship mode to earn power-ups and secret cars!

Take in scenery from 14 courses around the world!

Choose from 12 different cars!

Four-player simultaneous racing!

Compatible with the Rumble Pak’ accessory

• Saves via Internal Memory (EEPROM)"
"Custom Robo","","NTSC-J","Japan","Nintendo","Noise","1999-12-08","1","No","Action","Not Rated","Custom Robo is sort of a sci-fi action take on Nintendo's own collect-and-battle style Pokemon titles. In the game's story mode, you slip into the role of a young boy who has just built his very own toy robot who goes by the name of Lei. Together with your cousin, you head down towards Robo Station to take part in a giant Custom Robo battle championship that takes place in the local Holosseum. The ultimate goal is to improve your skills so that you can defeat the champion Custom Robo builder of them all, Mamoru. Gameplay involves robo customization and frantic action battles in confined 3D arenas. Followed by a sequel."
"Custom Robo V2","","NTSC-J","Japan","Nintendo","Noise","2000-11-10","4","No","Action | Role-Playing","Not Rated","Custom Robo V2 is the second game in the Custom Robo series. It is similar to the first, but it features tag teaming. The player travels an overworld, and participates in Custom Robo battles. The goal of the game is to win every battle of the storyline while collecting every Robo, battle part, and item."
"CyberTiger","","NTSC","","Electronic Arts","Electronic Arts","2000-02-29","4","No","Sports","E - Everyone","A step back from the Tiger Woods PGA's simulation style, Cyber Tiger Woods has more of an arcade feel to it, with cartoony-style animations, fast gameplay and elements added to make the game of golf more lively than the real-life counterpart.

• Saves via Controller Pak"
"Dance Dance Revolution featuring Disney Characters","Dance Dance Revolution: Disney Dancing Museum","NTSC-J","Japan","Konami","Bemani","2000-11-30","1","No","Music","Not Rated","Dance Dance Revolution: Disney Dancing Museum is a Music video game released for the Nintendo 64 on November 30, 2000 in Japan only. It was sold as part of a bundle pack that featured the game as well as an exclusive N64 controller designed for this mix that featured popular Disney characters. The game featured 22 (20 that must be unlocked) songs from various Disney franchises and other popular musical numbers. The songs where unlocked by players putting together puzzles of famous Disney characters. It shares three songs with the PlayStation Disney incarnation Dance Dance Revolution Disney Mix and several modes of game play including single and dual player, and dance magic (a battle mode). The game also features a unique game play mode where the player both dances on the dance pad and uses the controller to press a single set arrows on the right and left side of the screen using the N64 controller's Z button."
"Dark Rift","Criticom II","NTSC","","Vic Tokai","Kronos Digital Entertainment","1997-07-10","2","No","Action | Fighting | Sports","T - Teen","Dark Rift delivers hyper-active 3D fighting with a sci-fi theme! Compete against eight exotic and powerful characters and two very large bosses. Motion captured character animations enhance the realism. The arsenal includes multiple-hit combos, back-crunching grabs, juggles, projectiles, and punishing special moves. Tune into individual character stereo sound tracking. Fight in Tournament, 2-Player or Training modes.

• No save option available"
"Dead Ritual","","Other","","","","2022-10-30","1","No","Action | Adventure | Shooter | Fighting | Horror | Unofficial","Not Rated","Dead Ritual is a homebrew game for the N64 by Team Half An Octopus and released on 30 Oct 2022 for the 2022 64brew Game jam. It’s a first person shooter where you walk through a forest and town shooting zombies. (Description taken from N64 Squid)"
"Deadly Arts","G.A.S.P! Fighter's NEXTream","NTSC","","Konami","Konami","1998-10-07","2","No","Fighting","T - Teen","Walk into the arena, take a bow, and prepare for the most intense combat simulation ever! Over nine controllable fighters are yours to command, complete with an arsenal of face-busting, body-smashing moves. Feel every kick, punch and throw with the RUMBLE PAK feature as you take part in a low down and dirty street fighting tournament!

• Saves via Controller Pak"
"Demon's Quest","Ocarina of Time- Demon's Quest","NTSC","","","","1970-01-01","1","No","Adventure","E - Everyone","Demon's Quest is a ROM hack created by thinedave and Aegiker.

Ocarina of Time: Demon's Quest is a gameplay mod that aims to make the game more challenging to the experienced player.

Shield Durability: Consider dodging. Shields can be re-bought at a shop.
Perfect Block: Don't want to lose stamina? Don't want to lose durability? Don't want to take damage? Now you can have it all.
Stamina: Every combat action you take drains stamina. No longer can you mindlessly swing your sword about and win.
Life Drain: Upon death, a heart container is drained from your life. Consult the Great Fairies for aid.
Triple Damage: Those Deku Babas aren't playing anymore.
Potions: Drinking a potion no longer pauses the game."
"Densha de Go! 64","電車でGO!64","NTSC-J","Japan","Taito Corporation","Taito Corporation","1999-07-30","1","No","Action | Construction and Management Simulation","Not Rated","Densha de Go! 64 (電車でGO!64 ) is a train driving simulation game for the Nintendo 64."
"Densha de Go! 64 (Nintendo64 VRS)","","NTSC-J","Japan","","","1999-07-30","1","No","Vehicle Simulation","Not Rated","Densha de Go! 64 (電車でGO!64 ) is a train driving simulation game for the Nintendo 64."
"Derby Stallion 64","ダービースタリオン64","NTSC-J","Japan","Media Factory","ParityBit","2001-08-10","4","No","Racing | Sports","Not Rated","The Derby Stallion (also known in Japan by the portmanteau abbreviation DerbyStal) video games are a series of genre-merging horse-racing and business simulation games originally created by ASCII Entertainment, and released by Nintendo. The series comprises 21 games, spans more than 10 console platforms, and is the best-selling horse racing series of all time with total sales topping more than 4 million in Japan."
"Destruction Derby 64","","NTSC","","THQ","Looking Glass Studios, Inc.","1999-10-02","4","No","Racing","E - Everyone","Much like other Destruction Derby titles, the aim of the game is to race through to the finish, while taking out the other cars for points and not crashing out yourself.

In this addition, up to 4 players can play, with options including a straight out Derby, Capture the Flag, arena battles and much more.

There are 12 single player tracks to go through, and plenty of cars to use, including a taxi car (which you must complete the game to unlock).

• Saves via Controller Pak"
"Detective Luigi","","NTSC","","","","2019-12-31","1","No","Platform","Not Rated","Explore a rainy city, solving a mystery as Detective Luigi.

Developer: rovertronic"
"Dezaemon 3D","","NTSC-J","Japan","Athena Co., Ltd.","Athena Co., Ltd.","1998-06-26","1","No","Sandbox","Not Rated","Dezaemon 3D is a video game and game creator for the Nintendo 64. It was released only in Japan in 1998. The game's editor allows players to design their own shooting game levels similar to the levels shown in Star Soldier: Vanishing Earth. The game has a large number of options, from creating the stage boss or adding a custom soundtrack for each level. It was originally developed alongside an ultimately unreleased accompanying expansion disk title for 64DD."
"Diddy Kong Racing","","PAL","","Rare, Ltd.","Rare, Ltd.","1997-11-21","4","Yes","Adventure | Racing | Family","E - Everyone","Timber the Tiger's parents picked a fine time to go on vacation. When they come back, they're going to be faced with an island trashed by the spiteful space bully Wizpig - unless the local animals can do something about it! So join Diddy Kong as he teams up with Timber the Tiger, Pipsy the Mouse and Taj the Genie in an epic racing adventure unlike anything you've ever experienced before!

-This unique game blends adventure and racing like no other game!

-Roam anywhere you want on the island by car, plane or hovercraft!

-An enormous amount of singe-player and multi-player modes!

-Feel the action when you use the N64™ Rumble Pak™ and save your times on the N64™ Controller Pak™!

• Saves via Internal Memory (EEPROM) - Secondary Saves via Controller Pak"
"Dinosaur Planet","","Region Not Set","","Nintendo of America, Inc.","Rare, Ltd.","2000-12-05","1","No","Action | Adventure","E - Everyone","Dinosaur Planet is an unreleased Nintendo 64 game by Rare that ultimately evolved into Star Fox Adventures for GameCube. But thanks to the preservationists at Forest of Illusion, it’s now possible to play that unfinished, original title. A build of the game from December 1st, 2000 — well into its development cycle — was retrieved from a disc purchased from a private collector."
"Disney/Pixar A Bug's Life","","NTSC","United States of America","Activision","Disney Interactive","1998-11-06","1","No","Adventure","E - Everyone","As hopeful hero Flik, you're the colony's last chance against the seed-grubbing grasshoppers. Run, fly, kick, squish, and slide through 15 challenging levels of 3-D animated gameplay. Outmaneuver 13 types of enemies, including The Bird and her deadly beak. Then, throw your weight around with tough antics like the Berry Attack and the Butt-Bounce. Because on this ride, you'll need more than just high hopes.

• Search for power-ups, tokens and objects to use in the ""Living World.""
• Get a bug's-eye-view of a magical 3-D world.
• Swing, fly, slide and navigate Flik through immense bug-infested levels.
• Saves via Controller Pak"
"Disney's Donald Duck: Goin' Quackers","Donald Duck: Goin' Qu@ckers | Donald Duck - Quack Attack","NTSC","","Ubisoft Entertainment","Disney Interactive","2000-12-20","1","No","Adventure | Role-Playing","E - Everyone","Keeping Donald content is about as easy as herding cats, but everyone's favorite fusspot really goes off the deep end when malodorous magician Merlock duck-naps Daisy. To add insult to injury, Donald's uppity cousin, Gladstone Gander, vows to rescue Daisy. Thus begins Donald's great race to reach Daisy first and foil Merlock's nefarious plans.

• Saves via Internal Memory (EEPROM) - Secondary Saves via Controller Pak"
"Disney's Tarzan","","NTSC","","Activision","Konami","1999-07-15","1","No","Action | Platform","E - Everyone","The player takes control of the eponymous Tarzan who ultimately has to save his home, the jungle, from Clayton, a hunter for gorillas. Tarzan starts up as a child learning the skills of the apes. The game has 3 difficulties: easy, medium and hard. In the easy and medium difficulties, little Tarzan gets tips from his friend Turk. Tarzan's enemies are monkeys, baboons, eagles, and different animals, including some humans and Clayton.

• Saves via Controller Pak"
"Donkey Kong 64","","NTSC","Brazil","Gradiente","Rare, Ltd.","2000-01-01","4","No","Adventure | Platform","Not Rated","K. Rool has kidnapped the Kongs! Can Donkey Kong rescue his friends, reclaim the Golden Bananas and save his homeland from certain doom? Take out some Kremlings with Chunky's Pineapple Launcher or Lanky's Trombone. Float through the air using Tiny's Ponytail Twirl. Even rocket to the sky with Diddy's Jetbarrel!"
"Donkey Kong 64 [Expansion Pak Bundle]","Donkey Kong 64","NTSC-J","Japan","Nintendo","Rare, Ltd.","1999-12-10","1","No","Action | Adventure | Platform","Not Rated","K. Rool has ape-napped the Kongs!

Can Donkey Kong rescue his friends, reclaim the Golden Bananas and save his homeland from certain doom? Take out some Kremlings with Chunky's Pineapple Launcher or Lanky's Trombone. Float through the air using Tiny's Pony Tail Twirl. Even Rocket to the sky with Diddy's Jetbarrel!

-Don't forget the mini-games! Challenge a seal to a race around the lagoon, go on a crazy mine cart ride, and be on the lookout for a blast from the past...

-Four players can join in on super split-screen action or duke it out in a single-screen free-for-all!

-Use of the required Expansion Pak (included) allows incredible real-time lighting effects and massive environments."
"Donkey Kong 64 [Not For Resale]","","NTSC-U","United States of America","Nintendo","Rare, Ltd.","1999-09-01","1","No","Action | Adventure | Platform","RP - Rating Pending","The kiosk demo for Donkey Kong 64 only includes 3 stages. The first one is the Dogadon boss fight as Chunky Kong, the second one is Diddy's Jungle Japes Minecart Ride, and the third one is the Army Dillo rematch."
"Donkey Kong 64: Tag Anywhere","Donkey Kong 64 Tag Anywhere | Donkey Kong 64 -Tag Anywhere","NTSC","","","","2021-11-01","1","No","Adventure | Platform | Unofficial","E - Everyone","This Donkey Kong 64 romhack let’s you switch characters with the D-pad left/right anywhere.

Released By Isotarge."
"Doom 64","","NTSC","","Midway Games","Midway","1997-03-31","1","No","Shooter","M - Mature 17+","You killed the Demons once, they were all dead. Or so you thought... A single Demon Entity escaped detection. Systematically it altered decaying, dead carnage back into grotesque living tissue. The Demons have returned - stronger and more vicious than ever before. You mission is clear, there are no options: kill or be killed!

• Saves via Controller Pak - Secondary Saves via Password"
"Doraemon 2: Nobita to Hikari no Shinden","","NTSC-J","Japan","Epoch Co., Ltd.","Epoch Co.","1998-12-11","1","No","Action | Adventure","Not Rated","Doraemon 2: Nobita to Hikari no Shinden (Doraemon 2: Nobita and the Temple of Light) is an action game for the Nintendo 64. It was released only in Japan in 1998 . The game is based on the Japanese manga Doraemon and is the second in the Nintendo 64 series, it was preceded by Doraemon: Nobita to Mittsu no Seirei Ishi and followed by Doraemon 3: Nobi Dai no Machi SOS!, all only released in Japan."
"Doraemon 3: Nobita no Machi SOS!","","NTSC-J","Japan","Epoch Co., Ltd.","Epoch Co.","2000-07-28","1","No","Action | Adventure","Not Rated","Doraemon 3: Nobita no Machi SOS! (Doraemon 3: Nobita's Town SOS!) is an action game for the Nintendo 64. It was released only in Japan in 2000. The game is based on the Japanese manga Doraemon and has is the sequel to two N64 games, Doraemon: Nobita to Mittsu no Seireiseki and Doraemon 2: Nobita to Hikari no Shinden, all only released in Japan."
"Doraemon: Nobita to 3 Tsu no Seireiseki","Doraemon: Nobita to Mittsu no Seireiseki","NTSC-J","Japan","Epoch Co., Ltd.","Epoch Co.","1997-03-21","1","No","Action | Adventure","Not Rated","Doraemon: Nobita to Mittsu no Seireiseki (Doraemon: Nobita and the Three Fairy Spirit Stones) is a 3D platform action game for the Nintendo 64. It was released only in Japan in 1997. The game is based on the Japanese manga Doraemon and has two Nintendo 64 sequels, Doraemon 2: Nobita to Hikari no Shinden and Doraemon 3: Nobita no Machi SOS!, both only released in Japan."
"Doubutsu no Mori","Animal Forest | どうぶつの森 | Dōbutsu no Mori","NTSC-J","Japan","Nintendo","Nintendo EAD","2001-04-14","4","No","Role-Playing | Life Simulation","Not Rated","The last first-party title to be released for the Japanese N64 is also one of the quirkiest. Billed as a communication game, players are free to roam about a small forest community, talk to animals, run chores and slowly learn what peace and harmony are all about. While there is tons of Japanese text to wade through, the gameplay is very rewarding. The graphics are typical Nintendo fare – cute, but imaginative enough to appeal to older gamers as well. But perhaps the most attractive part of the game to foreign players are the many emulated NES classics you can play as you progress through the game. Although not released in the US or Europe, Nintendo ported the N64 game to GameCube and brought the title to the west in its upgraded form."
"Doubutsu no Mori (Controller Pack)","","NTSC-J","Japan","","","2001-04-14","1","No","Life Simulation","Not Rated","No overview is currently available for this title, please feel free to add one."
"Dr. Mario 64","Dr Mario 64","NTSC","United States of America","Nintendo","Nintendo","2001-04-08","4","No","Puzzle","E - Everyone","The flu season has come about, and it's Dr. Mario's duty to use his Megavitamins to heal the people of the land. However, Wario, wanting to have the fame that Dr. Mario has, attempts to steal the Megavitamins, but to no avail. Afterwards, Mad Scienstein and Rudy the Clown (from Wario Land 3) steal the Megavitamins, and both Dr. Mario and Wario give chase."
"Dragon Sword 64","","Region Not Set","","MGM Interactive","Team Storm","2010-04-09","","No","Action | Adventure | Role-Playing","T - Teen","Dragon Sword 64 is an Action game, developed by Team Storm and published by MGM Interactive, which was cancelled before it was released."
"Dragonball Kart 64","","NTSC","","","","2018-01-08","1","No","Racing","E - Everyone","DBK 64 is a texture hack of Super Mario 64, so all the gameplay elements remain the same. The characters still drive the same and the tracks all play the same as their vanilla counterparts. The main difference is that the characters are now from the Dragon Ball franchise and the tracks are re-themed to represent areas from Dragon Ball.

Stages
The stages have all changed names to reflect the Dragon Ball theme, and some have extensive changes to the in-game visuals to reflect that."
"Dual Heroes","","NTSC-J","Japan","","","1997-12-05","2","No","Action | Fighting","Not Rated","No overview is currently available for this title, please feel free to add one."
"Duke Nukem 64","Duke Nukem 3D","NTSC","","Eurocom Entertainment Software","GT Interactive","1997-10-31","4","Yes","Shooter","M - Mature 17+","Duke Nukem's coming to get some! Prepare yourself to become the biggest, baddest, alien basher in the known universe - Duke Nukem; as you blast your way through the streets of LA out to an orbiting station, and onto the moon itself. Bag some aliens with over a dozen hi-tech weapons. 32 levels of non-stop carnage. Run, jump, crawl, swim, and jetpack your way through danger. Big weapons and bigger bosses for a fun-filled fragfest! Four-player, split-screen Dukematch action.

• Saves via Controller Pak"
"Duke Nukem: Zero Hour","","NTSC","","GT Interactive Software Corp.","Eurocom Entertainment Software","1999-09-01","1","No","Shooter","M - Mature 17+","He's all that stands between us and a Time-Spanning Alien invasion. He's Duke Nukem. Gaming's Greatest Action Hero. And this is his finest hour! Zero Hour! Awesome new enemies! Hilarious gags and one-liners! Same blood and guts attitude! Over 30 gut-wrenching levels set in four action-packed time eras! Incredible Teamplay and Deathmatch modes for up to 4 players! Over 20 all-new weapons of high-octane annihilation."
"Earthworm Jim 3D","","NTSC","","Interplay Entertainment Corp. | 																Rockstar Games","VIS Entertainment","1999-10-30","1","No","Action | Platform","E - Everyone","Earthworm Jim is hit by a flying cow that sends him into a coma. Jim awakens within his own mind and discovers he has gone insane. His past villains have entered his mind and if something doesn't happen soon, Jim will be in the coma forever. His super ego has been unleashed within his mind to stop the madness. To restore his sanity he must find the Golden Udders of lucidity. When Jim enters his mind, he finds out that his four mind chambers have been taken over by his worst fears. He must collect Golden Udders to unlock the other three chambers and Green Marbles to unlock the levels within the chamber. Jim defeats four villains who took over his mind chambers, and finally faces the personification of his trauma: Earthworm Kim.

• Saves via Internal Memory (EEPROM)"
"ECW Hardcore Revolution","","NTSC","","Acclaim Entertainment, Inc.","Acclaim","2000-01-31","2","No","Fighting | Sports","M - Mature 17+","Often imitated, never duplicated, ECW Hardcore Revolution takes you to Hell and back with the most intense hardcore wrestling action the human body can endure. Remember, scars never heal. Debut of over 40 hardcore ECW stars including Rob Van Dam, Sabu, Tommy Dreamer, Raven, Mike Awesome, Francine and New Jack! Real gutter-mouth crowd chants and commentary from ECW's Joey Styles. Brutal finishers and chair shots. ""3-Way Dance"" plus over 20 game modes! 

• Saves via Controller Pak"
"ECW House Party Mixtape","","NTSC","United States of America","THQ","AKI Corporation","2025-03-02","4","No","Fighting","M - Mature 17+","By GMSpectre

Step into the world of hardcore wrestling with ECW House Party Mixtape, the most intense wrestling experience ever released on the Nintendo 64. Developed by GMSpectre, this game brings the no-holds-barred action of Extreme Championship Wrestling to life with a deep grappling system, brutal weapons-based combat, and an authentic ECW presentation."
"ED64 Plus","ED64 Plus N64 Game Save Device","NTSC","China","Unknown","?","2013-01-01","4","Yes","Utility | Unofficial","Not Rated","ED64 plus is a Game Cartridge emulator for your N64 Console .
It allows you to play your favourite backup game on your N64 console via ED64 plus.
Besides the game cartridge emulation function, it has more features as below :
Memory card support SD, SDHC and MMC
USB support for files transfer
Original game cartridge back up function.
( backup your existing game cartridge )"
"Eikou no St Andrews","","NTSC-J","Japan","SETA Corporation","SETA","1996-11-29","1","No","Sports","Not Rated","Eik? no Saint Andrews is a golf video game for the Nintendo 64 set in the Royal and Ancient Golf Club of St Andrews. It was released only in Japan in 1996 and was the first golf game for the Nintendo 64 console."
"Eruteiru Monsutāzu","Quest 64","NTSC-J","Japan","Nintendo","Imagineer","1999-07-09","1","No","Action | Role-Playing | Puzzle","E - Everyone","No overview is currently available for this title, please feel free to add one."
"Eureka","","Other","","Romhacking","","2024-04-14","1","No","Platform | Unofficial","Not Rated","Eureka is a major Super Mario 64 romhack created by GooseDaJuice, featuring 100 Stars, 21 brand‑new worlds, and a variety of custom mechanics. Designed as the creator’s second project after Jammin’ Journey 64, the hack shares a similar visual style, difficulty curve, and emphasis on secrets and easter eggs, delivering a modern and polished experience."
"Excitebike 64","","NTSC-U","","Nintendo","Left Field Productions","2000-04-30","4","No","Racing","E - Everyone","Experience extreme MX! You grind your way through the hairpin turn, a wall of mud exploding in your wake. Your next jump launches you into the air - you pull off a spectacular double no-footed can-can and become an instant legend! In Excitebike 64, you'll find all the high-flying action, heart-stopping stunts and bone-jarring crashes of the extreme sport of motocross. It'll set the daredevil inside you free. 20 stadium tracks and awesome outdoor courses - plus six different riders with six unique styles!

• Saves via Internal Memory (EEPROM) - Secondary Saves via Controller Pak"
"Extreme-G","","PAL","","Acclaim Entertainment, Inc.","Probe Entertainment","1997-12-09","4","No","Action | Racing | Shooter | Sports","Not Rated","Extreme-G is set in the distant future where Earth is a mere wasteland.  From their new found planet the human colonists watch with joy as their remote controlled power-bikes wreak havoc through their ancient cities.  There is only one winner, the first to cross the line… or the last to survive.

• Saves via Controller Pak - Secondary Saves via Password"
"Extreme-G 2","Extreme-G: XG2 | XG2","NTSC","","Acclaim Entertainment, Inc.","Probe Entertainment","1998-11-17","4","No","Action | Racing | Shooter | Sports","E - Everyone","This iteration, as with all Extreme-G games, is about futuristic racing: pilots race plasma-powered Tron-like bikes in an intergalactic Grand Prix at speeds that are over 999 mph.  It is possible to break the sound barrier in this game, creating a sonic boom. While travelling at supersonic speeds, all game sounds are muted except the sound of the vehicle travelling.  If the bike slows down to below supersonic speeds, another sonic boom can be heard and all game sounds will resume.  The emphasis is on speed and creative racetrack design, with tracks looping through all three dimensions like roller coasters.

• Saves via Controller Pak - Secondary Saves via password"
"Extreme-G XG2","","NTSC-J","Japan","","","1999-10-09","4","No","Racing","Not Rated","No overview is currently available for this title, please feel free to add one."
"F-1 World Grand Prix","","NTSC-J","Japan","","","1998-12-18","2","No","Racing","Not Rated","No overview is currently available for this title, please feel free to add one."
"F-1 World Grand Prix II","","PAL","","Nintendo","Paradigm Entertainment Inc.","1999-09-30","4","No","Racing","E - Everyone","F1 WGP 2 pretty much sports the same features as the first game. The game has 4 modes of play: the championship season mode, the exhibition race, time trials, and the challenge mode. R and Z are used to shift gears, the analog stick is used to steer the car, A is the accelerator and B is the brake. The C-buttons allow for camera changes and backmirror views. It's pretty much the same setup and how these work are pretty much unchanged from the first game to the second."
"F-Zero DXP","","NTSC","United States of America","","","2007-05-13","4","No","Racing","E - Everyone","This completely replaces all the tracks with newly created ones! Originally created with the “F-Zero Execution Project”."
"F-Zero X","","NTSC-J","Japan","Nintendo","Nintendo EAD","1998-07-14","4","No","Racing","Not Rated","F-Zero X is a futuristic racing video game for the Nintendo 64 (N64) console. Developed by Nintendo's EAD division, it was released in Japan, North America, and Europe in 1998. In 2000, an expansion pack was released in Japan providing numerous extra features not in the original game. F-Zero X was ported in 2004 to the iQue Player in China. The game was re-released on the Wii Virtual Console in Japan, Europe and in North America, in 2007. To honor the 100th Virtual Console release in Europe, it became available on June 15.

It was a sequel to the original 1990 F-Zero game, and is the first F-Zero installment to have featured 3D graphics. The game has a steep learning curve and its gameplay experience is similar to that of the original F-Zero game. F-Zero X introduced a ""death race"" mode and a random track generator called the ""X Cup"". In the death race, the player's objective is to annihilate the 29 other racers as speedily as possible, while the X-Cup ""creates"" a different set of tracks each time played.

Critics generally praised F-Zero X for its fast gameplay, abundance of courses and vehicles, track design, and maintaining a high framerate, although it has been widely criticized for its lack of graphical detail."
"F-Zero X Climax","","NTSC","United States of America","","","2014-10-09","4","No","Racing","E - Everyone","It’s build on F-Zero Climax, the last episode of the series, released only in Japan on GBA.

All the 24 F-Zero X tracks have been remade, the 24 new circuits are from F-Zero Climax but very large changes were made, including 3D, absent the GBA version. Like many games it takes a little time to learn the tracks and enjoy it. On championship mode the opponents are much faster than in the original game, it makes F-Zero X Climax more difficult.

The new layout respect the original GBA circuits with arrows, ice and land in the same places, but here the tracks are much longer (the circuit of F-Zero Climax are very short and the machines fast, all with design and handling that would be very ill-suited to F-Zero X if proportions were kept). A lot of arrows and jump plates have been added here and there to reduce the feeling of emptiness and length of some sections and to increase fun course!

Graphics side, it took a full year of intense hard work(six to eight hours a day in most cases, sometimes more) to successfully find and change a maximum of textures, images and texts and after getting a lot of problems, they have all come together nicely in the end.

It’s like playing a whole new game!"
"F-Zero X Expansion Kit","","NTSC-J","Japan","Randnet","Nintendo","2000-04-21","2","No","Racing","Not Rated","F-Zero X: Expansion Kit is a Racing game, developed by Nintendo and published by Randnet, which was released in Japan in 2000."
"F1 Pole Position","","NTSC","","Human Entertainment, Inc. | 																Ubisoft Entertainment","Human Entertainment, Inc.","1992-11-20","1","No","Racing","Not Rated","REV YOUR ENGINES AND RACE TOWARDS THE CHECKERED FLAG! Experience the excitement of real racing competition. Strap on your crash helmet, settle down into the cockpit, and go head to head against the world's greatest F-1 drivers, including Nigel Mansell & Michael Andretti, on the most challenging race tracks in the world! This IS Formula 1 Racing! - Awesome graphics, smooth control, and incredible speed deliver the most gut wrenching F-1 experience possible. - Customize and fine-tune your car using a variety of settings. Adapt your state-of-the-art racing machine to changing road and weather conditions. - Three different playing modes, with split screen competition, for 1 or 2 players. Test your nerves and hone your racing skills as you fly down straight-aways and feel the tug of the G-forces as you take dangerous hairpin turns. F-1 Pole Position offers non-stop racing excitement and gets your adrenaline pumping!"
"F1 Pole Position 64","Human Grand Prix: The New Generation","NTSC","","Ubisoft Entertainment","Human Entertainment, Inc.","1997-10-15","1","No","Racing","E - Everyone","The game featured all the tracks from that Formula One season, at a time when the racing began in Australia, and ended in Japan. Teams would be set up with relevant drivers, however there was a roster-feature included, which allowed the player to swap drivers from one team to another, and even removing a real driver and replacing him with unknown drivers named Driver 1-6.

Grand Prix Mode allowed players to progress through the racing calendar, you could also choose single races or a time trial on various tracks. Battle mode allowed you to pick who you wanted to race against over a however many laps you chose.

• Saves via Controller Pak"
"F1 Racing Championship","","PAL","United Kingdom of Great Britain and Northern Ireland","Ubisoft Entertainment","Video System Co., Ltd.","2000-12-08","2","No","Racing","E - Everyone","You'll line up against the fiercest opponents of all time in this ultimate F-1 simulation. Featuring real circuits from the 1999 Formula One season, F-1 RACING CHAMPIONSHIP boasts the inclusion of the brand new Sepang track in Malaysia. All of the drivers from the ’99 season are included, and each uses the strategies and techniques that he’d use in a real race.

Two different modes allow you to try your hand at both ultra-realistic driving simulation, and arcade-style racing with brutal crashes and fast-paced, forgiving action. Each car has eight technical settings that can be tweaked to your taste, or you can just trust the judgment of the mechanic. Try out Solo mode; Time Attack (a race against your own best time); World Championship; Split-Screen Duel; and the helpful Driving School mode. Awesome graphics and true-to-life F-1 physics make this the most harrowing racing game to date, and impressive computer AI will have you working at this beast for quite awhile."
"Famista 64","","NTSC-J","Japan","","Namco","1997-11-28","2","No","Sports","Not Rated","Famista 64 is a Sports game, developed and published by Namco, which was released in Japan in 1997."
"Fanger’s Lightmare","","Other","","","","2022-10-31","1","No","Puzzle | Family | Unofficial","Not Rated","Fanger’s Lightmare is a aftermarket homebrew game for the N64 by Team Vintage Horror Pictures and released on 31 Oct 2022 for the 2022 64brew Game jam. It’s based on the classic Q*bert arcade game but with a bit of a classic horror twist.

(Description copied from N64Squid)"
"FIFA 64","","PAL","United Kingdom of Great Britain and Northern Ireland","EA Sports","EA Sports","1997-01-01","4","No","Sports","E - Everyone","• Saves via Controller Pak"
"FIFA 99","","NTSC","","Electronic Arts","Electronic Arts","1998-06-10","4","No","Sports","E - Everyone","FIFA 99 features an elite league called the ""European Dream League"" in which 20 top teams from across Europe battle it out in a league format. It was also the first game to feature a block containing teams which did not pertain to any of the main leagues (back then, it was known as ""Rest of Europe"" since all teams were European, the vast majority of them featured either in the 1998-99 season of the UEFA Cup or Champions League).

Graphically, it is a major improvement over FIFA '98, with the inclusion of basic facial animations and different players' heights as well as certain other cosmetic features such as improved kits and emblems, although they are unlicensed. Gamers may also create their own custom cups and leagues and select the teams they wish to participate.

• Saves via Controller Pak"
"FIFA Road to World Cup 98","","NTSC","","EA Games","EA Sports","1997-12-20","4","No","Sports","E - Everyone","The game includes an official soundtrack and had a refined graphics engine, team and player customisation options, 16 stadiums, improved artificial intelligence and the popular ""Road to World Cup"" mode, with all 173 FIFA-registered national teams. No subsequent edition of the FIFA series has attempted to replicate FIFA 98's inclusion of every FIFA national team. With the new graphical improvements, players were able to have individual faces. However, they looked more like expressions.

• Saves via Controller Pak"
"FIFA Soccer 64","","Region Not Set","","Electronic Arts","Electronic Arts","1997-03-26","4","No","Sports","E - Everyone","FIFA Soccer 64 delivers the intensity and drama of international soccer to the Nintendo 64. You can choose from 150 national and club teams and develop your tactics and strategies in a friendly match. And when the time comes, try to win a Tournament. If you like something more substantial than tournament play, try to win a Season and become a league champion, or skip straight to the Playoffs. Should a friend want to join the action, he can with the Two-Player mode. In all of the game modes, you can play with free-and-loose Arcade rules, or strict referees and penalties in Simulation."
"FIFA: Road to World Cup 98 - World Cup e no Michi","","NTSC-J","Japan","","","1998-04-24","4","No","Sports","Not Rated","No overview is currently available for this title, please feel free to add one."
"Fighter Destiny 2","","NTSC","","Imagineer Co., Ltd.","Genki","2000-07-14","2","No","Fighting","T - Teen","Enter the arena and do battle with the toughest, most skilled martial arts experts on the planet. As one of the international fighting elite, you'll vie to become the true authority of hand-to-hand combat. Your destiny awaits. Defeat any of your 11 opponents and gain their abilities. Launch 5 different modes of attack, from Training to Record Attack. Adjust scoring, ring sizes and difficulty settings. Compete in points-based martial arts tournaments. Force your opponent to relive defeat in instant replay. Gain new abilities and skills when you face the Master in the Fighter's Arena."
"Fighters Destiny","Fighting Cup","NTSC","","Ocean Software Ltd.","Genki | 																Imagineer","1998-01-27","2","No","Fighting","T - Teen","Defeat the Masters of the Fight in a head-on bout of power and skill. Fighters Destiny demands everything you have, everything you are and throws it right back at you in truly amazing, unstoppable 3D action. Prepare to fight every step of the way as you master the moves and unlock the secrets to fulfill your ultimate destiny!

• Saves via Internal Memory (EEPROM) - Secondary Saves via Controller Pak"
"Fighting Cup","","NTSC-J","Japan","","","1970-01-01","2","No","Fighting","Not Rated","No overview is currently available for this title, please feel free to add one."
"Fighting Force 64","","NTSC","","Crave Entertainment","Core Design Ltd.","1999-04-30","2","Yes","Fighting","T - Teen","Fighting Force players control one of four characters. They move through urban and science fiction environments, battling waves of oncoming enemies with weapons ranging from fists and bottles to knives, chairs and guns. The player can make some choices as to which territory to travel through.

The four characters have various reasons for taking on Dr. Zeng, a criminal mastermind with an army at his command. The action starts with a police cordon around Zeng's office skyscraper, moving to such locales as a shopping mall, subway and Coast Guard base before finally ending at the top of Zeng's island headquarters.

• Saves via Controller Pak"
"Flying Dragon","","NTSC","","Natsume","Culture Brain Inc.","1998-07-31","2","No","Fighting","T - Teen","Two games in one: Flying Dragon is the ONE and ONLY game that will entertain the entire family. Create your ideal fighting game using the most customizable interface yet offered. Choose between RPG-style and ""virtual"" tournament combat. Flying Dragon is never the same game twice! Over 20 different characters and 200 different items. Save your characters on a Controller Pak and play them against your friends!

• Saves via Controller Pak"
"Forsaken 64","","NTSC","","Acclaim Entertainment, Inc.","Iguana Entertainment","1998-04-30","4","No","Action | Shooter","M - Mature 17+","Forsaken is a first-person shoot 'em up in which you have complete movement freedom in 3 dimensions, as you accelerate, swerve and strafe your craft, making for gameplay resembling Descent. Each level has a defined exit which must be reached within a tight time limit. The surrounding areas are collapsing around you, with spikes and turbine fans among your hazards. Be very aware of other craft out to take all you have, as they alter their approach based on your weaponry (from the 25 featured in the game) and past encounters.

• Saves via Controller Pak"
"Fox Sports College Hoops '99","","NTSC","","Fox Interactive","Z-Axis, Ltd.","1998-10-31","2","No","Sports","E - Everyone","Complete college basketball license featuring over 120 college teams. NCAA Tournament, NCAA Sweet 16 and Final Four. Pre-season and Conference tournaments. In-depth player attributes and skill ratings. Three difficulty levels, easy to learn controls, and multiple camera angles. Authentic college basketball look and feel with real logos, uniforms and home courts, and real college offensive and defensive plays.

• Saves via Controller Pak"
"Frogger 2: Swampy's Revenge","","Region Not Set","","Hasbro Interactive, Inc.","Blitz Games","2000-09-23","","No","Action","E - Everyone","UNRELEASED

Frogger 2: Swampy's Revenge is a video game released in 2000. The game is part of the Frogger series, and the sequel to the 1997 remake of Frogger, featuring similar 4-way movement gameplay in a 3D world and 6 different environments. Unlike its predecessor, Frogger 2 featured a choice of different characters to play with in the game, several multiplayer modes, and an in-game storyline. A Nintendo 64 port of the game was planned, but it was cancelled.

The sequel to the Original classic (and the so-so 1997 release) changes the way you look at frogs! The stage is set for a totally new adventure where Frogger and his female friend Lillie Frog will need to leap over, dive under, hop through and climb above endless new obstacles and challenges to save the Frog Babies from Frogger's new arch enemy, the dastardly Swampy the Crocodile."
"Fushigi no Dungeon: Fuurai no Shiren 2 - Oni Shuurai! Shiren Jou!","","NTSC-J","Japan","Chunsoft","Chunsoft","2000-12-27","1","No","Role-Playing","Not Rated","Fushigi no Dungeon: Fuurai no Shiren 2: Oni Shuurai! Shiren-jou! (Mystery Dungeon Coming Onslaught of Demons Shiren 2! Shiren castle!) is one of the few role playing games made for the Nintendo 64. The game was an entry in the Mystery Dungeon series, and released only in Japan in 2000."
"G.A.S.P!! Fighters' NEXTream","GASP","Region Not Set","","","Konami","1998-03-26","2","No","Fighting","Not Rated","G.A.S.P!! Fighters' NEXTream (Generation of Arts, Speed and Power) is a fighting video game for the Nintendo 64 released in 1998. The story follows a series of fighters that have each received a mysterious letter to compete in a legendary contest, and about a champion that has disappeared."
"G.A.S.P!!: Fighter's NEXTream","","NTSC-J","Japan","","","1998-03-26","2","No","Fighting","Not Rated","No overview is currently available for this title, please feel free to add one."
"Ganbare Goemon: Derodero Douchu Obake Tenkomori","","NTSC-J","Japan","","","1998-12-23","2","No","Action | Adventure","Not Rated","No overview is currently available for this title, please feel free to add one."
"Ganbare Goemon: Neo Momoyama Bakufu no Odori","Mystical Ninja Starring Goemon","NTSC-J","Japan","","Konami","1997-08-07","1","No","Adventure","E - Everyone","No overview is currently available for this title, please feel free to add one."
"Ganbare Nippon Olympic 2000","","NTSC-J","Japan","Konami","Konami","2000-08-31","4","Yes","Sports","E - Everyone","No overview is currently available for this title, please feel free to add one."
"Gauntlet Legends","","NTSC-J","Japan","","","2000-04-07","4","No","Action","Not Rated","No overview is currently available for this title, please feel free to add one."
"Getter Love!!","ゲッターラブ!!　ちょー恋愛パーティゲーム誕生 | Getter Love!! Cho Renai Party Game","NTSC-J","Japan","Hudson Entertainment, Inc.","Hudson Entertainment, Inc.","1998-12-04","4","No","Puzzle","Not Rated","Getter Love!! is a dating sim where a high school student and his friends are having a competition to see who will get a girlfriend first. Because of that and unlike other dating sim games you will have to face up to three human or CPU players to win the heart of the girl (or girls) you set your eyes on."
"Gex 3: Deep Cover Gecko","","NTSC","","Crave Entertainment","Gratuitous Games","1999-08-31","1","No","Platform","E - Everyone","When Gex is watching TV one day, he discovers that Rez has kidnapped Agent Xtra (the agent from Gex: Enter the Gecko's backstory), head of the TV Terrorist Defense Unit, to get to him. He teleports to the batcave-like lair he has in the Media Dimension, and begins another adventure. Each level parodies a certain aspect of television culture (here the levels exist as stand-alone channels). Gex enters each level through a television set. He must collect remote controls to advance to the next level in order to complete his mission and rescue Xtra.

• Saves via Controller Pak"
"Gex 64: Enter the Gecko","","NTSC","","Midway Games","Realtime Associates, Inc.","1998-08-31","1","No","Platform","E - Everyone","Gex 64 was the Nintendo 64 port of Gex: Enter the Gecko.

This version featured a new level, which replaced the secret levels. ""Gecques Cousteau"", which is centered on the RMS Titanic, is played almost entirely underwater. The only land parts of the level are at the entrance to the Titanic, which is sunk by the iceberg.

Other changes include fewer bonus levels and fewer quotes, due to the Nintendo 64 cartridges storing significantly less data for games than CDs. Some of the sound effects were altered slightly. 

• Saves via Controller Pak - Secondary Saves via Password"
"Glover","","NTSC","United States of America","Limited Run Games","","2022-07-11","1","No","Action | Platform","E - Everyone","No overview is currently available for this title, please feel free to add one."
"Glover 2","","Region Not Set","","Unreleased (Prototype)","Interactive Studios","2011-10-01","","No","Action","","Hasbro Interactive had planned to release a sequel to Glover which had a boxing glove character and was to be released in 2000 named Glover 2 but the idea was scrapped, though gameplay videos and pictures about the game surfaced on nesworld.com, which discovered a work-in-progress version of the game.

Just when you thought it was safe to go back... Unique glove & ball gameplay. Real world dynamics. Full environmental interaction. Progressive intergrated plot. Amusing original characters. Fun multiplayer game."
"Goemon: Mononoke Sugoroku","","NTSC-J","Japan","Konami","Konami","1999-12-25","1","No","Action | Strategy","Not Rated","Goemon: Mononoke Sugoroku is a video game for the Nintendo 64, released in 1999. The game is based on the Ganbare Goemon series and despite the series' relative popularity in the west for the system, the game was released only in Japan.
The game is based on the Japanese board game Sugoroku, populated with Konami's array of Ganbare Goemon characters. Up to four players control two dice, and take it in turns to control Goemon, Ebisumaru, Sasuke, or Yae over prerendered boards that resemble previous locations in the Ganbare Goemon series."
"Goemon's Great Adventure","Mystical Ninja 2 Starring Goemon | Ganbare Goemon: Derodero Douchu Obake Tenkomori","NTSC-U","","Konami","Konami","1999-09-15","2","No","Action | Adventure","E - Everyone","Goemon and all his friends are back in his greatest adventure yet! Goemon's Great Adventure combines classic Goemon platform action with an all-new twist. The evil time-traveling nun, Bismaru, has summoned Dochuki, a demon prince, to take over the Earth. But first, she wants to marry him! Can Goemon and his gang stop the demon? Can Dochuki escape the cloying clutches of the wacked-out nun? Will Ebisu ever beat his own dumpling eating record? It's an adventure you'll never forget!

• Saves via Controller Pak"
"Gold finger 64","Goldfinger 64","NTSC","United States of America","","","2017-09-15","1","No","Action | Shooter | Unofficial","Not Rated","A hack of goldeneye 64."
"Gold Quest","Ocarina of time - Gold Quest","NTSC","","","","1970-01-01","1","No","Adventure","E - Everyone","Ocarina of Time - Gold Quest is a ROM hack created by AndiiSyn.

Gold Quest is like an expanded Master Quest. Different dungeon & overworld layouts plus many other little gameplay changes.

Designed with the more experienced OOT player in mind & for those who like to complete 100% of the game. Like Master Quest, it’s the same story, although there are some text changes & cutscenes have generally been made shorter. Text speed has been increased. Dungeon Maps have all been updated for new chest locations with fast chest openings. The intro has been removed (you start in Link’s house)."
"Golden Nugget 64","","NTSC","","Electronic Arts","Westwood Studios, Inc.","1998-12-08","4","No","Puzzle","E - Everyone","The famed Golden Nugget Las Vegas hotel and casino is the setting for the following games: Blackjack: The goal of blackjack is to get the total point value of your cards to 21 without going over; Craps: The objective of craps is to bet on the outcome of dice rolls; Five-card draw: Like most poker games, the point of five card draw is to have the best hand after the final betting round; Roulette: The goal of roulette is to correctly guess which slot the ball will stop on; Seven-card stud: The goal is have the best hand over other opponents; Video poker: The goal of video poker is to make the best possible hand. Unlike other poker games, there are no opponents. You win a certain multiplier of your bet based on your hand; Texas Hold 'Em: To objective is to have a better hand than your opponents. Big Six: Similar to roulette, this game has players try to successfully predict what symbol the wheel will stop on; Mini-Baccarat: The goal of mini-baccarat is to guess which hand is closer to 9 without going over; Slot machines: In order to win in slots, players must match a winning combination of symbols. These symbols vary from slot machine to slot machine. There are six different slot machines in this game.

• Saves via Controller Pak"
"GoldenEye 007","","NTSC","United States of America","Nintendo of America, Inc.","Rare, Ltd.","1997-08-25","4","Yes","Action | Shooter | Stealth","T - Teen","GoldenEye 007 is a 1997 N64 video game developed by Rare and released by Nintendo of America in the USA on August 25, 1997.

You are Bond, James Bond.

You are assigned to covert operations connected with the GoldenEye weapons satellite.  M will brief you on your mission and objectives from London.  Q Branch will support your efforts with a plentiful supply of weapons and gadgets.  Moneypenny offers you light-hearted best wishes and you’re off!

Your mission begins in the heavily guarded chemical warfare facility at the Byelomorye Dam in the USSR.  Look and shoot in any direction as you navigate 12 interactive 3D environments.  Use stealth and force as you see fit in matters of international security.  Consider the military personnel expendable.  You are licensed to kill!

* Exciting 3D environments.
* Highly intelligent enemies!
* Numerous Q gadgets and weapons!
* Battery-backed memory saves game progress!"
"GoldenEye 007 [Player's Choice]","","PAL","United Kingdom of Great Britain and Northern Ireland","Nintendo","Rare, Ltd.","1999-01-01","4","No","Shooter","T - Teen","No overview is currently available for this title, please feel free to add one."
"Goldeneye with Mario Characters","","NTSC-U","United States of America","","?","2018-01-11","4","No","Action | Shooter | Unofficial","Not Rated","Created by StupidMarioBros1Fan with help from Graslu00, Carnivorous, Sogun and Wreck.

This mod replaces all of the characters with ones from the Mario universe along with edited dialog to make more sense with the characters. For example there is no mention of Trevelyan/Luigi's parents being Lienz Cossacks and instead of calling James Bond/Mario the ""Golden Boy"" he says the ""Golden Bro."" Other changes include the dialog where Mario meets Natayla/Peach as Mario doesn't straight up say he's a spy to her.
The Briefing is edited to not only replace the names, but also with slightly different text. Not much, but there are small differences. Moneypenny/GoldCoin however actually has some different dialog such as mentioning that there is a girl in the cell next to you for Bunker 2. However the story itself is mainly the same as the original, with all Levels playing out basically the same as the original. Various changes have been made to work better with the new character sizes as well as be a better gameplay experience, with some unused stuff added back in like the various X Themes being in all levels except for Surface 1 because that level doesn't have one. More details and changes are explained in the Changelog.

Characters:
James Bond -> Mario
Natayla Simonova -> Peach
Alec Trevelyan -> Luigi
Xenia Onnatop -> Daisy
Arkady Ourumov -> Bowser
Boris Grishenko -> Yoshi
Dimitri Mishkin -> Donkey Kong
Valentin Zukovsky -> Wario
May Day -> Pauline,
Oddjob -> Toad
Jaws -> Waluigi
Baron Samedi -> Rainbow Bowser, the Powered-Up version of Bowser from Super Mario 64.

Soldiers/Civilians/Scients -> Koopa Troopas
Heads are now different expressions to make use of the Random Head system, hats/helmets are replaced with tiny models & Bounding Boxes of 0 because they would get hit first despite being inside the head. Thought about making them sunglasses, but it'd still get hit first before the back of the head did and overall was unfairly annoying.
Mishkin/Donkey Kong is no longer the Defense Minister, that role now goes to May Day/Pauline with Donkey Kong being the Head of Special Forces. This was done to give Pauline a role in the story, as well as explain why the ""Great Guards"" use DK's body.
Dr Doak is now Oddjob/Toad to give him some sort of role in the story, as a result the idea of Toad ""blending in"" with the other scientists is ridiculous."
"Goldeneye X","Goldeneye-X","Other","","Romhacking","","2016-12-24","4","Yes","Action | Adventure | Shooter | Unofficial","M - Mature 17+","Have you gone back and tried playing Goldeneye 007 with friends to relive that awesome multiplayer experience to be brutally let down by how horribly it’s aged? Goldeneye X lives up to your rose-tinted vision of the deathmatch game that Goldeneye was, adding a large amount of options for play including the ability to choose every weapon that spawns in a match. Along with adding all of the customization that Goldeneye’s successor Perfect Dark supplied, Goldeneye X also improves on visuals while at the same time increasing framerate performance. Then there are the little details such as blood splatters, the ability to save all of your playing preferences and match setups to a memory pak, mixing and matching character models, and the full Goldeneye OST audible during matches or to enjoy to in the sound test. I’ve played this hack with friends on an N64 using a flash cart and we had hours of fun. This is the best N64 hack to date and a must play for Goldeneye and Perfect Dark fans."
"Grunty's Mansion","","Other","","Romhacking","","2021-11-10","1","No","Action | Platform | Unofficial","Not Rated","Grunty’s Mansion is a short but atmospheric Banjo‑Kazooie fan adventure developed by JacksonG13 (Jackson Game Studios). The hack introduces a new mansion‑themed world filled with collectibles, spooky enemies, and custom level design, offering a compact yet memorable exploration experience."
"GT 64: Championship Edition","","NTSC","","Ocean Software Ltd.","Imagineer","1998-09-09","2","No","Racing","E - Everyone","GT 64: Championship Edition ""Grand Tour 64"" is a racing video game for the Nintendo 64. Hence its title, it was an official licensed game to All-Japan GT Championship, featuring cars and drivers of the 1997 season. GT and Grand Tour our references to long distance traveling such as in the traditional version of the Grand Tour. It was first released on Super Famicom as Zen-Nippon GT Senshuken. It was also the final game ever published by Ocean Software.

• Saves via Internal Memory (EEPROM) - Secondary Saves via Controller Pak"
"Guitar Hero 64","GH64 | GH 64 | Super Mario 64: Guitar Hero 64","NTSC","","Romhacking","","2021-06-25","1","No","Music","Not Rated","Guitar Hero 64 is a Guitar Hero-inspired ROM hack for the 1996 Nintendo 64 video game Super Mario 64 developed by ArcticJaguar725"
"Hamster Monogatari 64","Hamster Story 64 | ハムスター物語64","NTSC-J","Japan","Culture Brain Inc.","Culture Brain Inc.","2001-04-06","1","No","Life Simulation","Not Rated","Hamster Monogatari 64 (ハムスター物語64 lit. ""Hamster Story 64"") is a life simulation game for the Nintendo 64 where the player must raise and look after hamsters. It was released only in Japan in 2001."
"Harvest Moon 64","","NTSC","","Natsume","Toybox","1999-11-30","1","No","Construction and Management Simulation","E - Everyone","Retire to the country for a new challenge in Harvest Moon 64. Hard work is rewarded as you struggle to bring prosperity back to a neglected farm. Work the land, pick up odd-jobs, and get to know the neighbors. Harvest Moon 64 has all the charm of the original Super Nintendo classic, plus many new surprises.

* Tons of new seasonal vegetables and fruits.
* Raise cows, chickens, and sheep.
* New items and gifts. Including tools that increase in power as you master them.
* One of town's five eligible women may prove to be the love of your life.
* Celebrate seasonal festivals with the nearby townsfolk.
* Enjoy local horse and dog racing.

• Saves via Internal Memory (SRAM)"
"Heiwa Pachinko World 64","Pachinko World HEIWA 64 | HEIWAパチンコワールド64","NTSC-J","Japan","Amtex","Shouei System","1997-11-28","1","No","Strategy","Not Rated","Heiwa Pachinko World 64 (HEIWAパチンコワールド64, ""Pachinko World HEIWA 64"") is a virtual pachinko video game for the Nintendo 64. It was released only in Japan in 1997."
"Hercules: The Legendary Journeys","","NTSC","","Titus Interactive, S.A..","Player 1","2000-11-17","1","No","Action | Adventure","T - Teen","Take control of the legendary hero Hercules and his friends Iolaus and Serena as they attempt to stop Ares from completing his diabolical plans. Use each character's unique attributes: Hercules' legendary strength, Iolaus' nimble nature and Serena's accuracy to complete your quest. Travel through 12 unique fully 3D worlds, from the sunny seaside town of Porticus to the snowy mountains of Alpsius. Explore the bandit-overrun forrests of Traycus or heavenly Mount Olympus. Fight mythical terrifying monsters such as the Minotaur, Cyclops, and more!

• Saves via Controller Pak"
"Hero of Law","HeroOfLaw","NTSC-U","","","","2025-06-29","1","No","Adventure | Puzzle","Not Rated","Hero of Law is a crossover mod for The Legend of Zelda: Ocarina of Time that puts Link into the shoes of a defence attorney!"
"Hexen","","NTSC-J","Japan","","","1997-12-17","4","No","Shooter | Horror","Not Rated","No overview is currently available for this title, please feel free to add one."
"Hey You Pikachu","","NTSC-J","Japan","Nintendo","Ambrella","1998-12-12","1","No","Life Simulation","E - Everyone","Hey You, Pikachu!] is a virtual pet Pokémon spin-off video game for the Nintendo 64 developed by Ambrella and published by Nintendo. It was released in Japan on December 12, 1998, and in North America on October 30, 2000. The player is asked to help Professor Oak test the PokéHelper, a device that lets humans communicate with Pokémon. The game is set in the Kanto region between Pewter City and Viridian City, where the player is introduced to a wild Pikachu. The player is able to communicate with a 256-word database through the Voice Recognition Unit (VRU), a Nintendo 64 hardware accessory that, when paired with a microphone, can comprehend and analyze human speech.[2] Along with speaking with Pikachu, the VRU allows the player to move around and gather items.

Hey You, Pikachu! is one of only two games to utilize the VRU, with the other being Densha de Go! 64, the Japan-exclusive N64 port of Densha de Go! 2 Kōsoku-hen. The game had a mixed reception from critics. Though no direct sequels have been made, the virtual pet game Pokémon Channel, first released for the GameCube in 2003, resembles Hey You, Pikachu! and shares similar gameplay, with the exception of the microphone peripheral."
"Hey You, Pikachu!","","NTSC","","Nintendo","Ambrella","2000-11-05","1","No","Life Simulation","E - Everyone","For the first time ever, you can actually talk to your favorite Pokemon. Tag along with Pikachu as it goes through its daily routines, taking field trips, going fishing and having picnics, becoming better friends with each passing day. Pikachu will hear and react to the words you say. The more you speak the closer friends you'll be! 

• Saves via Internal Memory (EEPROM)"
"Hiryū no Ken Twin","Flying Dragon","NTSC-J","Japan","Culture Brain Inc.","","1997-12-18","2","No","Fighting","E - Everyone","No overview is currently available for this title, please feel free to add one."
"Hoshi no Kirby 64","Kirby 64","NTSC-J","Japan","Nintendo","HAL Laboratory","2000-03-24","1","No","Platform","E - Everyone","No overview is currently available for this title, please feel free to add one."
"Hot Wheels Turbo Racing","","NTSC","","Electronic Arts","Stormfront Studios","1999-09-22","2","No","Racing","E - Everyone","Hot Wheels Turbo Racing is a racing video game for the Nintendo 64 released in 1999. It features vehicles based on the Hot Wheels series of toys. It also features Kyle Petty's 1999 NASCAR stock car, as it was sponsored by Hot Wheels. It also features music from artists like Primus and Mix Master Mike. The focus of the game is racing one of a selection of cars through various themed tracks. Secret tracks can be accessed by winning and new cars can be used by finding the 'new car' bonuses hidden in each stage.

• Saves via Controller Pak"
"Human Grand Prix: The New Generation","ヒューマングランプリ ザ・ニュージェネレーション | Hyūman Guran Puri Za Nyū Jenerēshon | F1 Pole Position 64","NTSC-J","Japan","Human Entertainment, Inc.","Human Entertainment, Inc.","1997-03-28","1","No","Racing","Not Rated","The game featured all the tracks from that Formula One season, at a time when the racing began in Australia, and ended in Japan. Teams would be set up with relevant drivers, however there was a roster-feature included, which allowed the player to swap drivers from one team to another, and even removing a real driver and replacing him with unknown drivers named Driver 1-6.

Grand Prix Mode allowed players to progress through the racing calendar, you could also choose single races or a time trial on various tracks. Battle mode allowed you to pick who you wanted to race against over a however many laps you chose."
"Hybrid Heaven","","NTSC","","Konami","Konami","1999-08-31","1","No","Adventure | Role-Playing","T - Teen","A gunshot echoes through the tunnels of the New York subway system. A secret service agent lies dying, and Diaz, with a gun gripped tightly in his hand, flees and stumbles into a strange underground world where a secret society of genetically engineered hybrid clones threaten to subvert the population of the outside world. Experience New York City's secret night life in Hybrid Heaven, a unique, fully-immersive action RPG that combines fighting, action, and role playing into a story of alien invasion, scientific experimentation, and murder. Unravel the secrets of the hybrid society, the future of humanity, and the true identity of Diaz.

• Saves via Controller Pak"
"Hydro Thunder","","NTSC","","Midway Games","Midway Games","1999-09-09","4","No","Vehicle Simulation","E - Everyone","The gameplay of Hydro Thunder consists of racing high-tech speedboats through treacherous environments, from the cold seas of the Arctic Circle, to a post-apocalyptic, flooded version of New York City.

• Saves via Controller Pak"
"Hydro Thunder [Gray Variant]","","NTSC-U","United States of America","Midway Games","","2000-03-07","4","No","Racing","E - Everyone","Hydro Thunder [Gray Variant]"
"Hyper Olympics in Nagano 64","","NTSC-J","Japan","","","1997-12-18","1","No","Sports","E10+ - Everyone 10+","No overview is currently available for this title, please feel free to add one."
"Ide Yosuke no Mahjong Juku","","NTSC-J","Japan","","SETA Corporation","2000-04-21","1","No","Puzzle","Not Rated","Ide Yosuke no Mahjong Juku is a Miscellaneous game, developed and published by Seta Corporation, which was released in Japan in 2000."
"Iggy's Reckin' Balls","","NTSC","","Acclaim Entertainment, Inc.","Iguana Entertainment","1998-07-31","4","No","Action | Racing","E - Everyone","A vertical race up towering tracks. Iggy and the Reckin' Balls are in the race of their lives. A winner-take-all dash to the top of twisted, looped, warped and genuinely demented courses! Smash, crash and swing with Iggy, his friends, plus loads of secret characters. Over 100 tracks, tons of shortcuts, secret paths, loops and elevators. One to four player racing action with Battle and Versus mode.

• Saves via Controller Pak"
"In-Fisherman Bass Hunter 64","","NTSC","","Take-Two Interactive Software, Inc.","Gear Head Studios","1999-06-30","1","No","Sports","E - Everyone","Go fishing in the great outdoors with Bass Hunter 64! Reel in a record-setting bass in tournament mode. 3D rendered environments, complete with native wildlife, and geographically accurate landscapes. Fish Pennsylvania's Lake Arthur and Florida's Butler Chain Lakes. Driving, underwater and positional cameras are throughout your adventure. Lure, strike, and fish-fighting animations designed to simulate bass fishing's most exciting moments. Fish behavior based on scientific research and practical experience of experts at In-Fisherman.

• Saves via Internal Memory (EEPROM)"
"Indiana Jones and the Infernal Machine","","NTSC","","LucasArts Entertainment Company LLC","LucasArts Entertainment Company LLC","2000-12-15","1","No","Action | Adventure","T - Teen","1947. The nazis have been crushed, the Cold War has begun and Soviet agents are sniffing around an ancient ruin. Grab your whip and fedora and join Indy in a globespanning race to unearth the mysterious ""Infernal Machine"". Survive the challenges of unusual beasts, half the Red Army and more (including - oh no - snakes!) 

Puzzle your way through 17 chapters of an action-packed story. Travel the world to exotic locales, from the ruins of Babylon to Egyptian deserts. All the weapons you'll need, including firearms, explosives-and of course Indy's trusty whip and revolver.

• Saves via Internal Memory (EEPROM)"
"Indy Racing 2000","","Region Not Set","","Infogrames Entertainment","Paradigm Entertainment Inc.","2000-06-09","","No","Racing","E - Everyone","INDY RACING 2000 for the Nintendo 64 combines realistic racing simulations and far-out arcade racers to make a game that closely follows the rules, but is still a lot of fun to play. There are many modes such as Practice, Race, Competition, and Championship. Before each race, the player can choose one of 20 real-life drivers and their actual vehicle. Players also have the ability to customize the car as desired, by adjusting everything from the tire pressure to the transmission. In addition to the official Indy Racing League tracks, there are road courses to race on as well. Players will have to race their hardest, as the cartridge will save all of their racing data so that they can compare their stats to a friend, or even race one in the Multiplayer mode. INDY RACING 2000 manages to keep the franchise fresh by offering plenty of tracks and options, with great racing fun in the lead."
"International Superstar Soccer '98","Jikkyō World Soccer: World Cup France '98 | ISS 98","NTSC","","Konami","Konami Computer Entertainment Osaka","1998-08-21","4","No","Sports","E - Everyone","Do you have what it takes to be a superstar? Over 17,000 new motion captured animations! Team motivation, players and teams react to real game situations. Vertical camera angle allows you to see more of the pitch. 52 International teams and 9 unique soccer stadiums. Create your own players and trade existing ones. Infinite team formations and customizable strategies.

• Saves via Controller Pak"
"International Superstar Soccer 2000","ISS 2000 | I.S.S. 2000 | Jikkyo J-League 1999: Perfect Striker 2","NTSC","","Konami","Konami","2000-08-03","4","No","Sports","E - Everyone","The undisputed king of football returns... Experience the new Career Mode - bring youngsters through the ranks to create individual star players. Smoother animations and gameplay. ISS 2000 is the choice of champions - nothing gets as close to the beautiful game.

• Saves via Controller Pak"
"International Superstar Soccer 64","ISS 64","PAL","","Konami","Konami Computer Entertainment Osaka","1997-06-01","4","No","Sports","Not Rated","Are you ready for the most realistic soccer game the world has ever seen? Get ready for: Incredible, seemless game control; Awesome animation with over 17,000 motion captured animations; Live, intelligent commentary; Every conceivable soccer move from headers to heel passes; Multiple formations to team strategies; Trade & create your own players; 36 International teams with 16 players per team. Everything a soccer fan wants!

• Saves via Controller Pak"
"International Superstar Soccer 98","ISS 98","PAL","United Kingdom of Great Britain and Northern Ireland","Konami","Konami Computer Entertainment Osaka","1998-09-01","4","No","Sports","Not Rated","Do you have what it takes to be a superstar? Over 17,000 new motion captured animations! Team motivation, players and teams react to real game situations. Vertical camera angle allows you to see more of the pitch. 52 International teams and 9 unique soccer stadiums. Create your own players and trade existing ones. Infinite team formations and customizable strategies.

• Saves via Controller Pak"
"International Track & Field 2000","International Track & Field Summer Games | International Track and Field 2000 | Ganbare Nippon! Olympics 2000","Region Not Set","","Konami","Konami","2000-09-06","2","Yes","Sports","E - Everyone","International Track and Field 2 from Konami is a one-to-four player game (using the Multi Tap) that features 12 different international events, ranging from weightlifting and bicycling to canoeing. The events take place in the USA, Russia, Germany, China, Cuba, Korea, France, Australia, Canada, Great Britain, Japan, and Kenya."
"Itoi Shigesato no Bass Tsuri No. 1 Ketteiban!","Shigesato Itoi's No. 1 Bass Fishing | 糸井重里のバス釣りNo.1","NTSC-J","Japan","Nintendo","DiCE","2000-03-31","1","No","Sports","Not Rated","Itoi Shigesato no Bass Tsuri No. 1 is set on the fictional Akahoshi Lake (赤星湖) where the BAC (Bass Angler's Club) catch fish and compete in tournaments. There are several types of fish and there is a size-range within each type. The goal of the player is to catch the most and the largest fish possible as to compete in extra competitions such as quizzes. In order to have the greatest success in fishing, players must determine the most fruitful part of Lake Akahoshi given the weather conditions and the time of the day. The player is also able to select from a number of different lures that can be used to attract different species and different sizes of fish. The most sought-after fish in the game is the ""over 80cm Bass."""
"J-League Dynamite Soccer 64","","NTSC-J","Japan","Imagineer Co., Ltd.","A-Max","1997-09-05","4","No","Sports","Not Rated","J-League Dynamite Soccer 64 is a soccer game for the Nintendo 64. It was released only in Japan in 1997. The game has officially licensed players from Japan's J-League."
"J-League Live 64","","NTSC-J","Japan","Electronic Arts","Electronic Arts","1997-03-28","4","No","Sports","Not Rated","J. League Live 64 is a soccer game for the Nintendo 64. It was released only in Japan in 1997. The game has officially licensed players and teams from Japan's J. League. The game was developed by EA and published in the west as Fifa Soccer 64."
"J-League Tactics Soccer","","NTSC-J","Japan","ASCII Corporation","ASCII Corporation","1999-01-15","4","No","Sports","Not Rated","J-League Tactics Soccer is a soccer game for the Nintendo 64. It was released only in Japan in 1999. The game has officially licensed players and teams from Japan's J-League."
"J.League Eleven Beat 1997","","NTSC-J","Japan","Hudson Entertainment, Inc.","Hudson Entertainment, Inc.","1997-10-24","2","No","Sports","E - Everyone","J.League Eleven Beat 1997 is a soccer game for the Nintendo 64. It was released exclusively in Japan in 1997 and licensed by J-League. The players have a cartoon appearance as opposed to other Japanese soccer games at the time, such as J-League Dynamite Soccer 64."
"Jangou Simulation Mahjong Michi 64","","NTSC-J","Japan","","ART Co., Ltd.","1997-07-25","1","No","Puzzle","Not Rated","Jangou Simulation Mahjong Michi 64 is a Miscellaneous game, developed by Art and published by Video System, which was released in Japan in 1997."
"Jeopardy!","","NTSC","","GameTek, Inc.","GameTek, Inc.","1998-02-25","3","No","Quiz","E - Everyone","Jeopardy! is an American quiz show featuring trivia in history, literature, the arts, pop culture, science, sports, geography, wordplay, and more. The show has a unique answer-and-question format in which contestants are presented with clues in the form of answers, and must phrase their responses in question form.

• No Save option available"
"Jeremy McGrath Supercross 2000","","NTSC","","Acclaim Entertainment, Inc.","Acclaim","2000-02-29","4","No","Racing","E - Everyone","Supercross fans get stoked!
Race as or against 11-time Supercross Champ Jeremy McGrath and other superstar riders including Button, Pastrana, Windham, Tortelli, Dowd, Ramsey and Albertyn!

• Saves via Controller Pak"
"Jet Force Gemini","","NTSC","United States of America","Rare, Ltd.","Rare, Ltd.","1999-10-11","4","Yes","Action | Shooter | Stealth","T - Teen","Jet Force Gemini is a 1999 N64 video game developed by Rare and released by Rare Inc., under license by Nintendo of America, in the USA on October 11, 1999.

The insect invasion has begun.

The galaxy is being infested by the evil Mizar and his horde of Drones. Already, the planet of Goldwood has been subjugated and the peaceful Tribals enslaved. With an arsenal of mega-weapons at their disposal, the Jet Force Gemini team must travel in search of Mizar's lair - rescuing Tribals and splattering Drones along the way. But can Juno, Vela and their faithful dog, Lupus, exterminate the deadly threat before it's too late?

+ ""The game also includes a multiplayer mode where two to four players can compete in traditional deathmatch games."" -Wikipedia

• Saves via Internal Memory (FlashRAM)"
"Jikkyou G1 Stable","","NTSC-J","Japan","","Konami","1999-04-28","1","No","Sports","Not Rated","Jikkyou G1 Stable is a Sports game, developed by Konami Computer Entertainment Nagoya and published by Konami, which was released in Japan in 1999."
"Jikkyou J.League Perfect Striker","","NTSC-J","Japan","Konami","Konami Computer Entertainment Osaka","1996-12-20","4","Yes","Sports","Not Rated","No overview is currently available for this title, please feel free to add one."
"Jikkyou Powerful Pro Yakyuu 2000","","NTSC-J","Japan","Konami","Diamond Head","2000-04-29","1","No","Sports","Not Rated","Jikkyō Powerful Pro Yakyū 2000 is the first iteration of the Consumer Series of a traditionally Japan-only baseball video game series created by Konami on the Nintendo 64. It is known for its big-headed characters, and addictive arcade-style gameplay."
"Jikkyou Powerful Pro Yakyuu 4","","NTSC-J","Japan","Konami","Diamond Head","1997-03-14","1","No","Sports","Not Rated","Jikkyō Powerful Pro Yakyū 4 is the first iteration of a traditionally Japan-only baseball video game series created by Konami on the Nintendo 64. It is known for its big-headed characters, and addictive arcade-style gameplay."
"Jikkyou Powerful Pro Yakyuu 5","","NTSC-J","Japan","Konami","Diamond Head","1998-03-26","1","No","Sports","Not Rated","Jikkyō Powerful Pro Yakyū 5 is the second iteration of a traditionally Japan-only baseball video game series created by Konami on the Nintendo 64. It is known for its big-headed characters, and addictive arcade-style gameplay."
"Jikkyou Powerful Pro Yakyuu 6","","NTSC-J","Japan","Konami","Diamond Head","1999-03-25","1","No","Sports","Not Rated","Jikkyō Powerful Pro Yakyū 6 is the third iteration of a traditionally Japan-only baseball video game series created by Konami on the Nintendo 64. It is known for its big-headed characters, and addictive arcade-style gameplay."
"Jikkyou Powerful Pro Yakyuu Basic Han 2001","","NTSC-J","Japan","Konami","Diamond Head","2001-03-29","1","No","Sports","Not Rated","Jikkyō Powerful Pro Yakyū Basic-ban 2001 is the second iteration of the Consumer Series of a traditionally Japan-only baseball video game series created by Konami on the Nintendo 64. It is known for its big-headed characters, and addictive arcade-style gameplay."
"Jikkyou World Soccer 3","International Superstar Soccer 64","NTSC-J","Japan","Konami","Konami Computer Entertainment Osaka","1996-12-20","4","Yes","Sports","Not Rated","Are you ready for the most realistic soccer game the world has ever seen? Get ready for: Incredible, seemless game control; Awesome animation with over 17,000 motion captured animations; Live, intelligent commentary; Every conceivable soccer move from headers to heel passes; Multiple formations to team strategies; Trade & create your own players; 36 International teams with 16 players per team. Everything a soccer fan wants!"
"Jinsei Game 64","人生ゲーム64","NTSC-J","Japan","TAKARA Co., Ltd.","Takara","1999-03-19","4","No","Strategy","Not Rated","Jinsei Game 64 (人生ゲーム64) is a virtual board game for the Nintendo 64 based on The Game of Life. It was released only in Japan in 1999."
"John Romero's Daikatana","","NTSC","","Kemco","Kemco","2000-07-31","2","No","Action | Shooter","M - Mature 17+","In 2455 AD, Kage Mishima used the magical powers of the Daikatana, the most powerful sword ever forged, to alter time and establish himself as supreme dictator. You are Hiro Miyamoto, one of the few people on Earth who knows what happened. Its up to you to find the corrupted dictatorship and right the wrongs that have inflicted the world.

* An immersive, 3-D shooter that combines adventure and role-playing elements
* Arm yourself with the deadliest weapons in human history
* Time travel to the 25th Century Japan, Ancient Greece, Medieval Norway and 212st Century San Francisco over 16 challenging stages!
* Multiplayer match mode for up to four players
* Expansion Pak compatible
* Rumble Pak compatible
* Saves via Controller Pak"
"Junk Runner 64","Junkrunners  64 | junkrunner64","Other","","","","2026-03-31","1","No","Adventure | Platform | Unofficial","Not Rated","Junk Runner 64 is a retro-inspired action runner set in a chaotic world of scrap and salvage. Race through dangerous junkyards, abandoned zones, and industrial ruins while dodging hazards and collecting valuable trash.

With its low-poly aesthetic and arcade-style gameplay, Junk Runner 64 captures the spirit of classic 64-bit games while delivering a modern, addictive high-score chase."
"Kaizo Super Mario 64","","NTSC","United States of America","","?","2009-06-10","1","No","Adventure | Puzzle | Platform","Not Rated","Kaizo Mario 64 is a ROM hack made by OmegaEdge29 in 2009. It contains 120 Stars and requires Mario to collect every last Star before he can enter the final stage, Bowser in the Sky."
"Ken Griffey Jr.'s Slugfest","","NTSC","United States of America","Nintendo","Angel Studios","1999-05-10","2","No","Sports","E - Everyone","Bursting with stunning realism and high-excitement baseball action, Ken Griffey Jr.'s Slugfest drives home the winning run! Improved player animations and color commentary by Dave Niehaus - ""The Voice of the Mariners"" - make you feel like you're really at the game, while easy-to-use controls, updated rosters and statistics, and an optional fantasy draft make it even more fun than being there!

• Saves via Internal Memory (FlashRAM)"
"Killer Instinct Gold","","NTSC","United States of America","Nintendo","Rare, Ltd.","1996-11-25","2","No","Fighting","T - Teen","Killer Instinct Gold rocks the gaming world with its earth-shattering moves and unbelievable graphics. Your battles unfold with lightning-fast action and fluid character animation at 60 frames per second. We faithfully duplicated all the features that made Killer Instinct 2 an arcade hit. We've even thrown in a complete training mode to school you on all the moves! The eye-popping graphics, the explosive hits and jaw-dropping combos make Killer Instinct Gold the only fighting game you'll ever want in your house!

• Saves via Internal Memory (EEPROM) - Secondary Saves via Controller Pak"
"Kiratto Kaiketsu! 64 Tanteidan","Shining and Solving! 64 Detective Club | キラッと解決! 64探偵団","NTSC-J","Japan","Imagineer Co., Ltd.","Pandora Box","1998-10-23","4","No","Strategy","Not Rated","Kira tto Kaiketsu! 64 Tanteidan (キラッと解決! 64探偵団, lit. ""Shining and solving! 64 Detective Club"") is a party game for the Nintendo 64. It was released only in Japan."
"Kirby 64: The Crystal Shards","","NTSC","United States of America","Nintendo of America, Inc.","HAL Laboratory, Inc.","2000-06-26","4","Yes","Platform","E - Everyone","Kirby 64: The Crystal Shards is a 2000 N64 video game developed by HAL Laboratory and released by Nintendo of America in the USA on June 26, 2000.

Kirby's first 3D adventure is also his Nintendo 64 debut, and it finds the always-versatile hero battling a new enemy called Dark Matter. Dark Matter is after a distant land's powerful crystal, but a young fairy named Ribbon attempts to save it by escaping with the gem to Dream Land. Now the crystal has been broken, and it's scattered around the world. Take control of Kirby and help him journey across six worlds, battling a wide variety of enemies and challenging bosses, as he tries to collect all 100 pieces of the shattered crystal.

• Saves via Internal Memory (EEPROM)"
"Kirby 64: Whispy's Trials","","NTSC","United States of America","","","2020-10-04","1","No","Platform","E - Everyone","No overview is currently available for this title, please feel free to add one."
"Knife Edge: Nose Gunner","","NTSC","","Kemco","Kemco","1998-11-10","4","No","Shooter","E - Everyone","Kemco offers up a title that introduces brand new gameplay concepts to the Nintendo 64 with KNIFE EDGE: Nose Gunner. The storyline takes the player to Mars and beyond, battling against enemies of an alien variety. The gameplay takes classic shooting action and sticks it in a first-person perspective, resulting in an intense and action-packed affair. However, the levels are not free roaming, as the action travels along predetermined rails that offer multiple paths to be determined by the player. In addition to the one-player Story mode, there is a Practice mode that allows the player to sharpen their shooting skills. To appease fans of multiplayer, there is the option to play with up to four people in the Story mode, as well as fight against each other in the Team Battle mode. KNIFE EDGE: Nose Gunner for the Nintendo 64 offers a large amount of options and modes, as well as an exciting shooting adventure that is truly unique among N64 titles.

• No save option available"
"Knockout Kings 2000","","NTSC","","Electronic Arts","Black Ops Entertainment","1999-10-03","2","No","Sports","T - Teen","Get it on as or against 25 of the greatest boxers of all time! Includes Oscar De La Hoya, Sugar Ray Leonard, Evander Holyfield, and THE GREATEST, Muhammad Ali! Arcade-style Slugfest and Career modes. Super KO punches and hidden moves. Knockdown-dragout battles with the greatest boxers ever. Build a champion and fight to the top in Career mode. Pit current champs vs. legendary superstars, or challenge your created boxer against the greats.

• Saves via Controller Pak"
"Kobe Bryant in NBA Courtside","Kobe Bryant's NBA Courtside","NTSC","","Nintendo","Left Field Productions","1998-04-27","4","No","Sports","E - Everyone","Kobe Bryant in NBA Courtside is a basketball simulation game for the Nintendo 64. It was released in 1998 and received a Player's Choice designation after selling one-million copies. Kobe Bryant was in his second NBA season at the time of the game's release and was the youngest player to have a game to his namesake. 
Kobe Bryant in NBA Courtside features 5-on-5 game play. The game also features 1997-1998 rosters (except for Michael Jordan, who was not in the players' association and is renamed ""Roster Player #98""). There are three game options: Exhibition, Season, and Playoffs. The game allows you to either simulate Season games or play them to lead into the playoffs, and win the NBA Finals.

• Saves via Internal Memory (EEPROM) - Secondary Saves via Controller Pak"
"Kyojin no Doshin","","NTSC-J","Japan","Randnet","Param","1999-12-11","1","No","Strategy","E - Everyone","Doshin is all about playing God. Players star in the role of a yellow giant who, like the sun, ascends every morning from the sea to visit the peaceful inhabitants of a chain of tropical islands -- and much like the sun, the giant can bring both life and death. Your basic actions are walking, picking up objects or people, raising the terrain by pulling it up or lowering it by jumping on it. As you explore your surroundings, you encounter different tribes of island natives that go about their daily lives. The ultimate goal of the game is to help the different tribes flourish and get them to construct temples and henges to honor your giant. Each time a tribe builds such a structure, it is added to your monument journal. Released only on 64DD (with an even more obscure add-on disk released later), the game was remade for GameCube."
"Kyojin no Doshin: Kaihou Sensen Chibikko Chikko Daishuugou","","NTSC-J","Japan","Nintendo","Param","2000-05-17","1","No","Strategy","E - Everyone","Add-on disk to Doshin the Giant (N64) for the 64DD system. You slip into the role of one of three 2D characters who goes to bed, falls asleep and dreams that he is being sucked through the bedroom window into the recent past, more specifically the ""Doshin Exposition '96."" Your objective is to build 17 pavilions located within the expo. To do this, you need to interact with ""Queen Companions"" -- ""booth babes"" -- that can be summoned by... and there is no mistaking it for anything else... peeing hearts at signs. Er... yeah. This process is called ""chikko."" You can also ""chikko"" other people you bump into and make friends with them. Your friends are called ""Teamers"" and they can join you in a fight against opponents. You can win the fight by ""chikko""-ing and shrinking enemies. If you lose the fight, you wake up in your room and simply try again."
"La Fin Du Tour: Virtual Pro-Wrestling Alpha","","NTSC","United States of America","THQ","AKI Corporation","2023-02-21","4","No","Fighting | Unofficial","E - Everyone","La Fin Du Tour: Virtual Pro-Wrestling Alpha is a ROM hack of WCW vs. nWo - World Tour, created by RagDas. In his own words:

This is La Fin Du Tour, the first ROM hack (that I'm aware of) for WCW/nWo World Tour. There is no specific concept to this hack, although some might construe this as a WWF New Generation hack, but that's probably a misnomer. What happened was, after the release of SUMMIT, I took some time to dive into uncharted waters and understand how World Tour works. It is incredibly tedious to note things down and try to explain how things were done, so I thought it'd be more interesting to show it. As a result, I took all that I learned, alone and alongside Melonbread and freem, and put it into this hack in about 3 months (research inclusive, I think)."
"Last Legion UX","","NTSC-J","Japan","Hudson Entertainment, Inc.","Yuke's Co. Ltd.","1999-05-28","2","No","Platform","Not Rated","Last Legion UX is a platform game for the Nintendo 64. It was released only in Japan in 1999."
"Legend of Zelda : Curse of Moonlight","Legend of Zelda: Curse of Moonlight | Legend of Zelda - Curse of Moonlight | The Legend of Zelda : Curse of Moonlight","NTSC","","","","2024-10-01","1","No","Horror","Not Rated","This is a horror-themed and highly challenging modification of The Legend of Zelda. It introduces new enemies, original music, customized environments, and a formidable boss encounter. The mod draws inspiration from Bloodborne, creating a dark and oppressive setting. This atmosphere significantly alters the tone of the original game, transforming it into a more intense and unsettling experience.

Winner of the 2024 Horror Competition held by Hylian Modding.

Developer: Sunset Tides Interactive"
"LEGO Racers","","NTSC","","Lego Media","High Voltage Software, Inc.","1999-10-31","2","No","Racing","E - Everyone","In Lego Racers, the player assumes the role of either one of several pre-built Lego characters or a custom-built driver.  The camera is positioned behind the car, as in most racing games, and the player may make use of a variety of power-ups such as weapons and speed-boosters to increase their chances of winning.  The game supports keyboard and gamepad control, both of which can be fully customized in the game settings.  Customization: A feature in the game allows the player to build cars and drivers of their own design.  Both the driver's Lego minifigure and the car are built from scratch using a wide selection of Lego bricks and parts.  This selection is limited when the player starts the game but expands each time the player completes a circuit.  The player may also use the Quick Build feature to play with a pre-made car.  Customization is purely aesthetic and has no effect on the performance of the car.

• Saves via Controller Pak"
"Lode Runner 3-D","","NTSC","","Infogrames Entertainment","Big Bang","1999-07-30","1","No","Platform","E - Everyone","The game mechanics are similar to the original; you outrun 'monsters' by using alternate routes, sliding on ropes, climbing ladders or drilling holes in the ground to trap them.  This game differs from the other incarnations of games from the series because of its apparent three-dimensional perspective.  While essentially running in 2-dimensional space, the player has an option to move in another direction every so often.  The levels are mostly spirals that require climbing to complete.  There are five worlds and each one must be unlocked by finding five cards from the previous world excluding the first.  Each world is divided into five stages with each stage divided into four levels.  The general goal of each level is to collect a certain amount of gold to activate a portal that allows the player to continue.  As the player progresses, each world adds new interactive objects and tools as well as new obstacles.

• Saves via Internal Memory (EEPROM)"
"Looney Tunes Duck Dodgers Starring Daffy Duck","","NTSC","","Infogrames Entertainment","Paradigm Entertainment Inc.","2000-12-16","1","No","Platform","E - Everyone","Marvin the Martian has concocted the Ultimate Plan to destroy Earth: by building the Ultimate Weapon. Unfortunately, Ultimate Weapons require a lot of energy. Marvin has dispatched his minions to nearby planets to collect the energy atoms needed to destroy Earth once and for all.

In this 3D platformer, you play as Duck Dodgers, savior of the universe (and master klutz). Use combat, stealth, gizmos, and your signature Ray Gun to defeat Marvin's minions and collect all the energy atoms before they do.

• Saves via Internal Memory (EEPROM)"
"Looney Tunes: Taz Express","","Region Not Set","","Infogrames","Zedtwo Game Design Studio","2000-08-01","1","No","Action","E - Everyone","Taz - a delivery boy? Would you trust THIS guy to deliver your fragile package?

Tired of seeing Taz do nothing but hang around the house and watch TV, She-Devil decides Taz needs to find a job. She finds the perfect one for him - as a delivery boy for the next courier service, ""Taz Express"". Your job: Help Taz protect the package long enough to deliver it."
"Luigi's mansion 64","","Region Not Set","","","","2015-05-31","1","No","Platform | Unofficial","Not Rated","Princess Toadstool sends Luigi to come to her castle to save from King Boo. When Luigi arrives, he meets the Lakitu Bros., whom are filming him. He go inside the haunted mansion and hear a familiar voice telling him not to belong to the mansion. Toad who is outside informs Luigi that King Boo and his henchmen invaded the castle and has kidnapped the princess and is holding everyone hostage inside the mansion walls. He has also stolen the Starlings and given them to his minions who are hiding in paintings spread all over the haunted mansion. Luigi hops in the magical paintings and retrieves the Starlings in order to defeat King Boo and save the Princess."
"Lylat Wars","Star Fox 64","PAL","","Nintendo","Nintendo EAD","1997-06-30","4","No","Shooter","Not Rated","Star Fox 64 (Japanese: スターフォックス64 Hepburn: Sutā Fokkusu Rokujūyon?), known in Australia and Europe as Lylat Wars, is a 3D scrolling shooter game themed around aircraft combat for the Nintendo 64 video game console. It is a reboot of the original Star Fox, and the only game in the Star Fox series to be released on the Nintendo 64. An autostereoscopic remake, titled Star Fox 64 3D, was released for the Nintendo 3DS in 2011.

Star Fox 64 was the first Nintendo 64 game to have included support for the Rumble Pak, with which it initially came bundled. The game received critical acclaim for its smooth animation, detailed visuals, voice acting, and use of multiple gameplay paths.

Star Fox 64 is set on a group of planets in the Lylat system. Ingenious scientist Andross, a native of the fourth planet Corneria, is driven to madness and nearly destroys the planet using biological weapons. For Andross' treason, General Pepper exiles the scientist to the remote planet Venom. Five years after Andross' exile, Pepper detects suspicious activity on Venom.[7] Pepper hires the Star Fox team (consisting of James McCloud, Peppy Hare, and Pigma Dengar) to investigate. When the three arrive at Venom, Pigma betrays the team, which causes James and Peppy to be captured by Andross. Peppy escapes and tells James' son, Fox McCloud, about his father's fate.

A few years later, Andross launches an attack across the Lylat system. Realizing that his army cannot stop Andross, Pepper summons the Star Fox team, now consisting of Fox, Peppy, Falco Lombardi and Slippy Toad.[8] While traveling through several planets, including the Lylat system's star, Solar, and the asteroid field Meteo, the team battles with several of Andross' henchmen, including the rival mercenaries, Star Wolf.

Story:
After arriving in Venom, Fox defeats Andross, but discovers that it is actually a robotic version of himself and destroys it, leaving Andross drifting in the Lylat System. Fox decides to redeem himself by returning to Venom and defeat Star Wolf once again. When Fox defeats Andross once more, he reveals his true form, a floating brain with two floating eyes. After killing Andross, James appears to show Fox the way out, then vanishes immediately after. Escaping the lair's destruction, Star Fox returns to Corneria for a victory celebration, as the game's end credits roll.

When offered membership into the Cornerian Army, Fox declines on behalf of his team; saying ""Oh no, sir. We prefer doing things our own way"". The game ends with the Great Fox and the Star Fox team flying off in their Arwings into the skies."
"Lylat Wars [Rumble Pak Bundle]","Star Fox 64","PAL","","Nintendo","Nintendo EAD","1997-06-30","4","No","Shooter","Not Rated","Star Fox 64 (Japanese: スターフォックス64 Hepburn: Sutā Fokkusu Rokujūyon?), known in Australia and Europe as Lylat Wars, is a 3D scrolling shooter game themed around aircraft combat for the Nintendo 64 video game console. It is a reboot of the original Star Fox, and the only game in the Star Fox series to be released on the Nintendo 64. An autostereoscopic remake, titled Star Fox 64 3D, was released for the Nintendo 3DS in 2011.

Star Fox 64 was the first Nintendo 64 game to have included support for the Rumble Pak, with which it initially came bundled. The game received critical acclaim for its smooth animation, detailed visuals, voice acting, and use of multiple gameplay paths.

Star Fox 64 is set on a group of planets in the Lylat system. Ingenious scientist Andross, a native of the fourth planet Corneria, is driven to madness and nearly destroys the planet using biological weapons. For Andross' treason, General Pepper exiles the scientist to the remote planet Venom. Five years after Andross' exile, Pepper detects suspicious activity on Venom.[7] Pepper hires the Star Fox team (consisting of James McCloud, Peppy Hare, and Pigma Dengar) to investigate. When the three arrive at Venom, Pigma betrays the team, which causes James and Peppy to be captured by Andross. Peppy escapes and tells James' son, Fox McCloud, about his father's fate.

A few years later, Andross launches an attack across the Lylat system. Realizing that his army cannot stop Andross, Pepper summons the Star Fox team, now consisting of Fox, Peppy, Falco Lombardi and Slippy Toad.[8] While traveling through several planets, including the Lylat system's star, Solar, and the asteroid field Meteo, the team battles with several of Andross' henchmen, including the rival mercenaries, Star Wolf.

Story:
After arriving in Venom, Fox defeats Andross, but discovers that it is actually a robotic version of himself and destroys it, leaving Andross drifting in the Lylat System. Fox decides to redeem himself by returning to Venom and defeat Star Wolf once again. When Fox defeats Andross once more, he reveals his true form, a floating brain with two floating eyes. After killing Andross, James appears to show Fox the way out, then vanishes immediately after. Escaping the lair's destruction, Star Fox returns to Corneria for a victory celebration, as the game's end credits roll.

When offered membership into the Cornerian Army, Fox declines on behalf of his team; saying ""Oh no, sir. We prefer doing things our own way"". The game ends with the Great Fox and the Star Fox team flying off in their Arwings into the skies."
"Mace: The Dark Age","","NTSC","","Midway Games","Midway","1997-10-01","2","No","Action | Fighting | Sports","M - Mature 17+","Live by the sword. Kill for the mace! Forged in the fires of the Dark Ages, Mace is the hottest 3D fighting game ever! Each medieval character wields a weapon unique to their land of origin. Their only desire - inflict serious pain! Sixteen player-selectable characters, two amazing bosses and six hidden characters. Tons of tasty combos and reversals with simple four-button controls. Become immersed in battle with complete 3D character movement.

Note: Heavily borrowing from the arcade game Soul Edge (1995)--first of the Souls Series. Which borrowed heavily from the framework WeaponLord (1995) laid out. Visual Concepts (developers of WeaponLord) would send builds of the game to Namco (the publisher of WeaponLord) to playtest.

• No save option available"
"Madden Football 64","","NTSC","","Electronic Arts","Electronic Arts","1997-10-31","4","No","Sports","E - Everyone","Madden Football 64 is a football video game. It was the first game of the Madden NFL series to be released for the Nintendo 64. The game has commentary by Pat Summerall and John Madden.
This edition does not use real NFL team names or logos. Instead the teams use banners that consist of two bars with the team colors, and the team name on top of them in white, accompanied by players in their uniforms. The Pro Bowl is referred to as the ""Madden Bowl"", and the Super Bowl as the ""EAS Championship"".

• Saves via Controller Pak"
"Madden NFL 2000","Madden 2000","NTSC","","EA Games","EA Sports","1999-08-31","1","No","Sports","E - Everyone","Madden NFL 2000 is a football video game. The Green Bay Packers had the best team overall in the game with a score of 94. The worst team in the game was the Cleveland Browns with a score of 68. The best offense in the game belongs to the Denver Broncos with a score of 97. The best defense in the game belongs to the Miami Dolphins with a score of 96. The best special teams in the game belongs to both the Buffalo Bills and Atlanta Falcons with a score of 97.

• Saves via Controller Pak"
"Madden NFL 2001","","NTSC","","EA Games","EA Sports","2000-09-05","4","No","Sports","E - Everyone","Madden NFL 2001 includes several customizable modes. Players have the ability to create a play, create a player, run a franchise, and collect Madden Cards, allowing players to perform certain actions during gameplay (for example, adding 5th downs, or limiting the CPU-controlled team to 3rd downs). The cards can also alter individual player ratings, unlock special stadiums, and unlock Hall of Fame and All-Madden teams.

• Saves via Controller Pak"
"Madden NFL 2002","","NTSC","","Electronic Arts","Budcat Creations","2001-09-12","4","No","Sports","E - Everyone","#1 for a reason! Return to glory: Relive the golden days of 16-bit Madden gameplay in Madden Classic mode. Kick off the season with the newest NFL team: Take the field with all 32 NFL teams including the expansion Houston Texans. A game within a game: Run or defend an improved 2-Minute Drill, now featuring Head-To-Head Challenge. Bang-Boom-Pow: Perfect the X's and O's with the help of John Madden in Training mode.

• Saves via Controller Pak"
"Madden NFL 99","","NTSC","","Electronic Arts","Electronic Arts","1998-09-01","4","No","Sports","E - Everyone","This is all-Madden football! Legendary gameplay. One-button simplicity. The ultimate NFL experience. New super hi-res polygon graphics. Monster hits - feel and hear the impact! 250 new motion captured NFL moves. New Arcade Mode - huge hits, more fun! Over 120 past and present NFL teams. Draft, trade, create, sign, and release players.

• Saves via Controller Pak"
"Magical Tetris Challenge","Magical Tetris Challenge featuring Mickey","PAL","","Capcom","Capcom","1999-01-14","2","No","Puzzle","E - Everyone","Join Disney's Mickey, Minnie, Donald and Goofy as they embark on a non-stop adventure full of challenging fun and excitement in Magical Tetris Challenge. Completely addictive, deceptively simple, you'll go wild in a kaleidoscopic shower of falling Tetris pieces in this magical version of the world's most popular video game.

• No save option available"
"Magical tetris challenge featuring mickey","","NTSC-J","Japan","","","1998-11-20","2","No","Puzzle","E - Everyone","No overview is currently available for this title, please feel free to add one."
"Mahjong 64","","NTSC-J","Japan","Koei Co., Ltd.","Chat Noir","1997-04-04","1","No","Strategy","Not Rated","Mahjong 64 is a Mahjong simulation game released only in Japan in 1997."
"Mahjong Horoki Classic","","NTSC-J","Japan","Imagineer Co., Ltd.","Alpha-Unit","1997-08-01","1","No","Puzzle","Not Rated","Mahjong Hourouki Classic is a Mahjong game, developed by Alpha Unit and published by Imagineer, which was released in Japan in 1997."
"Mahjong Master","","NTSC-J","Japan","Konami","Konami","1996-12-20","1","No","Strategy","Not Rated","Mahjong Master is a Mahjong simulation game for the Nintendo 64 released only in Japan in 1996."
"Major League Baseball Featuring Ken Griffey, Jr.","","NTSC","United States of America","Nintendo","Angel Studios","1998-05-31","2","No","Sports","E - Everyone","Make your dreams of becoming a Major Leaguer a reality! Hit a grand slam, pitch a no-hitter, go for the cycle and steal home - all in the same game! If that's not enough, check out the real-time stat tracking in over 30 major categories. Improve your team by making the right trades and picking up the best free agents. Major League Baseball Featuring Ken Griffey Jr. is so real, every pitch counts!

• Saves via Internal Memory (SRAM) - Secondary Saves via Controller Pak"
"Mario Adventure 2","","Other","","Romhacking","","2025-10-17","1","No","Adventure | Platform | Unofficial","Not Rated","Experience Sonic Adventure 2 levels as Mario in a new thrilling romhack! Fully N64 console compatible and optimized for blazingly smooth gameplay. This romhack uses F3DEX3 features and requires modern emulator supporting it."
"Mario Artist: Communication Kit [DD]","","NTSC-J","Japan","Nintendo","Nintendo EAD","2000-06-29","1","No","Sandbox","E - Everyone","No overview is currently available for this title, please feel free to add one."
"Mario Artist: Paint Studio (w/Mouse)","","NTSC-J","Japan","","","1999-12-11","1","No","Sandbox","Not Rated","No overview is currently available for this title, please feel free to add one."
"Mario Artist: Paint Studio [DD]","","NTSC-J","Japan","Nintendo","Nintendo EAD","1999-12-11","1","No","Sandbox","E - Everyone","Mario Artist: Paint Studio is the only Nintendo 64DD game to use the Transfer Pak; by using the Game Boy Camera."
"Mario Artist: Polygon Studio [DD]","","NTSC-J","Japan","Nintendo","Nintendo EAD","2000-08-29","1","No","Sandbox","E - Everyone","No overview is currently available for this title, please feel free to add one."
"Mario Artist: Talent Studio (w/Capture Cassette)","","NTSC-J","Japan","","","2000-02-23","1","No","Productivity","Not Rated","No overview is currently available for this title, please feel free to add one."
"Mario Artist: Talent Studio [DD]","","NTSC-J","Japan","Randnet","Nintendo EAD","2000-02-23","1","No","Productivity","E10+ - Everyone 10+","In Mario Artist: Talent Studio, the player can create their own characters in 3D, customizing features such as hair, skin, and eye color, voice, clothes, facial features, and body size and type. The process is similar to Nintendo's later Miis, but much more detailed. The characters can then be inserted into movies and animations. Events during these movies can be controlled by pressing the Z-trigger. Images from external video can be imported using the Capture Cartridge."
"Mario breaks EVERY BONE IN HIS BODY","","NTSC-U","United States of America","Nintendo","Nintendo","2024-03-27","1","No","Action | Adventure | Unofficial","E - Everyone","Mario has fallen down the stairs and shattered all of his limbs. How exactly is one supposed to control a maimed plumber?

Collecting all coins gives an optional star as a reward.

Shoutouts to Arthurtilly for the awesome rigid body engine."
"Mario Builder 64","","Other","","","","2024-05-19","1","No","Adventure | Platform | Unofficial","E - Everyone","Mario Builder 64 is a Super Mario 64 ROM hack that allows you to create custom levels in-game. Mario Builder 64 was built on top of the source code of SM64: Beyond the Cursed Mirror and uses the HackerSM64 repo as a base. Level editor-specific code can be found in mb64.c and its counterparts. Some code is unsightly and abominable, so exercise caution to those who view it.

When building from a freshly cloned repo, the baserom extractor will overwrite a lot of assets. To fix this, simply discard all the extra changes that appear in your source control tab."
"Mario Golf","","NTSC","United States of America","Nintendo","Camelot Software Planning","1999-07-30","4","No","Sports","E - Everyone","Forget buying expensive golf gear--Mario brings the game to you. Mario Golf features four complete 18-hole courses, 11 golfers, and precise play control. Create your own golfer and build up his or her experience and skill levels by competing in various tournaments and head-to-head matches. The more you play, the stronger and more accurate your golfer becomes. There are many different modes of play in Mario Golf, including a wide variety of minigames designed to challenge even the most level-headed swingers."
"Mario Golf 64","マリオゴルフ64","NTSC-J","Japan","Nintendo","Camelot Software Planning","1999-06-11","4","No","Sports","E - Everyone","Forget buying expensive golf gear--Mario brings the game to you. Mario Golf features four complete 18-hole courses, 11 golfers, and precise play control. Create your own golfer and build up his or her experience and skill levels by competing in various tournaments and head-to-head matches. The more you play, the stronger and more accurate your golfer becomes. There are many different modes of play in Mario Golf, including a wide variety of minigames designed to challenge even the most level-headed swingers."
"Mario in the Multiverse","Mario in the Multiverse (SM64) | MitM (SM64)","NTSC-U","","","","2024-12-24","1","No","Adventure | Platform | Unofficial","E10+ - Everyone 10+","Mario in the Multiverse is a Collaborative Major Hack brought to you by an all-star team of ROMhackers, each representing a given series through a unique level and ability to make this a journey like no other.

Mario is armed to the teeth with abilities. With everything from precognitive drugs to high-caliber guns at your disposal, the sky is the limit. Every ability opens new routes and challenges in its home level as well as in many others.

Every obstacle is an opportunity to express yourself by discovering your own solutions - with over 120 stars to obtain, you’ll have plenty of time to experiment with combos and synergies between the abilities!"
"Mario Kart 64","","PAL","United Kingdom of Great Britain and Northern Ireland","Nintendo","Nintendo","1997-06-24","4","No","Racing","Not Rated","No overview is currently available for this title, please feel free to add one."
"Mario Kart 64 - Amped Up","","Other","","Romhacking","","2021-01-01","4","Yes","Racing","Not Rated","This is a mod for the game Mario Kart 64. It features: 16 brand new course, 5 additional game modes, fully animated 3D racers, modern visuals, groovy music, customization settings, unlockables and much, much more!

Available game modes Grand Prix (Default, Elimination Mode, Balloon Race), Versus (Default, Elimination Mode, Balloon Race) and Time Trial (Default, N64 Coin Mode, Target Zones, Mini Turbos)"
"Mario Kart 64 - Amped Up v2.1","MK64 Amped Up v2.1","NTSC-U","United States of America","","? | 																Nintendo","2021-03-05","4","Yes","Racing | Unofficial","Not Rated","A Mario Kart 64 modification, which adds 12 new courses to the game, complete with new music and a seperate ""N64 Coin Mode""
Currently, there are three cups with 4 custom courses each.
It adds the N64 coin challenge. Collect 8 coins scattered around the course and get a starman power up, if you get them all.
Each collected coin also increases your top speed.
The options menu on the title screen has a variety of settings to change."
"Mario Kart 64 [Not for Resale]","","Region Not Set","","","","1997-02-10","4","Yes","Racing","E - Everyone","No overview is currently available for this title, please feel free to add one."
"Mario Kart 64 [Player's Choice]","","NTSC","","Nintendo","Nintendo EAD","1997-02-10","4","No","Racing","E - Everyone","Three… Two… One… GO!  The signal light changes and you drop the pedal to the metal.  Take on up to three friends in the split-screen VS games, or race solo in the Mario GP.  Tell your friends to bring it on in the highly competitive Battle mode.  Advanced features allow you to race with your “Ghost”.  The driving data from your best run appears as a transparent character on the screen.  No longer must you simply race against the clock -- you can actually race against yourself!

* Save your hottest Ghost data to a portable N64 Controller Pak!
* Collect multiple power-up items!
* Twenty different courses -- 4 Cups with 4 courses each and 4 special Battle mode courses!
* Everyone’s favorite characters are back and gorgeously rendered, including two new additions, Donkey Kong and Wario!"
"Mario Kart 64: Hooting Time","Mario Kart 64 Hooting Time | MK64 Hooting Time | MK64 - Hooting Time | Mario Kart 64 - Hooting Time","NTSC","","","","2023-12-20","4","No","Racing | Unofficial","E - Everyone","Features:

4 player Grand Prix 1.1

Custom characters

CPUs have all items

much more…

How to patch:

You need the ‘Mario Kart 64 (U) [!].z64′ ROM.

Then apply the patch to it using a .bps patcher (beat, flips …) or use an online tool.

Have a hooting time!

Attention emulator users:

Enable 8mb memory

Disable debugger & interpreter core for max performance

Attention console users:

It can be played on console, but it’s not fully compatible yet!

Use expansion pak"
"Mario Kart Amped","","NTSC-U","United States of America","","Nintendo of America","1998-07-07","4","Yes","Action | Racing","E - Everyone","Mario Kart 64 - Amped Up adds 12 new courses to the game, complete with new music and a separate ""N64 Coin Mode""
Currently, there are three cups with 4 custom courses each.
The options menu on the title screen has a variety of settings to change."
"Mario no Photopie","","NTSC-J","Japan","Tokyo Electron Device, Ltd.","Tokyo Electron","1998-12-02","1","No","Platform","E - Everyone","Mario no Photopi (マリオのふぉとぴー Mario no Fotopī, lit. ""Mario's Photopi"") is a creativity game released for the Nintendo 64 in 1998, in Japan only. The game's cartridge has two slots for SmartMedia cards in the top, allowing for the import of digital photos and other images and for transfer between the cards. The pictures can be edited and decorated with font, artwork from the Mario franchise, borders and other graphics.

It is the only game to use the SmartMedia-ready cartridge, which has the model number of NUS-023. SmartMedia cards that were specially made for it in connection with video game themes such as Sylvanian Families, Bomberman and Yoshi were also released."
"Mario Odyssey 64","","NTSC-U","United States of America","Kaze Co., Ltd.","KAZe Co., Ltd.","2020-04-18","1","No","Adventure | Platform | Unofficial","E - Everyone","Super Mario Odyssey 64 is a Kaze Emanuar's recreation/remix of the original Super Mario Odyssey. It lacks some things from the original game like cut-scenes, New Donk City and the minigames. The tutorials in the Cappy Kingdom and some of Super Mario Odysseys bosses are missing. This game is known for its programming that doesn't send Mario back to the overworld when he collects a Power Moon."
"Mario on Indigo Island","","NTSC-U","United States of America","","?","2019-05-30","1","No","Adventure | Platform | Unofficial","Not Rated","Mario on Indigo Island is a major ROM hack made by usernamesarentimportant (also known as UsernamesAreSpiders), released in May 2019, features 13 levels and a total of 111 stars.

In comparison to The Mushroom Cup, this hack is openworld-like and has got a focusing gameplay style to exploration above platforming.

Not following the previous game, Mario has to explore the island and clear out of the rampage between two parallel worlds. 

After the collapse and escape of the Solitude Fortress, Mario has duped! The Cosmic Goombas have managed to take over his vacation island! Now he must exit his comfort zone and explore the island to close the opening rift of the Cosmic Dimmension and the Indigo Island! But that begs to differ, where is Bowser in all this?"
"Mario Party","","NTSC","United States of America","Nintendo","Hudson Entertainment, Inc.","1999-02-08","4","No","Action | Adventure | Puzzle | Strategy | Family","E - Everyone","Every game in the main series has a standard Party Mode in which up to four players play through a board, trying to collect as many stars as possible. In every turn, each player rolls a die and progresses on the board, which usually has branching paths. Coins are primarily earned by performing well in a minigame played at the end of each turn. On most boards, players earn stars by reaching a star space and purchasing a star for a certain amount of coins. The star space appears randomly on one of several pre-determined locations and moves every time a star is purchased, usually occupying a blue space.
Every Mario Party contains at least 50 to almost 110 minigames with a few different types. Four-player games are a free-for-all in which players compete individually. In 2-on-2 and 1-on-3 minigames, players compete as two groups, cooperating to win, even though they are still competing individually in the main game. Some minigames in Mario Party are 4-player co-op, even though it doesn't say it. In most situations, winners earn ten coins each.

• Saves via Internal Memory (EEPROM)"
"Mario Party 2","","NTSC","","Nintendo","Hudson Entertainment, Inc.","2000-01-24","4","No","Action | Adventure | Strategy | Sports","E - Everyone","Mario and the gang are back for another round of Bowser-bashin' party action! Watch as your favorite Nintendo characters don different duds for each of the five all-new Adventure Boards! A slew of new tricks and devices bring new levels of challenge and excitement to board game play. New board maps, new Mini-Games, new action and new surprises means a whole new batch of fun! Get ready to unleash your best Hip Drops, hammer swings and high-flying high junks for another round of frenzied multi-player action!

• Saves via Internal Memory (EEPROM)"
"Mario Party 3","","NTSC","","Nintendo","Hudson Entertainment, Inc.","2001-05-06","4","No","Action | Adventure | Strategy | Sports","E - Everyone","Mario Party 3 is the third and final Mario Party title for the Nintendo 64. A total of eight characters are available to choose from: Mario, Luigi, Princess Peach, Yoshi, Wario, Donkey Kong, and newcomers Waluigi and Princess Daisy. Mario Party 3 features duel maps, in which two players try to lower each other's stamina to zero using non-playable characters such as Chain Chomps. It is the first Mario Party game to feature Luigi's main voice and also it is last Mario game where Princess Daisy appears in a yellow and white dress, and with long hair, as well as the last Mario game (until New Super Mario Bros. Wii) in which Yoshi's ""record-scratching"" voice is used. It is also the first Mario Party game to have multiple save slots."
"Mario Party 3: Star Struck","","NTSC","","","","2021-11-25","4","No","The Mario Party 3 hacking scene has created lots of fantastic custom boards over the last few years, using Party Planner 64. In this compilation patch, 6 of the best custom boards have been bundled for your convenience. All credits go the original creators of these boards! See the level-list below for the full credit listing.

Features:
6 new Mario Party 3 boards to play!
Star Summit: SuperZambezi
Animal Crossing: Alexandyr
Paradise Isles: Professor C-Dawg
Rainbow Boulevard: SuperZambezi
Towering Treetop: AirsolaTM
TRG Land: The Jewker

ESRB Rating: E - Everyone

 Board | Family | Party | UnofficialGenre(s): Board | Family | Party | Unofficial","The Mario Party 3 hacking scene has created lots of fantastic custom boards over the last few years, using Party Planner 64. In this compilation patch, 6 of the best custom boards have been bundled for your convenience. All credits go the original creators of these boards! See the level-list below for the full credit listing.

Features:
6 new Mario Party 3 boards to play!
Star Summit: SuperZambezi
Animal Crossing: Alexandyr
Paradise Isles: Professor C-Dawg
Rainbow Boulevard: SuperZambezi
Towering Treetop: AirsolaTM
TRG Land: The Jewker

 E - Everyone

Genre(s): Board | Family | Party | UnofficialESRB Rating: E - Everyone","The Mario Party 3 hacking scene has created lots of fantastic custom boards over the last few years, using Party Planner 64. In this compilation patch, 6 of the best custom boards have been bundled for your convenience. All credits go the original creators of these boards! See the level-list below for the full credit listing.

Features:
6 new Mario Party 3 boards to play!
Star Summit: SuperZambezi
Animal Crossing: Alexandyr
Paradise Isles: Professor C-Dawg
Rainbow Boulevard: SuperZambezi
Towering Treetop: AirsolaTM
TRG Land: The Jewker

ESRB Rating: E - Everyone

Genre(s): Board | Family | Party | Unofficial"
"Mario Party 64","","NTSC","United States of America","","","2021-05-04","1","No","Adventure | Platform | Party","E - Everyone","Traverse the board and play mini-games for stars!"
"Mario Story","Paper Mario | マリオストーリー","NTSC-J","Japan","Nintendo","Intelligent Systems","2000-08-11","1","No","Role-Playing","Not Rated","Paper Mario is a role-playing game developed by Intelligent Systems for the Nintendo 64. It was later re-released for the iQue Player in 2004, the Wii's Virtual Console in 2007, the Wii U's Virtual Console in 2015, and Nintendo 64 - Nintendo Switch Online in 2021.

Paper Mario has the player taking control of Mario on his quest to rescue Princess Peach and save the Mushroom Kingdom from Bowser, who has stolen the mythical Star Rod of Star Haven and used its wish-granting powers to make himself invincible. To stop Bowser and rescue Princess Peach, Mario and company must save the seven Star Spirits; magical beings who have been sealed in cards by Bowser with the power to nullify the Star Rod, as well as the original owners of the Star Rod.

Paper Mario's gameplay is a blend of traditional Japanese role-playing games and Mario-esque platforming features; Mario has the ability to jump in both the overworld and in battle, and jumping remains one of the most important actions in the game. The player controls Mario and a party of followers as they journey through the Mushroom Kingdom, exploring dungeons, managing stats, and battling enemies. The title refers to the game's arts and crafts aesthetic; nearly every character in the game is drawn as a flat 2D sprite, revealing itself as paper-thin when turning around, and many elements of the environments are also depicted as 2D sprites.

Paper Mario was initially in development for the Nintendo 64DD under the name Super Mario RPG 2[5] (also called Mario RPG 2[6] or Mario RPG 64[7]) and intended as a sequel to Super Mario RPG: Legend of the Seven Stars. Concept art posted by Super Mario RPG artist Kazuyuki Kurashima on his Instagram account in 2019 indicated that Samus Aran and Link from the Metroid and The Legend of Zelda franchises would have appeared alongside Mario characters.[8] It later became the first installment of the Paper Mario series and would go on to receive several sequels; the first in the same style of gameplay (Paper Mario: The Thousand-Year Door), followed by four in different playstyles (Super Paper Mario, Paper Mario: Sticker Star, Paper Mario: Color Splash, and Paper Mario: The Origami King).

The above text is from the Super Mario Wiki and is available under a Creative Commons license. Attribution must be provided through a list of authors or a link back to the original article. Source: https://www.mariowiki.com/Paper_Mario"
"Mario Tenisu Rokujūyon","マリオテニス64 | Mario Tennis 64","NTSC-J","Japan","Nintendo","Camelot Software Planning","2000-07-21","4","Yes","Sports | Party","E - Everyone","Mario Tennis, known in Japan as Mario Tennis 64 (マリオテニス64 Mario Tenisu Rokujūyon), is a Nintendo 64 video game. It features Mario and his friends playing tennis, and is the second installment in the Mario Tennis series (although the first in the modern incarnation of the series) and the follow-up to Mario's Tennis for the Virtual Boy. This game introduced Waluigi as a rival of Luigi, and also Princess Daisy and Birdo's re-entries into the Mario franchise. The Game Boy Color counterpart is Transfer Pak compatible with Mario Tennis."
"Mario Tennis","Mario Tennis 64","NTSC","United States of America","Nintendo","Nintendo","2000-08-28","4","No","Sports","E - Everyone","All of your favorite characters hit the court in a wild and wacky multiplayer tennis game from the makers of Mario Golf. Mario, Luigi, Bowser, Peach, Toad, and Donkey Kong lead off the all-star, 14-player line-up. The fast-paced action will have you unleashing vicious volleys, life-saving lobs, ballistic backhands and electrifying super-charged smashes!

• Saves via Internal Memory (EEPROM)"
"Mario Tennis  [Not for Resale]","","Region Not Set","","Nintendo","Camelot Software Planning","2000-07-21","2","Yes","Sports","E - Everyone","Mario Tennis is a sports video game developed by Camelot Software Planning and published by Nintendo for the Nintendo 64 video game console."
"Mario's House of Horror","","NTSC","","","","2019-10-31","1","No","Platform | Horror","M - Mature 17+","Luigi entered the House of Horrors a few days ago, and never returned. Dare you enter too? Made for SimpleFlips' ROM Hack Competition #10: Halloween 2.

Mod Note: Make sure to set your counter factor to 2 to avoid a crash with the first door!"
"Mario's New Earth","","Other","","Romhacking","","2021-10-01","1","No","Adventure | Platform | Unofficial","Not Rated","After over two years in development, PixelSM64's first major romhack for Super Mario 64 is finally here. Mario's New Earth features over a dozen courses, 100+ stars, an inspired soundtrack, and a difficulty curve designed to put your platforming skills to the test."
"Masters '98: Harukanaru Augusta","","NTSC-J","Japan","T&E Soft, Inc.","T&E Soft","1997-12-26","4","No","Sports","Not Rated","No overview is currently available for this title, please feel free to add one."
"Mega Man 64","Mega Man Legends | Rockman Dash: Hagane no Boukenshin","NTSC","","Capcom","Capcom","2000-11-22","1","No","Action | Role-Playing","E - Everyone","Mega Man Volnutt is the game's playable character. Mega Man Volnutt is a ""Digger"", a person in charge of investigating ruins from a flooded Earth. During his journey with his friends, their ship crashes in Kattelox Island, where Mega Man decides to confront pirates who are attacking it to obtain the its hidden treasure. As an action roleplaying game, Mega Man Legends's gameplay is very different from the ones of the original series despite sharing a few elements.

• Saves via Internal Memory (FlashRAM)"
"Mia Hamm Soccer 64","Michael Owen's WLS 2000: World League Soccer","NTSC","","SouthPeak Interactive, LLC","Silicon Dreams Studio","2000-11-09","4","No","Sports","E - Everyone","Feel the excitement as you take the winning shot with soccer champion Mia Hamm! Be a part of Mia Hamm's All-Star team or take Mia on, as you play for the World Cup in front of thousands of animated fans. Learn the art of a corner kick, a penalty kick or how to beat a goalkeeper one-on-one, and get tips from Mia that you can take with you onto the real field!

• Saves via Controller Pak"
"Mickey's Speedway USA","","NTSC","United States of America","Disney Interactive | 																Nintendo of America, Inc.","Rare, Ltd.","2000-11-13","4","Yes","Racing","E - Everyone","Buckle up and get ready to race! Rally across America with Mickey and friends! Race around 20 All-American courses - from Alaska to the Everglades - as you try to track down the Weasels and rescue poor dognapped Pluto. Use Ludwig Von Drake's wacky weapons - such as the ""Antigrav-o-Kit Magno Flyer"" or the ""Stormy Weather Whenever Engager"" - to give you the edge. Then blast past your friends and listen as the drivers taunt each other using Disney's original character voices!

• Saves via Internal Memory (EEPROM)"
"Micro Machines 64 Turbo","","NTSC","","Midway Games","Codemasters","1999-03-24","4","No","Racing","E - Everyone","With a quirky mix of toy car racers and sophisticated gameplay, Micro Machines 64 Turbo guarantees to be a refreshing addition to the stable of standard racing games. The wide variety of vehicles featured includes Formula 1 racers, speed boats, monster trucks, tanks, and ice cream trucks. Choose from 25 whimsical tracks, which run the gamut from a kitchen table to a chemistry lab, each including the appropriate props to match the d¿cor. Such detail rich touches keep this game interesting, even to the most jaded gamer. Belying the kiddie car appearance, the game requires you to plan strategically if you want to emerge the winner, making good use of the weapons at your disposal.

• Saves via Controller Pak"
"Midway's Greatest Arcade Hits: Volume 1","","NTSC","","Midway Games","Digital Eclipse Software, Inc.","2001-01-12","2","No","Action","E - Everyone","Midway's Greatest Arcade Hits: Volume 1 contains the four Williams-produced games Defender, Sinistar, Robotron: 2084, and Joust plus the two extra games: Spy Hunter and Tapper.

• Saves via Controller Pak"
"Mike Piazza's Strike Zone","","NTSC","","GT Interactive Software Corp.","Devil's Thumb Entertainment","1998-06-16","2","No","Sports","E - Everyone","DIG IN! Over 700 players! All the stadiums! All the teams and uniforms! All in 3D! Unique player editor allows you to create the ultimate athlete. All new 1998 rosters including two new expansion teams: Arizona Diamondbacks and Tampa Bay Devil Rays! Tons of hidden secrets including super-fast pitches, outrageous curve balls, incredible home runs and more! Fantasy Teams: Create your own rotisserie league. Ultra-realistic conditions affect gameplay: Grass and turf. Day and night. Rain or shine.

• Saves via Controller Pak"
"Milo's Astro Lanes","","NTSC","","Crave Entertainment","Player 1","1998-11-24","4","No","Action | Sports","E - Everyone","Have you ever bowled against your buddies with a Nuclear Ball on a lane constructed out of an alien's tongue? Probably not. But now you can, as you bowl for the perfect game in Milo's Astro Lanes, the wackiest, most spaced-out bowling blast ever! Use awesome power-ups like the devastating Pea Ball, toxic Cosmic Slime and mighty White Dwarf to thwart your opponents or keep them from stopping you. This insane game is what the future of bowling is all about!

• Saves via Controller Pak"
"Mini Racers","","Region Not Set","","Nintendo","Looking Glass Studios, Inc.","1998-03-19","4","No","Racing","T - Teen","Mini Racers is a Driving game, developed and published by Looking Glass Studios, which was cancelled before it was released."
"Mischief Makers","","NTSC","","Nintendo","Treasure","1997-10-01","1","No","Action | Platform","E - Everyone","Professor Theo has been kidnapped by the imperial forces of the evil empire. Now his robotic personal assistant, Marina Liteyears, must save the day! Marina will get some help from the troops who have remained loyal to King Aster. With their help, she'll grab, shake and throw her way to the Professor! Besides rescuing the Professor, Marina will also join in the effort to rebel against that nasty, horrible and evil empire. So, Grab a controller and help our Super Heroine shake up the evil empire!

Note: Borrows and expands upon mechanics found in Puggsy (1993).

• Saves via Internal Memory (EEPROM)"
"Missão: Impossível [Black Cartridge]","","PAL","Brazil","Gradiente","Infogrames Europe SA","1998-07-16","1","No","Action | Adventure","T - Teen","Black cartridge variant of Mission: Impossible only found in Brazil

Prepare to enter into the most demanding and dangerous Mission Impossible ever. Your mission, should you decide to accept it, will be to guide your team through a spectacular series of authorized worldwide missions encompassing over 20 levels of gameplay. Razor-sharp reflexes, the ability to make quick decisions, strategic thinking and an extremely high level of accuracy will prove essential. As always, should you, or any member of IM Force be caught or killed, the Secretary will disavow any knowledge of your actions. As usual, Ethan Hunt will be your point man. This game will not self-destruct in five seconds, but you may..."
"Mission: Impossible","","NTSC","","Infogrames Entertainment","Infogrames Europe SA","1998-07-18","1","No","Action | Adventure","T - Teen","Prepare to enter into the most demanding and dangerous Mission Impossible ever. Your mission, should you decide to accept it, will be to guide your team through a spectacular series of authorized worldwide missions encompassing over 20 levels of gameplay. Razor-sharp reflexes, the ability to make quick decisions, strategic thinking and an extremely high level of accuracy will prove essential. As always, should you, or any member of IM Force be caught or killed, the Secretary will disavow any knowledge of your actions. As usual, Ethan Hunt will be your point man. This game will not self-destruct in five seconds, but you may...

• Saves via Internal Memory (EEPROM)"
"Monaco Grand Prix","Monaco Grand Prix: Racing Simulation | Racing Simulation 2","NTSC","","Ubisoft Entertainment","Ubisoft","1999-09-01","2","No","Racing","E - Everyone","MONACO GRAND PRIX lets you race your customized vehicle on 16 different Formula 1 tracks from around the world. You can tweak your car to your own specifications: adjust the steering angle, fuel quantity, type of tires, or angles of front and rear wings, among other options. The result is your very own ultimate driving machine. See if you can negotiate the twists and turns of each track, and keep an eye on the action with any of seven different camera views. In addition to Single Race, Time Attack and Championship Circuit modes, the game features a multi-season Career mode, in which you can lose your spot on the team if you have a bad track record. Put the pedal to the metal and see where the MONACO GRAND PRIX can take you!

• Saves via Controller Pak"
"Monopoly","","NTSC","","Hasbro Interactive, Inc.","Minds-Eye Productions","1999-12-17","4","No","Action","E - Everyone","Mr. Monopoly is your Master of Ceremonies as the rich characters and colorful worlds of the Atlantic City Boardwalk come to life in full 3D animation! The best-selling board game of all time is better than ever with incredible N64 real-time graphics and expanded features. Enjoy classic Monopoly gameplay with non-stop wheeling and dealing from the rolling lawns of Park Place to the lowly back yards of Baltic Avenue.

• Saves via Internal Memory (EEPROM)"
"Monster Truck Madness 64","","NTSC","","Rockstar Games","Edge of Reality Inc.","1999-07-30","4","No","Racing","E - Everyone","It offers improved graphics, an updated interface, new trucks and tracks and the addition of variable weather conditions from its predecessor. However, the game engine is essentially the same as that utilized in the original game. A testament to their similarity is the fact that most custom trucks and tracks are compatible with both games.

The ""Summit Rumble"" king of the hill tracks could only be played if one intended to compete online.

Again, ""Army"" Armstrong provides commentary for the game. However, his race calls have been updated, and new ones have been added.

• Saves via Password"
"Morita Shogi 64","","NTSC-J","Japan","SETA Corporation","SETA","1998-04-03","1","No","Strategy","Not Rated","Morita Shogi 64 is a Japanese virtual board game for the Nintendo 64. It was released only in Japan in 1998. It is the sequel to Saikyō Habu Shōgi, a launch game for the Nintendo 64. The cartridge has a built-in RJ-42 Modem Connection port with which players were able to connect to (now defunct) servers to play against other players all around Japan."
"Mortal Kombat 4","","NTSC","","Midway Games","Eurocom Entertainment Software","1998-06-23","2","No","Fighting","M - Mature 17+","Shao Kahn has been defeated at the hands of Earth's warriors, and now Shinnok has escaped to his confines in the Netherealm. The war has resumed once again. This time, the battle CAN be won by mortals!

• Saves via Controller Pak"
"Mortal Kombat Mythologies: Sub-Zero","","NTSC","","Midway Games","Avalanche Software LLC","1997-12-08","2","No","Fighting","M - Mature 17+","From the distant past of gods and warriors comes the epic quest that is Mortal Kombat Mythologies: Sub-Zero. Follow the adventures of Sub-Zero, a young warrior raised in the desolate expanses of north Asia. Schooled by his father in hand-to-hand combat and other forbidden arts, Sub-Zero is commanded by his masters of the Lin Kuei clan to journey to the heart of China. Here, protected by the majestic Shaolin Temples, lies the sacred Map of Elements. Sub-Zero's mission: to steal they mystic map and return it to the Lin Kuei.

• Saves via Controller Pak - Secondary Saves via Password"
"Mortal Kombat Trilogy","","NTSC","","Midway Games","Midway","1996-10-31","2","Yes","Fighting","M - Mature 17+","Shao Kahn's final attempt to control the earth is upon us... 26 immediately playable characters plus 4 hidden characters! The new Aggressor Kombat Mode arms the quick and merciless with more strength and power to inflict heavy, damaging combinations! Over 30 moves and ""-Alities"" never seen in the arcade. New Brutalities let you pound opponents 'til they explode! New 3-on-3 Kombat Mode delivers a marathon fight-to-the-finish! 7 humiliating Stage Fatalities that send defeated opponents plummeting out of the arena to a grizzly death!

• No save option available"
"MRC: Multi-Racing Championship","","NTSC","","Imagineer Co., Ltd.","Enigma Variations Ltd | 																Ocean | 																Ocean Software Ltd.","1997-08-31","2","No","Racing","E - Everyone","Featuring up to 10 chooseable cars (many which open up later in the game), and three courses (plus mirror courses), Multi Racing Championship's biggest draw is the splendidly realistic feel of the cars themselves and the well designed courses on which they drive. The cars range from 4X4s, trucks, and off-road racers to slick street cars, Lamborghinis and the like. While initially it may seem like there is a deficit of courses, in fact, the multi-terrain courses contain mini-courses within each one. For instance, at least three times in each course, you will have the choice to take two different road directions -- either rough dirt track or snow-laden road, ot a slick but usually longer street course. Each car handles terrains differently, and some, like the trucks, obviously handle the off-roads better than others, but you can also modify your street car to handle dirst roads well, too.

• Saves via Internal Memory (EEPROM) - Secondary Saves via Controller Pak"
"Ms. Pac-Man Maze Madness","","NTSC","","Namco","Mass Media, Inc.","2000-09-08","4","No","Puzzle","E - Everyone","Professor Pac learns that the witch, Mesmerelda, has seized control of the Enchanted Castle using black magic and from there is planning on stealing all four Gems of Virtue (Generosity; Truth; Wisdom; Courage) to control the ""four wonders"" (areas of Pac-Land). He creates a device called a Pactrometer which allows Ms. Pac-Man to go to these areas to recover the gems before Mesmerelda can get them first.

• Saves via Controller Pak"
"Mystical Ninja Starring Goemon","","NTSC","","Konami","Konami","1998-04-16","1","No","Action | Adventure | Platform","E - Everyone","A giant UFO has appeared over Oedo Castle, and the Mystical Ninja is off to save the world again! Control Goemon and his giant robot, Impact, Ebisimaru, a truly twisted ninja, Yae, the part-time militant mermaid, and Sasuke, a mechanical warrior. This brave band must travel from town to town, collecting information and purchasing helpful items in their quest to defeat the dreaded Peach Mountain Shoguns.

• Saves via Controller Pak"
"Nagano Winter Olympics '98","","Region Not Set","","Konami","Konami","1997-12-31","4","No","Sports","E10+ - Everyone 10+","The Nagano Winter Olympic Games are here! Experience all of the thrills, spills and ""chills"" as you compete for glory against the rest of the world. It's time to find out what you're made of...Can you bring home a medal? 12 exciting Olympic events! 16 different countries! 1-4 player action. Set new world records and save them to your Controller Pak. Real-time motion captured athletes."
"Namco Museum 64","","NTSC","","Namco","Mass Media, Inc.","1999-11-29","1","No","Action","E - Everyone","The game is compiled of several classic arcade games released by Namco, including Pac-Man, Ms. Pac-Man, Pole Position, Galaga, Galaxian and Dig-Dug. The game also features the ability to save high scores, with the use of a Nintendo 64 Controller Pak. The N64 Rumble pack can also be used in with this game."
"NASCAR 2000","","NTSC","","Electronic Arts","Electronic Arts","1999-09-15","2","No","Racing","E - Everyone","Prove you can handle the thunder! Featuring more drivers - Dale Earnhardt Jr., Tony Stewart and Adam Petty join the field of 33 NASCAR drivers and 7 legends. 18 licensed NASCAR tracks, now including Homestead-Miami Speedway. New TV and Crew Chief audio - Bob Jenkins and Benny Parsons in the booth plus Crew Chief and Spotter assistance. Wheel-to-wheel NASCAR competition - go head-to-head on the split-screen! Six driving views, including behind the wheel. Multiple modes - Quick Race, Single Race, or Championship Season.

• Saves via Controller Pak"
"NASCAR 99","","NTSC","","Electronic Arts","Stormfront Studios","1998-09-11","2","No","Racing","E - Everyone","Race to Win with NASCAR Cars, Drivers, and Tracks! Race on the high banks, Night racing under the lights, Step in and take the wheel, head to racing, celebrate victory Earnhardt style.

• Saves via Controller Pak"
"NBA Courtside 2 Featuring Kobe Bryant","","NTSC","","Nintendo","Left Field Productions","1999-11-08","4","No","Sports","E - Everyone","NBA Courtside 2 Featuring Kobe Bryant is the sequel to Kobe Bryant in NBA Courtside and features NBA star Kobe Bryant on its cover. Bryant also performed the motion capture for the game. The ability to play multiple seasons has been added. New features include the ability to play a three-point contest and additional options for creating a player from scratch. The game features improved artificial intelligence helps to improve the realism of the gameplay. New dunk styles are possible to implement and enhanced motion capturing allows the no-look pass to be used during gameplay. There are more than 300 players and games can either be a realistic simulation of actual NBA action or a full-blown arcade experience. Plays such as the isolation play, the post up, and the triangle offense can be called.

• Saves via Internal Memory (FlashRAM)"
"NBA Hangtime","","NTSC","","Midway Games","Fun Com","1997-01-17","4","Yes","Sports","E - Everyone","HANG ON for the time of your life! Soar through the air and slam one home against the big boys! This game ROCKS with special moves, burnin' hoops and high flyin' double dunks! All 29 NBA teams represented with 5-man rosters. Unique features include team fire, alley oops, double dunks and spin moves! Secret codes enable hidden characters, arenas and options. Play against up to four friends or team-up against the computer! Create your own player!

• Saves via Controller Pak"
"NBA In The Zone '98","NBA Pro 98","NTSC","","Konami","Konami","1998-02-10","2","No","Sports","E - Everyone","For the first time ever NBA In The Zone '98 jams it home on the N64! Feel every rim rockin' dunk with the RUMBLE PAK feature as you take your team through a full regular season and into the NBA finals! All 29 NBA teams plus two NBA All-Star teams. Over 300 NBA players including Shaq and Sir Charles, as well as Penny, Pippen, Ewing, Malone and Glen Rice. Play Exhibition, the NBA Playoffs and the 1997-98 NBA Season Schedule. Full season stat tracking for every player. 300 different motion captured moves.

• Saves via Controller Pak"
"NBA In the Zone '99","NBA Pro 99","NTSC","","Konami","Konami","1999-04-07","2","No","Sports","E - Everyone","The only place for hoops action on the Nintendo 64! All 29 NBA teams and over 300 real NBA players. Eight different camera angles with adjustable zoom. Create a player and customize over 30 different categories. All-new motion captured animations - the most realistic ever! Advanced play-calling techniques. Pin-point passing lets you play like the pros! Three-point shootout and slam dunk contest! 

• Saves via Controller Pak"
"NBA in the Zone 2000","","NTSC","","Konami","Konami","2000-02-18","2","No","Sports","E - Everyone","It's called ""The Zone."" Marcus Camby found it in last year's NBA Playoffs. We took it from him and put it in this box. Open it up. Shoot the lights out! New dunking animations. Let it fly with the game on the line! All-new freethrow design - don't brick it! All-new camera angles! Smooth animations and jump shots!

• Saves via Controller Pak"
"NBA Jam 2000","","NTSC","","Acclaim Entertainment, Inc.","Acclaim","1999-10-31","2","No","Sports","E - Everyone","All-new 2-on-2 JAM mode featuring 50 dunks and awesome special effects! Custom 2-on-2 JAM mode courts, including street court. Authentic 5-on-5 simulation mode with actual team play styles like the Jazz Pick-and-Roll. Jaw-dropping ultra high-rez graphics! Unique signature moves like the crossover dribble. Create your own JAM player. All 29 teams and over 300 NBA superstars! Over 800 all-new motion captured moves by the ""X-Man"" Xavier McDaniel!

• Saves via Controller Pak"
"NBA Jam 99","","NTSC","","Acclaim Entertainment, Inc.","Iguana Entertainment","1998-12-04","2","No","Sports","E - Everyone","NBA JAM 99 has it all! Award-winning hi-rez graphics and 3D sports engine. Over 300 players with real-life faces and smooth skin textures. Authentic 5-on-5 team play styles like the Bulls triangle offense. Bonus 5-on-5 Jam mode with outrageous dunks. Create your own players and teams. Authentic team rosters, uniforms and schedules. Trade, sign, draft and release players. Bill Walton and Kevin Harlan bring you the courtside action. Motion capture by Keith Van Horn of the New Jersey Nets.

• Saves via Controller Pak"
"NBA Live 2000","","NTSC","","EA Sports","EA Sports","1999-10-31","4","No","Sports","E - Everyone","The NBA Live series of basketball video games, published by EA Sports, is currently one of the leading National Basketball Association simulations on the market.

Starting from NBA Live 2000, the series featured NBA Live Legend All-Stars Teams, that included some biggest names from five decades (50s to 90s). These teams could be used instantly, but to use the players as regular players (e.g. traded, played on regular NBA Teams) they needed to be unlocked. Along the series, some of the rosters were changed due to many reasons as Michael Jordan was on the 90's team through 2004.

• Saves via Controller Pak"
"NBA Live 99","","NTSC","","Electronic Arts","Electronic Arts","1998-11-10","4","No","Sports","E - Everyone","NBA Live 99 is the 1999 installment of the NBA Live video games series. The cover features Antoine Walker of the Boston Celtics. Don Poier is the play-by-play announcer.
The game featured outdated rosters due to the 1998–99 NBA lockout. After the end of the lockout, a patch was issued for the PC version to update the rosters and add the 1998 NBA draftees to the game.

• Saves via Controller Pak"
"NBA Showtime: NBA on NBC","","NTSC","","Midway Games","Eurocom Entertainment Software","1999-10-31","2","No","Sports","E - Everyone","The NBA like you've never seen it before! NBA Showtime: NBA on NBC brings you the top players from each team in a heart-pounding, pulse-racing above-the-rim match-up! You'll see the intensity on their faces and hear it in their voices, you'll feel the power of every pass and every shot! This is what the NBA is all about! Go for rebounds and 3-pointers in all 28 arenas around the league. Choose from over 130 real NBA players plus hidden characters!

• Saves via Controller Pak"
"Neon Genesis Evangelion","","NTSC-J","Japan","Bandai Co., Ltd.","Bandai Co., Ltd.","1999-06-25","2","No","Action","Not Rated","This game is an interactive adaptation of Neon Genesis Evangelion for N64. Called Shinseki Evangelion in Japan, the Gainax-produced anime series originally aired from October '95 to March '96 and soon spawned a feature movie release in '97. The N64 game starts in the year 2015, 15 years after Second Impact. The Angels have returned and suddenly attack Tokyo-3. Using so-called ""terror-fields"" that cannot be penetrated by ordinary weapons, the Angels are taking on every human force sent out to oppose them. That's where you come in. As the pilot of the NERV-designed Evangelions, Shinji Ikari, you take your giant humanoid combat mech into battle with the Angels. Gameplay can best be described as interactive anime, as it relies heavily on timed button presses."
"New Master Quest","Ocarina of Time - New Master Quest","NTSC","","","","1970-01-01","1","No","Adventure","E - Everyone","The storyline remains the same, but all dungeons have been changed. In short, it is “New Master Quest”. There are basically no changes to the map except for the dungeons, no graphical changes, and no text changes. Enjoy as pure MQ alternative."
"NFL Blitz","","NTSC","","Midway Games","Midway Games","1998-09-10","2","No","Sports","E - Everyone","No refs. No rules. No mercy! NFL Blitz is the NFL at its finest, featuring easy to run plays and unparalleled action, all in breakneck speed. With no penalties, no substitutions, and nowhere to hide, NFL Blitz is more than a game, it's an NFL highlight film! Fastest football gameplay ever, with easy to learn arcade-style play and simple point-and-shoot passing. In Season mode, you can play out the real '98 NFL football schedule. You might play in rain, snow or mud. And don't forget about those night games! Secret players, tons of power-ups and wild camera action will keep your adrenaline pumping!

• Saves via Controller Pak"
"NFL Blitz 2000","","NTSC","","Midway Games","Midway","1999-07-31","2","No","Sports","E - Everyone","It's back and it's better than ever! NFL Blitz 2000 adds 4-player support, new offensive and defensive plays, realistic weather conditions, new stadiums and a Tournament mode! Customize offensive and defensive plays to your liking. Call audibles at the line of scrimmage. You've got control now! Passing made easy with new ""Blitz Passing"" for one-touch long bombs! ""ON-FIRE"" mode gives super power performance to your players! With non-stop action and a ""pick-it-up-and-play"" learning curve, NFL BLITZ 2000 is THE game for every football fan!

• Saves via Controller Pak"
"NFL Blitz 2001","","NTSC","","Midway Games","Midway Games","2000-09-12","4","Yes","Sports","E - Everyone","All of the big plays and bone-crunching hits of the arcade game can be put in the palm of your hand with NFL BLITZ 2001. As with all BLITZ games, football has been reduced to a high-scoring seven-on-seven affair. Pick your squad from any of the 31 NFL teams and go at it in the Season or Arcade modes. Arcade mode has you challenge all of the teams in the league to a game, while Season mode puts you through the paces of a 16-game season, the playoffs, and a chance to win the Super Bowl. No matter what mode you play, you won't miss a second of the action thanks to the multiple camera angles that are available. Whenever there is a great play, the digitized voice of the announcer will let you know, and you will be treated to a full-motion video sequence. Get into the game with NFL BLITZ 2001.

• Saves via Controller Pak"
"NFL Blitz: Special Edition","","NTSC","","Midway Games","Midway Games","2001-11-28","4","No","Sports","E - Everyone","Real Teams, Real Players, Real Attitude! Buckle your chin strap and brace yourself for adrenaline style football like only Blitz can dish out! NFL Blitz Special Edition is completely updated for the NFL 2001-02 season featuring current teams, schedules and uniforms. Prepare yourself to take command of the fastest football video game on earth!

• Saves via Controller Pak"
"NFL QB Club 2001","NFL Quarterback Club 2001","NTSC","","Acclaim Entertainment, Inc.","High Voltage Software, Inc.","2000-08-23","4","Yes","Sports","E - Everyone","Mind-blowing NFL simulation returns with the next installment of this popular, detailed football extravaganza. With full licenses from the NFL and its athletes, the game has all 31teams and 1500 players, plus perfect replication of logos and stadiums. The game’s five modes include Exhibition, Playoff, Season, Practice, and Simulation. Exhibition lets you take the field as any current NFL team, All-Star lineup, or Super Bowl team since 1967. All of the modes keep more comprehensive stats than you could ever hope for, and you can set up a Season to include preseason action, hot-cold streaks, and player development. Not only that, you can create players, teams, playbooks (with up 128 offensive plays), and profiles of chosen formations and pass-run ratios. There’s even a historical mode that allows you to tap into classic games of yesteryear, featuring teams that date back to 1967. ESPN’s Mike Patrick and Randy Cross chime in with commentary, and Brett Favre has returned yet again to add his insight. Throw a dozen camera angles into the mix, and you’ve got yourself a football game.

• Saves via Controller Pak"
"NFL Quarterback Club 2000","","NTSC","","Acclaim Entertainment, Inc.","Acclaim","1999-08-31","2","No","Sports","E - Everyone","NFL Quarterback Club 2000 is here! Featuring 3rd generation ultra high-rez graphics for incredible NFL realism, over 1,200 new motion captured animations, all-new Pin Point Passing for unprecedented control, new player models with real-life faces, eye black and breathe strips. Choose from 31 team-specific playbooks or create your own. Replay key moments of all 33 Super Bowls with authentic game stats. Total team management - draft, sign, trade, release, create players.

• Saves via Controller Pak"
"NFL Quarterback Club 98","","NTSC","","","Acclaim","1997-10-31","4","No","Sports","E10+ - Everyone 10+","Do you have the courage to be an NFL quarterback? The same folks that brought you TUROK have turned their attentions to the gridiron and have brought great graphics, realistic action, and lots of options to the sport. With full licenses from the NFL and its athletes, the game has all of the teams and players, plus perfect replications of logos and stadiums. Just to assure that the artificial intelligence was high and the gameplay realistic, the developers coaxed Brett Favre into designing some of the plays.

• Saves via Controller Pak"
"NFL Quarterback Club 99","","NTSC","","Acclaim Entertainment, Inc.","Acclaim","1998-11-10","2","No","Sports","E - Everyone","The #1 football game on N64 just got a whole lot better! All 31 NFL teams, 3D rendered stadiums and over 1,500 players. Authentic team playbooks like the 49ers West Coast Defense and Steelers Ground Attack. All-new artificial intelligence developed by New York Jets offensive coordinator Charlie Weis. 250 all-new motion captured animations. Award-winning hi-rez graphics. Create your own players, coaches, teams, uniforms and playbooks!

• Saves via Controller Pak"
"NHL 99","","NTSC","","Electronic Arts","Electronic Arts","1998-10-01","2","No","Sports","E - Everyone","The most celebrated hockey game comes to the Nintendo 64. Battle along the boards, feed the open man, patrol the ice! Game Features: *Beginner lever - pick up and play!; *Coaching strategies from Stanley Cup Winner Marc Crawford; *Commentary by Bill Clement; *5 game modes; *18 top international teams; *Updated 1998 roster-expansion Nashville Predators.

• Saves via Controller Pak"
"NHL Blades of Steel '99","NHL Pro 99","NTSC","","Konami","Konami","1999-04-05","2","No","Sports","E - Everyone","Non-stop NHL action! The newest all-star in the Konami Sports Series hits the ice! Get ready for a whole new game! NHL Blades of Steel '99 hits the ice with all the NHL players, stats and action. Motion captured animation, adjustable team strategies and fully detailed NHL stadiums with real ice conditions. Updated 98-99 rosters called out by NHL TV announcer Randy Hahn. Trade players and sign free agents. Full season stat tracking and league leaders.

• Saves via Controller Pak"
"NHL Breakaway 98","","PAL","","Acclaim Entertainment, Inc.","Iguana Entertainment","1998-02-27","4","No","Sports","Not Rated","Hit the ice with NHL Breakaway '98! All 26 NHL teams and over 600 players from the NHLPA. Variable player sizes, from hulking defensemen down to speedy wingers. Playbook based AI, so teams play their actual styles - forecheck, trap, dump and chase. Five gameplay modes: Exhibition, Season, Playoffs, Practice and Shoot-Out modes. Create players - assigned name actually appears on the player's jersey. Season wins provide bonus points which improve coaching, player development, injury therapies and more.

• Saves via Controller Pak"
"NHL Breakaway 99","","NTSC","","Acclaim Entertainment, Inc.","Iguana Entertainment","1998-11-27","2","No","Sports","E - Everyone","All 27 NHL teams and over 600 players including the expansion Nashville Predators. Symbol-based passing and non-puck handler control. Real-life player sizes and weights. Create, trade, sign and release players. Set team style for physical play, power plays and penalty killing. Updated 1998-99 team jerseys, rosters, schedules and realigned divisions. Actual arena names for the ultimate NHL realism! 

• Saves via Controller Pak"
"Nightmare Creatures","","NTSC","","Activision","Kalisto Entertainment","1998-11-01","1","No","Action | Adventure","M - Mature 17+","The story behind Nightmare Creatures draws upon gothic horror elements of the 19th century. The story begins in 1666, when a devil-worshipping cult called the Brotherhood of Hecate were conducting sinister experiments in London so as to take over the city and then the world. The Brotherhood tried to develop an elixir that would endow them with superhuman powers. However, rather than creating their intended superhumans, their experiments created only grotesque monsters. When they decided to use these creatures as an army of conquest, one of their number, Samuel Pepys, set their headquarters on fire, resulting in the First Great Fire of London. The game takes place in 1834 when London falls victim to several evil occurrences. Monster sightings are reported along with news of people mutating into ungodly creatures, and that the dead are waking from their graves and walking amongst the living. All of London is in a panic and vulnerable to the schemes of Adam Crowley, a mad scientist and occultist enlisting the help of the Brotherhood. 

• Saves via Controller Pak - Secondary Saves via Password"
"Nihon Pro Golf Tour 64","","NTSC-J","Japan","Randnet","Media Factory","2000-05-02","4","No","Sports","E - Everyone","Golf simulation, developed for the short-lived Nintendo 64 disk drive add-on. This rare disk is best-known for being the only title for the system to offer a form of online play. The game features six gameplay modes, polygonal graphics, and a player editor. One or two players can compete in Match Play mode while up to four can compete for the best score in the 18-hole Stroke Player mode. The game also sports a Grand Opening Mode (compete with the world's best Japan Pro-Golfers,), a Career Mode, Qualifying Tournament (you create your own player and start with a handicap of 0) and Network Opening. The latter lets you connect to Randnet and compete in an All-Japan tournament."
"Nintama Rantarou 64 Game Gallery","Nintama Rantarō 64 Game Gallery","NTSC-J","Japan","Culture Brain Inc.","Culture Brain Inc.","2000-04-21","1","No","Puzzle","Not Rated","Nintama Rantarou 64 Game Gallery is a Puzzle game, developed and published by Culture Brain, which was released in Japan in 2000."
"Nintendo 64 Test Cartridge","N64 Test Cartridge","Region Not Set","","Nintendo","Nintendo","1996-10-01","1","No","Productivity","Not Rated","Official diagnostic cartridge made by Nintendo for local repair shops."
"Nuclear Strike 64","","NTSC","","THQ","Pacific Coast Power & Light","1999-12-02","1","No","Strategy | Shooter","E - Everyone","Nuclear Strike 64 is a helicopter-based game, with strategy elements added to the action gameplay. The plot concerns an elite special force - the player's allies - pursuing a nuclear-armed rogue spy through a fictionalised Asian setting. It retained the earlier game's engine but added several modifications to improve graphical performance and make the game more accessible. The game features 15 playable vehicles, a large increase from previous games. In addition to the main fictionalised Apache, there are secondary helicopters, jets, armour and a hovercraft. The player also commands ground troops in occasional real-time strategy sections.

• Saves via Controller Pak"
"Nushi Tsuri 64","Fishing Master | ぬし釣り６４","NTSC-J","Japan","Victor Interactive Software, Inc.","Pack-In-Video Co., Ltd","1998-11-27","1","No","Sports","Not Rated","Nushi Tsuri 64 (ぬし釣り６４, lit. Fishing Master) is a fishing video game for the Nintendo 64. It was released only in Japan in 1998. It was followed by a sequel Nushi Tsuri 64: Shiokaze Ninotte in 2000.

There are six characters from which players can choose from before they start the game. Like in most role-playing games, the town can be freely explored in addition to other towns. Purchasable items are mostly fishing-related. Random encounters can occur while walking; players can choose to throw rocks to chase their attackers away or run across a path in order to reach safety."
"Nushi Tsuri 64: Shiokaze ni Notte","Master of Fishing 64: The Sea Ride | ぬし釣り64 ～潮風にのって～","NTSC-J","Japan","Victor Interactive Software, Inc.","Victor Interactive Software, Inc.","2000-05-26","1","No","Sports","Not Rated","Nushi Tsuri 64: Shiokaze Ninotte (ぬし釣り64～潮風にのって～ Master of Fishing 64, The Sea Ride) is a fishing video game for the Nintendo 64. It was released only in Japan in 2000. The sequel to Nushi Tsuri 64, which was released 1998, it was compatible with Kawa no Nushi Tsuri 4 for Game Boy Color."
"O.D.T.: Escape... Or Die Trying","","NTSC","","Infogrames","Psygnosis Limited","1998-08-31","1","No","Adventure","E - Everyone","Canceled game
O.D.T. is an action role-playing game with some platforming and puzzle-solving elements. The player can choose to control any of the four characters. Each of them has his/her own strengths and weaknesses: for example, Maxx has high defense, while the archbishop has access to powerful occult techniques. Defeating enemies rewards the player with experience points, which can be used to increase a particular parameter of a character, increasing his/her combat abilities."
"Ocarina of Time Four Swords Arena Edition","The Legend of Zelda: Ocarina of Time – 4 Player Edition ROM | Zelda64: Four Swords Arena Edition","NTSC-U","","","","2016-01-01","4","Yes","Action | Fighting | Unofficial","RP - Rating Pending","This mod allows you to play by yourself or up to 4 players as you play through a few small dungeons in a 2D-perspective.

Credits: Psi-Hate - Maps, planning, editing, etc MelonSpeedruns - Maps, Camera, importing, etc z64offline - Hub concept TyroneAnderson - Ideas and Help ThreePendants: Exits and stuff Spinout182: Four Swords Mod JMan: GS codes."
"Off Road Challenge","","NTSC","","Midway Games","Midway","1998-06-01","2","No","Racing","E - Everyone","The END of the ROAD is only the BEGINNING. Strap yourself in and get ready to ride! Players battle the elements and each other in a race that takes them across 6 rugged courses including the Mojave Desert, Las Vegas and Pike's Peak! Choose Circuit Mode and climb your way to the top of the heap. Course terrain includes snow, water, asphalt, dirt, sand, rocks and mud. Four selectable trucks and four hidden trucks. Players can customize trucks in the Speed Shop.

• Saves via Controller Pak"
"Ogre Battle 64: Person of Lordly Caliber","","NTSC","","Atlus Co., Ltd.","Quest","2000-10-07","1","No","Adventure | Role-Playing | Strategy","T - Teen","Ogre Battle 64 is the third game in the series, the first two being Ogre Battle: The March of the Black Queen, and Tactics Ogre: Let Us Cling Together.
The story follows Magnus Gallant, a recent graduate of the Ischka Military Academy, and fledgling captain in Palatinus' Southern region, Alba. As civil war erupts in the country, Magnus eventually decides to join the revolution with its leader, Frederick Raskin, first liberating the southern region with the Zenobians' aid, then Nirdam and uniting with them, then returning the Eastern Region of Capitrium to the Orthodox church, and finally marching on the capital of Latium. However, along the way, Magnus' battalion, the Blue Knights, finds its enemies escalating, from the puppet kingdom of Palatinus, to the might of the Holy Lodis Empire, to the Dark Hordes of the Netherworld.

• Saves via Internal Memory (SRAM) - Secondary Saves via Controller Pak"
"Olympic Hockey 98","Olympic Hockey Nagano '98","NTSC","","Midway Games","Treyarch","1998-02-23","2","No","Sports","E - Everyone","For the first time in history, NHLPA pros are descending upon the Olympic Winter Games. Be a witness as regular season opponents join together as teammates. Kamensky and Yashin are laced up for Russia. Kariya and Roy get the nod for Canada. Modano and Leetch are in for the United States. The rosters are real. The graphics will make you sweat. It's country against country in this engagement. And the price of glory isn't gonna be pretty!

• Saves via Controller Pak"
"Onegai Monster","","NTSC-J","Japan","Bottom Up","Bottom Up","1999-04-09","1","No","Strategy","Not Rated","The game is a 3D RPG in which the player character is a child who starts a journey to become a monster breeder on his tenth birthday. After receiving and hatching an egg, the player walks around the world, completing requests from people and raising monsters. Requests are basic RPG quests—such as collecting an item for a non-playable character—and the monsters fight in Pokémon-style, turn-based battles. Unlike Pokémon, every monster in the game comes from the one baby that the player receives as their first monster. Depending on the food it is fed, the monster gains element points, which determine how it evolves. Monsters level up both through defeating other monsters and when walking around the town. Monsters hatch from eggs that can be bought at the local monster shop."
"OverKart 64","","Other","","Unknown","Unknown","2020-07-11","1","No","Racing | Unofficial","E - Everyone","OverKart 64 is a ROM hack of Mario Kart 64 developed by DeadHamster and the OverKart Team. Its custom tracks were built using the Tarmac Toolkit, and multiple releases of the project have expanded the compilation with an ever-growing selection of courses. The featured tracks draw inspiration from a variety of popular franchises, including The Legend of Zelda, Banjo-Kazooie, and Sonic the Hedgehog."
"Pachinko 365 Nichi","","NTSC-J","Japan","SETA Corporation","SETA Corporation","1998-05-28","1","No","Strategy","Not Rated","Pachinko 365 Nichi is a Miscellaneous game, developed and published by Seta Corporation, which was released in Japan in 1998."
"Paper Mario","","NTSC","United States of America","Nintendo of America, Inc.","Intelligent Systems Co., Ltd.","2001-02-05","1","No","Role-Playing","E - Everyone","Paper Mario is a 2001 N64 video game developed by Intelligent Systems and released by Nintendo of America in the USA on February 5, 2001.

Mario pals around in an all-new action adventure! Mario's back in his first adventure since Super Mario 64, and this time, Bowser's bent on preventing a storybook ending. When Princess Peach is kidnapped, Mario plots to rescue the seven Star Spirits and rid the Mushroom Kingdom of Koopa's cruel cohorts. As he travels from the tropical jungles of Lavalava Island to the frosty heights of Shiver Mountain, he'll meet up with seven all-new companions... and he'll need help from each one or there'll be no happily ever after."
"Paper Mario: Black Pit","Paper Mario Black Pit | Paper Mario - Black Pit","NTSC","","Romhacking","","2021-07-11","1","No","Action | Role-Playing | Strategy","Not Rated","Paper Mario: Black Pit is a mod for Paper Mario 64. It contains a lot of new challenges and modes, with a bunch of new and overhauled mechanics, one of which are stylish commands like Paper Mario: The Thousand-Year Door."
"Paper Mario: Master Quest Jr","Paper Mario - Master Quest Jr. (v1.01) (Emperor_Thamz)","Other","","","","2019-11-14","1","No","Role-Playing","Not Rated","No overview is currently available for this title, please feel free to add one."
"Paper Mario: Star Nova","Paper Mario Star Nova","NTSC-U","United States of America","","","2026-04-25","1","No","Adventure | Role-Playing","Not Rated","No overview is currently available for this title, please feel free to add one."
"Paper Mario: TTYD 64","Paper Mario TTYD 64","NTSC","United States of America","","Nintendo","2023-12-19","1","No","Action | Adventure | Family","E - Everyone","Two legendary classics combines into one incredible adventure...

Experience Paper Mario 64 with tons of additions from The Thousand-Year Door, including new badges, new items, & new star pieces. Plus explore tons of new areas never seen before!

Relive the beginnings of Paper Mario... now bigger and better than ever before!"
"Paperboy","","NTSC","","Midway Games","Midway","1999-10-31","1","No","Action","E - Everyone","The primary objectives of the game are to keep as many subscribers as possible and to stay alive. Secondary objectives include vandalizing non-subscribers' homes and hitting nuisances with newspapers.

• Saves via Controller Pak"
"Parlor! Pro 64","パチンコ実機シミュレーション | Parlor! Pro 64: Pachinko Jikki Simulation","NTSC-J","Japan","Telenet Japan Co., Ltd.","Nihon Telenet","1999-01-29","1","No","Strategy","Not Rated","Parlor! Pro 64: Pachinko Jikki Simulation (Parlor!PRO64　パチンコ実機シミュレーション) is a virtual pachinko video game for the Nintendo 64. It was released only in Japan in 1999."
"PD Ultraman Battle Collection 64","PD Urutoraman Batoru Korekushon 64 | ＰＤウルトラマンバトルコレクション６４","NTSC-J","Japan","Bandai Co., Ltd.","Bandai Co., Ltd.","1997-07-16","1","No","Role-Playing","Not Rated","PD Ultraman Battle Collection 64 (ＰＤウルトラマンバトルコレクション６４ PD Urutoraman Batoru Korekushon 64) is a role playing game based on the Japanese super hero Ultraman. PD Ultraman Battle Collection 64 is one of the few Nintendo 64 games to make use of the transfer pak, the game can be connected with any Game Boy game to create a character in PD Ultraman Battle Collection 64 from the Game Boy game's data, similarly to Monster Rancher."
"Peach's Fury","","NTSC","","","","2022-02-05","1","No","Adventure | Platform | Unofficial","Not Rated","This is a ROM hack made by popular YouTuber Kaze Emanuar. It acts as a showcase for his improvements to the SM64 base code while still being a short and fun ROM hack!"
"Penny Racers","","NTSC","","THQ","Takara","1999-02-10","4","No","Racing","E - Everyone","The premise of PENNY RACERS is simple: race your car the best you can and be among the top three to reach the checkered flag. To achieve this objective, you must avoid missiles launched by your competitors, among other things. One way to counter this is the barrel roll maneuver, which is a quick and effective way to avoid unexpected hurdles on the tracks. In the beginning, you drive a pretty unimpressive racer. However, if you beat the competition and place in the top three, your reward is the chance to upgrade your car. Be merciless and steal the losing racers' special features, such as engine and armor upgrades, special attack abilities, and enhancing cosmetic features for the car. You have 13 different racer body styles and nine tracks to choose from. The cartoony racers zip through city streets, ice caves, and a volcano, and with the Track Create mode, you can design the wildest track you can imagine. When you toss four-player racing into the fray, the fun quadruples as the action intensifies and the losers are utterly humiliated.

• Saves via Internal Memory (EEPROM) - Secondary Saves via Controller Pak"
"Perfect Dark","","PAL","","Rare, Ltd.","Rare, Ltd.","2000-06-30","4","No","Action | Shooter | Stealth","Not Rated","Step into the Dark... As Carrington Institute's most promising new Agent, Joanna Dark must uncover the truth behind the dataDyne Corporation's recent technological breakthroughs - breakthroughs which could have serious consequences for mankind.

• Saves via Internal Memory (EEPROM) - Secondary Saves via Controller Pak"
"Perfect Dark [Not for Resale]","","NTSC","United States of America","Rare, Ltd.","Rare, Ltd.","2000-05-22","4","Yes","Action | Shooter | Unofficial","M - Mature 17+","Perfect Dark is a first-person shooter developed and published by Rare and released for the Nintendo 64 video game console in 2000. It is the first game of the Perfect Dark series and follows Joanna Dark, an agent of the Carrington Institute research centre, as she attempts to stop an extraterrestrial conspiracy by rival corporation dataDyne. The game features a campaign mode where a single player must complete a series of levels under certain difficulty settings to progress through the story. It also features a range of multiplayer options, including a co-operative mode and traditional deathmatch settings with computer-controlled bots."
"PGA European Tour","PGA European Tour Golf | AGS-PGA | AGS-PGAE","NTSC","","Infogrames Entertainment","Infogrames Sheffield House","2000-06-15","4","No","Adventure | Sports","E - Everyone","Be sure to press your plaid slacks, because you're invited to rub elbows with some international swingers in the first-ever game to feature the PGA European license.

PGA European tour is a hard-core golf sim featuring four authentic European courses. Over 60 pros appear in the game, including Colin Montgomerie and Jose Maria Olazabal of recent Ryder Cup infamy. A complete list of available golfers is displayed on the right.

• Saves via Internal Memory (EEPROM)"
"Pilotwings 64","","PAL","","Nintendo","Nintendo EAD | 																Nintendo R&D3","1997-03-01","1","No","Flight Simulator","Not Rated","Forget about those other flying games.  This is the ultimate flight experience!  Pilotwings 64 carries you off into a vast three-dimensional environment.  Pilot several different vehicles and take in breathtaking sights.  Successfully complete flight tests to earn your flight badge.  Get a high enough score, and you’ll get a chance at bonus games such as Cannonball and Sky Diving!  Soar into a wild blue yonder with Pilotwings 64!

* Tons of aerial challenges for you to master!
* Hop into the seat of a Gyrocopter and fire off some missiles!
* Strap on a Rocket Belt and check out places like Mt. Rushmore, the Space Needle and the Statue of Liberty!
* Dangle in silent solitude from a Hang GLider as you soar above tropical jungles and frozen ice floes.
* Save your progress in memory."
"Please Come to the Castle","PleaseCometotheCastle","NTSC","","","","2019-05-20","1","No","Platform | Horror","Not Rated","The game starts with the player being shown Princess Peach/Toadstool's typical message, now changed to ""please come to the castle"" repeating. An eyeless Oof enters the castle, which is not what it seems.

Please Come to the Castle is a ROM-hack of Super Mario 64. The hack was created by Felegg as part of a ""Creepypasta Competition"" held by YouTuber SimpleFlips.
The hack gives the game the creepypasta treatment, where Mario must travel through Princess Peach's castle that is filled with typical creepypasta imagery.

Imagery includes floating eyeballs that chase the player, blood red skys and static screens. The concept of characters having missing eyes is present, something popular among creepypastas. The hack even has a horror-like cut-off ending made to scare the player.

Further information :
The game needs the expansion pack to work, don't forget to activate it!
In Project64, click on ""Options"" then on ""Settings"" in the ""Options"" tab, you must uncheck the ""Hide advanced settings"" box. Then you have to go back to the settings, there will be many more tabs, click on ""ROM settings"", and set the size of the RDRAM to 8mb."
"Pocket Monster Snap","Pokemon Snap","NTSC-J","Japan","Nintendo","HAL Laboratory","1999-03-21","1","No","Shooter | Life Simulation","E - Everyone","No overview is currently available for this title, please feel free to add one."
"Pocket Monster Stadium 2","ポケモンスタジアム2","NTSC-J","Japan","Nintendo","HAL Laboratory, Inc.","1999-04-30","4","Yes","Strategy","E - Everyone","This is the ultimate battle of 151 Pokemon!
Raise them on GB!
Fight on 64!
Play your Pokemon Red, Green, Blue and Pikachu into the 64 GB tower.
All the Pokemon you've raised will be in 3D and you can battle it out in a big battle on the Game Boy!
In addition to battling with six unique rules, you can also play against friends and have a hot four-player tag match! You can even battle the strongest Pokemon, Mewtwo!
There's also a convenient Pokemon Laboratory and nine mini-games that everyone can enjoy, and much more.
Raise your Pokemon on the Game Boy and win exciting battles on the Nintendo 64!"
"Pocket Monsters Stadium","Pokemon Stadium [Japan] | Pokémon Stadium [Japan]","NTSC-J","Japan","Nintendo","HAL Laboratory","1998-08-01","2","No","Role-Playing","Not Rated","Pocket Monsters Stadium is a video game released exclusively in Japan, in 1998 for the Nintendo 64. In this version, there are only 42 Pokémon instead of all 151 Generation I Pokémon. This game was originally going to be for the Nintendo 64DD, but due to the system failure, it was only released for the Nintendo 64.

A sequel was released the following year, in Japan as Pocket Monsters Stadium 2, on April 30, 1999. This was eventually released in early 2000 outside Japan as simply Pokémon Stadium."
"Pocket Monsters Stadium 2","Pokémon Stadium 2","NTSC-J","Japan","Nintendo","HAL Laboratory","1999-04-30","2","No","Strategy","Not Rated","At long last, all of your favorite Pokémon are rady to go head-to-head on the N64®! Whether you're battle a friend, a Gym Leader or a tournament contestant, you're about to witness some of the most spectacular battle scenes in Pokémon history! Select a team from a huge stable of ""rental"" battlers, or use the included N64 Transfer Pak™ to upload your own team from Pokémon Red, Blue or Yellow! This Stadium is packed and ready to rock!"
"Pocket Monsters Stadium Big Box","Pocket Monsters Stadium Transfer Pak | ポケモンスタジアム | Pokemon Stadium Big Box","NTSC-J","Japan","Nintendo","HAL Laboratory","1998-08-01","4","No","Role-Playing","Not Rated","Pokémon Stadium (Japanese: ポケモンスタジアム Pokémon Stadium, subtitled as Pocket Monsters' Stadium) is the first game of the Pokémon Stadium series. It was released exclusively in Japan on August 1, 1998.
The Big Box edition includes the Nintendo Transfer Pak."
"Pokemon Kart 64","","NTSC","","Nintendo","Nintendo Co., Ltd.","2025-08-14","4","No","Racing","E - Everyone","Set in the late 90’s Pokémon universe, Pokémon Kart 64 is an advanced graphical hack for Mario Kart 64 (USA/NTSC) that replaces the entire roster of racers with Pikachu, Bulbasaur, Meowth, Tangela, Cubone, Slowpoke, Porygon, and Gengar. There are 151 Pokémon out there and Pokémon Kart 64 crams as many as possible into the classic racing franchise. An Expansion Pak is NOT required to play on original hardware."
"Pokémon Puzzle League","","NTSC","United States of America","Nintendo of America, Inc.","Intelligent Systems Co., Ltd. | 																Nintendo Software Technology","2000-09-25","2","No","Puzzle","E - Everyone","Discover the most frantic, frenzied, fun-filled Pokémon challenge ever--Pokémon Puzzle League! Line up three or more blocks of the same type to clear them off the screen. Create chains and combos to send garbage to your opponent. Collect badges from other Pokémon trainers to earn the right to enter the ultimate competition... a battle against the mysterious Puzzle Master!

• Saves via Internal Memory (Flash RAM)"
"Pokémon Snap","Pokemon Snap Station - Kiosk","NTSC","United States of America","Nintendo","HAL Laboratory | 																Pax Softnica","1999-06-30","1","No","Shooter | Life Simulation","E - Everyone","Professor Oak needs your help!

The Professor has asked you to capture the Wild Pokémon of Pokémon Island… on film!  Tour the island in your ZERO-ONE vehicle and snap pictures of Pokémon in their natural habitat.  Wild Pokémon are often camera-shy, so you’ll have to use special items to bring them out in the open.  Only the best shots will do for the Professor’s Pokémon Report, so sharpen your photography skills and get ready to SNAP!

* The first-ever N64 game to feature the world-famous Pokémon--fully rendered in 3-D!
* Explore the many environments of Pokémon Island, like the sunny beach, the mysterious caves, and even a red-hot volcano!
* Many different types of Pokémon inhabit the island.  See how many you can catch on film!

• Saves via Internal Memory (FlashRAM)"
"Pokemon Snap Station","","NTSC","","Nintendo","HAL Laboratory","1999-03-21","1","No","Shooter","E - Everyone","Professor Oak needs your help! The Professor has asked you to capture the Wild Pokémon of Pokémon Island… on film! Tour the island in your ZERO-ONE vehicle and snap pictures of Pokémon in their natural habitat. Wild Pokémon are often camera-shy, so you’ll have to use special items to bring them out in the open. Only the best shots will do for the Professor’s Pokémon Report, so sharpen your photography skills and get ready to SNAP! * The first-ever N64 game to feature the world-famous Pokémon -- fully rendered in 3-D! * Explore the many environments of Pokémon Island, like the sunny beach, the mysterious caves and even a red-hot volcano! * Many different types of Pokémon inhabit the island. See how many you can catch on film!"
"Pokémon Stadium","","NTSC","United States of America","Nintendo of America, Inc.","HAL Laboratory, Inc. | 																Nintendo EAD","2000-02-29","4","No","Strategy","E - Everyone","Pokemon Stadium is a 2000 N64 video game developed by Nintendo EAD and HAL Laboratory and released by Nintendo of America in the USA on February 29, 2000.

The ultimate Pokémon battle is about to begin. At long last, all of your favorite Pokémon are ready to go head-to-head on the N64! Whether you're battling a friend, a Gym Leader or a tournament contestant, you're about to witness some of the most spectacular battle scenes in Pokémon history! Select a team from a huge stable of ""rental"" battlers, or use the included N64 Transfer Pak to upload your own team of Pokémon Red, Blue, or Yellow! This Stadium is packed and ready to rock!

• Awesome 3D animation on the N64 makes all 151 Pokémon larger than life!
• Use the N64 Transfer Pak to battle using your Pokémon from Red, Blue, or Yellow.
• Battle your way to the top of the championships, or have a free-for-all with up to four players!
• Nine Mini-Games add to the multi-player fun!
• Use the power of the Transfer Pak and the N64 to play the Pokémon Game Boy game on your television!
• Saves via Internal Memory (Flash RAM)"
"Pokémon Stadium [Not For Resale]","","NTSC-U","United States of America","Nintendo of America, Inc.","HAL Laboratory, Inc. | 																Nintendo EAD","2000-02-29","2","No","Strategy","E - Everyone","No overview is currently available for this title, please feel free to add one."
"Pokémon Stadium 2","","NTSC","United States of America","Nintendo of America, Inc.","HAL Laboratory, Inc. | 																Nintendo EAD","2001-03-28","4","No","Strategy","E - Everyone","Pokemon Stadium 2 is a 2001 N64 video game developed by Nintendo EAD and HAL Laboratory and released by Nintendo of America in the USA on March 28, 2001.

Hundreds of Pokémon in tremendous 3D! What's sweeter than victory in a Pokémon battle? Victory in a 3D arena on the N64! Set your strategy, then stand back while your Pokémon battle it out. You can even see the Pokémon you've trained, fully rendered in 3D and ready for battle!

• Nearly 250 Pokémon! Transfer Pokémon from the Red, Blue, Yellow, even Silver and Gold versions of Pokémon for Game Boy, or play with Rental Pokémon included in the game.
• See them all in glorious 3D! Ho-Oh, Lugia, Entei, and Pichu against all-time favorites, like Mewtwo, Charizard, Blastoise, and Pikachu.
• Become the Stadium Champion! Take on 21 Pokémon Trainers in the Gym Leader Castle to try to win it all!
• 12 all-new mini-games! Try to bump other Hitmontop out of the arena in Topsy-Turvy or charge up more energy than anyone else in Pichu's Power Plant.
• Saves via Internal Memory (Flash RAM)"
"Pokemon Stadium 2 [Not For Resale]","","NTSC","","Nintendo","Nintendo EAD","2001-03-28","4","No","Strategy","E - Everyone","No overview is currently available for this title, please feel free to add one."
"Pokemon Stadium Fusion","","NTSC","","","","2022-09-07","4","No","Action | Strategy | Family | Unofficial","E - Everyone","Pokemon Stadium Fusion is a romhack that implements all stuff for all gens and it has amazing fusions for every pokemon
All 151 pokemon are balanced that means you can battle with bruterpie (caterpie + bruxish) vs Glaking (nidoking + glalie).

FEATURES
Graphics Improved HD
New songs (other game pokemon songs and remasters, and from other games)
New textures for fusions
FRZ and SLP fixed
SPD added
New moves
New animations
Move split
Dark, Steel, Fairy added
Dual and triple boost and decreaser effects
All fusions have uber stats (LC and NFE included)
Mega evolutions
Lots of abilities improved
New abilities
18 weathers/fields added
18 move converter abilities
AI improved (it’s like online battles in showdown)
EVS, IVS and natures added
6 vs 6 battles"
"Pokémon Stadium Gold and Silver","Pocket Monsters Stadium Gold and Silver | Pokémon Stadium Gold, Silver, and Crystal Version | Pocket Monsters Stadium Gold, Silver, and Crystal Version","NTSC-J","Japan","Nintendo","HAL Laboratory | 																Nintendo","2000-12-14","4","No","Strategy","E - Everyone","Hundreds of Pokémon in Three-mendous 3-D! What's sweeter than victory in a Pokémon battle? Victory in a 3-D arena on the N64! Set your strategy then stand back while your Pokémon battle it out. You can even see the Pokémon you've trained rendered in 3-D and ready for battle!

Nearly 250 Pokémon! Transfer Pokémon from the Red, Blue, Yellow - even Silver and Gold - versions of Pokémon for Game Boy. Or play with Rental Pokémon from the game.
See them all in glorious 3-D! Pit Ho-Oh, Lugia, Entei, and Pichu against all-time favorites like Mewtwo, Charizard, Blastoise, and Pikachu.
Become the Stadium Champion! Take on 21 Pokémon Trainers in the Gym Leader Castle and try to win it all!
12 all-new mini-games! Try to bump the other Hitmontop out of the arena in Topsy-Turvsy or charge up more energy than anyone else in Pichu's Power Plant."
"Pokemon Stadium Kaizo","","NTSC","","","","2018-03-06","4","No","Action | Strategy | Family | Unofficial","E - Everyone","The first Hard Mode Hack of Pokémon Stadium.
The good news is that the rental Pokémon have been buffed; they have better movesets and stats, and the prevolutions of most Pokemon have been replaced by final stage evolutions with different movesets. All 151 Pokémon can be recorded in Hall of Fame from Rental Pokémon alone. You’ll need to reach Round 2 in order to achieve this. Only certain cups have certain Pokémon provided, so you have to visit many of them. You can still use continues in the Stadium Cups, but you cannot do so in Gym Leader Castle.
Enemies are significantly stronger. They have better AI, Pokemon teams, movesets, stats. Round 2 also has some surprises on your way.

Note: If you are using Project 64, you will need to include the new CRC values in the RDB file, since this is a recent Pokémon Stadium hack."
"Polaris SnoCross","","NTSC","","Vatical Entertainment LLC","Vicarious Visions","2000-12-27","4","No","Racing","E - Everyone","If it doesn't say Polaris... it ain't SnoCross! Join the Polaris Snowmobile Racing Team and dare to tame the mountain! Pull off a variety of insane tricks as you master the challenges of monster jumps, hidden pitfalls, shortcuts, and treacherous terrain. Race against fiercely competitive AI characters, or take on your own friends in multi-player mode. Feel your customized Polaris sled move, twist and turn just like a real snowmobile!

• Saves via Controller Pak"
"Portal 64","Portal64","Other","","","","2022-03-02","1","No","Adventure | Puzzle | Unofficial","Not Rated","A unofficial, fan made Portal Demake for the N64.  This aftermarket homebrew for the N64 was created by ""lambertjamesd"""
"Power League 64","","NTSC-J","Japan","Hudson Entertainment, Inc.","Hudson Entertainment, Inc.","1997-08-08","1","No","Sports","Not Rated","Power League 64 is a baseball game for the Nintendo 64. It was released only in Japan in 1997."
"Premier Manager 64","","Region Not Set","","Gremlin Interactive Ltd.","Gremlin Interactive Ltd.","1999-08-01","1","No","Sports","","Football management simulation in the Actua Sports line from Gremlin. The game, endorsed by Kevin Keegan, lets you take over the manager's reins of a soccer club in any of the English Leagues, be it the Premier League or the low lights of the Third Division. But this is no ordinary football game. Unlike others on the N64, PM is a management simulation, and you never actually take control of a match by controlling individual players. Instead, you pick the lineup, your own formation and the tactics of how the team should play. Then you let your players go off and do the work on their own. This makes the whole game harder since you never have direct control over the actions of the players -- instead, you have to hope that you picked the right combination of players and the right tactics to do the job. Released only in Europe."
"Pro Mahjong Kiwame 64","","NTSC-J","Japan","Athena Co., Ltd.","Athena Co., Ltd.","1997-11-21","1","No","Puzzle","Not Rated","Pro Mahjong Kiwame 64 is a Mahjong simulation game released for the Nintendo 64 only in Japan in 1997."
"Pro Mahjong Tsuwamono 64","Pro Mahjong Tsuwamono 64: Janso Battle ni Chosen","NTSC-J","Japan","Culture Brain Inc.","Culture Brain Inc.","1999-11-05","1","No","Puzzle","Not Rated","Pro Mahjong Tsuwamono 64 is a Mahjong game, developed and published by Culture Brain, which was released in Japan in 1999."
"Project Outsider","","Other","","THQ","AKI Corporation","2022-12-16","4","No","Fighting | Virtual Console","E - Everyone","G.M. Spectre's Project Outsider No Mercy Mod!"
"Puyo Puyo Sun 64","","NTSC-J","Japan","Compile","Compile","1997-10-31","2","No","Puzzle","Not Rated","Puyo Puyo SUN (ぷよぷよSUN Puyopuyo San?) is the third installment of the Puyo Puyo games series, and the sequel to Puyo Puyo Tsu, made in 1996 by Compile. After the highly acclaimed success of its predecessor, Compile took a slightly more retro approach, so players had a more original feel to the game over that of Tsu.

The name of Puyo Puyo SUN comes from a Japanese pun on san, and also indicates a new Puyo brought into the game. As Sun Puyo were used in this game, and the game itself is not only set on a tropical beach, but is the third in the series (san (三?) is the Japanese word for the number three), the name served multiple purposes."
"Puyo Puyo~n Party","ぷよぷよ〜んパーティー | Puyo Puyo 4 - Puyo Puyo Party","NTSC-J","Japan","Compile","Compile","1999-12-03","4","No","Puzzle","E - Everyone","This game was released only in Japan. It is the fourth game in the Puyo Puyo series and the last set during the Madou-era in the main series.
Continuing the trend of naming the games after puns, the name comes from a pun on ""yon"", the Japanese word for the number 4, but this time this is the only reference to the pun.

The gameplay in is similar to that of Puyo Puyo 2, but adds super attacks. Clearing chains now builds up a ""charge meter"" which allows players to use them. The only other addition was a new game mode which could be played with a number of different field sizes, smaller or bigger than the standard 6x12, however, it removes several game modes that were present in Puyo Puyo Sun, i.e. the tournament, task and chain training modes. The art is also vastly different to the previous game in the series and, of course, the Fever series; this style was only otherwise used for Minna de Puyo Puyo.

STORY: 
Satan has released an odd demon called Pierott. Pierott invites Arle and Carbuncle over to the “Puyo Puyo Circus”. All seemed to be just fine, Arle and Carbuncle went into a tent to watch a magic show, but Satan had Carbuncle volunteer for a magic trick he was doing. A magic trick? Or a trap? He puts Carbuncle on the stand, and casts a spell, which makes Carbuncle, disappear! Arle wasn't worried, she didn't even know what was going on, but later on, she couldn't find Carbuncle anywhere! She then has to start battling monsters and oddball characters in a match of Puyo Puyo to try to reach Satan, and get Carbuncle back!

This version of the game have different music and lacks the voiced cutscenes due to cartridge's memory limitations, but can be played in 4-player mode like the Dreamcast version and included a Transfer Pack mode where one could unlock more artwork by plugging in Pocket Puyo Puyo Sun."
"Quake","Quake 64","NTSC","","Midway Games","id Software","1998-03-24","2","No","Shooter","M - Mature 17+","The player takes the role of an un-named protagonist sent into a portal in order to stop an enemy code-named ""Quake"". Previously, the government had been experimenting with teleportation technology, and upon development of a working prototype called a ""Slipgate"", this enemy has compromised the human connection with their own teleportation system, using it to insert death squads into the ""human"" dimension, supposedly in order to test the martial capabilities of humanity.

• Saves via Controller Pak - Secondary Saves via Password"
"Quake II","","NTSC","","Activision","id Software","1999-06-30","4","No","Shooter","M - Mature 17+","Quake II takes place in a science fiction environment. In the single-player game, the player assumes the role of a Marine named Bitterman taking part in ""Operation Alien Overlord"", a desperate attempt to protect Earth from alien invasion by launching a counter-attack on the home planet of the hostile cybernetic Strogg civilization. Most of the other soldiers are captured or killed almost as soon as they enter the planet's atmosphere, so it falls upon Bitterman to penetrate the Strogg capital city alone and ultimately to assassinate the Strogg leader, Makron.

• Saves via Controller Pak"
"Quest 64","Holy Magic Century","NTSC","","THQ","Imagineer","1998-06-11","1","No","Role-Playing","E - Everyone","Celtland has been cast into chaos by the theft of Eletale's Book. This mystical volume contains the secrets of the Spirit Tamers. Control Brian, a magician's apprentice, as he explores the expansive countryside and villages on his quest. If he does not reclaim the book, the Kingdom of Celtland will be cast into darkness forever.

• Saves via Controller Pak"
"Rainbow Six [Gray Variant]","","NTSC-U","United States of America","Red Storm Entertainment, Inc.","","1999-11-17","2","No","Strategy | Shooter","T - Teen","Rainbow Six [Gray Variant]"
"Rakuga Kids","","Region Not Set","","Konami","Konami","1998-12-04","2","No","Fighting","T - Teen","Basics:
The game is similar in play to a toned-down Marvel vs. Capcom. The button layout is the fighting game standard six-buttons (Three punches and three kicks.), which produce special moves when combined with various directional commands. All characters have a single-button attack that sends the opponent into the air, where they can pursue them and follow up with an aerial attack. Perhaps to complement this, each character can perform an additional jump while in the air.

Magic:
Super Combos in this game are referred to as ""Magic"" and a player can have up to three levels of Magic (Represented by three crayons that appear at the bottom of the screen.). Super Meter levels can be spent in three ways: Offense (An attack that causes heavy damage with a few hits.), Defense (An attack that causes little damage, but sends the opponent far away.) and Counter (Usable only while the character is blocking, causes medium damage and sends the opponent flying away, like Defense Magic.)"
"Rally Challenge 2000","","NTSC","","SouthPeak Interactive, LLC","Genki | 																Xicat Interactive","2000-06-30","4","No","Racing","E - Everyone","Speed is the name of the game in this realistic racing experience. Featuring nine unique vehicles, RALLY CHALLENGE 2000 delivers high-octane action, with plenty of options to keep the replay value high. The controls are simple, but the competition is stiff as you jet through the three tracks at three different levels of difficulty. To add to the excitement, your co-pilot is by your side, calling out turns and alerting you to what's around the corner. The game's four distinct play modes offer limitless challenges: there's a user-friendly Arcade mode, an intense four-player Versus mode, a convenient Practice mode, and a Championship mode which allows you to adjust your suspension, tires, gear ratios, and steering. Championship Mode the game's crown jewel presents you with a nine-race series, in which you must rack up more points than your competitors. If you're looking for a fast-moving racing game with tons of options, you've found it in RALLY CHALLENGE 2000.

• Saves via Controller Pak"
"Rampage 2: Universal Tour","","NTSC","","Midway Games","Avalanche Software LLC","1999-03-01","3","Yes","Action","T - Teen","While technology may improve graphics and sound, some things never change. Rampage 2: Universal Tour is very much in tune with its history, barely deviating from the original city-stomping arcade game appearing in the 1980s. Like its predecessor, Rampage World Tour, Rampage 2 retains the original 2D worlds, but improves the graphics, completely re-rendering the characters. The premise remains the same: stomp out cities and wreck things in general. Some new features in Rampage 2 include four new characters (in addition to the original three), new attacks and combos, a power meter, and bonus rounds. The cart allows up to three people can play at once and there are plenty of new cities to destroy.

• Saves via Controller Pak - Secondary Saves via Password"
"Rampage: World Tour","","NTSC","","Midway Games","Saffire Corporation","1998-03-30","3","No","Action","T - Teen","A wild smash-'em-up romp with universal appeal! Simple enough for any player. Plenty of depth and challenge to appeal to serious gamers as well. Bring a friend or two on a non-stop RAMPAGE while you inflict some major damage and destruction. Demolish buildings, swat down aircraft, eat people and rack up points, while destroying entire cities! More than 130 standard levels, 14 bonus levels, 4 grudge match levels and many hidden levels! Special bosses and some tasty humans give Lizzy, George or Ralph a major health boost.

• Saves via Controller Pak"
"Randnet Disk","","NTSC-J","Japan","Nintendo","Nintendo","2000-02-23","1","No","Puzzle","E - Everyone","The 64DD's web browser and connectivity disk. Features include: Battle -- play against gamers from all over Japan by using the network, observe -- play ""Peeping Tom"" and watch other players combat each other in game competition, beta testing -- experience pre-release games, information exchange -- send messages about how to get through games, ask for help when you're stuck and chat with friends through the Internet, community -- send your comments about a game you're currently playing, internet surfing -- surf the web on your TV, digital magazine -- get all sorts of sports info and results, music data distribution -- Listen to music through Randnet, editing tool -- create your own characters and music using dedicated creation tools, print mail service (fee applies) -- things you create in Mario Artist can be ordered as postcards and stickers -- Randnet users receive five email addresses with the basic service."
"Rat Attack!","","NTSC","","Mindscape, Inc.","Pure Entertainment","2000-09-12","4","No","Puzzle","E - Everyone","Play as one of the Scratch Cats, an elite superhero team, who are out to save the world from Washington and Jefferson, two evil mutant space rats who wish to enslave the world in rats. Explore each puzzle level and wipe out the rat threat. First you need to catch the rat, using the Eraticator. Then you must find the Destructor pad in each level in order for the rat to be taken out. Each level has a quota of rats you must remove, and if you fail to do so within the time limit (which, in this case, is when the rats destroy everything in the level), you lose.

• Saves via Controller Pak"
"Rayman 2: The Great Escape","","NTSC","","Ubisoft Entertainment","Ubisoft","1999-10-29","1","No","Platform","E - Everyone","Rayman 2 takes place in a world called The Glade of Dreams. An army of Robot Pirates, led by Admiral Razorbeard, invades this world and destroys the Heart of the World, the world core. This greatly weakens the resistance's power and disables Rayman's powers, leading to his capture.

Globox, a friend of Rayman, is later also captured and put in the same cell as Rayman aboard the Pirates' prison ship. Globox restores one of his powers through a silver lum given to him by Ly, a fairy. Rayman escapes the prison ship, and is separated from Globox again. He learns that in order to stand a chance against the Pirates, he needs to find 4 ancient, magic masks to awaken Polokus, the spirit of the world.[10] He travels through the Glade of Dreams via the Hall of Doors, a magical place linked to various locations in the world, controlled by the ancient Teensies.

• Saves via Controller Pak"
"Razor Freestyle Scooter","","Region Not Set","","Ubisoft Entertainment","Titanium Studios","2001-11-27","","No","Sports","E - Everyone","Razor Freestyle Scooter is an extreme-sports style action game modeled around small, nimble scooters. In contrast to most games of this type, there is a story. A crazed giant robot has kidnapped your skating buddies. By completing skating challenges at the robot's sky fortress, you must rescue your friends. You skate around 3 large areas and attempt to perform wild tricks, collect scooter wheels and earn bonus time. By completing an objective on all 3 areas, you unlock a sky fortress level in which you can rescue a new skater to control."
"Re-Volt","","NTSC","","Acclaim Entertainment, Inc.","Acclaim Studios London","1999-07-31","4","Yes","Racing","E - Everyone","Grab your radio controller (or in this case, your controller) and get ready for RC action. You have more than 28 different cars to choose from (each rated differently for speed, acceleration, and weight), though most of these are locked at the beginning of the game. As you progress through the game's four championship circuits, you'll gain access to more cars.

• Saves via Controller Pak"
"Ready 2 Rumble Boxing","","NTSC","","Midway Games","Midway","1999-10-31","2","No","Fighting | Sports","T - Teen","Ready 2 Rumble Boxing is a boxing game for the Dreamcast, PlayStation, Game Boy Color, and Nintendo 64 and it was released in 1999 by Midway. The success of the Dreamcast version led to it becoming one of the few Sega All Stars titles.

Like Nintendo's Punch-Out!! series it features many characters with colorful personalities (i.e. Afro Thunder, Boris ""The Bear"" Knokimov, etc.); however, unlike the Punch-Out!! series, Ready 2 Rumble Boxing is in 3D, thus allowing for more control over your character in the ring, and also enables the players to choose whichever fighters they want.

Throughout the fights in the game, there is a special RUMBLE meter which fills up, one letter at a time, until the word ""RUMBLE"" is spelled at the bottom of the screen. Letters can be obtained by successfully landing hard blows or taunting the opponent. Once the meter is full, the player can power himself up, enabling access to a special move called ""Rumble Flurry"", which might as well instantly knock the opposite player out cold.

One unique graphic feature of the game is the gradual bruises gained by players as the fight progresses (like hematomas and swellings), present in all fifth-generation versions. While this is not necessarily a new feature to games (it had been implemented before in SNK's 1992 game Art of Fighting), it garnered much appraisal from reviewers, because of the added fun factor this element supply to the game

• Saves via Controller Pak"
"Ready 2 Rumble Boxing: Round 2","","NTSC","","Midway Games","Midway","2000-10-23","2","No","Fighting | Sports","T - Teen","Gameplay in the game is similar to that of the previous game. The more big hits the player land consecutively, letters that spell out ""RUMBLE"" appear below the player's side of the screen. Letters also appear when the fighter taunts his opponent. Once the word is formed, powerful combo attacks can be activated that will almost definitely knock the opponent down. This time, however, there are three levels of ""RUMBLE"", which build up one after the other. If the player successfully lands a combo with his RUMBLE Meter full on the third level (where the letters start smoking), the final blow can launch the opponent clear out of the ring, giving the player an instant victory.

• Saves via Controller Pak"
"Resident Evil 2","","PAL","","Capcom","Capcom","2000-02-09","1","No","Action | Adventure","Not Rated","Ready or not, the terror of Resident Evil 2 is here. In chapter one, the case of the disastrous T-virus outbreak--a mutagenic toxin designed for biological weapons--was eventually closed but the experiments were far from over. Control the destiny of Leon Kennedy or Claire Redfield as their nightmare begins when a biotech terror runs rampant in Raccoon City. Relentless zombies and hideous monsters are all out for a taste of your blood. If the suspense doesn't kill you, something else will."
"Return to Yoshi's Island Demo","","NTSC","","","","2021-04-15","1","No","Platform | Unofficial","E - Everyone","A demo for Kaze's latest upcoming hack, featuring an impressive amount of custom code as always including entirely new story cutscenes!"
"Ridge Racer 64","","PAL","","Nintendo","Nintendo Software Technology","2000-07-04","4","No","Racing","Not Rated","Ridge Racer makes its first appearance on a Nintendo console, including all of the fast, pick up and play action previously seen in the series on Playstation and in arcades.

RR64 includes three tracks, each with three variations, making a total of nine tracks to get through. 25 cars are on offer, each with different power and speed abilities.

Single player and multiplayer modes are included. Beat the clock and get to the finish line first to win.

• Saves via Internal Memory (EEPROM)"
"Road Rash 64","","NTSC","","THQ","Pacific Coast Power & Light","1999-09-22","4","No","Vehicle Simulation","T - Teen","180 MPH slap in the face, anyone? Multi-player modes for up to four players including Deathmatch, Cop Mode and Tag. New weapons and moves like the dreaded spoke jam. Intense pack brawling, including grudges and alliances. 200 miles of interconnected tracks and environments. Over 25 bikes and characters to choose from. Thrashin' soundtrack featuring Sugar Ray, The Mermen and more!

• Saves via Controller Pak"
"Road Rash 64 [Gray Variant]","","NTSC-U","United States of America","THQ","","1999-08-31","4","No","Racing","T - Teen","Road Rash 64 [Gray Variant]"
"Roadsters","Roadsters Trophy","NTSC","","Titus Interactive, S.A..","Titus Software","1999-11-30","2","No","Racing","E - Everyone","Buckle up and brace yourself for the big time baby. This isn't just high speed racing on 10 different adrenaline pumping tracks with changing weather conditions and super responsible vehicle handling. It's street smarts. With Roadsters, the best driver, doesn't always win. Betting and trading cars are a major part of gameplay. Earning cash gives you the chance to upgrade your vehicle and change divisions. So pull down your top and put your foot to the floor. We're off!

• Saves via Controller Pak"
"Robopon 64: Robot Ponkottsu 64","Robot Ponkottsu 64: Nanatsu no Umi no Caramel | Robot Ponkottsu 64: Caramel of the Seven Seas | Robot Ponkottsu 64 - Caramel of the 7 Seas","NTSC-J","Japan","Hudson Entertainment, Inc.","Hudson Entertainment, Inc.","1999-12-24","1","No","Role-Playing","Not Rated","Robot Ponkottsu 64: Nanatsu no Umi no Caramel (lit. Robot Ponkottsu 64: Caramel of the Seven Seas) is a role-playing video game for the Nintendo 64. It was released only in Japan, in 1999. It is part of the Robopon series of games, and can make use of the Transfer Pak with Robot Ponkottsu Sun, Star and Moon Versions."
"Robotech: Crystal Dreams","","Region Not Set","","GameTek, Inc.","GameTek, Inc.","1998-01-01","","No","Flight Simulator","","Robotech: Crystal Dreams is a Simulation game, developed and published by GameTek, which was cancelled before it was released."
"Robotron 64","","NTSC","","Crave Entertainment","Player 1","1998-01-06","4","No","Shooter","T - Teen","YOU CAN SAVE THE WORLD! All the excitement and speed of the original classic is back and updated with state-of-the-art graphics specifically designed for the N64. Intense, non-stop action versus a mechanical army of robots. 200 levels of frantic destruction in detailed, ever-changing 3D arenas. Multiple power-ups scattered throughout each level offer more powerful weaponry, as waves of never-ending Robotrons continue the attack. All the classic Robotron characters return, plus 26 new enemies, each rendered in 3D. Multitudes of hidden cheat codes and bonus rounds.

• Saves via Controller Pak"
"Rocket: Robot on Wheels","","NTSC","","Ubisoft Entertainment","Sucker Punch","1999-10-31","1","No","Platform","E - Everyone","First-time Nintendo 64 developer Sucker Punch Studios jumped onto the scene with a highly original 3D platformer. The design philosophy behind the title is simple -- rather than build the platformer around the main character, the software house opted instead to focus on the interactivity of the 3D environments he travels. To that end, Rocket employs an advanced physics engine which allows the main character, a lovable unicycle-based robot named Rocket, to travel and experiment with colorful, platform-esque worlds with realistic gravity and inertia. Every object has its own set of lifelike attributes that must be ""weighed"" into consideration when solving puzzles.

• Saves via Internal Memory (EEPROM)"
"Ronaldinho Soccer 64","","Other","","","","1998-01-01","2","No","Sports | Unofficial","E - Everyone","HAHAHAHA RONALDINHO SOCCER"
"Rugrats in Paris: The Movie","","NTSC","","THQ","Avalanche Software LLC","2000-11-12","1","No","Platform","E - Everyone","Tommy Pickle's father has been sent to Europe for maintenance work at Euroreptarland. The Rugrats join him on his travel to Europe. There are 16 levels and hidden bonus level to play through. The game consists of various mini-games that have to be completed in order to earn enough tickets to beat the game. Most tickets, however, can just be collected by running around the park and picking them up. Tickets can be used to buy prizes. There are ten mini games including whack-a-ninja, bumper cars and mini-golf.

• Saves via Controller Pak"
"Rugrats in Paris: The Movie [Gray Variant]","","NTSC-U","United States of America","THQ","","2000-10-29","4","No","Action","E - Everyone","Rugrats in Paris: The Movie [Gray Variant]"
"Rugrats: Scavenger Hunt","Rugrats: Treasure Hunt","NTSC","","THQ","Realtime Associates, Inc.","1999-06-29","4","No","Platform","E - Everyone","In their big debut on the Nintendo 64, the favorite cartoon babies are about to get wrapped up in the scavenger hunt to end all scavenger hunts. Featuring three different board games, RUGRATS: Scavenger Hunt utilizes the animation and humor from the cartoon series, and melds it into an original game that has players traipsing through 3D worlds looking for hidden objects. In ""The Pirate Treasure Hunt,"" the babies travel underwater in search of items; ""Angelica's Temple of Gloom"" challenges players to find bits of Stu's broken Aztec statues before Angelica can; and ""Reptar Rally"" has the babies collecting sweets in Candy Island. Once you choose your baby from a list that includes Tommy, Chuckie, Phil, or Lil, you begin using a spinner (just like a board game spinner) to determine how many spaces you'll advance. There are lots of trick spaces that give you advantages or disadvantages, like the Spike the Dog spot (which allows you to ride the pet for five spaces), and a Dil spot (which makes Dil come out and shuffle the board). Don't get too worked up though, as each baby has an energy meter, and if it hits zero you'll have to take a nap.

• No save option available"
"Rush 2: Extreme Racing USA","","NTSC","","Midway Games","Atari","1998-11-10","2","No","Racing","E - Everyone","Rush 2: Extreme Racing USA is a sequel to San Francisco Rush and the second game in the Rush series.
The game is notable for the high level of detail in the recreations of the various cities and states used, and for its fast arcade-style physics. The game also features a two-player mode and rumble pack support. Hidden shortcuts and jumps add to the replay value of the game.
Cities used are New York (Uptown and Downtown), Hawaii, Las Vegas, San Francisco (Alcatraz), Los Angeles, and Seattle. Other tracks playable at the start of the game are Stunt, Crash, and Halfpipe. A bonus track can be won where your car is miniaturized and you drive through the offices of Midway Games. Another bonus is the full pipe level, as the last achievement to unlock.

• Saves via Controller Pak - Secondary Saves via Password"
"S.C.A.R.S.","SCARS","NTSC","","Ubisoft Entertainment","Vivid Image","1998-12-04","4","No","Racing","E - Everyone","In this game players take control of cars that take the shape of different animals. The game itself takes the role as a combat racing game as it features weapons to use against your opposition while racing, and the computers can do the same to you. The game has four modes: Grand Prix, Challenge and Time Attack.

The object of this game is to compete in the Grand Prix and to unlock new tracks and cars. The difficulty of each tournament is determined by which cup you choose to race for. The first cup you race for is the Carbon cup, and once you've beaten that you will unlock other cups that are based on elements like crystal, and diamond. Once you have won a tournament you will unlock a new cup to compete for, new levels to race in, and the chance to challenge other cars to gain access to them for use in Grand Prix races and vs mode.

While Racing you can acquire weapons located around the tracks to help you finish the race quicker or to slow down your opponents so you can overtake them. The combat system is different from many games, except for having health and being destroyed for a limited amount of time, if you or an enemy is hit by a weapon you will be temporarily be slowed downed which gives your opponent time to overtake you. They're some weapons that can be avoided by using your cars jump jets; all cars have jump jets and can be used to avoid certain weapons, however not all weapons can be avoided even with the Jump Jets.

The weapons are: turbo boost, magnets, seeker-style missiles, a boomerang, time bombs, stingers, stoppers, rounds of bullets, and a shield.

• Saves via Controller Pak - Secondary Saves via Password"
"S.C.A.R.S. N64","S.C.A.R.S.","PAL","","","","1998-08-31","4","Yes","Racing","E - Everyone","S.C.A.R.S. is a 1998 sci-fi themed futuristic racing video game developed by Vivid Image and published by Ubi Soft for Nintendo 64. Set in year 3000, the races are ""simulations"" created by supercomputers, with each supercomputer having its own car based on an animal and its own unique weapon. The nine available cars are based on: lion, elephant, rhinoceros, shark, praying mantis, scorpion, cobra, cheetah, and panther. There are 10 tracks, each with hidden shortcuts. The power-up weapons range from turbos to shields and time bombs."
"Saban's Power Rangers: Lightspeed Rescue","Power Rangers - Lightspeed Rescue","NTSC","","THQ","Mass Media, Inc.","2000-09-28","2","No","Action","E - Everyone","POWER RANGERS RESCUE READY! The Power Rangers are saving the world on Nintendo 64! Rescue innocent people from the battlings. Drive cool Power Rangers vehicles! Fight huge monsters in awesome environments. Battle against your friends in the Megazord Arena!

• Saves via Controller Pak"
"Saikyou Habu Shogi","","NTSC-J","Japan","SETA Corporation","SETA Corporation","1996-06-23","1","No","Strategy","Not Rated","Saikyo Habu Shogi (lit. Strongest Habu Shogi) is a Japanese virtual board game for the Nintendo 64 developed and published by Seta. It was released exclusively in Japan on June 23, 1996 as one of the Nintendo 64's three Japanese launch games alongside Super Mario 64 and Pilotwings 64.  It was the only launch game to use the Controller Pak.  The game's ""special guest"" is the shogi player Yoshiharu Habu, who won all seven major shogi championships the year of the game's release.  Though it was anticipated that the game would be a bestseller and a major showcase for the Nintendo 64's processing power, sales were not high, with only about one copy accompanying every one hundred consoles sold at the system launch.  Seta released a sequel titled Morita Shogi 64, which was announced at Nintendo Space World in 1996."
"San Francisco Rush 2049","","NTSC","","Midway Games","Midway","2000-09-06","4","No","Racing","E - Everyone","San Francisco Rush 2049 is the third game in the Rush series, sequel to San Francisco Rush and Rush 2: Extreme Racing USA.
The game features a futuristic representation of San Francisco and an arcade-style physics engine. It also features a multiplayer mode for up to four players and Rumble Pak support on the Nintendo 64 port. A major difference in game play compared to predecessors in the series is the ability to extend wings from the cars in midair and glide. As with previous titles in the franchise, Rush 2049 features a stunt mode in which the player scores points for complex mid-air maneuvers and successful landings. There is also a multiplayer deathmatch battle mode. There are six race tracks, four stunt arenas, eight battle arenas, and one unlockable obstacle course named The Gauntlet. The single player race mode places emphasis on outlandish and death-defying shortcuts in each track. The game has a soundtrack mostly comprising techno music. 

• Saves via Controller Pak"
"San Francisco Rush: Extreme Racing","","NTSC","","Midway Games","Atari","1997-11-08","2","No","Racing","E10+ - Everyone 10+","San Francisco Rush: Extreme Racing is the first game in the Rush series.
Tne N64 version contains six regular tracks and two hidden tracks. The regular tracks can be run in either reverse or mirrored modes and feature added collectible hidden keys throughout the track that can be used to unlock hidden vehicles. It also contains a Practice Mode and a Death Race mode where the game ends if the player crashes. The N64 port of Rush also includes a Circuit Mode and a save system for Fast Times, circuit progress, and hidden keys that the player can find on secret spots to unlock new cars.

• Saves via Controller Pak - Secondary Saves via Password"
"Scooby Doo: Classic Creep Capers [Gray Variant]","","NTSC-U","United States of America","THQ","","2000-11-30","1","No","Action","E - Everyone","Scooby Doo: Classic Creep Capers [Gray Variant]"
"Scooby-Doo! Classic Creep Capers","","NTSC","","THQ","Terraglyph Interactive Studios","2001-03-01","1","No","Action","E - Everyone","Like wow! Scooby and the gang face off against some all-time classic villains, including The Witch Doctor, The Black Knight, and The Snow Ghost. Help guide Scooby and the gang through three classic episodes and one all-new episode. It's your job to search for clues and unmask the ghoulish villains!

• Saves via Controller Pak"
"SD Hiryuu no Ken Densetsu","","NTSC-J","Japan","Culture Brain Inc.","Culture Brain Inc.","1999-01-29","2","No","Fighting","Not Rated","An updated version of Hiryuu no Ken: Twin (Flying Dragon overseas), entitled SD Hiryuu no Ken Densetsu (lit. SD Legend of the Fist of the Flying Dragon), was released in Japan only, adding more characters (such as Jack, Ryu, and Gofire from the Super Chinese series), items and a new gameplay mode. It also removed the more realistic ""Virtual Mode"", favoring the super deformed ""Quest Mode"".

Playable characters are Ryuhi, Hayato, Min Min, Wiler, Shouryu, Yuka, Suzaku, Powers, Robo No Hana, Bokuchin (unlockable), Jack, Ryu, Raima, E. Quaker, Ellie, Gofire, Ryumaou (unlockable)."
"Serene Fusion","","NTSC","","","","2022-10-09","1","No","Platform | Unofficial","E - Everyone","Serene Fusion is a major ROM hack created by aglab2 and made in collaboration with the SM64 ROM Hack Community for the Fangame Marathon 2022 Special Event. This hack is initially dubbed Project 74 as a remaster of Lugmillord's Super Mario 74, which contains a couple levels from the original hack with newer gimmicks and redesigns. It features a total of 80 stars and over 8 levels; additionally, original level content is included as main and secret stages alike."
"Sesame Street: Elmo's Letter Adventure","","NTSC","","NewKidCo","Realtime Associates, Inc.","1999-11-15","1","No","Adventure | Puzzle","EC - Early Childhood","Preschoolers are in for a wonderful alphabet-packed good time. Join Elmo and his Sesame Street pals in wonderful 3D action adventures as he swims, drives, and blasts off into a vibrantly colored world of video game fun! Helps children ages 3 - 6 with letter recognition and basic spelling skills. Three skill levels easily adjustable by parent or child. Features voices from the beloved TV show.

• No Save option available"
"Sesame Street: Elmo's Number Journey","","NTSC","","NewKidCo","Realtime Associates, Inc.","1999-11-30","1","No","Adventure | Puzzle","EC - Early Childhood","Preschoolers are in for a wonderful number-packed good time. Explore magical worlds with Elmo and his Sesame Street friends as he snowboards, jetskis, and drives off on an exciting video game adventure! Helps children ages 3 - 6 with number recognition and basic math skills. Three skill levels easily adjustable by parent or child. Features voices from the beloved TV show.

• No save option available"
"Shadow Man","Shadowman","NTSC","","Acclaim Entertainment, Inc.","Acclaim","1999-07-31","1","No","Action | Adventure | Horror","M - Mature 17+","You're the Shadow Man, a person who can switch between the world of the dead and of the living. In Shadow Man your mission is to prevent 5 serial killers from bringing the total armageddon. In the world of the living, you're mortal and have conventional weapons. When you die, you are transported to the world of the dead and you become Shadow Man once again. Which means you're not really mortal. In the world of the dead you can't use normal weapons, your gun shoots ghosts which kill the zombies and the other ugly creatures which live there. You also have different voodoo powers and weapons. And you're carrying a large inventory around.

• Saves via Controller Pak"
"Shadowgate 64: Trials of the Four Towers","","NTSC","","Kemco","Infinite Ventures","1999-05-31","1","No","Adventure","E - Everyone","An ancient evil stirs. Reaching from beyond the grave, it warps the minds of men who would release it. Soon, very soon, the dreaded Warlock Lord will again be unleashed upon the land. This time there is no one to stop it. No one except for an unfortunate Halfling, caught in the middle of the cataclysmic events events unfolding within the ruins of Castle Shadowgate... This all-new adventure catapults you back into the world of the award-wining computer and NES masterpiece. A magical world now surrounding you in full 3D splendor. A world of wonder, which beckons you to unravel its mysteries.

• Saves via Controller Pak"
"Shin Nippon Pro Wrestling: Toukon Road - Brave Spirits","新日本プロレス 闘魂炎導 BRAVE SPIRITS","NTSC-J","Japan","Hudson Entertainment, Inc.","Yuke's Co. Ltd.","1998-01-04","1","No","Fighting | Sports","Not Rated","Step into the ring with the bravest fighting souls of the New Japan Pro Wrestling league and fight your way to the top! With incredible 3D graphics and an intuitive control system, Toukon Road brings the most realistic wrestling action ever presented in video games!"
"Shin Nippon Pro Wrestling: Toukon Road 2 - The Next Generation","新日本プロレスリング闘魂炎導2 NEXT GENERATION","NTSC-J","Japan","Hudson Entertainment, Inc.","Yuke's Co. Ltd.","1998-12-26","1","No","Fighting | Sports","Not Rated","Are you ready to face your greatest challenge? New Japan Pro Wrestling brings the burning spirit to the wrestling ring, and the young lions are hungry to crush the competition. Legends and young blood fire up the ring!"
"Shotgun Mario 64","","NTSC","United States of America","","","2023-10-22","1","No","Action | Adventure | Platform","Not Rated","Shotgun Mario 64 is an hack that initially seems very similar to vanilla Super Mario 64, but its stand-out custom mechanic, an actual shotgun, sets it apart from other vanilla edits. Not because it's a gun, but because of the execution of this custom mechanic.

Note for speedrunners: hold R, Z and B during the intro to skip the tutorial.

Upon starting a new file, Mario will enter a quick tutorial on the basics of using his shotgun. He will not, however, be taught the extent of how this mechanic can affect the world around him. Using the shotgun not only damages (annihilates) enemies, but many of the objects and facets of the overworld/levels have had custom behaviour added in, so that shotgunning them often causes some bizarre effect. Here are a few examples of the many custom behaviours:

Doors can now be blown off their hinges.
Trees can sustain multiple forms of damage and will also be left singed.
Cannon hatches can be destroyed, thus giving the Bob-omb Buddies a permanent holiday.
Power Stars undergo a divorce upon being shot.
Lakitu skip has never been easier.
There are many, many others, but this hack is best experienced without knowing much of what will happen"
"SimCity 2000","Sim City 2000","NTSC-J","Japan","Imagineer Co., Ltd.","Genki","1998-01-30","1","No","Strategy | Sandbox","Not Rated","A Japan-only release of SimCity 2000 for the Nintendo 64 in 1997. It featured some additional features, mainly mini-games, a dating game, TV to replace the newspaper, horse races and monster breeding, among others, all of them in 3D. A few new ""natural"" disasters were also included, most of them being giant monster attacks (players were able to use their monster to fight against them).
SimCity 2000 puts an entire city in the palm of your hand. SimCity 2000 lets you create, build, and run a city of your own. Take on the role as a mayor and call the shots for the entire city. You'll have to keep up on the housing, industries, mass transportation, and commerce to attract potential citizens. And just when you think you have it under control, a natural disaster or alien invasion may occur to set you back. However, if you can conquer all of these problems, you just might be able to turn a small town into a thriving metropolis."
"SimCity 64","シムシティー64 shimushitī-rokuyon","NTSC-J","Japan","Nintendo","HAL Laboratory","2000-02-28","1","No","Life Simulation | Sandbox","Not Rated","SimCity 64 is a city-building video game developed by HAL Laboratory and published by Nintendo for the Nintendo 64DD. The game and its peripheral were released in Japan."
"Simpsons Kart 64","","NTSC","United States of America","","Nintendo","2024-02-06","4","No","Racing","E - Everyone","Simpson Kart 64 is a 3D racing game and a Mario Kart 64 rom hack where you play the classic Mario racing game but with characters from The Simpsons series.


IN Simpson Kart 64 you have, as the main change, the game's 2D assets where the sprites of the characters and their cars are exchanged for those from The Simpsons. The 3D scenarios were not changed, nor were their music, with only the vignette at the beginning of each race being replaced by the theme from The Simpsons."
"Sin & Punishment","Tsumi to Batsu: Hoshi no Keishousha | Sin and Punishment","NTSC-J","Japan","Nintendo","Treasure","2000-12-21","2","No","Action","T - Teen","Earth is under threat from Ruffians - mutants bred to boost dwindling food stocks who have turned against their masters. As a young resistance fighter, face an onslaught of bio-genetic monsters and corrupt military forces in your battle to save the planet.

For the first time outside of Japan, you can experience the non-stop action of this Nintendo 64 classic, created by the shoot em up masters at Treasure Co. Ltd.

Battle across land, sea and sky; collect energy, time and point bonuses; rack up massive combos to earn extra continues; and face the wrath of enormous bosses. Plus - invite a friend to join in, controlling the gun sight while you move the character."
"Slasher Kart 64","","NTSC","United States of America","","","2024-04-21","4","Yes","Racing | Horror","Not Rated","This Mario Kart 64 hack changes all 8 Mario characters, to the iconic classic horror slashers! Freddy Krueger, Jason Vorhees, Regan (Exorcist), Chucky, Leatherface, Mike Myers, Ghostface, and Pennywise! The Saw Clown replaces the Cloud Koopa. All have their authentic voices along with their character! All the weapons have also changed, like shells to knifes/machetes, a chainsaw replacing the star, and much more! The menu screen, the intro screen, also changed with new art representing Slasher Kart! Works on emulators and real hardware."
"SM64: Beyond the Cursed Mirror","Beyond the Cursed Mirror","NTSC-U","United States of America","","","2023-05-18","1","No","Action | Strategy | Platform","Not Rated","“Greetings Superstar,
Did you know that your nemesis hid in the decrepit castle all this time?
It appears he fosters his strength in a hidden compartment behind one cursed mirror.
I implore you to defeat him, once and for all – for the sake of the kingdom.
-Yours truly, The Showrunner”
SM64: Beyond the Cursed Mirror is a major Super Mario 64 ROM hack created by Rovertronic, which contains 15 custom-made courses and 120 stars waiting to be collected. With a unique in-depth story, original characters, and new mechanics, this SM64 ROM hack will provide a traditional yet unique experience."
"SM64: Decades Later","","NTSC","","","","2024-03-29","1","No","Action | Adventure | Platform","Not Rated","Ever wondered what SM64's levels would look like after a few years, maybe even 2 decades after the events the original when Bowser took over the Castle with now 150 new stars to collect? Well, this hack aims to recreate and reimagine vanilla SM64 levels from memory to an extend where some levels will feel familiar yet new and others that have been turned into fully new levels. Stars or sections that felt too repetitive or just weren't fun in the eyes of the hack creator have been replaced with newer stars or been reworked to play out differently."
"SM64: Last Impact","Last Impact | Super Mario 64: Last Impact","NTSC","","","","2016-09-30","1","No","Adventure | Platform | Unofficial","E - Everyone","SM64: Last Impact is a major hack made by Kaze Emanuar. It was released on September 30th, 2016. It contains 130 stars, 12 power-ups, many new bosses and a large variety of completely new levels.

In this hack, Mario only has 6 health instead of the normal 8 and a separate gauge for air underwater. This hack presents many things that weren't in previous hacks or the original game, including new power-ups, custom music and objects, and unique boss fights."
"sm64.z64","sm64 z64","NTSC-U","","","","2022-02-16","1","No","Platform | Unofficial","Not Rated","Super Mario 64 is a 1996 N64 third-person platformer video game developed by Nintendo EAD and released by Nintendo of America in the USA on September 26, 1996.

This is Super Mario 64. The end is never the end. Please restart your system. 
Developed by Jefftasticgames."
"Smash bros remix","SMASHREMIX1.0.1.Z64 | SMASHREMIX | SMASHREMIX1.0.1","Other","","Nintendo","HAL Laboratory","2021-09-09","4","No","Action | Fighting | Platform | Party","E - Everyone","Super Smash Bros Remix is a mod (ROM hack) of the original Super Smash Bros 64. This mod adds characters and maps that the original Smash Bros lacked.

The New Characters are:
-Dr Mario
-Young Link
-Dark Samus
-Wario
-Lucas
-Bowser
-Wolf
-Conker
-Mewtwo
-Marth
-Falco
-Ganondorf"
"Smash Remix","Super Smash Bros. Remix | Smash Remix 1.5 | Smash Remix 1.5.2","Other","","Nintendo","HAL Laboratory","2024-01-05","4","No","Action | Fighting | Platform | Party","E - Everyone","Smash Remix is a gameplay modification of Super Smash Bros. for the Nintendo 64, with the vision of expanding upon the original game with new characters, stages, and features while staying true to its core gameplay. All mechanics and original 12 characters are unchanged. This vision also involves having tournaments where the new characters are pitted against the old ones, all the clones being viable against the originals."
"Smash Remix v1.2.x","Smash Remix","Other","","","","2022-07-31","4","Yes","Fighting | Unofficial","E - Everyone","No overview is currently available for this title, please feel free to add one."
"Snobow Kids","スノボキッズ | Snowboard Kids","NTSC-J","Japan","Atlus Co., Ltd.","Racdym","1997-12-12","1","No","Sports","Not Rated","No overview is currently available for this title, please feel free to add one."
"Snow Speeder","Big Mountain 2000","NTSC-J","Japan","","","1998-12-26","1","No","Sports","Not Rated","Snow Speeder is a wintersports game where you can choose to race downhill with either a snowboard or skis. There are various characters to choose from, each of them with different skills. Three game modes are available in total, in which free ride, slalom and giant slalom can be chosen as track styles; game modes include championship, time attack and also a battle mode for multiplayer challenges."
"Snowboard Kids","","NTSC","","Atlus Co., Ltd.","Racdym","1998-05-03","4","No","Racing","E - Everyone","The kids are arguing about their snowboarding skills. The debate escalates to the point where they decide to hold a snowboarding tournament to determine who is the best. One character, Shinobin, has no involvement whatsoever until he is unlocked by the player.

In addition to the usual gameplay of a snowboarding game, Snowboard Kids adds ""Shots"" (special weapons used to attack players) and items which can help the player, hinder other players, or both.

The game has nine main courses. Although some of the courses are snowy mountains, many are courses that would be unorthodox for snowboarding in the real world. Such courses include an amusement park, a desert, a vast valley, a dark highway, and a Japanese village during the cherry blossom festival.

There were several game mechanics that were unique to Snowboard Kids from other snowboard games and racing games at the time. One was the addition of the second item slot, allowing each player to carry a shooting item and support item (such as a rock, or invisibility) at the same time. Also, players needed to pay 100 gold in order to grab an item during the race, which could be obtained either through performing tricks or collecting coins scattered across the course. All courses also required players to race down the hill for multiple laps. Once a player had reached the bottom of the hill, he or she would need to pass through the lift gate to be transported back to the top of the hill, and could not be attacked by other players in this transition.

• Saves via Controller Pak"
"Snowboard Kids 2","","NTSC","","Atlus Co., Ltd.","Racdym","1999-03-02","4","No","Racing","E - Everyone","The game is set in Snow Town, which is the main hometown of the protagonists. The plot follows the daily lives and adventures of the kids, and the rather ridiculous attempts of Damien to sabotage them.

The gameplay of this game is almost identical to its predecessor's, but with a few differences.

There are now three distinct playing modes: the Story mode, which follows the game plot and uses the classical system of cash prizes by winning the races; the battle mode, which includes multiplayer mode; and the Training mode.

There were new additions and changes to the Items and Shots. All of them were redesigned and the Shots were renamed as Weapons. Additions include the Rocket, the Wings and the Whirlwind (see more below). Other changes to the Items and Weapons include the reduction in the freeze time when a character is hit by the Freezing Shot, and the effect of losing coins when hit by a Slapstick.

The special tricks (which were different for each character and required the player to perform a combo to do them) were replaced by the ability of doing multiple tricks while in the air. It also added the ability to repel Weapon attacks by performing a Trick or Board Grab in the imminence of the hit. The player can also look behind by pressing the R button.

• Saves via Internal Memory (EEPROM)"
"South Park","","NTSC","","Acclaim Entertainment, Inc.","Iguana Entertainment","1998-12-12","4","No","Shooter","M - Mature 17+","Single player takes the form of a ""Story"" mode divided into five episodes and fifteen linear levels. The player will face weak minions (which change based on the episode), plus occasional sub-bosses which will try to escape into town. The final level is devoted to a unique boss fight. Players use quirky weapons ranging from infinite yellow snowballs to cow launchers and toxic Terrance and Phillip dolls. Every weapon has a secondary fire, and players switch between the four main characters when they switch weapons - each of the four kids shares a single life bar because of this. The kids will comment on game actions as they occur, with heavier profanity censored with bleeps. The kids will get angrier (and fouler) as their health depletes, until they finally give up on saving the town and go home.

• Saves via Controller Pak"
"South Park Rally","","NTSC","","Acclaim Entertainment, Inc.","Tantalus Media","2000-03-01","4","No","Racing","M - Mature 17+","Choose your character from the cast of the popular 'mature' cartoon South Park, and tear through the streets in this racing game. Your character's vehicle may be a little cart, trike, or box, for example. Weapons include rockets, Salty Balls, Cheesy Poofs, the beloved Cow and even an Anal probe. All of the voices are also included, making it feel more like the real cartoon than a rally game. You can also play an all-on-all 4 player mode.

• Saves via Controller Pak"
"South Park: Chef's Luv Shack","","NTSC","","Acclaim Entertainment, Inc.","Acclaim","1999-11-20","4","No","Puzzle","M - Mature 17+","South Park: Chef's Luv Shack is a 2D game-show style video game based on the television show South Park. It gained its popularity by having mini games and the ability to play against friends in a challenge for the most points. It also involves trivia questions about South Park and other topics.
The game intermittently switches between questions and minigames, with a minigame proceeding every three questions. Players score points by answering questions first (correctly) and based on minigame ranking. Players lose points for questions answered incorrectly. The game is exclusively multiplayer, as when played by one player, there is no AI, so that player always wins, even with a negative score

• No Save option available"
"Space Invaders","","NTSC","","Activision","Taito Corporation","1999-11-30","2","No","Shooter","E - Everyone","In 1978, Earth successfully repulsed an invasion from outer space thanks to ""the Tank."" The Tank was based on alien technology found when a scout ship had crashed years earlier. Now, over 20 years later, a new Tank has been created based on the technology recovered during the 1978 invasion. And none too soon, because the Invaders are back!

• Saves via Controller Pak"
"Space Station Silicon Valley","","NTSC","United States of America","Take-Two Interactive Software, Inc.","DMA Design Limited","1998-10-01","1","No","Platform","E - Everyone","A space station that was built more than 1000 years before by Earth, shortly after its launch, vanished. The station has since then mysteriously reappeared and it's bound on a collision course with Earth. Unless Dan and Evo can stop it, all will surely perish. The idea behind the game is fairly simplistic: players take on the role of Evo, a robotic microchip that possesses the unique ability to take over the bodies of dead (robotic) animals. Evo makes his way through a variety of levels and worlds filled with different objectives and, of course, different animals.

• Saves via Internal Memory (EEPROM)"
"Spider-Man","","NTSC","","Activision","Neversoft Entertainment","2000-11-21","1","No","Action","E - Everyone","Spider-Man is the first 3D game to star the popular web-slinger. It is loosely based on Spider-Man: The Animated Series and Spider-Man Unlimited and features some of the voice cast from each and similar character designs.

Peter Parker is attending a demonstration of the reformed Dr. Otto Octavius's new invention when an imposter Spider-Man steals the device. Spider-Man must work to clear his name and uncover the sinister motives behind the device's theft.

• Saves via Controller Pak"
"Spirit Harvest","","Other","","","","2022-10-30","1","No","Adventure | Platform | Horror | Unofficial","Not Rated","Spirit Harvests is a after market homebrew game for the N64 by Team Spirit Walkers and released on 30 Oct 2022 for the 2022 64brew Game jam. The game has you explore a creepy haunted environment as a spirit walker.

(Description copied from N64Squid)

Good for Halloween!"
"Star Fox 64","","NTSC","United States of America","Nintendo of America, Inc.","Nintendo EAD","1997-06-30","4","Yes","Action | Shooter","E - Everyone","Star Fox 64 is a 1997 N64 video game developed by Nintendo EAD and released by Nintendo of America in the USA on June 30, 1997.

The Lylat system has been invaded! Join Fox McCloud and his Star Fox team as they fight to save the galaxy from the clutches of the evil Andross. Travel to many different 3D worlds. Battle the enemy in the air and on the ground and listen in as Fox McCloud interacts with a cast of characters.

See how it feels to feel what you see! The N64 Rumble Pak controller accessory instantly transmits all the bumps and blasts during the action. It’s a new jolt to your game play experience!

-N64 Rumble Pak controller accessory and batteries included!

-Four Players compete simultaneously in VS mode!

-Game Pak memory saves the top 10 scores!

-Outstanding cinema scenes tell the Star Fox saga!"
"Star Fox 64 [Not For Resale]","","NTSC","United States of America","","","1997-04-27","4","No","Action","E - Everyone","Not for resale variant of ""Star Fox 64""."
"Star Fox 64 [Player’s Choice]","","NTSC","United States of America","Nintendo","Nintendo EAD | 																Q-Games","1999-01-01","4","No","Flight Simulator","E10+ - Everyone 10+","No overview is currently available for this title, please feel free to add one."
"Star Fox 64: Survival","","NTSC","United States of America","Romhacking","","2020-11-29","1","No","Action | Adventure","Not Rated","A brand new Ocarina of Time ROM hack in a new setting: You play as Fox, where your Arwing has crash landed on an unknown planet. Do you have what it takes to survive?"
"Star Soldier: Vanishing Earth","","NTSC-J","Japan","Hudson Entertainment, Inc.","Hudson Soft","1998-07-10","1","No","Shooter","E - Everyone","Star Soldier: Vanishing Earth is a 1998 shoot 'em up video game developed and published by Hudson Soft (Electro Brain for the North American release) for the Nintendo 64, a direct sequel to Soldier Blade and is part of their Star Soldier series. There was also an arcade version released for Seta's Aleck 64, arcade hardware similar to the Nintendo 64."
"Star Twins","Jet Force Gemini","NTSC-J","Japan","Rare, Ltd.","Rare, Ltd.","1999-12-01","1","Yes","Action | Adventure | Shooter | Platform","T - Teen","Jet Force Gemini is a 1999 third-person shooter developed and published by Rare for the Nintendo 64 video game console. The game follows the story of three members of a galactic law enforcement team as they try to stop a horde of drones led by an insectoid called Mizar. It features a single-player mode where the player must explore a galaxy and save Tribals, a race of survivors who have been enslaved and imprisoned by Mizar, and places strong emphasis on shooting large numbers of enemies while dodging their attacks. The game also includes a multiplayer mode where two to four players can compete in traditional deathmatch games."
"Star Wars Episode I: Racer","Star Wars Episode 1: Racer","NTSC-J","Japan","LucasFilm Games","Lucas Arts","1991-07-21","4","Yes","Racing","Not Rated","No overview is currently available for this title, please feel free to add one."
"Star Wars Episode I: Racer [Classic Edition]","Star Wars Episode 1: Racer [Limited Run Games]","NTSC","","Limited Run Games","Lucas Arts","2019-10-18","8","No","Racing","Not Rated","Star Wars Episode I: Racer on physical cartridge for the N64. This is a fully functional retro game that will work on your classic hardware! Limited to 3,000 copies available worldwide.

This is the six release of our retro Lucasfilm ""mint on sealed card"" line-up. Each game has been blister packed to an authentic 9"" x 6"" card. Each card will be equipped with a method for accessing the game without damaging the packaging - allowing you to play and display!

Internal boards for the cartridge are being supplied by Retro-Bit."
"Star Wars Episode I: Racer [Premium Edition]","Star Wars Episode 1: Racer [Limited Run Games - Premium Edition]","NTSC","","Limited Run Games","LucasArts Entertainment Company LLC","1999-05-18","2","No","Racing","E - Everyone","Join Jedi-to-be Anakin Skywalker in the Star Wars race of your life! Relive all the thrills and excitement of the Podracer sequence from Star Wars: Episode I. Hang on tight - with afterburners on, Podracers max out at a simulated 600 mph! Race in furious competition against more than 21 opponents! Take on over 21 tracks in 8 unique worlds. Avoid hazards such as methane lakes, meteor showers and Tusken Raiders! Featuring spectacular 3D environments!"
"Star Wars Shadows of the Empire (Lejespil)","","Region Not Set","","LucasArts Entertainment Company LLC","LucasArts Entertainment Company LLC","1997-01-01","1","No","Action","E10+ - Everyone 10+","No overview is currently available for this title, please feel free to add one."
"Star Wars Shadows of the Empire Premium Edition","","NTSC","United States of America","","","2020-01-01","1","No","Action","T - Teen","Shadows of the Empire on physical cartridge for the N64. This is a fully functional retro game that will work on your classic hardware! The Premium Edition is limited to just 2,000 copies available worldwide.

This is the fifth Premium Edition in our retro line-up. Each Premium Edition includes:

Premium, individually numbered, foil-stamped rigid book style box. The cover of the box opens gatefold style to reveal the interior contents!
Shadows of the Empire game on physical cartridge for the N64.
Collectible Shadows of the Empire coin.
Collectible Shadows of the Empire 64 retro cartridge enamel pin.
Full-color booklet/manual.
Individually numbered certificate of authenticity.
18 x 24 inch poster."
"Star Wars: Episode 1 Racer [Not For Resale]","","NTSC","United States of America","LucasArts Entertainment Company LLC","Lucas Arts","1999-04-30","2","No","Racing","E - Everyone","Not for resale variant of “Star Wars: Episode 1 Racer”."
"Star Wars: Episode I - Battle for Naboo","","NTSC","","LucasArts Entertainment Company LLC | 																Nintendo","Factor 5 GmbH","2000-12-18","1","No","Action","T - Teen","Attention defenders of Naboo! The Trade Federation must be stopped! Storm through more than 15 missions over land, sea and space as your freedom fighters rally against the droid armies. Take control of 7 vehicles: the Naboo starfighter, Gian speeder, and new craft like the heavy STAP, Trade Federation gunboat and more. More than 15 missions: escape from Theed, search & destroy, sabotage, reconnaissance, convoy. Battle against Trade Federation droid starfighters, AATs, destroyer droids, battle droids.
Change vehicles mid-mission through specially designated hangars.

• Saves via Internal Memory (EEPROM)"
"Star Wars: Rogue Squadron","","NTSC","","LucasArts Entertainment Company LLC","Factor 5 GmbH","1998-12-03","1","No","Action | Shooter","T - Teen","Fly against the evil Empire! As Luke Skywalker, co-founder of the Rebel Alliance's elite Rogue Squadron, you must combat the evil Galactic Empire! Engage in intense, fast-paced planetary air-to-ground and air-to-air missions - dogfights, search and destroy, reconnaissance, bombing runs, rescue assignments and more! Pilot X-wings, Y-wings, A-wings, V-wings and Snowspeeders with powerful weapons in over 15 missions battling TIE fighters, TIE bombers, Imperial shuttles, AT-AT walkers, AT-STs and other challenging foes.

• Saves via Internal Memory (EEPROM)"
"Star Wars: Rogue Squadron [Player's Choice]","","Region Not Set","","LucasArts Entertainment Company LLC","Factor 5 GmbH","1998-12-03","1","No","Action | Shooter","T - Teen","Fly against the evil Empire! As Luke Skywalker, co-founder of the Rebel Alliance's elite Rogue Squadron, you must combat the evil Galactic Empire! Engage in intense, fast-paced planetary air-to-ground and air-to-air missions - dogfights, search and destroy, reconnaissance, bombing runs, rescue assignments and more! Pilot X-wings, Y-wings, A-wings, V-wings and Snowspeeders with powerful weapons in over 15 missions battling TIE fighters, TIE bombers, Imperial shuttles, AT-AT walkers, AT-STs and other challenging foes."
"Star Wars: Shadows of the Empire","Star Wars: Teikoku no Kage","NTSC","","Nintendo","LucasArts Entertainment Company LLC","1996-12-03","1","No","Action","T - Teen","A long time ago in a galaxy far, far away... As Luke Skywalker and the Rebel Alliance struggle to defeat Darth Vader and the Empire, a new threat arises. Dark Prince Xizor, head of the Black Sun crime syndicate, aspires to take Darth Vader's place at the Emperor's side. To do that, he must eliminate young Skywalker. As Dash Rendar, it's up to you to protect Luke and help the Alliance defeat the evil Xizor. Watch out for infamous bounty hunters and deadly stormtroopers! May the Force be with you!

• Saves via Internal Memory (EEPROM)"
"Star Wars: Shadows of the Empire [Classic Edition]","","Region Not Set","","Limited Run Games","Lucas Arts","2019-07-26","1","No","Action","Not Rated","Shadows of the Empire on physical cartridge for the N64. This is a fully functional retro game that will work on your classic hardware! Limited to 3,000 copies available worldwide.

This is the fifth release of our retro Lucasfilm ""mint on sealed card"" line-up. Each game has been blister packed to an authentic 9"" x 6"" card. Each card will be equipped with a method for accessing the game without damaging the packaging - allowing you to play and display!

Internal boards for the cartridge are being supplied by Retro-Bit."
"Star Wars: Shadows of the Empire [Player's Choice]","","NTSC-U","","Nintendo","LucasArts Entertainment Company LLC","1996-12-03","1","No","Action","T - Teen","A long time ago in a galaxy far, far away... As Luke Skywalker and the Rebel Alliance struggle to defeat Darth Vader and the Empire, a new threat arises. Dark Prince Xizor, head of the Black Sun crime syndicate, aspires to take Darth Vader's place at the Emperor's side. To do that, he must eliminate young Skywalker. As Dash Rendar, it's up to you to protect Luke and help the Alliance defeat the evil Xizor. Watch out for infamous bounty hunters and deadly stormtroopers! May the Force be with you!"
"Star Wars: Teikoku no Kage","Star Wars: Shadows of the Empire","NTSC-J","","Nintendo","Lucas Arts","1997-06-14","1","No","Action | Adventure","Not Rated","A long time ago in a galaxy far, far away... As Luke Skywalker and the Rebel Alliance struggle to defeat Darth Vader and the Empire, a new threat arises. Dark Prince Xizor, head of the Black Sun crime syndicate, aspires to take Darth Vader's place at the Emperor's side. To do that, he must eliminate young Skywalker. As Dash Rendar, it's up to you to protect Luke and help the Alliance defeat the evil Xizor. Watch out for infamous bounty hunters and deadly stormtroopers! May the Force be with you!"
"StarCraft 64","","NTSC","","Nintendo","Mass Media, Inc.","2000-06-13","2","Yes","Strategy","T - Teen","The game itself is split into three episodes, one for the player to command each race. In the first segment of the game, the player and Jim Raynor are attempting to control the colony of Mar Sara in the wake of the Zerg attacks on other Terran worlds.
The second campaign reveals that Kerrigan was not killed by the Zerg, but rather is captured and infested in an effort to incorporate her psionic traits into the Zerg gene pool.
The final episode of the game sees Aldaris and the Protoss government branding Tassadar a traitor and a heretic for conspiring with the dark templar. The player initially serves Aldaris in defending Aiur from the Zerg invasion, but while on a mission to arrest Tassadar, the player joins him instead.

• Saves via Internal Memory (FlashRAM)"
"Starshot: Space Circus Fever","","NTSC","","Infogrames Entertainment","Infogrames","1999-06-30","1","No","Action | Adventure","E - Everyone","Take a ride through the cosmos with Starshot, the star juggler of the Space Circus. Your courage and skill will be challenged as you battle to overcome Wolfgang von Ravel, the evil boss of your crooked competitor - the Virtua Circus. Only you can save the Space Circus from extinction! Total freedom of movement in a world of rich 3D graphics! Starshot can walk, run, talk, jump, swim and fly, while shooting stars that he can control! Featuring more than 300 ""cosmical"" characters from a variety of planets!

• Saves via Internal Memory (EEPROM)"
"Stunt Racer 64","","NTSC","","Midway Games","Boss Game Studios","2000-10-01","4","No","Racing","E - Everyone","Set in some unspecified time in the future, the gameplay includes more than simple racing. Older vehicles (primarily those regarded even today as classics) are retrofitted with futuristic engine and turbo technology, in addition to jets mounted to allow the car to perform midair stunts. These stunts, including flips, barrel rolls, etc., allow the player to accumulate cash rewards during races on levitating tracks. Money accumulated is used to purchase new cars, as well as upgraded parts for cars (This increases the value of the vehicle. Oddly enough, this feature is relatively useless because vehicles can't be sold.)

• Saves via Controller Pak"
"Styx","","Other","","","","2022-10-30","1","No","Strategy | Life Simulation | Family | Productivity | Unofficial","Not Rated","You are Albert. Albert shows up every morning to the warehouse Styx to work his bones and collect his pay. Tony is your unforgiving warehouse manager and if you drop too many items, a ghost will haunt your soul.

Now many Styx customers are Prime Members and they expect their skulls, pumpkins, candles, and rats NEXT DAY for FREE. It is your duty and purpose to get them what they want. So go get em, Albert.

Made from Aug 30-Oct 30 2022 for N64 and the N64Brew Jam #3

Credits:

Game Design/Programming: James Lambert

Art/Animation/Modeling: Caitlin G Cooke

Music/SFX: Jeff ""jtn191"" Nichter

(Description copied from the games itch io page)

A fun and festive N64 aftermarket homebrew game for Halloween!  Not scary, just abit spooky!"
"SUMMIT: Virtual Pro-Wrestling Gamma","","NTSC","United States of America","THQ","AKI Corporation","2022-10-21","4","Yes","Fighting","E - Everyone","SUMMIT: Virtual Pro-Wrestling Gamma is a ROM hack of WWF WrestleMania 2000, created by RagDas. In his own words:

This is a hack of WWF Wrestlemania 2000 that brings characters from Virtual Pro Wrestling 2 and WCW/nWo Revenge into the roster, replacing 18 characters in the existing roster"
"Super B-Daman Battle Phoenix 64","","NTSC-J","Japan","Hudson Entertainment, Inc.","Hudson Entertainment, Inc.","1998-07-24","4","Yes","Action","Not Rated","Super B-Daman Battle Phoenix 64 is an Action game, developed and published by Hudson, which was released in Japan in 1998."
"Super Banjo-Kazooie 64","","NTSC","","","","2012-12-01","1","No","Adventure | Platform","E - Everyone","Super Banjo-Kazooie 64 is a demo ROM Hack made by UED, released in 2012. The hack is a re-creation of Banjo-Kazooie using the Super Mario 64 engine. It features all of the main levels from Banjo-Kazooie, with the exception of Click Clock Wood. The game was released as a beta and was never completed."
"Super Banjo-Kazooie 64 Redux","","NTSC","","","","2018-05-22","1","No","Adventure | Platform","E - Everyone","Super Banjo-Kazooie 64 REDUX, a new ROM hack from Trenavix, impressively merges both games together. Created using the SM64Paint tool, Super Banjo-Kazooie 64 REDUX imports the world of Banjo-Kazooie into Super Mario 64."
"Super Bowling","Super Bowling 64","NTSC","","Tommo Inc.","Athena Co., Ltd.","2000-01-16","4","No","Sports","E - Everyone","Do you really enjoy the sport of bowling, but just can't stand the ugly shoes? Have you ever wished you could bowl in your garage? In this sequel to fan-favorite SUPER BOWLING for the SNES, bowling has a whole new look and a whole new attitude. Choose a ball weighing from six to 16 pounds, adjust your power and hook, delicately pick a release point, and roll it on down the lane. SUPER BOWLING 64 features more characters than you can shake a stick at. In addition to the group of Japanese teens central to the game, you can play as a pixie, a blue giant, or a robotic penguin. Just to add to the offbeat nature of the game, bowling locations include a Japanese house, a brick-walled mansion, and a garage without gutters. If bowling is your sport, SUPER BOWLING 64 is your game.

• Saves via Controller Pak"
"Super Donkey Kong 64","","Other","","Romhacking","","2016-04-01","1","No","Action | Platform | Unofficial","Not Rated","Mario and Pauline are going on a visit to see Donkey Kong, but when they get to his house MIPS tells them that all the Kongs were abducted by a giant turtle monster (Bowser), and it’s up to Mario to rescue them. Super Donkey Kong 64 is a rom-hack made by Kaze Emanuar, which was released in April 2016. The hack is a re-creation of Donkey Kong 64 using the Super Mario 64 engine. It features eight levels from DK64, and several new power-ups. There is only one overworld, DK Isle, which is an island in the shape of a giant DK head."
"Super Falcon 64","","NTSC","","","?","2020-02-11","1","No","Adventure | Platform","E - Everyone","Captain Falcon 64 is a SM64 character hack by PastaPower and Blakeoramo, but actually has custom code unlike most character hacks as well as the features listed below. Features: *Works on emulator and console! (tested by GTM and PastaPower). *Press the L Trigger to Falcon Punch, which will destroy nearly any object in the game (There are exceptions which were deliberately disabled to avoid crashes). *Press Z+B at any time to do a Falcon Kick, which will put you at 120 speed immediately. *New animations for running and jump kick (now ""Knee""), as well as various other graphics. *New music for File Select + Credits as well as hidden easter eggs. *Various other changes like falcon punching some bosses will spawn a key or a star. Credits: PastaPower: - Changed ""Mario"" text with ""Falcon"" - Custom Animations - Captain Falcon Model - Changed Credits Text - New HUD and End Cake Picture - Misc sound effects Blakeoramo: - Used C Injection for all the new code. - Falcon Punch - Falcon Kick - New Ending Sequence and Easter Eggs like Toad death scream - Replaced credits music. - Disabled Falcon Punch for objects that'd otherwise crash the game - Various other changes and all bugfixes since version 1.0"
"Super Luigi 64","","NTSC","","","","2021-03-23","1","No","Adventure | Platform","E - Everyone","This is a romhack by PimpUigi for Super Mario 64 that lets you play as a Finalized version of the Gigaleak Luigi as the Nintendo developers would have had him in the game in 1996.

Special Features:
Graphic Improvements For Emulator Plugins
GlideN64 - Widescreen object clipping fixed
Jabo 1.6 - Widescreen skybox+object clipping & black circles around HUD icons fixed

Five Classic Skins
1. OG Luigi from Classic Mario Bros. NES and Super Smash Bros. Melee (White shirt + Dark Green pants)
2. Super Mario Bros. 1 Luigi (Green shirt + White pants)
3. Super Mario Bros. 3 Luigi (Bright Green shirt + Black pants)
4. Super Mario World Luigi / Smash 64 Luigi (Bright Green shirt + Purple pants)
5. Super Mario Super Show Luigi (Blue Shirt + Green Pants)

Rideable Yoshi
After you speak to Yoshi he'll join you on your adventure. Yoshi Eggs will appear in most stages right where Luigi spawns. He's got a handful of tricks up his sleeve and between the ability to eat just about anything including Stars and his Special Triple Flutter Jumps, he can be very cheap, making the game waaay more opened up!"
"Super Luigi 64 - Definitive Edition","","NTSC","United States of America","","?","1996-06-23","1","No","Adventure | Platform","E - Everyone","This is a romhack for Super Mario 64 that lets you play as a Finalized version of the Gigaleak Luigi as the Nintendo developers would have had him in the game in 1996."
"Super Mario 64","","NTSC","United States of America","Nintendo of America, Inc.","Nintendo EAD","1996-09-26","1","No","Platform","E - Everyone","Super Mario 64 is a 1996 N64 video game developed by Nintendo EAD and released by Nintendo of America in the USA on September 26, 1996.

Mario is super in a whole new way! Combining the finest 3D graphics ever developed for a video game and an explosive soundtrack, Super Mario 64 becomes a new standard for video games. It's packed with bruising battles, daunting obstacle courses and underwater adventures. Retrieve the Power Stars from their hidden locations and confront your arch nemesis -- Bowser, King of the Koopas!

-Run freely in a grassy meadow, tip-toe through a gloomy dungeon, climb to the top of a mountain or take a swim in the moat!

-Leap head first into a watery painting and soon you'll be searching for the surface in an underwater realm!

-On-the-fly, 3D rendered game play delivers the action of ruthless enemy attacks from every angle!

-Find the Caps that give Mario super powers, ponder the mysteries of the pyramid, you can even race Koopas for fabulous prizes!

-With the Nintendo 64 Controller and its analog Control Stick, Mario can crawl, kick down obstacles, swim, do reverse flips, and even stick the landing on his backwards somersault!

-Saved game information is stored for up to four players in memory."
"Super Mario 64 : Royal Legacy Definitive Edition","SM64 Royal Legacy Definitive Edition","NTSC","","","","2024-08-11","1","No","Action | Platform","Not Rated","For fans of SM64 Sapphire: a new 30-star adventure awaits you. This is a very traditional platformer hack meant to challenge players who have already mastered everything vanilla SM64 asks of you. 4 original worlds, complete with a hub, Bowser stage and fight. The entire soundtrack is original music composed just for this game.

This hack is a remaster of original Royal Legacy aiming to improve visuals, adding remastered soundtrack, making hack console compatible and fixing various nitpicks.

Source code: https://github.com/aglab2/RoyalLegacy

Director: StunningCactus
DE Visuals: Nobbie
Programming: aglab2
Music: StunningCactus & daleroysteve
Testing: Mushie64, AussieAdam, vandemiere"
"Super Mario 64 : The Missing Stars","Super Mario 64 - The Missing Stars | SM64: The Missing Stars","Other","","","","2009-04-19","1","No","Action | Platform","Not Rated","The first ever major Super Mario 64 hack (that is to say, featuring entirely original levels), featuring new mechanics such as a Day/Night Cycle, as well as the ability to play as either Mario or Luigi. Console Compatible version was a collaboration with David."
"Super Mario 64 : Through the Ages","SM64: Through the Ages","Other","","","","2022-04-04","1","No","Action | Platform","Not Rated","Mario visits various historical locations while teaming up with various partner Pokemon."
"Super Mario 64 (6b version)","","NTSC-U","United States of America","","Nintendo","2022-01-17","1","No","Adventure | Unofficial","E - Everyone","This is a rom hack of Super Mario 64 with a custom character instead."
"Super Mario 64 [Chaos Edition]","SM64: Chaos","NTSC","","","","2014-09-25","1","No","Platform | Unofficial","E - Everyone","Super Mario 64 Chaos Edition is a romhack made by Kaze Emanuar in 2014 and contains 121 stars. This hack doesn't change anything in any of the games level. But this utilizes a Special Gecko Mod (or Gamesharks) which allow it to automatically activate and deactivate random codes at random times. This hack is made to challenge players to play through Mario 64 while the random codes either impedes or helps with any progress through the game. Latest version is 4.0"
"Super Mario 64 [Nintendo 64DD]","Super Mario 64DD | Super Mario Disk Version","NTSC-J","Japan","Nintendo","Nintendo EAD","1996-11-20","1","No","Adventure | Platform","Not Rated","An unreleased version of Super Mario 64 for the Nintendo 64DD that was shown at Nintendo Shoshinkai (Space World) 1996 between November 22 and 24."
"Super Mario 64 [Not for Resale]","Super Mario 64 NFR","Region Not Set","","Nintendo","Nintendo EAD","1996-06-23","1","No","Platform","E - Everyone","Super Mario 64 [Not For Resale] A kiosk or store demo version of Super Mario 64. It has Not For Resale printed on the front label."
"Super Mario 64 [Player's Choice]","Super Mario 64 [Player's Choice: Million Seller]","Region Not Set","","Nintendo","Nintendo EAD","1996-09-29","1","No","Action | Puzzle | Platform","E - Everyone","Super Mario 64 was a launch for the Nintendo 64. Developed by Shigeru Miyamoto's team at Nintendo EAD, it was released alongside the console on September 29th, 1996 in North America. The game pioneered many elements of the 3D subgenre of platformer. The game sold over 11.8 million copies worldwide and was also one of the first N64 games available for the Wii's Virtual Console collection of retro releases."
"Super Mario 64 [Player's Choice] (PAL)","","Region Not Set","","Nintendo","Nintendo EAD","1998-01-01","1","No","Action | Puzzle | Platform","E - Everyone","Super Mario 64 was a launch for the Nintendo 64. Developed by Shigeru Miyamoto's team at Nintendo EAD, it was released alongside the console on September 29th, 1996 in North America. The game pioneered many elements of the 3D subgenre of platformer. The game sold over 11.8 million copies worldwide and was also one of the first N64 games available for the Wii's Virtual Console collection of retro releases."
"Super Mario 64 Land","","Region Not Set","","","?","2019-10-11","1","No","Action | Platform | Unofficial","Not Rated","Super Mario 64 Land is a Super Mario 64 hack that features a more linear set of stages, each with multiple stars to collect.  If you are familiar with Super Mario 3D Land/World, you'll understand this game well.
Mario has moves from newer Mario titles, like Odyssey's aerial dive and SM64DS's Wall Slide."
"Super Mario 64 Multiplayer","","Other","","Self-Published","Hack","2012-11-06","2","Yes","Platform | Unofficial","Not Rated","Super Mario 64, but with two players!

Played in either splitscreen or a shared screen"
"Super Mario 64 Randomizer","SM64 Randomizer","NTSC","","Romhacking","","2019-03-29","1","No","Platform","Not Rated","SM64 Randomizer is a ROM hack designed to create a new game every time you play. When you select a file, a ""seed"" is created which governs stuff such as the placement of objects in levels, the star requirements on doors and the warps to new levels. You can also pick between a large variety of different options that change the experience of your playthrough in the Options Menu!"
"Super Mario 64 Shindō Pak Taiō Version","Super Mario 64 Rumble Pak Support Version | Super Mario 64 Shindou Version","NTSC-J","Japan","Nintendo","Nintendo EAD","1996-06-23","1","No","Platform","Not Rated","Japan-exclusive update to Super Mario 64 that adds Rumble Pak support.

Super Mario 64 is set in Princess Peach's Castle, which consists of three floors, a basement, a moat, and a courtyard. The area outside the castle is an introductory area in which the player can experiment with gameplay, camera, and movement controls. Scattered throughout the castle are entrances to courses via secret walls and paintings.[2] Super Mario 64 begins with a letter from Princess Peach inviting Mario to come to her castle for a cake she has baked for him.[7] When he arrives, Mario discovers that Bowser has invaded the castle and imprisoned the princess and her servants within it using the power of the castle's 120 Power Stars. Many of the castle's paintings are portals to other worlds, in which Bowser's minions keep watch over the stars. Mario explores the castle for these portals to enter the worlds and recover the stars. He gains access to more rooms as he recovers more Power Stars, and eventually traverses three different obstacle courses, each leading to its own battle with Bowser. Defeating Bowser the first two times earns Mario a key for opening another level of the castle. After Mario defeats Bowser in the final battle, Peach is released from the stained-glass window above the castle's entrance. Peach rewards Mario by kissing him on the nose and baking the cake that she had promised him"
"Super Mario 64 The Green Stars","Super Mario The Green Stars","NTSC","United States of America","Romhacking","Kampel125","2013-08-13","1","No","Action | Adventure","E - Everyone","Super Mario 64 The Green Stars is a ROM hack made by Kampel125 and released in 2013.

Featuring 130 stars spread over 15 new levels and 7 secret levels, The Green Stars offers many interesting and well designed challenges, and is often compared to Super Mario Star Road, as a hack that feels much like the original Super Mario 64. Although it's not quite as popular as Star Road, The Green Stars is an excellent game for players just getting into ROM hacks.

The game is intended as a sequel to Super Mario 64, and also makes references to Super Mario Galaxy. Once again, Bowser has stolen the stars and used their power to create an army of monsters and kidnap Princess Peach. The Toads built a rocket to take Mario to Bowser, but Bowser locked it before Mario could get there, so the rocket serves as the first key-door of the game. The ending cutscene is the same as in the original game, though with minor changes."
"Super Mario 64: Last Impact","","Other","","Romhacking","","2016-09-30","1","No","Action | Platform | Unofficial","Not Rated","SM64: Last Impact is a major romhack made by Kaze Emanuar. It was originally released on September 30th, 2016. It contains 130 stars, 12 power-ups, many new bosses and a large variety of completely new levels. In this hack, Mario only has 6 health instead of the normal 8 and a separate gauge for air underwater. This hack presents many things that weren't in previous hacks or the original game, including new power-ups, custom music and objects, and unique boss fights."
"Super Mario 64: Ocarina of Time","","Other","","Romhacking","","2018-03-26","1","No","Adventure | Platform | Unofficial","Not Rated","A hack where the levels of The Legend of Zelda: Ocarina of Time are imported into Mario 64, with lots of accompanying custom assets and coding in order to create a unique crossover between the games."
"Super Mario 64: Peach's Memory","","Other","","Romhacking","","2021-05-03","1","No","Adventure | Platform | Unofficial","Not Rated","A long time ago, Princess Peach visited the Land of the Red Stars, and discovered the hidden Sanctuary of the Grand Red Star. Now, Peach cannot remember where the Sanctuary was, and entrusts Mario to find it for her...

Romhack by Daniel_EDC"
"Super Mario 64: Sapphire","","Other","","Romhacking","","2017-12-10","1","No","Action | Platform | Unofficial","Not Rated","SM64 Sapphire is a ROM hack made by Nebula. It was released around the tail end of 2017, it contains 6 levels, 1 secret level and has 30 Stars. This hack was little known when it was released, however 2 days after the hack was released, Kaze made a video advertising the hack and recommend it to play it because how much fun he was having with it. Since then, it has become a very popular hack due to its low amount of difficulty and ease of speedrunning."
"Super Mario 64: Sonic Edition Plus","Mario 64 Sonic Edition","NTSC","","","","1970-01-01","1","No","Action | Adventure | Puzzle | Platform","E - Everyone","This hack changes Mario's controls to be closer to Sonic (mainly inspired by the SA games) and lets you collect every 120 stars in a unique way.

---Version Differences---

Sonic Edition: Mostly vanilla Mario 64 but with Sonic Playable. A more direct interpretation of ""Sonic in Mario 64"". (made by Thodds)

Sonic Edition Plus: A reskin of Sonic Edition to make the levels fit the Sonic theme better. (made by Gamebun)

Features:

-Faster walking speed

-Press Z to roll into a ball and quickly roll down slopes

-High speed let's you walk up slopes

-Not being able to swim but do infinite jumps underwater

-Crouch and press B repeatedly to do a spindash

-Dive is replace with a Homing Attack

-Groundpound is replaced by SA2s Bound Jump

-Some of Marios moves are removed

-Running on water

-Model replacement

-Voice replacement

-Animation changes"
"Super Mario 64: The Slideverse","","NTSC","United States of America","","","2024-04-01","1","No","Platform | Unofficial","Not Rated","Super Mario 64: The Slideverse is a Rom Hack of Super Mario 64. It was created for SimpleFlips' Slide Hack Competition (2024).

This hack aims to recreate SM64 vanilla levels in form of slides. The player has to overcome all the various challenges, often inspired by elements present in the original game, in order to reach the final goal and obtain their 'shiny prize', through a survival mode with limited lives."
"Super Mario 74","","Other","","","?","2011-07-25","1","No","Adventure | Platform | Unofficial","Not Rated","Super Mario 74 is a ROM hack made by Lugmillord. It was released in June 2011 and contains 151 stars. The difficulty is amped up, but not so much to the point of ruining the fun. It starts very easy, and has a hard difficulty curve. It doesn't get too hard until the very end, and even more so in the final two ""sphere"" levels. 

The main plot of this game is explained by a Toad close to where you spawn when you enter the Valley of the Toads. As usual, Princess Peach gets kidnapped by Bowser. However, there are more than the usual 120 stars, implying that is a direct sequel to Super Mario 64. The extra 30 stars happened to be hidden in the toilet. In-game, these 30 stars are placed throughout the overworlds and in the secret stages. Also, once you get to the final two levels, Mario learns of the Kubus(es), which are cubes that control certain aspects of every video game in existence. Though there are five in total, two are introduced in the original. The Kubus of Light provides energy for sunlight in every video game, and the Kubus of Darkness produces all of the darkness in every video game."
"Super Mario and the Cursed Castles","","NTSC","United States of America","","","2019-06-06","1","No","Platform | Unofficial","Not Rated","King Boo has laid a curse on the Mushroom Kingdom! It's up to Mario to collect the power stars and defeat King Boo to cleanse the Kingdom of the curse!

Super Mario and the Cursed Castles is a major ROM hack of Super Mario 64 created by Foxen. There are 15 Main Courses, 3 bosses, and a bonus stage! There are no caps, cannons, or poles. This hack was made to be a good starting point difficulty-wise to get into playing Super Mario 64 romhacks."
"Super Mario Bros. 64","","NTSC-U","","","","2018-12-21","1","No","Platform","Not Rated","Rom hack of Super Mario 64"
"Super Mario Cyclone Fighter","","Other","","Romhacking","","2015-10-17","1","No","Platform | Unofficial","Not Rated","Unnatural storms are plaguing the Mushroom Kingdom, and it's up to Mario to find the cause, and stop it at all costs! Cyclone Fighter is an early SM64 hack that tests your skill with fast platforming, chaotic combat, and plenty of stars to collect across 9+ courses. Originally developed by TheGael95, an updated version was later released by aglab2 which included bugfixes and added content."
"Super Mario Star Road","","Other","","Self-Published","Hack","2011-12-24","2","Yes","Platform | Unofficial","Not Rated","Super Mario Star Road is a ROM Hack made by Skelux. It was released around Christmas 2011, and contains 130 Stars. This ROM hack is considered to be one of the most famous. It contains levels with similar design to the original Super Mario 64, which is overall very solid and fun.

This hack tries to be a sequel, or another version, of the original Super Mario 64, in terms of level design, difficulty, and plot. Not only are all of the levels redone using custom graphics (some of which directly come from other Nintendo 64 games), but custom music and custom enemies have been added as well. The level entrances range from simple pipes or paintings to more unconventional entrances, such as a vase or an easel. In addition, the boss fights have been changed; Bowser himself is only fought once in the game, at the end of the final Bowser level. In the first two Bowser levels, Mario must defeat a mini-boss in order to obtain the key to the next area.

(Information from the Mario 64 Hacks Wiki)"
"Super Robot Spirits","","NTSC-J","Japan","Banpresto Co., Ltd.","Banpresto Co., Ltd.","1998-07-17","2","No","Fighting","Not Rated","Super Robot Spirits is a 3D versus fighting game for the Nintendo 64, based within the Super Robot Wars line of games. It was released only in Japan in 1998."
"Super Robot Taisen 64","Super Robot Wars 64","NTSC-J","Japan","Banpresto Co., Ltd.","Banpresto Co., Ltd.","1999-10-29","1","No","Strategy","Not Rated","Super Robot Taisen 64 is a strategy role-playing game for the Nintendo 64. It was released only in Japan in 1999. The game can make use of the Nintendo 64's Transfer Pak with the Game Boy Color game Super Robot Taisen: Link Battler."
"Super Smash Bros.","","NTSC","United States of America","Nintendo of America, Inc.","HAL Laboratory, Inc.","1999-04-26","4","Yes","Fighting","E - Everyone","Super Smash Bros. is a 1999 N64 video game developed by HAL Laboratory and released by Nintendo of America in the USA on April 26, 1999.

It's a Bumpin', Bruisin', Brawlin' Bash!

The many worlds of Nintendo collide in the ultimate showdown of strength and skill! Up to four players can choose their favorite characters - complete with signature attacks - and go at it in Team Battles and Free-For-Alls. Or venture out on your own to conquer the 14 stages in single-player mode. Either way, Super Smash Bros. is a no-holds-barred action-fest that will keep you coming back for more!

-Plunge headlong into battle with your favorite Nintendo characters: Mario, Link, Donkey Kong, Pikachu, Samus, Yoshi, Kirby and Fox... plus 4 hidden characters!

-Characters use their own trademark attacks, such as Mario’s fireballs and Link’s sword.

-Grab a Fire Flower or Poké Ball and send your opponent sailing out of the arena.

-Compete in 8 different settings, each from a character’s home world and each with its own dangers.

• Saves via Internal Memory (SRAM)"
"Super Smash Bros. [Player's Choice]","","NTSC","United States of America","Nintendo","HAL Laboratory","1999-04-26","4","No","Fighting | Platform","E - Everyone","It's a Bumpin', Bruisin', Brawlin' Bash!

The many worlds of Nintendo collide in the ultimate showdown of strength and skill! Up to four players can choose their favorite characters - complete with signature attacks - and go at it in Team Battles and Free-For-Alls. Or venture out on your own to conquer the 14 stages in single-player mode. Either way, Super Smash Bros. is a no-holds-barred action-fest that will keep you coming back for more!

-Plunge headlong into battle with your favorite Nintendo characters: Mario, Link, Donkey Kong, Pikachu, Samus, Yoshi, Kirby and Fox... plus 4 hidden characters!

-Characters use their own trademark attacks, such as Mario’s fireballs and Link’s sword.

-Grab a Fire Flower or Poké Ball and send your opponent sailing out of the arena.

-Compete in 8 different settings, each from a character’s home world and each with its own dangers."
"Super Snooper Spookers","","Other","","","","2022-10-30","1","No","Adventure | Puzzle | Stealth | Horror | Unofficial","Not Rated","Super Snooper Spookers is a Nintendo 64 aftermarket homebrew game by CardboardBox released on 30 Oct 2022 for the 2022 64brew Game jam. In this game, you play as a Spooker and you need to save Snoopers by spooking them away from danger. 

(Description copied from N64Squid)

Good for Halloween!"
"Super Spamton 64","","Other","","","","2022-02-26","1","No","Action | Adventure | Platform | Unofficial","Not Rated","That's it, it's time for a BIG SHOT!

Featuring Spamton, with lots of changes to the game to fit with him, and a redone soundtrack featuring DELTARUNE and UNDERTALE songs, replay Super Mario 64 in an adventure fit for a real BIG SHOT!

Comes with a fully featured, console-compatible Nintendo 64 version, and a version for the Super Mario 64 PC Port (sm64ex-nightly) with 8 alternate costumes to choose!"
"Supercross 2000","","NTSC","","Electronic Arts","EA Sports","1999-10-31","2","No","Racing","E - Everyone","EA SPORTS introduces the exclusive game of the Supercross Series. There are 24 riders, 16 real stadiums, 21 real tracks, and 3 freestyle courses bring the Supercross to life. Race for the checkers in a Quick Race then compete for the Championship- or fly with style in freestyle mode. Bar-to-Bar competition, big air, sick tricks, 2-player mode, and real Supercross series make EA SPORTS Supercross 2000 the game to beat!

• Saves via Controller Pak"
"Superman: The New Superman Adventures","","NTSC","","Titus Interactive, S.A..","Titus France SA","1999-05-31","1","No","Action | Adventure","E - Everyone","Lex Luthor pulls off another stunt, this time he and Braniac have developed a virtual reality version of Metropolis to trick the people of the fair city. And Lois Lane and Jimmy Olsen are the first to be tricked. Using all of his many powers (including heat vision, flight and x-ray vision), you must fight your way through air, sea, underground and indoor levels of bad guys, bosses and puzzle elements in order to reach Lois and destroy Lex's mission.

• Saves via Controller Pak"
"Susume! Taisen Puzzle Dama: Toukon! Marutama Chou","進め！対戦ぱずるだま　～闘魂！まるたま町～ | Susume! Taisen Puzzle Dama ~Toukon! Marutama Chou~","NTSC-J","Japan","Konami","Konami Computer Entertainment Kobe","1998-03-26","2","Yes","Puzzle","E - Everyone","This game was released only in Japan."
"Sydney 2000","","Region Not Set","","Eidos Interactive","Attention to Detail Limited","2000-07-31","4","No","Sports","E - Everyone","Sydney 2000 Olympic Games was canceled before release. 

Train your mind and body for competition in the Virtual Gym. 4 modes of play: Olympic, Arcade, Head-to-Head, or Coaching. Compete in intense multiplayer action for up to 4 players. TV-style presentation with Olympic champion commentators Dwight Stones and Marty Liquori. 32 countries represented in 12 events of power, stamina, accuracy and skill."
"Takua 64","","Other","","","","2023-09-28","1","No","Action | Adventure | Platform | Unofficial","Not Rated","Takua 64 is a major total conversion mod for Super Mario 64 created by Superstupidy to bring the world of Bionicle into the N64 3D platforming era!

With environment and level design inspired by games like Metroid Prime, Tomb Raider, and of course, the many Bionicle games that had a huge influence on this game’s world."
"Tamiya Racing 64","","Region Not Set","","","Looking Glass Studios, Inc.","2012-04-05","4","No","Racing","T - Teen","Tamiya Racing 64 is a tech demo for a racing game (presumably the similarly unreleased Mini Racers) with licensed remote-controlled cars, featuring very sensitive controls and vacuum cleaner engine sounds. It was developed by Intermetrics, associated with Looking Glass Studios."
"Tetris 64","","NTSC-J","Japan","SETA Corporation","Amtex","1998-11-13","4","No","Puzzle","E - Everyone","Tetris 64 is a puzzle game for the Nintendo 64. It was released only in Japan in 1998 despite the whole game being in English. It is the only Nintendo 64 game that can make use of the Nintendo 64's bio-sensor which was included with the game."
"Tetrisphere","","NTSC","","Nintendo","H2O Interactive","1997-08-11","2","No","Puzzle","E - Everyone","Tetrisphere is a variant on Tetris in which various shapes are shifted across a wrapped three-dimensional grid resembling a sphere, and then destroyed. The objective of the game changes depending on the mode, but generally consists of removing layers of shapes to reach the playing field's core. Despite very little domestic advertising, Tetrisphere enjoyed moderately good sales and a mostly favorable critical reception. Reviewers praised the game's originality and the musical score composed by Neil D. Voss.

• Saves via Internal Memory (EEPROM)"
"The Legend of Banjo-Kazooie The Jiggies of Time","Banjo-Kazooie - The Jiggies of Time | Banjo Kazooie-The Jiggies of Time v1_3 | BK - The Jiggies of Time","NTSC","","Romhacking","","2018-01-01","1","No","Platform | Unofficial","Not Rated","The story was supposed to be the same as Ocarina of Time, but the Great Deku Tree could not awaken Link due to Gruntilda beating Ganondorf to the punch and imprisoning him as well as Link and Zelda in Hyrule Castle. She then hacks the code to make herself ruler of Hyrule, so the Great Deku Tree sends Bottles to awaken Banjo and Kazooie to do the task instead. The only way to open the Door of Time is by collecting the Jiggies of Time.

THE LEGEND OF BANJO KAZOOIE - THE JIGGIES OF TIME is a Banjo Kazooie mod in the world of Zelda: Ocarina of Time.
-9 Worlds
-100 jiggies 
-900 Notes
-5 Mumbo transformations..
 and a LOT OF EASTER EGGS!!"
"The Legend of Banjo-Kazooie: Gruntilda's Mask","","NTSC","","","","2020-01-01","1","No","Platform | Unofficial","Not Rated","YOU'VE MET WITH A TERRIBLE FATE, HAVEN'T YOU?
Gruntilda has found the Majora Mask and, using a powerful spell, has created an ever dearlier item, the Gruntilda's Mask. Explore the secrets of Clock Town and find the way to climb to the top of the Clock Tower."
"The Legend of Peach","","NTSC","United States of America","Nintendo","Nintendo","2021-01-01","1","No","Action | Adventure | Unofficial | Demo","E - Everyone","In a parallel universe where Hyrule doesn’t exist, Zelda is kidnapped by Ganon in her own castle. It is up for our hero, Link, to find all the Golden Skulltula Tokens and save the princess!"
"The Legend of Zelda - Majora's Mask -Redux-","","NTSC-U","United States of America","Nintendo","Nintendo EAD","2000-10-26","1","No","Action | Adventure","E - Everyone","No overview is currently available for this title, please feel free to add one."
"The Legend of Zelda - Master of Time","","NTSC","","","","2020-07-15","1","No","Action | Adventure | Role-Playing","E10+ - Everyone 10+","After saving both Hyrule and Termina, Link found himself without a quest. He journeyed long and far without knowing what to do. He thought a lot about the time manipulation he had done and asked himself if he was the real hero or if he was just a victim of these stories.

The more his obsession of time had grown, the more it felt that time was slowing down… Until it froze completely, condemning his journey to an endless day… Just before passing out from exhaustion, Link finally found a new country…

Master of Time is a new story in a completely new world, Abello, where Link must restore the flow of time. Abello is a big and dangerous world, but Link can count on the help of Nite the fairy.

Around 20 hours of gameplay in various areas and dungeons with custom cutscenes, songs and much more. Good luck finding all 100 skulltula tokens and 20 hearts!"
"The Legend of Zelda : Pumkin Tower","","NTSC-U","United States of America","Nintendo","","2024-07-31","1","No","Action | Adventure","T - Teen","Navigate through a challenging tower with five floors of different terrain with lots of new and returning enemies, and make use of Link’s transformations with level design to complement their abilities. Prepare to feed the Hungry Pumkins and make use of all the clues found throughout the tower to make it out alive!

Made in only 2 months for a Hylian Modding romhacking competition, this hack includes a large amount of Majora items, custom enemies, boss fights, items, and soundtrack. Comes with jokes!"
"The Legend of Zelda Majora's Mask [Not for Resale Gray]","","Region Not Set","","","","1998-01-01","1","No","Action | Adventure","E - Everyone","No overview is currently available for this title, please feel free to add one."
"The Legend of Zelda Majora's Mask [Not for Resale Gold]","","NTSC","United States of America","Nintendo of America, Inc.","Nintendo","2000-01-01","1","No","Action | Adventure","E - Everyone","Zelda Majora's Mask not for resale, gold cart, no holo"
"The Legend of Zelda: 3rd Quest","","NTSC","United States of America","","","2021-10-02","1","No","Action | Adventure","Not Rated","The Legend of Zelda: 3rd Quest (actually just called Project 3rd Quest) was a rom hack project of The Legend of Zelda: Ocarina of Time. It was an attempt to make a sort of sequel of Zelda Ocarina of Time and Majora's Mask, with new maps, dungeons and story. However, the project was never finished with only a 0.5 version released, a 1.0 was announced, but it was never released."
"The Legend of Zelda: Dark Hyrule Fantasy","","NTSC","United States of America","","","2020-05-23","1","No","Action | Adventure","Not Rated","Dark Hyrule Fantasy (DHF) is a ROM-hack modification of The Legend of Zelda: Ocarina of Time, a creative game development effort launched by E-Gor and Spire in October 2017. Stemming from the inspiration and remnants of Project Third Quest's original worldbuilding, DHF aims to be a full Ocarina of Time conversion mod, introducing a new world, a new story, new characters, and modifications of most elements from the original Nintendo 64 classic. Our hope is to deliver a new 'Zelda 64' experience built within the framework of our beloved predecessor.
​
The world of DHF is an interpretation of Hyrule like never seen before. Deriving from countless sources in and out of the Zelda universe, we aim to represent both classic and foreign concepts in an amalgamation of imagination. We have worked through many world layouts and concepts in order to land where we presently are, and we will show content when it is ready to be shared. There is much work before us, so please be patient, and enjoy the fruits of our labor thus far!"
"The Legend of Zelda: Expansion Disk","Zelda Expansion | Legend of Zelda, The - Expansion Disk (ZethN64) (Rev 1)","NTSC","United States of America","","","2021-12-24","1","No","Role-Playing","Not Rated","With the information we got from the gigaleak, it confirmed that Master Quest was indeed the final version of the Disk Expansion meant for Ocarina of Time or Ura Zelda as most fans have come to know it by. It was never more than a dungeon replacement due to coding limitations. However upon digging further into the files, we have found the original DD layouts that Master Quest based itself upon. While most of the original DD layouts were available, there was a couple that were never completed. We merged Ice Cavern with its MQ counterpart since it was almost exactly the same and the Bottom of the well was empty with a few left over actors from normal OoT so we ported it's MQ variant over. Ganon's castle was never planned for the Disk Expansion which was confirmed in the gigaleak files and the 64DD OVL file. But since Nintendo later added it as a bonus dungeon when they made MQ we decided to add it as a way of giving a sense of completion to the mod. We do hope you enjoy these new challenging dungeons! Just a word of caution, make sure that you get items, songs, etc as soon as you are able to because these DD dungeons do make use of everything."
"The Legend of Zelda: Gold Quest","","NTSC","United States of America","","","2022-02-27","1","No","Action | Adventure","Not Rated","Gold Quest is like an expanded Master Quest. Different dungeon & overworld layouts plus many other little gameplay changes.

Designed with the more experienced OOT player in mind & for those who like to complete 100% of the game. Like Master Quest, it’s the same story, although there are some text changes & cutscenes have generally been made shorter. Text speed has been increased. Dungeon Maps have all been updated for new chest locations with fast chest openings. The intro has been removed (you start in Link’s house)."
"The Legend of Zelda: Indigo Chapter 2","","NTSC","United States of America","","","2023-05-03","1","No","Adventure","T - Teen","Indigo is an in-progress mod for Ocarina of Time that aims to be a full game replacement, with new items, enemies, bosses, maps, and story. Play as the Hero of Time following the events of Majora's Mask in the child timeline! The story is set 27 years after the events of MM. There are currently two public demos. If you want to play Chapter 1, there is a link to it on the releases page. It's not as polished or fleshed out as Chapter 2, but there's still some unique content there for those interested!"
"The Legend of Zelda: Majora's Mask","","PAL","","Nintendo","Nintendo EAD","2000-11-17","1","No","Action | Adventure | Role-Playing","Not Rated","The Legend of Zelda: Majora's Mask is the sixth main installment of The Legend of Zelda series, first released on the Nintendo 64 in 2000. Unique among The Legend of Zelda series, the game includes a time system that spans three days, and this cycle must be reset periodically to progress through the game. Majora's Mask is one of the few Zelda games in which Ganon does not play any role whatsoever. In addition, Princess Zelda does not play a major role; she is only seen once in a flashback scene from Ocarina of Time.

Majora's Mask is the sequel to the first 3D Zelda game, Ocarina of Time,[4] and uses the same engine, as well as many art resources. Many of the conventions pioneered in Ocarina of Time are present in Majora's Mask, including characters, enemies, and items."
"The Legend of Zelda: Majora's Mask [Collector's Edition]","","NTSC","United States of America","Nintendo","Nintendo","2000-10-26","1","No","Action | Adventure | Role-Playing | Puzzle","E - Everyone","Link's all-new epic adventure lands him in the mystical world of Termina, where ever-present clocks count down the hours until a menacing moon falls from the sky above. When his horse and Ocarina are stolen by a strange, masked figure, Link embarks on an urgent quest to solve the mystery of the moon, save the world from destruction, and find his way back to the peaceful land of Hyrule.

-Link transforms before your eyes -Over 20 magical masks give Link powers and abilities he’s never had before! Watch him transform into hapless Deku Child, a mighty Gordon hero and a legendary Zora guitarist.

-Race against time -Characters and events flow with the hours of the day. Set your own schedule and even alter time itself in a race to stop the moon and save the world!

-Panoramic environments! Powered-up action battles! Fully interactive characters and events! Experience gorgeous rendered landscapes, swarms of attacking enemies and a deep, engrossing world of wonders with the power of the N64 Expansion Pak."
"The Legend of Zelda: Ocarina of Time","Zelda no Densetsu: Toki no Ocarina | ゼルダの伝説 時のオカリナ","PAL","","Nintendo","Nintendo EAD","1998-12-11","1","No","Action | Adventure","Not Rated","Ganondorf, the evil King of Thieves, is on the move, threatening the peaceful land of Hyrule.  He is determined to steal his way into the legendary Sacred Realm in hopes of harnessing the power of the mythical Triforce.  As the young hero Link, it is your destiny to thwart Ganondorf’s evil schemes.  Navi, your guardian fairy, will guide you as you venture through the many regions of Hyrule, from the volcanic caves of Death Mountain to the treacherous waters of Zora’s Domain.  Before you complete this epic quest, you’ll delve into deadly dungeons, collect weapons of great power and learn the spells you need to conquer the most irresistible force of all-time.

• The immersive storyline and environments draw players into an amazing 3D world.
• Time travel allows you to play as Link in different stages of his life.
• New gameplay features include a unique targeting system and 1st and 3rd person perspectives.
• Up to three games can be saved simultaneously to memory!"
"The Legend of Zelda: Ocarina of Time - Spaceworld '97 BETA Experience","Legend of Zelda, The - Ocarina of Time - Spaceworld '97 BETA Experience | Ocarina of Time Spaceworl '97 BETA Experience","Other","","","Nintendo","2022-05-15","1","No","Action | Adventure","Not Rated","This project aims to be a mostly accurate representation of the Nintendo Spaceworld 1997 demo of The Legend of Zelda: Ocarina of Time. Since this project aims to restore an experience that was originally a demo, it cannot be completed from start-to-finish like the final game. Instead, three gameplay “tours” featured in the original Spaceworld 1997 demo are available to choose from, each showcasing various unique flavors of gameplay."
"The Legend of Zelda: Ocarina of Time [Collector's Edition]","","Region Not Set","","Nintendo","Nintendo","1998-11-23","1","No","Action | Adventure | Role-Playing | Puzzle","E - Everyone","Ganondorf, the evil King of Thieves, is on the move, threatening the peaceful land of Hyrule.  He is determined to steal his way into the legendary Sacred Realm in hopes of harnessing the power of the mythical Triforce.  As the young hero Link, it is your destiny to thwart Ganondorf’s evil schemes.  Navi, your guardian fairy, will guide you as you venture through the many regions of Hyrule, from the volcanic caves of Death Mountain to the treacherous waters of Zora’s Domain.  Before you complete this epic quest, you’ll delve into deadly dungeons, collect weapons of great power and learn the spells you need to conquer the most irresistible force of all-time.

-The immersive storyline and environments draw players into an amazing 3D world.

-Time travel allows you to play as Link in different stages of his life.

-New gameplay features include a unique targeting system and 1st and 3rd person perspectives.

-Up to three games can be saved simultaneously to memory!"
"The Legend of Zelda: Ocarina of Time [Not For Resale]","","Region Not Set","","Nintendo","Nintendo","1998-10-01","1","No","Adventure","E - Everyone","No overview is currently available for this title, please feel free to add one."
"The Legend of Zelda: Ocarina of Time [Player's Choice]","","Region Not Set","","Nintendo","Nintendo EAD","1998-11-23","1","No","Action | Adventure | Role-Playing | Puzzle | Platform","E - Everyone","Ganondorf, the evil King of Thieves, is on the move, threatening the peaceful land of Hyrule.  He is determined to steal his way into the legendary Sacred Realm in hopes of harnessing the power of the mythical Triforce.  As the young hero Link, it is your destiny to thwart Ganondorf’s evil schemes.  Navi, your guardian fairy, will guide you as you venture through the many regions of Hyrule, from the volcanic caves of Death Mountain to the treacherous waters of Zora’s Domain.  Before you complete this epic quest, you’ll delve into deadly dungeons, collect weapons of great power and learn the spells you need to conquer the most irresistible force of all-time.

• The immersive storyline and environments draw players into an amazing 3D world.
• Time travel allows you to play as Link in different stages of his life.
• New gameplay features include a unique targeting system and 1st and 3rd person perspectives.
• Up to three games can be saved simultaneously to memory!"
"The Legend of Zelda: Ocarina of Time Master Quest","","NTSC","","Nintendo","Nintendo","2003-02-17","1","No","Action | Adventure","E - Everyone","Save Hyrule and the Triforce from the evil Ganondorf.

The Legend of Zelda™: Ocarina of Time™ – one of the most critically acclaimed games ever made –returns on the Nintendo eShop for Wii U™. Set off on a legendary journey to stop Ganondorf, who has plunged Hyrule into darkness. Travel through time as child and adult Link™ and experience Hyrule in peace and war to save the world and protect the Triforce.

Your quest takes you through dense forests and across wind-whipped deserts. Swim raging rivers, climb treacherous mountains, dash on horseback across rolling hills, and delve into dungeons full of creatures that fight to the finish to put an end to your adventures. As Link, you'll also travel through time to solve puzzles, save friends, and right Ganondorf's wrongs with the help from your trusty Ocarina of Time and the mysterious youth, Sheik. The Legend of Zelda: Ocarina of Time is one of Nintendo's most epic challenges ever and one of its most touching stories, and is an absolute must-play for Nintendo fans."
"The Legend of Zelda: Petrie's Challenge","Legend of Zelda, The - Petrie's Challenge (Petrie911)","Other","","","","2014-08-07","1","No","Action | Adventure | Role-Playing","Not Rated","No overview is currently available for this title, please feel free to add one."
"The Legend of Zelda: Ruinous Shards","","NTSC","United States of America","","","2015-03-25","1","No","Action | Adventure","Not Rated","You are the last remaining piece of a powerful fallen god. To protect yourself as a child, you must steal the three shards of the Triforce (Power, Wisdom and Courage) and hide in the Temple of Time, until such a time when you are strong enough to take on the ultimate evil! Throughout your travels, you will see that much has changed from the Hyrule you once knew. Many items and power-ups were stolen and relocated by an infamous band of thieves known as the Order of Chaos. Many of the treasures are sprinkled throughout the world, but some of the most valuable are kept in the arduous Riddle of Time dungeon. Can you find it?....Can you beat it?"
"The Legend of Zelda: Sands of Time","Legend of Zelda, The - Ocarina of Time - Sands of Time (v1.20) (debugLog00) | Legend of Zelda, The - Sands of Time (v1.20) (debugLog00)","Other","","","","2024-11-23","1","No","Action | Adventure","Not Rated","No overview is currently available for this title, please feel free to add one."
"The Legend of Zelda: The Missing Link","The Legend of Zelda - The Missing Link","NTSC","","Romhacking","","2021-07-30","4","Yes","Role-Playing","Not Rated","This mini-adventure is set in between Ocarina of Time and Majora’s Mask. It follows Link on his quest to find Navi, his fairy companion from the first N64 Zelda game.

But this search for a missing friend quickly turns into an urgent rescue mission. And if Link doesn’t find Navi soon, the entire world will be at risk.

The creators crafted new environments, graphics and music. During your quest you’ll find a new item and gameplay mechanics that go along with it.

Developer: Kaze Emanuar"
"The Legend of Zelda: The Sealed Palace","The Sealed Palace | Zelda: The Sealed Palace","NTSC-U","","Romhacking","","2023-04-02","1","No","Action | Adventure | Role-Playing | Puzzle | Platform | Unofficial","T - Teen","An Ocarina of Time Romhack made by Jinnosuke9

Lots of gameplay in various areas and dungeons with custom cutscenes, songs and much more.
Good luck finding all 100 Skulltula tokens and 20 hearts!"
"The Legend of Zelda: Time Lost","Legend of Zelda, The - OoT - Time Lost (v1.02) (StoneeBadLuck)","Other","","","","2024-08-15","1","No","Action | Adventure","Not Rated","No overview is currently available for this title, please feel free to add one."
"The Legend of Zelda: Ultimate Trial","","NTSC","United States of America","","","2024-07-16","1","No","Adventure","T - Teen","Link and Navi find themselves deep within the Lost Woods as they stumble upon a mysterious stronghold. Not knowing what will await them, they are courageous enough to enter it.

Ultimate Trial includes new characters, locations, and music as well as custom enemies and upgradeable equipment within a new, unique story. A guide will be released in a couple of days as well as the soundtrack.

Enjoy the game at your own pace by setting the difficulty in the pause menu screen."
"The Legend of Zelda: Voyager of Time","","NTSC","United States of America","","","2021-03-07","1","No","Action | Adventure","E - Everyone","Voyager of Time takes place after Majora’s Mask, but it is not a direct sequel. Link has come back to the Kokiri Forest to try and find peace after his last adventure. It is implied that he has had a third adventure in Termina but with the fairy Tael instead of Tatl. The younger brother of the feisty Tatl is a bit more subdued, but also more brave than what we’ve seen in Majora’s Mask. He can hold his own and he and Link have grown to be great friends.

The game starts out with Link having nightmares of his past adventures. The Deku Tree Sprout, descendant of the Great Deku Tree has summoned Link because he has sensed great evil growing lately. Link is sent on a quest to help out with the growing problems in Hyrule.

Along the way, you find that the Door of Time has been broken again by the evil villain, Ganondorf, and you must find a way to stop his rampage once more. There’s some twists and turns along the way, as Link’s items are spread out in an unfamiliar way. Link also has to face some major problems that hit a little too close to home.

The game features heavy time travel as well as side stories that highlight the problems with time traveling in general. Many places are transformed over the period of seven years that Ganondorf was in rule, and Link has to deal with the problems of his closest friends. On top of that, there may be another problem Link doesn’t realize until it’s too late…

The overworld is changed quite a lot from the original Ocarina of Time. There is an attempt to make each village and section of the map seem more lively and have more character than ever before. NPCs are useful to talk to, and they give hints to the world around you. There are small stories they tell you, and even new sidequests you can accept.

The biggest change is the difference between the child and adult sections. The child sections are meant to feel more innocent and alive, and the adult sections are meant to showcase the utter destruction of Ganondorf. This is not to be intentionally dark, but just to show a realistic change that would happen over seven years."
"The Legend of Zelda: Zelda's Birthday","","NTSC","United States of America","","","2008-11-23","1","No","Action | Adventure","E - Everyone","Taking place generations after the events of Ocarina of Time, Link’s decent embarks on a much more light-hearted quest, only to discover that even a peaceful Hyrule can be dangerous.

It’s a hack for The Legend of Zelda: Ocarina of Time Debug ROM.

It features all new actor arrangements, all new text and story line, 3 totally redesigned dungeons, an optional side quest, endings (plural), and hidden goodies."
"The Magical Lands","Magical Lands","Other","","","","2023-02-02","1","No","Action | Platform","Not Rated","The Magical Lands is a cross between a reimagining and a sequel to the original Mario 64. Visit new and familiar places, meet new friends, face new foes, and save Peach's castle from Bowser's clutches!"
"The New Tetris","New Tetris, The","NTSC","","Nintendo","H2O Interactive","1999-07-31","4","No","Puzzle","E - Everyone","There are several key differences in gameplay from the original Tetris. First, in addition to clearing lines, one can also form 4x4 large squares of four pieces to form 'blocks'. When a block is created, it turns solid gold or silver, depending on the makeup of the block—a block built from all the same kind of piece becomes a golden block or ""monosquare"", while any other combination becomes a silver block or ""multisquare"". Blocks can only be constructed from whole pieces: if any part of a piece has been cleared, then it cannot be used to form a block. When a line that has pieces from a block is cleared, it earns more points.

• Saves via Internal Memory (SRAM) - Secondary Saves via Controller Pak"
"The Powerpuff Girls: Chemical X-traction","Powerpuff Girls, The - Chemical X-traction","NTSC","","BAM! Entertainment, Inc.","VIS Entertainment","2001-10-14","1","No","Platform","E - Everyone","The Powerpuff Girls must battle enemies in a variety of settings in order to reclaim Chemical X and track down Mojo Jojo. Players can play the story mode or can battle against a friend in a head-to-head battle. In the story mode, players can pick up objects and throw them at an enemy to decrease their opponents health meter. They can use superpowered attacks by collecting vials of Chemical X. If the player successfully defeats the enemy in two out of three rounds, they move to the next enemy location."
"The Soul of Legends","","NTSC","","","","2010-10-14","1","No","Adventure | Platform","E - Everyone","The Soul of Legends is a Super Mario 64 hack placed 7th in the 12th Simpleflips competition. You control Link in a Super Mario 64 world, but designed as a Zelda world."
"The Swoop 64","Swoop 64, The | The Swoop64","NTSC","","","","2020-12-13","1","No","Action | Adventure","Not Rated","It is a flight simulator where you control a thieving bird that hoards objects from the neighbourhood.

Developer: Zestydavy"
"Tigger's Honey Hunt","","NTSC","","NewKidCo","Doki Denki Studio","2000-11-01","2","No","Action","E - Everyone","Winnie the Pooh needs YOU! How can he throw a party without honey? Play as Tigger and run, jump, and bounce around the 100 Acre Wood in search of Pooh's ""most favorite"" snack. Along the journey there'll be plenty of challenges - blustery blowing leaves to ride, icy terrain, falling boulders, menacing bees, pesky bats and more. Earn Tigger's very special ""Tiggertastic Bounce"" as a bonus!

• Saves via Internal Memory (FlashRAM)"
"Tom and Jerry in Fists of Furry","","NTSC","","NewKidCo","VIS Entertainment","1998-01-01","2","No","Action","E - Everyone","One-on-one fighting! Tag team tournaments! Just choose your character and then select the location. All the environments are modeled after scenes from your favorite Tom & Jerry episodes. An ""All-Star"" line-up of characters such as Tom, Jerry, Butch, Spike, Tuffy, and Duckling help to make this the ultimate Tom & Jerry experience! Weapons include shovels, bombs, red-hot pokers, tennis rackets, furniture and an assortment of fruit, plus there are countless other tricks, traps and surprises to be found. It doesn't get any better than this. So go to your corner, wait for the bell and come out fighting. Just keep an eye out behind you, because no one fights fair in this game!

• Saves via Internal Memory (EEPROM)"
"Tom Clancy's Rainbow Six","","NTSC","","Red Storm Entertainment, Inc.","Red Storm Entertainment, Inc.","1998-05-15","2","Yes","Action | Strategy | Shooter","T - Teen","Rainbow Six is a tactical shooter, which focuses more on stealth and tactics than on sheer firepower. To add to the realism, all in-game characters, terrorists, hostages and Rainbow operatives, can be wounded or dispatched in just fractions of a second. Tools such as thicker body armor, automatic rifles, and grenades have little value before the player grows accustomed to the gameplay.

Before each mission is a planning stage, during which the player is given a briefing, and then chooses the operatives to be involved in the mission, their weapons, equipment and uniform/camouflage. In earlier games, the player pre-established orders and waypoints during this step. The planning stage determined elements such as the path the AI-controlled squads would follow during the mission, as well as where they will deploy devices such as flashbangs or door breaching charges.

• Saves via Controller Pak"
"Tommy Thunder","","Region Not Set","","American Softworks Corporation","Player 1","1998-01-01","1","No","Shooter","E - Everyone","Tommy Thunder was a third person shooter in development for the Nintendo 64 (and later for the PSX too) from Player 1 studios, but it was never released and we never got many informations about it. In November 2007, herpetic.adventures on the LostLevels forum posted an interesting story about a misterious file: “about 10 years ago I was poking around the Player1 website looking for info on when Robotron 64 was coming out. Just for the hell of it, I clicked the “Press Info” link. Which turned out to be an anonymous FTP. Woo. Poked around a bit, and amongst directories of PSX assets, I found robo64.zip and tommy64.zip.” Inside the zipped file, there was what it looks like an early prototype of Tommy Thunder 64 and so, thanks to herpetic.adventures, we finally have some screens from the game to look at!"
"Tomorrow Never Dies","007: Tomorrow Never Dies 64 | Tomorrow Never Dies 64","NTSC","","","","2023-08-01","4","No","Shooter","Not Rated","007: Tomorrow Never Dies 64 is a 13-level fan-made campaign pack for GoldenEye on Nintendo 64, based on the Bond movie of the same name. This mod features custom levels, characters and guns crafted by members of the N64 Vault community – in addition to a specially-composed soundtrack. The Expanded Edition adds ""Countdown Critical"", ""Expect To Die"" and ""Girl Power Mode"" cheats to the base game. Various updates have been made to levels and models since the release of the full mod.

Developer: TiJayFLY
Publisher: N64vault"
"Tonic Trouble","","NTSC","","Ubisoft Entertainment","Ubisoft","1999-08-31","1","No","Action | Adventure","E - Everyone","Tonic Trouble is a 3D platforming video game by Ubisoft Montreal. The story follows the main character, Ed, after a magic potion spills on the Earth and causes vegetables to become living killers. The game was received poorly; critics cite poor controls, a wordy exposition, and sloppy graphics (on the N64 version). The N64 version of the game is a port of the PC version with noticeable differences, such as a substantially different opening due to the lack of processing power needed to render cutscenes, and different music in certain places. The game is often compared to another game published by Ubisoft called Rayman 2: The Great Escape, because both are 3D platformers, both have main characters of a similar design (hands and feet without arms or legs), and both were released around the same time.

• Saves via Controller Pak"
"Tony Hawk's Pro Skater","Tony Hawk's Skateboarding","NTSC","","Activision","Edge of Reality Inc.","2000-03-29","2","No","Sports","E - Everyone","Go Big, Go Pro! Skate as legendary Tony Hawk, or as one of nine top pros. Work your way up the ranks by landing suicidal tricks in brutal competitions to become the highest ranked skate champ! Great features such as: Signature Pro Moves, fully skateable worlds, head-to-head competition, and Instant Replay Mode.

• Saves via Controller Pak"
"Tony Hawk's Pro Skater 2","","NTSC","","Activision","Edge of Reality Inc.","2001-08-21","2","Yes","Sports","E - Everyone","Tony Hawk's Pro Skater 2 redefined an already great game. Its addition of stellar new features (like Create-A-Park), and great game-play tweaks (the manual maneuver will be copied for years to come) made it the best installment in a killer series of games. Anyone who has ever skated the Philadelphia level will agree -- this game is a masterpiece of level design. Hell, it's a masterpiece all around. There isn't a bad park or dull moment, just pure gaming nirvana!

• Saves via Controller Pak"
"Tony Hawk's Pro Skater 3","","NTSC","","Activision","Edge of Reality Inc.","2002-08-20","2","Yes","Sports","E - Everyone","You may not be able to live like the legend, but now you can skate like him. Skate as the legendary Tony Hawk or choose from a dream team of 12 top pro skaters, including old favorites like Lasek, Thomas, Muska, and Steamer, as well as new talent like Gilfberg, Caballero, Koston, and Mullen. Or enjoy full customization abilities with the enhanced Create-a-Skater (now including female skaters) and the Skatepark Editor. Travel from L.A. to Tokyo, Suburbia to Skater's Island performing challenges and meeting goals. New moves include the Revert, which allows you to link vert tricks, and flatland tricks such as Caspers, the Primo, and Handstand Manual. If you're good, you can even unlock hidden pro footage.

• Saves via Controller Pak"
"Top Gear Hyper-Bike","","NTSC","","Kemco","Snowblind Studios","2000-03-21","2","No","Racing","E - Everyone","Motorbike racer set in the Top Gear series. The Championship mode has you alternating between dirt and street racing as you compete for points. You earn new bikes and courses along the way like many other games, but interesting twist is going from one kind of racing to the other. The physics of each type of racing are very different, and you'll have to switch back and forth between dirt and racing tactics on the fly. The dirt bike racing is a lot more arcadey with all of the jumps and wide open tracks. You can earn turbo by pulling off tricks and there's really nothing to stop you from testing your stunt skills while racing except your own nerve and imagination. In this way, Hyperbike is like Hydro Thunder where you're expected to lean on that turbo button the whole time and it's up to your racing skills to ensure there's turbo available.

• Saves via Controller Pak"
"Top Gear Overdrive","","NTSC","","Kemco","Snowblind Studios","1998-11-23","4","No","Racing","E - Everyone","In the main mode of play, the player races through six seasons, each season containing more races from more tracks, and with faster cars competing.
At the beginning of the race the player would start at the back of the grid, at the start line. Computer players at the front of the grid would often start a third of the way around the first lap. Players started with three charges of nitrous oxide, which were used to give the player a temporary speed boost.
Shortcuts were available on each track, and often the use of these decided the outcome of the races, particularly in later seasons.
At the end of each race the player would be presented with a screen to allow for various upgrades to their car, such as to acceleration and handling. The player was also able to change their car for a better (or worse) vehicle and could buy extra nitrous oxide to use in the next race.

• Saves via Internal Memory (EEPROM)"
"Top Gear Rally","","NTSC","","Midway Games","Boss Game Studios","1997-10-05","2","No","Racing | Vehicle Simulation","E - Everyone","On the Nintendo 64, Top Gear Rally features a realistic physics model with functioning suspension. At the time, this was an impressive new gameplay development. Road surfaces, including their imperfections, were accurately modeled to give the player the feeling of actually driving a car.
The performance of each vehicle in the game was unique. Not only with respect to engine power, but also areas such as tire grip, suspension stiffness, steering tightness, and between different drive-trains such as front-wheel drive, rear-wheel drive, and four-wheel drive. The game also features the possibility of damaging the vehicles, although the damage does not affect performance. The game features a soundtrack consisting of tunes with a sort of trance-style. The electronic XM music was composed by Barry Leitch, who also worked on Super Nintendo Top Gear releases. 

• Saves via Controller Pak"
"Top Gear Rally 2","","NTSC","","Kemco","Saffire Corporation","1999-12-03","4","No","Racing","E - Everyone","Top Gear Rally 2 is a racing game for the Nintendo 64. It was released in 2000, and is a sequel to Top Gear Rally.
The game's objective is the same as the prior version: race through different locations (like farms, jungles, deserts and mountains) with the possibility of changing the climate (clear, rain, and snow). The game will randomly choose whether it is day or night.

• Saves via Controller Pak"
"Toy Story 2: Buzz Lightyear to the Rescue!","","NTSC","","Activision","Traveller's Tales Ltd.","1999-11-30","1","No","Action | Adventure","E - Everyone","The Countdown to Adventure is On!  As space hero Buzz Lightyear, you've got your hands full.  Your best buddy, Woody, has been kidnapped by a greedy toy collector and it's going to be an all-out race against time to save him.  It's all up to you... Buzz Lightyear to the rescue!  Spin, spring, somersault and bounce through 15 colorful, action-packed levels.  Unlock special toy accessories to complete your missions like cool rocket jet boots!  Enjoy fast and fun 3D gameplay with your favorite characters from the movie!

• Saves via Controller Pak"
"Transformers: Beast Wars Metals 64","","NTSC-J","Japan","Takara","Locomotive | 																Takara","1999-10-01","2","No","Fighting","T - Teen","The Nintendo 64 version of the game was known as Transformers: Beast Wars Metals 64 (ビーストウォーズメタルス64) in Japan and was compatible with the Japanese only Game Boy Color fighting game Kettō Transformers Beast Wars: Beast Senshi Saikyō Ketteisen through the Transfer Pak. The 64 version contains several mini-games and ending scenes for all characters. The game also had Waspinator, Airazor, Terrorsaur, and Starscream as exclusive characters."
"Transformers: Beast Wars Transmetals","","NTSC","","BAM! Entertainment, Inc.","Locomotive Games","2000-11-15","2","No","Action | Fighting","T - Teen","Now, experience a Transformers battle you've never seen before! Take command of the Heroic Maximals and Evil Predicons as they struggle for supremacy! More powerful than ever, these cybertronian warriors can convert into 3 modes: beast, vehicle, and robot. Run, blast and transform your way to victory! Crush the competition with the awesome Ultra Blast attack!

• No save option available"
"Triple Play 2000","","NTSC","","Electronic Arts","Treyarch","1999-03-22","2","No","Sports","E - Everyone","This is POWER Baseball! Great game features such as: Full control hitting - more power, more contact! One-button baserunning! Fast-paced gameplay! Home Run Challenge! Multiple fielding cameras! Real-time lighting! Detailed facial animations!

• Saves via Controller Pak"
"Turok 2: Seeds of Evil","","NTSC","","Acclaim Entertainment, Inc.","Iguana Entertainment","1998-10-21","4","No","Action | Shooter","M - Mature 17+","Turok 2: Seeds of Evil is a first-person shooter video game originally released for the Nintendo 64 in late 1998. A port was released for Windows OS shortly afterwards, in 1999. It is the sequel to the successful Turok: Dinosaur Hunter and was followed by the 2000 entry in the series, Turok 3: Shadow of Oblivion. It is one of the first Nintendo 64 games to allow use with the RAM Expansion Pak and it was known as Violence Killer: Turok New Generation in Japan. A separate game, also titled Turok 2: Seeds of Evil, was released for the Game Boy Color in December 1998. Although set in the same fictional universe, it follows a different storyline.
 
The game was well received, garnering an 89% from the review collator Game Rankings for the Nintendo 64 version and labeled as a ""must-buy"" from GameSpot.

• Saves via Controller Pak"
"Turok 2: Seeds of Evil [Gray Variant]","","NTSC-U","United States of America","Acclaim Entertainment, Inc.","","1998-12-10","4","No","Shooter","M - Mature 17+","Turok 2: Seeds of Evil [Gray Variant]"
"Turok 3: Shadow of Oblivion","","NTSC","","Acclaim Entertainment, Inc.","Acclaim","2000-08-30","4","No","Shooter","M - Mature 17+","Turok 3: Shadow of Oblivion picks up where Turok 2: Seeds of Evil left off when gamers were first introduced to ""Oblivion"" and its lackeys, 'Flesh Eaters. Oblivion is a monstrous cosmic entity that consumed everything in its path. It reigned before the birth of our universe. Invading the bodies of the living and devouring them from the inside-out, Oblivion fed on the very energy of the dead and dying. When the Primagen's Lightship was destroyed, the chain reaction it triggered as a result was so powerful that the universe as it existed was completely eradicated, and the almighty Oblivion was pushed to the very brink of destruction. For the first time, Oblivion felt pain, fear, and hate. Though totally ravaged, Oblivion survived and now desperately seeks a means to punch through the Netherscape that separates our world from the Lost Lands (a strange and primitive world where ""time has no meaning""), and the Lost Lands from countless others. The last shreds of the pure energy source that created our world and nearly wiped out Oblivion are contained within the Light Burden, the bag that every member of the Turok lineage has carried. The death of the Turok mantle will signal the beginning of the end: the rebirth of Oblivion.

• Saves via Controller Pak"
"Turok Dinosaur Hunter (Lejespil)","","Region Not Set","","Acclaim Entertainment, Inc.","Acclaim","1997-01-01","1","No","Action | Shooter","M - Mature 17+","No overview is currently available for this title, please feel free to add one."
"Turok: Dinosaur Hunter","","PAL","","Acclaim Entertainment, Inc.","Iguana Entertainment","1997-03-04","1","No","Shooter","M - Mature 17+","Much like your usual 1st person shooter, although with dinosaurs as your main enemy. Includes 14 high tech weapons, like the Quad Rocket Launcher and the Atomic Fusion Cannon. You control Turok, who must take on the Campaigner and his highly evolved dino's. The objective is to collect pieces of the Chronoscepter, which is the only weapon that can help to destory the Campaigner, and to stop him from using the power of the weapon to destory the Lost Land.

• Saves via Controller Pak"
"Turok: Dinosaur Hunter [Player's Choice]","","Region Not Set","","Acclaim Entertainment, Inc.","Iguana Entertainment","1997-03-04","1","No","Shooter","M - Mature 17+","Much like your usual 1st person shooter, although with dinosaurs as your main enemy. Includes 14 high tech weapons, like the Quad Rocket Launcher and the Atomic Fusion Cannon. You control Turok, who must take on the Campaigner and his highly evolved dino's. The objective is to collect pieces of the Chronoscepter, which is the only weapon that can help to destory the Campaigner, and to stop him from using the power of the weapon to destory the Lost Land."
"Turok: Rage Wars","","NTSC","","Acclaim Entertainment, Inc.","Acclaim","1999-10-31","4","No","Shooter","M - Mature 17+","The Lost Land is an unholy world, born from the death of the universe; a strange world where ""time has no meaning"". If the Lost Land falls, all the universe falls. Since the dawn of time, the Turok have maintained the balance between good and evil, order and chaos. The Turok control The Light Burden, a sacred vessel that holds the last remnants of the pure energy source that created The Lost Land. Whoever controls The Light Burden controls the power of creation. Fierce Battles waged in an effort to wrestle control of The Light Burden from the line of Turok, and thus conquer the Lost Land. A number of fierce warriors have been selected to participate to fight and win the Rage Wars...

• Saves via Controller Pak"
"Turok: Rage Wars (Grey Variant)","","Region Not Set","","","","1999-12-16","1","No","Action","","Rare. Released to fix game breaking bug in black version. Only available via mail order."
"Twisted Edge Extreme Snowboarding","King Hill 64: Extreme Snowboarding","NTSC","","Midway Games","Boss Game Studios","1998-11-10","2","No","Sports","E - Everyone","This is it! The fast-paced, intense snowboarding action you've been waiting for! TWISTED EDGE: EXTREME SNOWBOARDING! The sickest tricks, the biggest air and runs you've only dreamt about 'til now. No more searching for the best ride ever, grab your controller and prepare to get twisted! Loaded with riders, boards, and secrets - each with their own unique qualities. There's lots available, but only if you aren't slackin' off in your ridin' skills! Performance is everything and it pays off in TWISTED EDGE!

• Saves via Controller Pak"
"Ucchannanchan no Honō no Challenger: Denryū Iraira Bō","ウッチャンナンチャンの炎のチャレンジャー 電流イライラ棒 | Ucchannanchan's Flaming Challenger: Irritating Electric Stick","NTSC-J","Japan","Hudson Soft Company, Ltd.","","1997-12-19","1","No","Puzzle","Not Rated","The game features six increasingly difficult wire mazes which the player has to guide a stick through without touching the walls. The player is awarded crowns from bronze to platinum depending on how fast they can beat each stage. The game does not feature any ending screen or credits.

It is based on a segment of the Japanese game show Ucchannanchan no Honō no Challenger: Kore ga Dekitara 100 Man En!! (ウッチャンナンチャンの炎のチャレンジャー これができたら100万円!!); the Neo Geo game The Irritating Maze and the PlayStation game Irritating Stick are based on the same show."
"Uchhannanchan no Honoo no Challenger: Denryuu IraIra Bou","","NTSC-J","Japan","Hudson Entertainment, Inc.","Yuke's Co. Ltd.","1997-12-19","2","No","Action","Not Rated","Uchhannanchan no Honoo no Challenger: Denryuu IraIra Bou is an Action game, developed by Yuke's and published by Hudson, which was released in Japan in 1997."
"V-Rally Edition '99","","NTSC","","Spike Co., Ltd.","Eden Studios","1999-08-31","2","No","Racing","E - Everyone","Racing insanity! Over 40 original tracks, 11 official World Rally Championship cars, tracks in 8 worldwide locations, realistic race physics and smooth car handling, diverse terrain such as jungles, canyons, deserts, mountains and more, unstable weather patterns like rain, fog, snow and cloudy. Adjust car performance characteristics to suit varied road conditions. Bonus and hidden cars and tracks to unlock!

• Saves via Internal Memory (EEPROM)"
"Vigilante 8","","NTSC","","Activision","Luxoflux Corp.","1999-03-17","4","No","Action | Shooter | Vehicle Simulation","T - Teen","Vigilante 8 is a vehicular combat video game developed by Luxoflux and published by Activision for PlayStation, Nintendo 64 and Game Boy Color. It is a spin-off of the Interstate '76 series, featuring several of its theme concepts (auto-vigilantes, the 1970s time frame, and specific fictional vehicle companies).

• Saves via Controller Pak"
"Vigilante 8: 2nd Offense","","NTSC","","Activision","Luxoflux Corp.","1999-10-31","4","No","Action | Shooter | Vehicle Simulation","T - Teen","The story of Vigilante 8: 2nd Offense centers on the international meddlings of an oil conglomerate from the future known as OMAR (Oil Monopoly Alliance Regime).
After finding an electronic armband in a service station bathroom, former Vigilante Slick Clyde rose to be controlled by OMAR. Working up through the ranks of command he soon came to be the CEO of OMAR itself and made a complete monopoly on all oil trades with the sole exception of the United States.
With the help of his student and hitman, Obake, he steals the technology to allow him to travel through time. Taking with him Obake and his cybernetic assassin, Dallas 13, he makes the jump back to 1970s to cripple the United States and bring OMAR to total domination.
Appearing in 1970s, the three vehicles encounter Convoy, the former leader of the Vigilantes. Upon seeing him, the three cars open fire.

• Saves via Controller Pak"
"Virtual Chess 64","","NTSC","","Titus Interactive, S.A..","Titus","1998-06-10","4","No","Strategy","E - Everyone","Transform your N64 into a powerful chess adversary. The most awesome chess engine adapts to any skill level. Learning is endless fun yet even superb players face the maximum challenge. Brilliant graphics brings this classic game alive. Become the next chess legend! 

• Saves via Controller Pak"
"Virtual Pool 64","","Region Not Set","","Crave Entertainment","Celeris","1998-12-17","2","","Sports","E - Everyone","The ultra-real physics make Virtual Pool 64 as close to real pool as it gets! Choose from 9 types of pool including favorites like 9-Ball, Straight Pool, 8-Ball and One Pocket. Three levels of difficulty: Amateur, Professional and Championship. Master trick shots, learn a new game or challenge hundreds of computer opponents in exciting tournament play."
"Virtual Pro Wrestling 2: Freem Edition","","NTSC-J","Japan","","AKI Corporation","2000-01-28","4","Yes","Fighting | Sports","E10+ - Everyone 10+","Virtual Pro-Wrestling 2: Freem Edition is a hack of AKI Corporation's Virtual Pro-Wrestling 2 on the Nintendo 64. The hack replaces various default VPW2 wrestlers with other wrestlers, most of whom have been in other AKI wrestling games. Unlike most other AKI wrestling game modding projects, the changes in VPW2 freem Edition are made by editing the ROM, meaning the resulting hack can be played on real hardware."
"Virtual Pro Wrestling 2: Oudou Keishou","","NTSC-J","Japan","Asmik Corp. of America","AKI USA, Inc.","2000-01-28","4","Yes","Fighting","Not Rated","The sequel to Virtual Pro Wrestling 64, and released only in Japan. The title translates to Royal Road Succession; the name of the career mode in the game. The fifth wrestling game developed by AKI Corporation. Contained many improvements from previous titles that would be featured in AKI's final Nintendo 64 wrestling game WWF No Mercy. Some features, such as creating masks in edit mode and the MMA style grappling system, would not be carried over to WWF No Mercy.

Virtual Pro Wrestling 2 carries the All Japan Pro Wrestling license, and features 21 wrestlers from their promotion. The rest of the characters included in the game are based on other real promotions and wrestlers, but due to copyright have fake names and appearances. This is common among other Japanese wrestling games. You can identify who the other wrestler's are by their unique moves and taunts, and the edit mode contains each piece of ring attire you would need to recreate their actual likeness.

In total, there are 98 wrestlers in the game, 23 of which have to be unlocked. There is also 16 original character slots you can use to edit and create your own wrestlers, bringing the potential total of wrestlers in the game to 114. This game has the largest roster of all of AKI's wrestling games. In comparison, WWF No Mercy would have 64 wrestlers available."
"Virtual Pro Wrestling 64","","NTSC-J","Japan","Asmik Corp. of America","AKI USA, Inc.","1997-12-19","4","Yes","Fighting","Not Rated","Over 78 wrestlers ready to rumble! The no.1 wrestling promotion in the world, WCW, takes on the world and combines talents from around the world to settle their scores, and take on the nWo led by Hollywood Hogan.

Hundreds of moves, 4 player action, this is wrestling!"
"Virtual Pro-Wrestling 2: Freem Edition","","Region Not Set","","Asmik Ace Entertainment","Asmik Ace Entertainment","2019-01-28","4","No","Fighting | Sports","T - Teen","Virtual Pro-Wrestling 2 freem Edition is a hack of AKI Corporation's Virtual Pro-Wrestling 2 on the Nintendo 64. The hack replaces various default VPW2 wrestlers with other wrestlers, most of whom have been in other AKI wrestling games. Unlike most other AKI wrestling game modding projects, the changes in VPW2 freem Edition are made by editing the ROM, meaning the resulting hack can be played on real hardware."
"Virtual Pro-Wrestling Salvo","","NTSC","United States of America","THQ","AKI Corporation","2024-02-11","4","No","Fighting","E - Everyone","Imported moves and taunts from later games
Running Special Grapples un-dummied (hold Control Stick while running when you have a Special; certain characters only)
New edit mode costume items
New Characters
Ric Flair (WCW 1)
nWo Sting (nWo White) (originally dummied out character)
Steve Austin (WWF)
Shawn Michaels (WWF)
The Undertaker (WWF)
The Rock (WWF)
Kane (WWF)
Cactus Jack (WWF)
Wrath (WCW 2)
Mitsuharu Misawa (AJPW)
Vader (AJPW)
Replacements
Shogun → Toshiaki Kawada (AJPW)
Executioner → Kenta Kobashi (AJPW)
Dr. Frank → Jumbo Tsuruta (AJPW)
Jekel → Dr. Death (AJPW)
Maya Inca Boy → Akira Taue (AJPW)
Hawk Hana → Gen'ichiro Tenryu (Free)
Kim Chee → Koji Kitao (Free)
Dake Ken → Atsushi Onita (Free)
Brickowski → Kodo Fuyuki (Free)
Ming Chee → Tarzan Goto (Free)
Han Zo Mon → Hayabusa (Free)"
"Waialae Country Club","Waialae Country Club: True Golf Classics","NTSC","","Nintendo","T&E Soft","1998-07-29","4","No","Sports","E - Everyone","One of the most beautiful golf courses in the world is now one of the most beautiful N64 games. The true physics of golf take the starring role in this ultra-realistic venture into the popular sport. You can customize the characteristics of up to 10 different golfers, including power, putting, recovery, and ability against the wind. Plan your approach, pick a club, get your stance just right, read the wind, decide whether you're going for spin, draw or fade, read the meter to get your power where you want it then swing! The six modes of play at your disposal are Waialae Open, Tournament, Stroke, Skins, Match, and Practice. A truly comprehensive game, WAIALAE COUNTRY CLUB will even calculate your handicap for you for use in later play. Up to four players can have a go in each game, with all stats and results saved to the game's memory. The graphics and player animations are outstanding, the play is seamless and intuitive, and the location just can't be beat. Spend your next vacation in Waialae, golf fans. Just don't expect it to be easy.

• Saves via Internal Memory (EEPROM)"
"Waluigi's Taco Stand","","NTSC","United States of America","","","2018-08-11","1","No","Unofficial","E - Everyone","Waluigi spent all his money at the casino and it was time to pay the rent. So a Koopa Troopa (named Mr. rent) allowed him to work at his taco stand to pay the rent and decided to give him a Mexican hat (sombrero). If Waluigi does a great job serving tacos, he becomes a winner."
"War Gods","","NTSC","","Midway Games","Eurocom","1997-05-21","2","No","Fighting","M - Mature 17+","Billions of years ago, a Being from a distant galaxy was transporting a precious cargo of life giving Ore. The turbulent formation of our solar system caused his ship to crash, scattering Ore over the molten surface of Planet Earth. Through the millennia, Ten Humans came into contact with the Ore and were transformed into super-evolved warriors. These are the WarGods.

• No save option available"
"Wave Race 64","","PAL","Germany","Nintendo","Nintendo EAD","1996-09-27","1","No","Sports","Not Rated","No overview is currently available for this title, please feel free to add one."
"Wave Race 64 (Lejespil)","","Region Not Set","","Nintendo","Nintendo","1997-01-01","4","No","Sports","E - Everyone","No overview is currently available for this title, please feel free to add one."
"Wave Race 64: Shindou Edition","","NTSC-J","Japan","Nintendo","Nintendo EAD","1997-07-18","4","No","Racing","E - Everyone","Like Super Mario 64, Wave Race 64 was re-released in Japan on July 18, 1997 as Wave Race 64 Shindō Pak Taiō Version (ウエーブレース64 振動パック対応バージョン?). This re-release took advantage of the Rumble Pak (known as the ""Shindō Pak"" in Japan), as well as adding ghost functions for time trial. In addition, some of the songs and sound effects in the game were altered as well.

The objective of each race is to not only to beat the other racers but also to successfully weave the jet-ski through various buoys. There are two types of buoys: red colored, which are signified by an R on them and must be passed on the right side, and yellow buoys, which are marked with an L and must be passed on the left side. Each time a buoy is correctly passed, a power arrow will light and the jet-ski will gain speed. Up to five arrows can be lit in order to obtain maximum power.
Failure to do either of these will result in a loss of power (though the arrows can be lit again) and missing five buoys over the course of a race will result in disqualification. Leaving the course (either by leaving the area limited by pink buoys or by leaving the water altogether) for more than ten seconds will also result in disqualification."
"Wayne Gretzky's 3D Hockey","","NTSC","","Midway Games","Midway","1996-11-11","4","No","Sports","E - Everyone","Tear up the ice with ""The Great One"", and experience lightning-fast skating, blistering one-timers and hard-hitting body checks! Hammer the puck and rip the net... with the world's best! NHLPA and NHL license means real players, team names, logos, and uniforms. Includes all 26 teams, each with 17 available players in their actual NHL lines. Real-time rendered 3D environment with 7 user-selectable cameras allowing players to view the action from all possible angles. Wayne's hockey strategies, skating moves and logic are incorporated into the AI engine.

• Saves via Controller Pak"
"Wayne Gretzky's 3D Hockey '98","","NTSC","","Midway Games","Software Creations","1997-12-03","4","No","Sports","E - Everyone","Take on ""The Great One"" again in this hot sequel to the smash hit voted ""Best Sports Game"" of '96! With more great features, such as new hidden teams and improved, hard-hitting AI, Gretzky '98 packs a wallop! Includes all 26 teams, each with 17 available players on their actual NHL teams, and you can make player trades or line manipulations to create a powerhouse team of your own. Play 3-on-3, 4-on-4 or 5-on-5 games on either arcade or regulation size hockey rinks, plus exhibition games, full 82 game seasons or a best-of-seven playoff series with full statistic saving capability.

• Saves via Controller Pak"
"WCW Backstage Assault","","NTSC","","Electronic Arts","Electronic Arts","2000-12-12","2","No","Sports","T - Teen","No-Holds-Barred Brawling! Over 50 WCW superstars, including the women of the WCW! 14 playable Backstage Areas, including the new Semi-Trailer Area. Destroy your enemy faster with power-ups! New - First Blood Mode and Torch matches! Use your environment as a weapon!

• Saves via Controller Pak"
"WCW Backstage Assault [MSA Gray Cart]","","Region Not Set","","Electronic Arts","Electronic Arts","2000-12-12","2","No","Sports","T - Teen","No overview is currently available for this title, please feel free to add one."
"WCW Mayhem","","NTSC","","Electronic Arts","Electronic Arts | 																Kodiak Interactive","1999-08-31","4","No","Sports","T - Teen","Out Of Hand. Out Of The Ring.

*Create a wrestler
*Over 50 WCW Superstars
*Six match types
*All TV and PPV Venues
*Real Ring Entrances
*12 Backstage areas.

• Saves via Controller Pak"
"WCW Nitro","","NTSC","","THQ","Inland Productions","1999-02-01","4","No","Sports","E - Everyone","Go for the gold, as you take on the Superstars of WCW and the NWO in Singles, Tag Team or Battle Royale competition! Set the stage - Fight in arenas from WCW's biggest events, including WCW Monday Nitro, Starrcade, and Halloween Havoc. Plus, TONS of hidden arenas, secret ""run-in"" characters, Nitro theme music, and brawling in and out of the ring! Who's next? You are, when you step into the ring with WCW Nitro, the fastest wrestling game to hit your N64! Take control of over 60 WCW and NWO Superstars! Dozens of devastating moves per wrestler, including trademark maneuvers, taunts, and finishers!

• Saves via Controller Pak"
"WCW Saturday Night","","NTSC","United States of America","THQ","AKI Corporation","2023-08-15","4","No","Sports","T - Teen","No overview is currently available for this title, please feel free to add one."
"WCW Vs. nWo: World Tour","","NTSC","","THQ","AKI USA, Inc.","1997-11-30","4","No","Sports","E - Everyone","Over 40 wrestlers in all, including over 20 WCW and NWO superstars like Hollywood Hogan, Sting, The Giant, Lex Luger, Ric Flair, The Outsiders and many more! Each wrestler is capable of performing 30 to 40 moves, including his own signature moves! Featuring five different gameplay modes, Tag Team and simultaneous four-player action!

• Saves via Controller Pak"
"WCW/nWo Revenge","WCWnWo Revenge","NTSC","","THQ","AKI USA, Inc.","1998-10-26","4","No","Sports","E - Everyone","More than 60 wrestlers, including ALL of the top WCW and NWO superstars! Awesome new features including wrestler entrances, all the real WCW belts, hidden weapons, instant replay, completely updated roster and complete user stats and arcade style scores! Enjoy real pay-per-view arenas, 40-man Battle Royale mode, and a costume editing feature!

• Saves via Internal Memory (SRAM)"
"WCW/nWo 레벤지 (REVENJI)","","NTSC","Korea (Republic of)","THQ","AKI Corporation","2020-02-10","4","Yes","Fighting | Unofficial","E - Everyone","WCW/nWo 레벤지 (REVENJI) is a ROM hack of WCW/nWo Revenge, created by RagDas.

Features
(Adapted from the readme file)

EWF has been replaced by AJPW, and the DAW roster has also been converted, meaning we now have the following roster additions to the game:
Kenta Kobashi (replaces Executioner)
Toshiaki Kawada (replaces Shogun)
Jumbo Tsuruta (replaces Dr. Frank)
Dr. Death (replaces Jekel)
Akira Taue (replaces Maya Inca Boy)
Genichiro Tenryu (replaces Hawk Hana)
Koji Kitao (replaces Kim Chee)
Atsushi Onita (replaces Dake Ken)
Kodo Fuyuki (replaces Brickowski)
Tarzan Goto (replaces Ming Chee)
Tiger Mask (replaces Han Zo Mon)
Masahiro Chono makes his official return from the roster of WCW vs. The World! He possesses the vast majority of his moves from Virtual Pro Wrestling 64, and occupies the final slot of DAW...at the expense of Virgil.
To round out the AJPW roster, Terry Gordy was added, who can now officially tag with Dr. Death! His moveset is heavily based on Steve Williams', with certain moves reflecting Gordy's VPW2 moveset. He replaces Sonny Onoo.
Wrath is more complete. What does that mean? No more glitched Snake Eyes or Boston Crab and an actual costume of his own (at the expense of Mortis').
Nitro has been converted into a facsimile of the 'lost' arena from VPW2."
"Wetrix","","NTSC","","Ocean Software Ltd.","Zedtwo Game Design Studio","1998-06-01","2","Yes","Puzzle","E - Everyone","A rainstorm so fierce, it will keep you from leaving your home for the next six months. Wetrix just might be the most addictive puzzle game of all time. Using randomly shaped 3D blocks as they fall from the sky, you must create a series of lakes and dams before the heavy rains appear. Because if the water drains, you lose! Sound simple? Well, mix in a few natural disasters and bomb attacks, and suddenly you need to muster all your strategy and skill to combat nature's fury!

• Saves via Controller Pak"
"Wheel of Fortune","","NTSC","","Take-Two Interactive Software, Inc.","GameTek, Inc.","1997-12-02","3","No","Puzzle","E - Everyone","This game is an interactive version of the popular U.S. quiz show Wheel of Fortune complete with hostess Vanna White.

The game is played by trying to find a hidden word with only a few guesses allowed for the letters which is very similar to the pen and paper game Hangman. The other round which features the Wheel of Fortune involves you spinning the wheel which has various prizes both good and bad and whatever the pointer stops on when it stops revolving is what the player wins. This can be cash, a free spin or if you're very unlucky Bankruptcy which means you lose all the money you've earned up to that point.

Up to 3 Players can play together in multiplayer mode.

• No save option available"
"WildWaters","","Region Not Set","","Ubisoft Entertainment","Looking Glass Studios, Inc.","1999-01-01","","No","Sports","","WildWaters is an unreleased game for the Nintendo 64.

In development at Looking Glass in 1999, this kayak title was only shown behind closed doors at that year’s E3 expo. When the developer closed shop, the title disappeared. The following info was used in the announcement of the title: 

The water-based arcade racer will offer six different characters to choose from as well as three different kayak types, each with their own respective strengths and weaknesses. Wildwater will send up to two players down six perilous river courses, highlighted by realistic water physics and eye-popping graphics. Ubi Soft is promising five different gameplay modes, including Arcade, Time Trial, Championship, Finals and Versus Battle."
"WinBack: Covert Operations","Winback Covert Operations | Winback","NTSC","United States of America","Koei Co., Ltd.","Omega Force","1999-10-20","1","Yes","Shooter","T - Teen","A terrorist group calling itself the Crying Lions is about to take over the world with its mighty satellite and Jean-Luc Cougar is the only one who can stop it. As Jean-Luc, a covert operative working for the Strategic Covert Actions Team, you are responsible for taking back a Lions-controlled base and regaining power of the satellite. Some of the weapons you'll have to acquire and use to defeat the terrorists are handguns, shotguns, and machine guns, though you'll also need to access such materials as explosives, detectors, flashlights and medical kits in order to succeed. A refreshing take on the traditional action game, WINBACK requires as much stealth and strategy as it does reflexes and use of weaponry. The game features six different multiplayer modes, supporting up to four players: Death Match, Lethal Tag, Quick Draw, Cube Hunt, Team Battle, and Point Match. You select your difficulty level and you can even start off in a Tutorial mode to get the controls down.

• Saves via Controller Pak"
"Wipeout 64","","NTSC","","Midway Games","Psygnosis Limited","1998-11-03","4","No","Racing","E - Everyone","WipEout 64 was released by Psygnosis as a follow-up to the racing game WipEout XL, taking place one year later in 2098. Like in previous installments players control highspeed hovercrafts, pick up weapons to damage the opponents' vehicles and try to finish the race in the first position. In many aspects, the gameplay is pretty similar to its predecessor, such as selection of hovercrafts, visuals or the handling system. Beside new racing tracks the main differences include a Split-Screen Multiplayer Mode (up to four players), Weapon & Super Combo Challenges as well as various Special Weapons for each Team!

• Saves via Controller Pak"
"Wonder Project J2","ワンダープロジェクト J2 コルロの森のジョゼット | Wonder Project J2: Koruro no Mori no Jozet | Wonder Project J2: Corlo no Mori no Josette","NTSC-J","Japan","Enix Corporation","Givro","1996-11-22","1","No","Life Simulation","Not Rated","Wonder Project J2 takes place 15 years after the events of the first Wonder Project J game and focuses on a gijin (robot) girl named Josette. The game begins with Josette leaving her home on Corlo Island and traveling to Blueland, where she must learn to behave like a human and ultimately stop an empire from destroying the world."
"World Cup 98","Copa del Mundo: Francia 98 | Coupe du Monde 98 | Frankreich 98: Die Fussball-WM","NTSC","","Electronic Arts","EA Sports","1998-05-18","4","No","Sports","E - Everyone","The main feature of the game is the World Cup tournament itself, where the player may use either the actual groups used in the finals, or groups composed of a random selection of the included teams. Each match takes place in a recreation of the venue it was played in the actual tournament. As in the real tournament, group games do not go to extra time or a penalty shootout but knockout matches do.

• Saves via Controller Pak"
"World Driver Championship","","NTSC","","Midway Games","Boss Game Studios","1999-06-16","2","No","Racing","E - Everyone","One of the last racing simulations to be released for Nintendo 64, this graphically intensive title used custom microcode optimization and high polygon count modelling. The development team was able to optimize the usage of the various processors within the N64 to allow far draw distance (reducing the need for fog or pop-up), high detail texturing and models, Doppler effect audio, and advanced lighting and fog effects for realistic weather conditions. Impressively the game has a high resolution 640x480 mode that does not require the add-on N64 RAM Expansion Pak. Additionally, unlike many other games of its type on the platform, the game runs high resolution at a sufficiently playable pace, undoubtedly due to the use of a reduced screen area letterbox mode that lessens the number of pixels needing to be displayed.

• Saves via Controller Pak"
"Worms Armageddon","","NTSC","","","","1999-06-24","4","No","Strategy","E - Everyone","Those intrepid invertebrates return with a vengeance in the much-loved Worms Armageddon. It’s a whole new can of worms!"
"WWF Attitude","","NTSC","","Acclaim Entertainment, Inc.","Iguana Entertainment","1999-07-31","4","No","Fighting | Sports","T - Teen","Now featuring over 40 of your favorite WWF superstars! Customize your own wrestler's move sets and costumes. Over 20 game modes including all-new specialty matches. Real-life WWF entrances and theme songs. Wrestle your way to the title in an all-new career mode. First ever Create-Your-Own Pay-Per-View Mode! Two-man commentary featuring Shane McMahon and Jerry ""The King"" Lawler.

• Saves via Controller Pak"
"WWF No Mercy","","NTSC","","THQ","AKI USA, Inc.","2000-11-17","4","No","Sports","T - Teen","Jump into the ring with the biggest, baddest jambronis around and experience brutal WWF action never before seen in a console game! Over 65 WWF superstars, all-new Ladder matches, and all-new Double-Team moves, like the Dudley 3D Deathdrop! Take on the entire Federation in Survival Mode. Take the action out of the ring in 10 different backstage areas!

• Saves via Internal Memory (FlashRAM) - Secondary Saves via Controller Pak"
"WWF No Mercy Plus V3","","NTSC-U","United States of America","THQ","AKI Corporation","2025-11-12","4","Yes","Fighting | Sports","T - Teen","No overview is currently available for this title, please feel free to add one."
"WWF War Zone","","NTSC","","Acclaim Entertainment, Inc.","Iguana Entertainment","1998-08-11","4","No","Fighting","T - Teen","WWF WARZONE is here for your N64, featuring the top superstars in the World Wrestling Federation! Signature and finishing moves unique to each wrestler. Specialized matches including Steel Cage Match. Four-player action with Tag Team, Tornado, War, and Training Modes! Over 300 motion captured maneuvers. Create and save up to 30 customized wrestlers!

• Saves via Controller Pak"
"WWF WrestleMania 2000","","NTSC","","THQ","AKI USA, Inc.","1999-10-31","4","No","Sports","T - Teen","The greatest wrestling game ever created! Tons of game modes, including Cage Match, Road to Wrestlemania, Create a PPV, and more! Create and bet WWF Championship belts with your friends. Over 50 of the top WWF superstars, more than any other WWF game! Thousands of signature moves, taunts, and mannerisms. New Create a Wrestler, with custom moves, costumes, and fighting styles!

• Saves via Internal Memory (SRAM) - Secondary Saves via Controller Pak"
"WWF Wrestlemania X","","NTSC","United States of America","THQ","AKI Corporation","2024-05-20","4","No","Fighting","T - Teen","WWF Wrestlemania X is a rom hack of WWF Wrestlemania 2000, featuring the stars of the New Generation Era."
"Xena: Warrior Princess - The Talisman of Fate","","NTSC","","Titus Interactive, S.A..","Saffire Corporation","1998-12-14","4","No","Fighting","T - Teen","Xena shall choose the defenders of the world. We have seen them in the memories of her exploits. So come together, Earth's greatest heroes and villains. Choose your weapons wisely and let the battles begin! Just remember, each victory only brings you closer to challenging the embodiment of darkness... Despair himself! Each of Xena's 10 characters possess their own unique weapons, attitudes and fighting techniques. Exclusive multi-player feature includes a roster mode, plus team and single battles.

• Saves via Controller Pak"
"Xeno Crisis","","NTSC","","Bitmap Soft","Bitmap Bureau","2019-10-28","2","Yes","Action | Shooter","T - Teen","Xeno Crisis is an arena shooter in which one or two players take control of battle-hardened marines embarking on a deadly mission to confront an alien menace and get home alive! Run and gun your way through thousands of adversaries as you explore the devastated research outpost, searching for survivors, and ultimately facing the origin of the outpost's demise. Outpost 88 is divided into seven distinct areas, each being randomly generated with each play, meaning that your strategy must evolve on the fly if you're to succeed in your mission. Collect dog-tags from vanquished enemies to upgrade your equipment between areas and look out for special weapons which will give you a momentary advantage. • A faithful port of the hit 16 bit game with added extras. • Incredible pixel art from the legendary pixel artist, Henk Nieborg. • Intense FM chiptune soundtrack by Savaged Regime, originally created for the YM2612! • Two difficulty levels and three modes of play. • An arsenal of 10 weapons to master. • Play solo or local co-op with a friend!"
"Yakochu II: Satsujin Koro","","NTSC-J","","Athena Co., Ltd.","Athena Co., Ltd.","1999-10-22","1","No","Adventure","Not Rated","Yakouchuu II: Satsujin Kouro is an Adventure game, developed and published by Athena, which was released in Japan in 1999."
"Yoshi's Story - International Version","","Region Not Set","","","","1996-07-01","1","No","Platform","E - Everyone","No overview is currently available for this title, please feel free to add one."
"Yoshi's Story","","NTSC","United States of America","Nintendo of America, Inc.","Nintendo EAD","1998-03-10","1","No","Platform","E - Everyone","Baby Bowser has taken the Super Happy Tree and cast a spell on Yoshi's world, turning it into the pages of a picture book. The only Yoshies not affected by the spell were six hatchlings that were still protected by their shells. It's up to them to reclaim the Super Happy Tree and restore happiness to the world. That is the only thing that can break Baby Bowser's Spell!

• Saves via Internal Memory (EEPROM)"
"Yoshi's Story [Player's Choice]","","NTSC","United States of America","Nintendo","Nintendo","1999-01-01","1","No","Action | Adventure | Family","E - Everyone","Baby Bowser has cast a spell on Yoshi's world, turning it into the pages of a picture book. It is up to the remaining Yoshi's to restore happiness to the world."
"Yuke-Yuke!! Trouble Makers","Mischief Makers","NTSC-J","Japan","Enix Corporation","Treasure","1997-06-27","1","No","Platform","Not Rated","No overview is currently available for this title, please feel free to add one."
"Zelda 64: Dawn & Dusk","Zelda 64 - Dawn & Dusk | Legend of Zelda, The - Dawn & Dusk","Region Not Set","","Nintendo","Nintendo EAD","2019-09-22","1","No","Action | Adventure | Role-Playing | Puzzle | Platform","E - Everyone","""Zelda 64: Dawn & Dusk"" is a brand new disk expansion for ""The Legend of Zelda: Ocarina of Time"". This expansion is a brand new Legend of Zelda adventure. It uses the same assets and game engine as Ocarina of Time, but features a new world and story. The game is set in a once-great kingdom now split between east and west. In a bid for power, the west tried to tame a legendary beast. However, this creature ended up attacking the east, resulting in a costly war for both sides. Thankfully, a legendary priestess confronted the beast and forced it into a deep slumber. Although this brought an end to the hostilities, each kingdom ultimately fell into ruin. You play as a young descendant of this priestess. And now the time has come for you to set out for the Duskside to stop the beast from rising a gain."
"Zelda no Densetsu: Mujura no Kamen","The Legend of Zelda: Majora's Mask | ゼルダの伝説 ムジュラの仮面","NTSC-J","Japan","Nintendo","Nintendo EAD","2000-04-27","1","No","Action | Role-Playing","Not Rated","Link's all-new epic adventure lands him in the mystical world of Termina, where ever-present clocks count down the hours until a menacing moon falls from the sky above. When his horse and Ocarina are stolen by a strange, masked figure, Link embarks on an urgent quest to solve the mystery of the moon, save the world from destruction, and find his way back to the peaceful land of Hyrule.

-Link transforms before your eyes -Over 20 magical masks give Link powers and abilities he’s never had before! Watch him transform into hapless Deku Child, a mighty Gordon hero and a legendary Zora guitarist.

-Race against time -Characters and events flow with the hours of the day. Set your own schedule and even alter time itself in a race to stop the moon and save the world!

-Panoramic environments! Powered-up action battles! Fully interactive characters and events! Experience gorgeous rendered landscapes, swarms of attacking enemies and a deep, engrossing world of wonders with the power of the N64 Expansion Pak."
"Zelda no Densetsu: Toki no Ocarina","The Legend of Zelda: Ocarina of Time | ゼルダの伝説 時のオカリナ","NTSC-J","Japan","Nintendo","Nintendo EAD","1998-11-21","1","No","Action | Adventure","Not Rated","Ganondorf, the evil King of Thieves, is on the move, threatening the peaceful land of Hyrule.  He is determined to steal his way into the legendary Sacred Realm in hopes of harnessing the power of the mythical Triforce.  As the young hero Link, it is your destiny to thwart Ganondorf’s evil schemes.  Navi, your guardian fairy, will guide you as you venture through the many regions of Hyrule, from the volcanic caves of Death Mountain to the treacherous waters of Zora’s Domain.  Before you complete this epic quest, you’ll delve into deadly dungeons, collect weapons of great power and learn the spells you need to conquer the most irresistible force of all-time.

• The immersive storyline and environments draw players into an amazing 3D world.
• Time travel allows you to play as Link in different stages of his life.
• New gameplay features include a unique targeting system and 1st and 3rd person perspectives.
• Up to three games can be saved simultaneously to memory!"
"Zoor: Majuu Tsukai Densetsu","ズール 魔獣使い伝説","NTSC-J","Japan","Imagineer Co., Ltd.","Pandora Box","1999-06-11","1","No","Role-Playing","Not Rated","Zoor: Majū Tsukai Densetsu (ズール 魔獣使い伝説) is a role-playing video game for the Nintendo 64. It was released in 1999 in Japan only.

The gameplay is similar to Pokémon in that it shares the same concept of catching monsters. Your character finds a monster and raises it to battle evil. The towns are presented in a top down view. The houses, inns, bars, dungeons and shops are fixed points you can put a cursor over. The battle system features a bar of musical notes that the player uses to command the monsters. You can carry up to four monsters at a time."
"64 Trump Collection - Alice&#039;s Exciting Trip to Trump World","64 Trump Collection: Alice no Waku Waku Trump World (JP) 64 Trump Collection: Alice no Waku Waku Trump World is a card game based on Alice in Wonderland for the Nintendo 64. It was released in 1998 in Japan only.","NTSC-J","Japan","Bottom Up","Bottom Up","1998-08-07","4","No","Adventure | Puzzle","Not Rated","64 Trump Collection: Alice no Waku Waku Trump World is a card game based on Alice in Wonderland for the Nintendo 64. It was released in 1998 in Japan only. ESRB Rating: Not Rated Genre(s): Adventure | Puzzle"
"1080° Snowboarding [Player&#039;s Choice]","","NTSC-U","United States of America","Nintendo","Nintendo EAD","1999-01-01","2","No","Sports","E - Everyone","You’re taking a Tahoe 155 snowboard down a steep, bumpy incline at night and you’re about to top off an Indy Nosebone with a 360° Air, and you haven’t even left your living room! You’re Playing 1080° (Ten Eighty) Snowboarding, a game so intense you’ll be brushing the snow off your goggles. With five different boarders, eight different Lamar snowboards, more than 25 tricks, a Half-Pipe and six different courses, this is as close as you’ll get to the real thing without hopping on the next ski lift. • Six game modes and courses! • 2-Player simultaneous play! • Over 25 different tricks! • Compatible with Rumble Pak accessory. Trailer: YouTube ESRB Rating: E - Everyone Genre(s): Sports"
"Aleck Bordon Adventure 4th Story: Tower &amp; Shaft","Tower & Shaft: Aleck Bordon no Fuyukai na Nakamatachi | Tower & Shaft: Aleck Bordon Adventure Tower &amp; Shaft: Aleck Bordon no Fuyukai na Nakamatachi is an enhanced remake of the Macintosh games NS-Tower and NS-Shaft bundled together into one game. Players control an adventurer Aleck Bordon, who is tasked to unseal the divine power of treasures hidden within two temples: Tower &amp; Shaft. In Tower, players hold and release a button to jump, while Aleck automatically moves left and right. It&#039;s important to release the button before Aleck falls off any of the platforms he&#039;s walking on and falling off the screen leads to a game over. In Shaft, players can move Aleck left and right and the objective is to fall on the platforms below him. Losing this game is possible by falling off the screen or getting squished by the spikes above that descend on the player. The game features a story mode and endless mode with high scores being saved only for the Endless mode. This game is a hack/port from the Aleck64 Arcade to work on Nintendo 64.","NTSC-J","Japan","Azure","Azure","2003-01-01","1","No","Platform | Unofficial","Not Rated","Tower &amp; Shaft: Aleck Bordon no Fuyukai na Nakamatachi is an enhanced remake of the Macintosh games NS-Tower and NS-Shaft bundled together into one game. Players control an adventurer Aleck Bordon, who is tasked to unseal the divine power of treasures hidden within two temples: Tower &amp; Shaft. In Tower, players hold and release a button to jump, while Aleck automatically moves left and right. It&#039;s important to release the button before Aleck falls off any of the platforms he&#039;s walking on and falling off the screen leads to a game over. In Shaft, players can move Aleck left and right and the objective is to fall on the platforms below him. Losing this game is possible by falling off the screen or getting squished by the spikes above that descend on the player. The game features a story mode and endless mode with high scores being saved only for the Endless mode. This game is a hack/port from the Aleck64 Arcade to work on Nintendo 64. ESRB Rating: Not Rated Genre(s): Platform | Unofficial"
"Army Men: Sarge&#039;s Heroes","","NTSC","United States of America","3DO","3DO","2000-11-16","4","No","Action | Shooter","T - Teen","CONFIDENTIAL. 0600 hours: Tan forces captured Bravo Company Commandos. General Plastro has new weapons of mass destruction: magnifying glass, M-80 firecrackers and the garbage disposal. This is a job for Sarge. Requisition M-60s, shotguns, bazookas, flame throwers, grenades, sniper rifles, mortars, mine sweepers and plenty of ammo. Good luck, soldier. • Saves via Controller Pak Trailer: YouTube ESRB Rating: T - Teen Genre(s): Action | Shooter"
"Army Men: Sarge&#039;s Heroes 2 [Gray Variant]","","NTSC-U","United States of America","","3DO","2000-09-27","4","No","Action","T - Teen","Army Men: Sarge&#039;s Heroes 2 [Gray Variant] ESRB Rating: T - Teen Genre(s): Action"
"Army Men: Sarge&#039;s Heroes 2","","NTSC","United States of America","3DO","3DO","2000-07-15","4","No","Action","T - Teen","The boys are back and ready to do battle! Sarge and the Bravo Company Commandos managed to foil the Tan Army&#039;s first assault, but do they have what it takes this time? General Plastro has teamed up with Brigitte Bleu, a diabolically treacherous Blue Spy, to destroy the Green Nation once and for all. The adventure continues as Sarge and Vikki fight their way over pool tables, under beds and across desktops to the final showdown against Plastro and his troops. Prepare for another gigantic battle! It&#039;s Real Combat. Plastic Men. • Missions include a refrigerator, pinball machine and a toy store showdown! • New worlds, new weapons and new characters! • Interactive environments and incredible detail bring &quot;their world&quot; into &quot;our world!&quot; • Saves via Controller Pak Trailer: YouTube ESRB Rating: T - Teen Genre(s): Action"
"Banjo-Kazooie - Gruntilda&#039;s Mask","BK-Gruntilda's Mask v_1.2 Mod by Kurko Mods YOU&#039;VE MET WITH A TERRIBLE FATE, HAVEN&#039;T YOU? Gruntilda has found the Majora Mask and, using a powerful spell, has created an ever dearlier item, the Gruntilda&#039;s Mask. Explore the secrets of Clock Town and find the way to climb to the top of the Clock Tower... CONTENT: -100 Notes -20 Jiggies -18 Honeycomb Pieces -20 Mumbo Tokens and more...","NTSC","","","","2019-01-01","1","No","Adventure","E10+ - Everyone 10+","Mod by Kurko Mods YOU&#039;VE MET WITH A TERRIBLE FATE, HAVEN&#039;T YOU? Gruntilda has found the Majora Mask and, using a powerful spell, has created an ever dearlier item, the Gruntilda&#039;s Mask. Explore the secrets of Clock Town and find the way to climb to the top of the Clock Tower... CONTENT: -100 Notes -20 Jiggies -18 Honeycomb Pieces -20 Mumbo Tokens and more... ESRB Rating: E10+ - Everyone 10+ Genre(s): Adventure"
"Banjo-Kazooie - Santa&#039;s Village","BK_Santa's_Village_v1.1 Mod by Kurko Mods","NTSC","","","","2023-01-01","1","No","Platform | Unofficial","Not Rated","Mod by Kurko Mods ESRB Rating: Not Rated Genre(s): Platform | Unofficial"
"Banjo-Kazooie : Cheato&#039;s Challenges","Banjo-Kazooie - CheatosChallenges | CheatosChallenges_v1.0 Explore Cheato&#039;s Library and conquer six Stories, each written by a different Author! Mod by: Bynine, ThatCowGuy, BanjoFreak64, Brady, Squash, RetroNuva10","NTSC","United States of America","","","2022-03-01","1","No","Adventure","E - Everyone","Explore Cheato&#039;s Library and conquer six Stories, each written by a different Author! Mod by: Bynine, ThatCowGuy, BanjoFreak64, Brady, Squash, RetroNuva10 ESRB Rating: E - Everyone Genre(s): Adventure"
"Bust-A-Move &#039;99","Bust-A-Move 3 DX | Puzzle Bobble 3 Think you&#039;ve busted with the best? Not until you&#039;ve faced Bust-A-Move &#039;99! With intense 4-player competition, all new graphics, and create-a-level mode, you&#039;ve never busted bubbles like these! And with eight new mysterious characters to save, you&#039;ll be bustin&#039; like crazy to solve all the puzzles and send them home! • Saves via Controller Pak","NTSC","","Acclaim Entertainment, Inc.","Distinctive Developments","1999-04-30","4","No","Puzzle","E - Everyone","Think you&#039;ve busted with the best? Not until you&#039;ve faced Bust-A-Move &#039;99! With intense 4-player competition, all new graphics, and create-a-level mode, you&#039;ve never busted bubbles like these! And with eight new mysterious characters to save, you&#039;ll be bustin&#039; like crazy to solve all the puzzles and send them home! • Saves via Controller Pak Trailer: YouTube ESRB Rating: E - Everyone Genre(s): Puzzle"
"Charlie Blast&#039;s Territory","","NTSC","","Kemco","Realtime Associates, Inc.","1999-04-02","4","No","Puzzle","E - Everyone","Charlie Blasts Territory is categorized as a 3D-Puzzle Game, released in 1999 by publisher Kemco. It combines solving intricate puzzles and blowing things up using tons of TNT! Use Charlie and his demolition skills to destroy the dams with bombs to free the life-giving water from other lakes in order to refill Rainbow Valley Lake. If you&#039;re looking for a human challenge, Charlie Blast&#039;s Territory also offers a multiplayer function that lets you go head-to-head against a bomb-blasting friend! • Saves via Password Trailer: YouTube ESRB Rating: E - Everyone Genre(s): Puzzle"
"Cruis&#039;n USA","Cruis 'n USA Slam the pedal to the metal and hang on for a wild race across the highways of America. Catch tall the roadside scenery and famous landmarks from three different driving perspectives -- from San Francisco&#039;s Golden Gate Bridge, South Dakota&#039;s Mount Rushmore to the rolling hills of Appalachia. Experience the treacherous turns and famous landmarks as you drive across America! Select one of five difficulty levels and even remove street traffic or rivel racers from the course. Select one of ten short courses or go the distance on an textended 14-stage road race. A split screen perspective allows two players to share the action simultaneously. With the N64 Controller as your steering wheel,you have the precision to make the tightest of turns and quickest maneuvers. There&#039;s no better way to experience the excitement of cross-country racing! • Saves via Internal Memory (EEPROM) - Secondary Saves via Controller Pak","NTSC","United States of America","Nintendo","Midway Games","1996-12-18","2","No","Racing","E - Everyone","Slam the pedal to the metal and hang on for a wild race across the highways of America. Catch tall the roadside scenery and famous landmarks from three different driving perspectives -- from San Francisco&#039;s Golden Gate Bridge, South Dakota&#039;s Mount Rushmore to the rolling hills of Appalachia. Experience the treacherous turns and famous landmarks as you drive across America! Select one of five difficulty levels and even remove street traffic or rivel racers from the course. Select one of ten short courses or go the distance on an textended 14-stage road race. A split screen perspective allows two players to share the action simultaneously. With the N64 Controller as your steering wheel,you have the precision to make the tightest of turns and quickest maneuvers. There&#039;s no better way to experience the excitement of cross-country racing! • Saves via Internal Memory (EEPROM) - Secondary Saves via Controller Pak Trailer: YouTube ESRB Rating: E - Everyone Genre(s): Racing"
"Conker&#039;s Bad Fur Day","","NTSC","United States of America","Rare, Ltd.","Rare, Ltd.","2001-03-05","4","Yes","Platform","M - Mature 17+","Conker&#039;s Bad Fur Day is a 2001 N64 video game developed by Rare and released by Rare Inc., under license by Nintendo of America, in the USA on March 5, 2001. The guys at Rare have been very, very naughty. The day after his 21st birthday bash, Conker&#039;s sporting the worst hangover ever, and he just can&#039;t seem to find his way home. Prepare to stagger through randy, raunchy, raucous scenarios crammed full of bad manners, twisted humor, and graphic bodily functions. Unless you&#039;re a fan of violence, foul language, and racy innuendo, you&#039;d best steer clear of this one. * Warped characters... Meet slow-witted farm implements, a well-endowed sunflower, and a mysterious beast known only as the Great Mighty Poo. * Bizarre Behaviors... Transform into a vampire&#039;s guano-dropping lackey, battle a caveman whose bone is worse than his bite, and storm the beach in an amphibious assault on an army of sinister stuffed bears. * Frenetic multiplayer modes... Team up with friends or go it alone in seven different multiplayer games or five different free-for-all arenas. ESRB Rating: M - Mature 17+ Genre(s): Platform"
"Command &amp; Conquer","","NTSC","","Nintendo","Looking Glass Studios, Inc.","1999-05-31","1","No","Strategy","T - Teen","Command &amp; Conquer is a real-time strategy game developed by Westwood Studios and released by Nintendo in 1999. Like the PC version released in 1995, C&amp;C focuses on the war between two ficitional organizations - The Brotherhood of NOD &amp; the Global Defense Initiative. When a mysterious resource called Tiberium emerged on Earth, a conflict developed between both factions, as the GDI wanted to contain the biological material while the Brotherhood wanted to harness it. 15 missions on either side are available in which various units and structures, including artillery, tanks or light infantry, have to be used adequately to crush the enemy base, find traitors, protect vehicles or conquer certain areas. • Saves via Internal Memory (FlashRAM) ESRB Rating: T - Teen Genre(s): Strategy"
"Conker&#039;s Bad Fur Day - Uncensored Edition","","NTSC-U","United States of America","Rare, Ltd.","Rare, Ltd.","2001-03-05","4","Yes","Action | Adventure | Platform","M - Mature 17+","The day after his 21st birthday bash, Conker&#039;s sporting the worst hangover ever, and he just can&#039;t seem to find his way home. Prepare to stagger through randy, raunchy, raucous scenarios crammed full of bad manners, twisted humor, and graphic bodily functions. Unless you&#039;re a fan of violence, foul language, and racy innuendo, you&#039;d best steer clear of this one. ESRB Rating: M - Mature 17+ Genre(s): Action | Adventure | Platform"
"Corruption&#039;s Embrace","Ocarina of Time - Corruption's Embrace Corruption&#039;s Embrace is a ROM hack created by Skiirote and an entry in the 2024 Hylian Modding Horror Competition.","NTSC","","","","1970-01-01","1","No","Adventure","E - Everyone","Corruption&#039;s Embrace is a ROM hack created by Skiirote and an entry in the 2024 Hylian Modding Horror Competition. ESRB Rating: E - Everyone Genre(s): Adventure"
"Cruis&#039;n Exotica","Cruis 'n Exotica GET EXOTIC! …from Atlantis to Mars and everywhere in between. Race in style! Cruis’n Exotica takes you to fantastic locales in even more fantastic vehicles. Race through steamy Jurassic jungles or on the ocean floor. Midair stunts keep the action nonstop! Valuable shortcuts and nitro boosts speed up the already fast-paced action! Fantastic driving excitement straight from the arcade! 28 exotic cars to race! 1 to 4 player non-stop racing action! Turbo boosts, stunts, nitros and more! 60 tracks from around the world! Three modes of play to choose from! • Saves via Internal Memory (EEPROM)","NTSC","United States of America","Midway Games","Midway Games","2000-10-16","4","No","Action | Racing","E - Everyone","GET EXOTIC! …from Atlantis to Mars and everywhere in between. Race in style! Cruis’n Exotica takes you to fantastic locales in even more fantastic vehicles. Race through steamy Jurassic jungles or on the ocean floor. Midair stunts keep the action nonstop! Valuable shortcuts and nitro boosts speed up the already fast-paced action! Fantastic driving excitement straight from the arcade! 28 exotic cars to race! 1 to 4 player non-stop racing action! Turbo boosts, stunts, nitros and more! 60 tracks from around the world! Three modes of play to choose from! • Saves via Internal Memory (EEPROM) Trailer: YouTube ESRB Rating: E - Everyone Genre(s): Action | Racing"
"ClayFighter: The Sculptor&#039;s Cut","Clay Fighter: Sculptor's Cut Get ready to crumble... with this special edition of the world&#039;s funniest fighting game! This &quot;director&#039;s cut&quot; contains many extras added to the original Clay Fighter 63 1/3 game. You might lose lives, you might lose limbs, but don&#039;t lose your sense of humor! 12 eccentric fighters plus 4 additional clay combatants only found in this version. More snide remarks and barbed wit will have you crying from laughing so hard! Original characters get additional attacks for an all-new experience. Enhanced camera angle stays put to see more details in the environment and improve fight control! • No save option available","NTSC","","Interplay Entertainment Corp.","Interplay Entertainment Corp.","1998-05-01","2","No","Fighting","T - Teen","Get ready to crumble... with this special edition of the world&#039;s funniest fighting game! This &quot;director&#039;s cut&quot; contains many extras added to the original Clay Fighter 63 1/3 game. You might lose lives, you might lose limbs, but don&#039;t lose your sense of humor! 12 eccentric fighters plus 4 additional clay combatants only found in this version. More snide remarks and barbed wit will have you crying from laughing so hard! Original characters get additional attacks for an all-new experience. Enhanced camera angle stays put to see more details in the environment and improve fight control! • No save option available Trailer: YouTube ESRB Rating: T - Teen Genre(s): Fighting"
"Cruis&#039;n World","","NTSC","United States of America","Midway Games","Midway Games","1998-09-28","4","No","Racing","E - Everyone","Wanna see the world the easy way? Cruise it! Race through the deserts of Australia, zip through the streets of Paris or blast through the roadways of China! Play the new Championship mode to earn power-ups and secret cars! Go it alone or challenge up to three friends to see who’s the fastest! Check your passport at the door. With Cruisin’ World, you’ve got the power! Play the new Championship mode to earn power-ups and secret cars! Take in scenery from 14 courses around the world! Choose from 12 different cars! Four-player simultaneous racing! Compatible with the Rumble Pak’ accessory • Saves via Internal Memory (EEPROM) Trailer: YouTube ESRB Rating: E - Everyone Genre(s): Racing"
"Demon&#039;s Quest","Ocarina of Time- Demon's Quest Demon&#039;s Quest is a ROM hack created by thinedave and Aegiker. Ocarina of Time: Demon&#039;s Quest is a gameplay mod that aims to make the game more challenging to the experienced player. Shield Durability: Consider dodging. Shields can be re-bought at a shop. Perfect Block: Don&#039;t want to lose stamina? Don&#039;t want to lose durability? Don&#039;t want to take damage? Now you can have it all. Stamina: Every combat action you take drains stamina. No longer can you mindlessly swing your sword about and win. Life Drain: Upon death, a heart container is drained from your life. Consult the Great Fairies for aid. Triple Damage: Those Deku Babas aren&#039;t playing anymore. Potions: Drinking a potion no longer pauses the game.","NTSC","","","","1970-01-01","1","No","Adventure","E - Everyone","Demon&#039;s Quest is a ROM hack created by thinedave and Aegiker. Ocarina of Time: Demon&#039;s Quest is a gameplay mod that aims to make the game more challenging to the experienced player. Shield Durability: Consider dodging. Shields can be re-bought at a shop. Perfect Block: Don&#039;t want to lose stamina? Don&#039;t want to lose durability? Don&#039;t want to take damage? Now you can have it all. Stamina: Every combat action you take drains stamina. No longer can you mindlessly swing your sword about and win. Life Drain: Upon death, a heart container is drained from your life. Consult the Great Fairies for aid. Triple Damage: Those Deku Babas aren&#039;t playing anymore. Potions: Drinking a potion no longer pauses the game. ESRB Rating: E - Everyone Genre(s): Adventure"
"Disney/Pixar A Bug&#039;s Life","","NTSC","United States of America","Activision","Disney Interactive","1998-11-06","1","No","Adventure","E - Everyone","As hopeful hero Flik, you&#039;re the colony&#039;s last chance against the seed-grubbing grasshoppers. Run, fly, kick, squish, and slide through 15 challenging levels of 3-D animated gameplay. Outmaneuver 13 types of enemies, including The Bird and her deadly beak. Then, throw your weight around with tough antics like the Berry Attack and the Butt-Bounce. Because on this ride, you&#039;ll need more than just high hopes. • Search for power-ups, tokens and objects to use in the &quot;Living World.&quot; • Get a bug&#039;s-eye-view of a magical 3-D world. • Swing, fly, slide and navigate Flik through immense bug-infested levels. • Saves via Controller Pak Trailer: YouTube ESRB Rating: E - Everyone Genre(s): Adventure"
"Disney&#039;s Tarzan","","NTSC","","Activision","Konami","1999-07-15","1","No","Action | Platform","E - Everyone","The player takes control of the eponymous Tarzan who ultimately has to save his home, the jungle, from Clayton, a hunter for gorillas. Tarzan starts up as a child learning the skills of the apes. The game has 3 difficulties: easy, medium and hard. In the easy and medium difficulties, little Tarzan gets tips from his friend Turk. Tarzan&#039;s enemies are monkeys, baboons, eagles, and different animals, including some humans and Clayton. • Saves via Controller Pak ESRB Rating: E - Everyone Genre(s): Action | Platform"
"Disney&#039;s Donald Duck: Goin&#039; Quackers","Donald Duck: Goin' Qu@ckers | Donald Duck - Quack Attack Keeping Donald content is about as easy as herding cats, but everyone&#039;s favorite fusspot really goes off the deep end when malodorous magician Merlock duck-naps Daisy. To add insult to injury, Donald&#039;s uppity cousin, Gladstone Gander, vows to rescue Daisy. Thus begins Donald&#039;s great race to reach Daisy first and foil Merlock&#039;s nefarious plans. • Saves via Internal Memory (EEPROM) - Secondary Saves via Controller Pak","NTSC","","Ubisoft Entertainment","Disney Interactive","2000-12-20","1","No","Adventure | Role-Playing","E - Everyone","Keeping Donald content is about as easy as herding cats, but everyone&#039;s favorite fusspot really goes off the deep end when malodorous magician Merlock duck-naps Daisy. To add insult to injury, Donald&#039;s uppity cousin, Gladstone Gander, vows to rescue Daisy. Thus begins Donald&#039;s great race to reach Daisy first and foil Merlock&#039;s nefarious plans. • Saves via Internal Memory (EEPROM) - Secondary Saves via Controller Pak ESRB Rating: E - Everyone Genre(s): Adventure | Role-Playing"
"Fox Sports College Hoops &#039;99","","NTSC","","Fox Interactive","Z-Axis, Ltd.","1998-10-31","2","No","Sports","E - Everyone","Complete college basketball license featuring over 120 college teams. NCAA Tournament, NCAA Sweet 16 and Final Four. Pre-season and Conference tournaments. In-depth player attributes and skill ratings. Three difficulty levels, easy to learn controls, and multiple camera angles. Authentic college basketball look and feel with real logos, uniforms and home courts, and real college offensive and defensive plays. • Saves via Controller Pak ESRB Rating: E - Everyone Genre(s): Sports"
"G.A.S.P!!: Fighter&#039;s NEXTream","","NTSC-J","Japan","","","1998-03-26","2","No","Fighting","Not Rated","No overview is currently available for this title, please feel free to add one. ESRB Rating: Not Rated Genre(s): Fighting"
"Goemon&#039;s Great Adventure","Mystical Ninja 2 Starring Goemon | Ganbare Goemon: Derodero Douchu Obake Tenkomori Goemon and all his friends are back in his greatest adventure yet! Goemon&#039;s Great Adventure combines classic Goemon platform action with an all-new twist. The evil time-traveling nun, Bismaru, has summoned Dochuki, a demon prince, to take over the Earth. But first, she wants to marry him! Can Goemon and his gang stop the demon? Can Dochuki escape the cloying clutches of the wacked-out nun? Will Ebisu ever beat his own dumpling eating record? It&#039;s an adventure you&#039;ll never forget! • Saves via Controller Pak","NTSC-U","","Konami","Konami","1999-09-15","2","No","Action | Adventure","E - Everyone","Goemon and all his friends are back in his greatest adventure yet! Goemon&#039;s Great Adventure combines classic Goemon platform action with an all-new twist. The evil time-traveling nun, Bismaru, has summoned Dochuki, a demon prince, to take over the Earth. But first, she wants to marry him! Can Goemon and his gang stop the demon? Can Dochuki escape the cloying clutches of the wacked-out nun? Will Ebisu ever beat his own dumpling eating record? It&#039;s an adventure you&#039;ll never forget! • Saves via Controller Pak ESRB Rating: E - Everyone Genre(s): Action | Adventure"
"GoldenEye 007 [Player&#039;s Choice]","","NTSC","","Nintendo of America, Inc.","Rare, Ltd.","1999-01-01","1","No","Shooter","T - Teen","No overview is currently available for this title, please feel free to add one. ESRB Rating: T - Teen Genre(s): Shooter"
"Grunty&#039;s Mansion","","Other","","Romhacking","","2021-11-10","1","No","Action | Platform | Unofficial","Not Rated","Grunty’s Mansion is a short but atmospheric Banjo‑Kazooie fan adventure developed by JacksonG13 (Jackson Game Studios). The hack introduces a new mansion‑themed world filled with collectibles, spooky enemies, and custom level design, offering a compact yet memorable exploration experience. ESRB Rating: Not Rated Genre(s): Action | Platform | Unofficial"
"Iggy&#039;s Reckin&#039; Balls","","NTSC","","Acclaim Entertainment, Inc.","Iguana Entertainment","1998-07-31","4","No","Action | Racing","E - Everyone","A vertical race up towering tracks. Iggy and the Reckin&#039; Balls are in the race of their lives. A winner-take-all dash to the top of twisted, looped, warped and genuinely demented courses! Smash, crash and swing with Iggy, his friends, plus loads of secret characters. Over 100 tracks, tons of shortcuts, secret paths, loops and elevators. One to four player racing action with Battle and Versus mode. • Saves via Controller Pak ESRB Rating: E - Everyone Genre(s): Action | Racing"
"International Superstar Soccer &#039;98","Jikkyō World Soccer: World Cup France '98 | ISS 98 Do you have what it takes to be a superstar? Over 17,000 new motion captured animations! Team motivation, players and teams react to real game situations. Vertical camera angle allows you to see more of the pitch. 52 International teams and 9 unique soccer stadiums. Create your own players and trade existing ones. Infinite team formations and customizable strategies. • Saves via Controller Pak","NTSC","","Konami","Konami Computer Entertainment Osaka","1998-08-21","4","No","Sports","E - Everyone","Do you have what it takes to be a superstar? Over 17,000 new motion captured animations! Team motivation, players and teams react to real game situations. Vertical camera angle allows you to see more of the pitch. 52 International teams and 9 unique soccer stadiums. Create your own players and trade existing ones. Infinite team formations and customizable strategies. • Saves via Controller Pak ESRB Rating: E - Everyone Genre(s): Sports"
"International Track &amp; Field 2000","International Track & Field Summer Games | International Track and Field 2000 | Ganbare Nippon! Olympics 2000 International Track and Field 2 from Konami is a one-to-four player game (using the Multi Tap) that features 12 different international events, ranging from weightlifting and bicycling to canoeing. The events take place in the USA, Russia, Germany, China, Cuba, Korea, France, Australia, Canada, Great Britain, Japan, and Kenya.","Region Not Set","","Konami","Konami","2000-09-06","2","Yes","Sports","E - Everyone","International Track and Field 2 from Konami is a one-to-four player game (using the Multi Tap) that features 12 different international events, ranging from weightlifting and bicycling to canoeing. The events take place in the USA, Russia, Germany, China, Cuba, Korea, France, Australia, Canada, Great Britain, Japan, and Kenya. ESRB Rating: E - Everyone Genre(s): Sports"
"John Romero&#039;s Daikatana","","NTSC","","Kemco","Kemco","2000-07-31","2","No","Action | Shooter","M - Mature 17+","In 2455 AD, Kage Mishima used the magical powers of the Daikatana, the most powerful sword ever forged, to alter time and establish himself as supreme dictator. You are Hiro Miyamoto, one of the few people on Earth who knows what happened. Its up to you to find the corrupted dictatorship and right the wrongs that have inflicted the world. * An immersive, 3-D shooter that combines adventure and role-playing elements * Arm yourself with the deadliest weapons in human history * Time travel to the 25th Century Japan, Ancient Greece, Medieval Norway and 212st Century San Francisco over 16 challenging stages! * Multiplayer match mode for up to four players * Expansion Pak compatible * Rumble Pak compatible * Saves via Controller Pak ESRB Rating: M - Mature 17+ Genre(s): Action | Shooter"
"Ken Griffey Jr.&#039;s Slugfest","","NTSC","United States of America","Nintendo","Angel Studios","1999-05-10","2","No","Sports","E - Everyone","Bursting with stunning realism and high-excitement baseball action, Ken Griffey Jr.&#039;s Slugfest drives home the winning run! Improved player animations and color commentary by Dave Niehaus - &quot;The Voice of the Mariners&quot; - make you feel like you&#039;re really at the game, while easy-to-use controls, updated rosters and statistics, and an optional fantasy draft make it even more fun than being there! • Saves via Internal Memory (FlashRAM) ESRB Rating: E - Everyone Genre(s): Sports"
"Kirby 64: Whispy&#039;s Trials","","NTSC","United States of America","","","2020-10-04","1","No","Platform","E - Everyone","No overview is currently available for this title, please feel free to add one. ESRB Rating: E - Everyone Genre(s): Platform"
"Mario Kart 64 [Player&#039;s Choice]","Mario Kart 64 Three… Two… One… GO! The signal light changes and you drop the pedal to the metal. Take on up to three friends in the split-screen VS games, or race solo in the Mario GP. Tell your friends to bring it on in the highly competitive Battle mode. Advanced features allow you to race with your “Ghost”. The driving data from your best run appears as a transparent character on the screen. No longer must you simply race against the clock -- you can actually race against yourself! * Save your hottest Ghost data to a portable N64 Controller Pak! * Collect multiple power-up items! * Twenty different courses -- 4 Cups with 4 courses each and 4 special Battle mode courses! * Everyone’s favorite characters are back and gorgeously rendered, including two new additions, Donkey Kong and Wario!","PAL","United Kingdom of Great Britain and Northern Ireland","Nintendo","Nintendo EAD","1997-02-10","4","No","Racing","E - Everyone","Three… Two… One… GO! The signal light changes and you drop the pedal to the metal. Take on up to three friends in the split-screen VS games, or race solo in the Mario GP. Tell your friends to bring it on in the highly competitive Battle mode. Advanced features allow you to race with your “Ghost”. The driving data from your best run appears as a transparent character on the screen. No longer must you simply race against the clock -- you can actually race against yourself! * Save your hottest Ghost data to a portable N64 Controller Pak! * Collect multiple power-up items! * Twenty different courses -- 4 Cups with 4 courses each and 4 special Battle mode courses! * Everyone’s favorite characters are back and gorgeously rendered, including two new additions, Donkey Kong and Wario! ESRB Rating: E - Everyone Genre(s): Racing"
"Mario Tennis [Not for Resale]","","Region Not Set","","Nintendo","Camelot Software Planning","2000-07-21","2","Yes","Sports","E - Everyone","Mario Tennis is a sports video game developed by Camelot Software Planning and published by Nintendo for the Nintendo 64 video game console. ESRB Rating: E - Everyone Genre(s): Sports"
"Mario&#039;s House of Horror","","NTSC","","","","2019-10-31","1","No","Platform | Horror","M - Mature 17+","Luigi entered the House of Horrors a few days ago, and never returned. Dare you enter too? Made for SimpleFlips&#039; ROM Hack Competition #10: Halloween 2. Mod Note: Make sure to set your counter factor to 2 to avoid a crash with the first door! ESRB Rating: M - Mature 17+ Genre(s): Platform | Horror"
"Mario&#039;s New Earth","","Other","","Romhacking","","2021-10-01","1","No","Adventure | Platform | Unofficial","Not Rated","After over two years in development, PixelSM64&#039;s first major romhack for Super Mario 64 is finally here. Mario&#039;s New Earth features over a dozen courses, 100+ stars, an inspired soundtrack, and a difficulty curve designed to put your platforming skills to the test. Trailer: YouTube ESRB Rating: Not Rated Genre(s): Adventure | Platform | Unofficial"
"Masters &#039;98: Harukanaru Augusta","","NTSC-J","Japan","T&E Soft, Inc.","T&amp;E Soft","1997-12-26","4","No","Sports","Not Rated","No overview is currently available for this title, please feel free to add one. ESRB Rating: Not Rated Genre(s): Sports"
"Mickey&#039;s Speedway USA","","NTSC-J","Japan","Nintendo","Rare, Ltd.","2000-11-13","4","No","Racing","E - Everyone","No overview is currently available for this title, please feel free to add one. ESRB Rating: E - Everyone Genre(s): Racing"
"Mike Piazza&#039;s Strike Zone","","NTSC","","GT Interactive Software Corp.","Devil's Thumb Entertainment","1998-06-16","2","No","Sports","E - Everyone","DIG IN! Over 700 players! All the stadiums! All the teams and uniforms! All in 3D! Unique player editor allows you to create the ultimate athlete. All new 1998 rosters including two new expansion teams: Arizona Diamondbacks and Tampa Bay Devil Rays! Tons of hidden secrets including super-fast pitches, outrageous curve balls, incredible home runs and more! Fantasy Teams: Create your own rotisserie league. Ultra-realistic conditions affect gameplay: Grass and turf. Day and night. Rain or shine. • Saves via Controller Pak ESRB Rating: E - Everyone Genre(s): Sports"
"Midway&#039;s Greatest Arcade Hits: Volume 1","","NTSC","","Midway Games","Digital Eclipse Software, Inc.","2001-01-12","2","No","Action","E - Everyone","Midway&#039;s Greatest Arcade Hits: Volume 1 contains the four Williams-produced games Defender, Sinistar, Robotron: 2084, and Joust plus the two extra games: Spy Hunter and Tapper. • Saves via Controller Pak ESRB Rating: E - Everyone Genre(s): Action"
"Milo&#039;s Astro Lanes","","NTSC","","Crave Entertainment","Player 1","1998-11-24","4","No","Action | Sports","E - Everyone","Have you ever bowled against your buddies with a Nuclear Ball on a lane constructed out of an alien&#039;s tongue? Probably not. But now you can, as you bowl for the perfect game in Milo&#039;s Astro Lanes, the wackiest, most spaced-out bowling blast ever! Use awesome power-ups like the devastating Pea Ball, toxic Cosmic Slime and mighty White Dwarf to thwart your opponents or keep them from stopping you. This insane game is what the future of bowling is all about! • Saves via Controller Pak ESRB Rating: E - Everyone Genre(s): Action | Sports"
"NBA In The Zone &#039;98","NBA Pro 98 For the first time ever NBA In The Zone &#039;98 jams it home on the N64! Feel every rim rockin&#039; dunk with the RUMBLE PAK feature as you take your team through a full regular season and into the NBA finals! All 29 NBA teams plus two NBA All-Star teams. Over 300 NBA players including Shaq and Sir Charles, as well as Penny, Pippen, Ewing, Malone and Glen Rice. Play Exhibition, the NBA Playoffs and the 1997-98 NBA Season Schedule. Full season stat tracking for every player. 300 different motion captured moves. • Saves via Controller Pak","NTSC","","Konami","Konami","1998-02-10","2","No","Sports","E - Everyone","For the first time ever NBA In The Zone &#039;98 jams it home on the N64! Feel every rim rockin&#039; dunk with the RUMBLE PAK feature as you take your team through a full regular season and into the NBA finals! All 29 NBA teams plus two NBA All-Star teams. Over 300 NBA players including Shaq and Sir Charles, as well as Penny, Pippen, Ewing, Malone and Glen Rice. Play Exhibition, the NBA Playoffs and the 1997-98 NBA Season Schedule. Full season stat tracking for every player. 300 different motion captured moves. • Saves via Controller Pak ESRB Rating: E - Everyone Genre(s): Sports"
"NBA In the Zone &#039;99","NBA Pro 99 The only place for hoops action on the Nintendo 64! All 29 NBA teams and over 300 real NBA players. Eight different camera angles with adjustable zoom. Create a player and customize over 30 different categories. All-new motion captured animations - the most realistic ever! Advanced play-calling techniques. Pin-point passing lets you play like the pros! Three-point shootout and slam dunk contest! • Saves via Controller Pak","NTSC","","Konami","Konami","1999-04-07","2","No","Sports","E - Everyone","The only place for hoops action on the Nintendo 64! All 29 NBA teams and over 300 real NBA players. Eight different camera angles with adjustable zoom. Create a player and customize over 30 different categories. All-new motion captured animations - the most realistic ever! Advanced play-calling techniques. Pin-point passing lets you play like the pros! Three-point shootout and slam dunk contest! • Saves via Controller Pak Trailer: YouTube ESRB Rating: E - Everyone Genre(s): Sports"
"NHL Blades of Steel &#039;99","NHL Pro 99 Non-stop NHL action! The newest all-star in the Konami Sports Series hits the ice! Get ready for a whole new game! NHL Blades of Steel &#039;99 hits the ice with all the NHL players, stats and action. Motion captured animation, adjustable team strategies and fully detailed NHL stadiums with real ice conditions. Updated 98-99 rosters called out by NHL TV announcer Randy Hahn. Trade players and sign free agents. Full season stat tracking and league leaders. • Saves via Controller Pak","NTSC","","Konami","Konami","1999-04-05","2","No","Sports","E - Everyone","Non-stop NHL action! The newest all-star in the Konami Sports Series hits the ice! Get ready for a whole new game! NHL Blades of Steel &#039;99 hits the ice with all the NHL players, stats and action. Motion captured animation, adjustable team strategies and fully detailed NHL stadiums with real ice conditions. Updated 98-99 rosters called out by NHL TV announcer Randy Hahn. Trade players and sign free agents. Full season stat tracking and league leaders. • Saves via Controller Pak ESRB Rating: E - Everyone Genre(s): Sports"
"Peach&#039;s Fury","","NTSC","","","","2022-02-05","1","No","Adventure | Platform | Unofficial","Not Rated","This is a ROM hack made by popular YouTuber Kaze Emanuar. It acts as a showcase for his improvements to the SM64 base code while still being a short and fun ROM hack! Trailer: YouTube ESRB Rating: Not Rated Genre(s): Adventure | Platform | Unofficial"
"Return to Yoshi&#039;s Island Demo","","NTSC","","","","2021-04-15","1","No","Platform | Unofficial","E - Everyone","A demo for Kaze&#039;s latest upcoming hack, featuring an impressive amount of custom code as always including entirely new story cutscenes! ESRB Rating: E - Everyone Genre(s): Platform | Unofficial"
"Saban&#039;s Power Rangers: Lightspeed Rescue","Power Rangers - Lightspeed Rescue POWER RANGERS RESCUE READY! The Power Rangers are saving the world on Nintendo 64! Rescue innocent people from the battlings. Drive cool Power Rangers vehicles! Fight huge monsters in awesome environments. Battle against your friends in the Megazord Arena! • Saves via Controller Pak","NTSC","","THQ","Mass Media, Inc.","2000-09-28","2","No","Action","E - Everyone","POWER RANGERS RESCUE READY! The Power Rangers are saving the world on Nintendo 64! Rescue innocent people from the battlings. Drive cool Power Rangers vehicles! Fight huge monsters in awesome environments. Battle against your friends in the Megazord Arena! • Saves via Controller Pak ESRB Rating: E - Everyone Genre(s): Action"
"Sesame Street: Elmo&#039;s Letter Adventure","","NTSC","","NewKidCo","Realtime Associates, Inc.","1999-11-15","1","No","Adventure | Puzzle","EC - Early Childhood","Preschoolers are in for a wonderful alphabet-packed good time. Join Elmo and his Sesame Street pals in wonderful 3D action adventures as he swims, drives, and blasts off into a vibrantly colored world of video game fun! Helps children ages 3 - 6 with letter recognition and basic spelling skills. Three skill levels easily adjustable by parent or child. Features voices from the beloved TV show. • No Save option available ESRB Rating: EC - Early Childhood Genre(s): Adventure | Puzzle"
"Sesame Street: Elmo&#039;s Number Journey","","NTSC","","NewKidCo","Realtime Associates, Inc.","1999-11-30","1","No","Adventure | Puzzle","EC - Early Childhood","Preschoolers are in for a wonderful number-packed good time. Explore magical worlds with Elmo and his Sesame Street friends as he snowboards, jetskis, and drives off on an exciting video game adventure! Helps children ages 3 - 6 with number recognition and basic math skills. Three skill levels easily adjustable by parent or child. Features voices from the beloved TV show. • No save option available ESRB Rating: EC - Early Childhood Genre(s): Adventure | Puzzle"
"Sin &amp; Punishment","Tsumi to Batsu: Hoshi no Keishousha | Sin and Punishment Earth is under threat from Ruffians - mutants bred to boost dwindling food stocks who have turned against their masters. As a young resistance fighter, face an onslaught of bio-genetic monsters and corrupt military forces in your battle to save the planet. For the first time outside of Japan, you can experience the non-stop action of this Nintendo 64 classic, created by the shoot em up masters at Treasure Co. Ltd. Battle across land, sea and sky; collect energy, time and point bonuses; rack up massive combos to earn extra continues; and face the wrath of enormous bosses. Plus - invite a friend to join in, controlling the gun sight while you move the character.","NTSC-J","Japan","Nintendo","Treasure","2000-12-21","2","No","Action","T - Teen","Earth is under threat from Ruffians - mutants bred to boost dwindling food stocks who have turned against their masters. As a young resistance fighter, face an onslaught of bio-genetic monsters and corrupt military forces in your battle to save the planet. For the first time outside of Japan, you can experience the non-stop action of this Nintendo 64 classic, created by the shoot em up masters at Treasure Co. Ltd. Battle across land, sea and sky; collect energy, time and point bonuses; rack up massive combos to earn extra continues; and face the wrath of enormous bosses. Plus - invite a friend to join in, controlling the gun sight while you move the character. ESRB Rating: T - Teen Genre(s): Action"
"South Park: Chef&#039;s Luv Shack","","NTSC","","Acclaim Entertainment, Inc.","Acclaim","1999-11-20","4","No","Puzzle","M - Mature 17+","South Park: Chef&#039;s Luv Shack is a 2D game-show style video game based on the television show South Park. It gained its popularity by having mini games and the ability to play against friends in a challenge for the most points. It also involves trivia questions about South Park and other topics. The game intermittently switches between questions and minigames, with a minigame proceeding every three questions. Players score points by answering questions first (correctly) and based on minigame ranking. Players lose points for questions answered incorrectly. The game is exclusively multiplayer, as when played by one player, there is no AI, so that player always wins, even with a negative score • No Save option available ESRB Rating: M - Mature 17+ Genre(s): Puzzle"
"Star Wars: Shadows of the Empire [Player&#039;s Choice]","","NTSC-U","","Nintendo","LucasArts Entertainment Company LLC","1996-12-03","1","No","Action","T - Teen","A long time ago in a galaxy far, far away... As Luke Skywalker and the Rebel Alliance struggle to defeat Darth Vader and the Empire, a new threat arises. Dark Prince Xizor, head of the Black Sun crime syndicate, aspires to take Darth Vader&#039;s place at the Emperor&#039;s side. To do that, he must eliminate young Skywalker. As Dash Rendar, it&#039;s up to you to protect Luke and help the Alliance defeat the evil Xizor. Watch out for infamous bounty hunters and deadly stormtroopers! May the Force be with you! Trailer: YouTube ESRB Rating: T - Teen Genre(s): Action"
"Super Mario 64: Peach&#039;s Memory","","Other","","Romhacking","","2021-05-03","1","No","Adventure | Platform | Unofficial","Not Rated","A long time ago, Princess Peach visited the Land of the Red Stars, and discovered the hidden Sanctuary of the Grand Red Star. Now, Peach cannot remember where the Sanctuary was, and entrusts Mario to find it for her... Romhack by Daniel_EDC Trailer: YouTube ESRB Rating: Not Rated Genre(s): Adventure | Platform | Unofficial"
"Super Smash Bros. [Player&#039;s Choice]","","NTSC","United States of America","Nintendo","HAL Laboratory","1999-04-26","4","No","Fighting | Platform","E - Everyone","It&#039;s a Bumpin&#039;, Bruisin&#039;, Brawlin&#039; Bash! The many worlds of Nintendo collide in the ultimate showdown of strength and skill! Up to four players can choose their favorite characters - complete with signature attacks - and go at it in Team Battles and Free-For-Alls. Or venture out on your own to conquer the 14 stages in single-player mode. Either way, Super Smash Bros. is a no-holds-barred action-fest that will keep you coming back for more! -Plunge headlong into battle with your favorite Nintendo characters: Mario, Link, Donkey Kong, Pikachu, Samus, Yoshi, Kirby and Fox... plus 4 hidden characters! -Characters use their own trademark attacks, such as Mario’s fireballs and Link’s sword. -Grab a Fire Flower or Poké Ball and send your opponent sailing out of the arena. -Compete in 8 different settings, each from a character’s home world and each with its own dangers. ESRB Rating: E - Everyone Genre(s): Fighting | Platform"
"The Legend of Zelda - Majora&#039;s Mask -Redux-","","NTSC-U","United States of America","Nintendo","Nintendo EAD","2000-10-26","1","No","Action | Adventure","E - Everyone","No overview is currently available for this title, please feel free to add one. ESRB Rating: E - Everyone Genre(s): Action | Adventure"
"The Legend of Zelda Majora&#039;s Mask [Not for Resale Gold]","","NTSC","United States of America","Nintendo of America, Inc.","Nintendo","2000-01-01","1","No","Action | Adventure","E - Everyone","Zelda Majora&#039;s Mask not for resale, gold cart, no holo ESRB Rating: E - Everyone Genre(s): Action | Adventure"
"The Legend of Zelda: Majora&#039;s Mask","","PAL","","Nintendo","Nintendo EAD","2000-11-17","1","No","Action | Adventure | Role-Playing","Not Rated","The Legend of Zelda: Majora&#039;s Mask is the sixth main installment of The Legend of Zelda series, first released on the Nintendo 64 in 2000. Unique among The Legend of Zelda series, the game includes a time system that spans three days, and this cycle must be reset periodically to progress through the game. Majora&#039;s Mask is one of the few Zelda games in which Ganon does not play any role whatsoever. In addition, Princess Zelda does not play a major role; she is only seen once in a flashback scene from Ocarina of Time. Majora&#039;s Mask is the sequel to the first 3D Zelda game, Ocarina of Time,[4] and uses the same engine, as well as many art resources. Many of the conventions pioneered in Ocarina of Time are present in Majora&#039;s Mask, including characters, enemies, and items. ESRB Rating: Not Rated Genre(s): Action | Adventure | Role-Playing"
"The Legend of Zelda: Majora&#039;s Mask [Collector&#039;s Edition]","","NTSC","United States of America","Nintendo","Nintendo","2000-10-26","1","No","Action | Adventure | Role-Playing | Puzzle","E - Everyone","Link&#039;s all-new epic adventure lands him in the mystical world of Termina, where ever-present clocks count down the hours until a menacing moon falls from the sky above. When his horse and Ocarina are stolen by a strange, masked figure, Link embarks on an urgent quest to solve the mystery of the moon, save the world from destruction, and find his way back to the peaceful land of Hyrule. -Link transforms before your eyes -Over 20 magical masks give Link powers and abilities he’s never had before! Watch him transform into hapless Deku Child, a mighty Gordon hero and a legendary Zora guitarist. -Race against time -Characters and events flow with the hours of the day. Set your own schedule and even alter time itself in a race to stop the moon and save the world! -Panoramic environments! Powered-up action battles! Fully interactive characters and events! Experience gorgeous rendered landscapes, swarms of attacking enemies and a deep, engrossing world of wonders with the power of the N64 Expansion Pak. ESRB Rating: E - Everyone Genre(s): Action | Adventure | Role-Playing | Puzzle"
"The Legend of Zelda: Ocarina of Time - Spaceworld &#039;97 BETA Experience","Legend of Zelda, The - Ocarina of Time - Spaceworld '97 BETA Experience | Ocarina of Time Spaceworl '97 BETA Experience This project aims to be a mostly accurate representation of the Nintendo Spaceworld 1997 demo of The Legend of Zelda: Ocarina of Time. Since this project aims to restore an experience that was originally a demo, it cannot be completed from start-to-finish like the final game. Instead, three gameplay “tours” featured in the original Spaceworld 1997 demo are available to choose from, each showcasing various unique flavors of gameplay.","Other","","","Nintendo","2022-05-15","1","No","Action | Adventure","Not Rated","This project aims to be a mostly accurate representation of the Nintendo Spaceworld 1997 demo of The Legend of Zelda: Ocarina of Time. Since this project aims to restore an experience that was originally a demo, it cannot be completed from start-to-finish like the final game. Instead, three gameplay “tours” featured in the original Spaceworld 1997 demo are available to choose from, each showcasing various unique flavors of gameplay. ESRB Rating: Not Rated Genre(s): Action | Adventure"
"The Legend of Zelda: Petrie&#039;s Challenge","Legend of Zelda, The - Petrie's Challenge (Petrie911) No overview is currently available for this title, please feel free to add one.","Other","","","","2014-08-07","1","No","Action | Adventure | Role-Playing","Not Rated","No overview is currently available for this title, please feel free to add one. ESRB Rating: Not Rated Genre(s): Action | Adventure | Role-Playing"
"The Legend of Zelda: Zelda&#039;s Birthday","","NTSC","United States of America","","","2008-11-23","1","No","Action | Adventure","E - Everyone","Taking place generations after the events of Ocarina of Time, Link’s decent embarks on a much more light-hearted quest, only to discover that even a peaceful Hyrule can be dangerous. It’s a hack for The Legend of Zelda: Ocarina of Time Debug ROM. It features all new actor arrangements, all new text and story line, 3 totally redesigned dungeons, an optional side quest, endings (plural), and hidden goodies. ESRB Rating: E - Everyone Genre(s): Action | Adventure"
"Tigger&#039;s Honey Hunt","","NTSC","","NewKidCo","Doki Denki Studio","2000-11-01","2","No","Action","E - Everyone","Winnie the Pooh needs YOU! How can he throw a party without honey? Play as Tigger and run, jump, and bounce around the 100 Acre Wood in search of Pooh&#039;s &quot;most favorite&quot; snack. Along the journey there&#039;ll be plenty of challenges - blustery blowing leaves to ride, icy terrain, falling boulders, menacing bees, pesky bats and more. Earn Tigger&#039;s very special &quot;Tiggertastic Bounce&quot; as a bonus! • Saves via Internal Memory (FlashRAM) Trailer: YouTube ESRB Rating: E - Everyone Genre(s): Action"
"Tom Clancy&#039;s Rainbow Six","","NTSC","","Red Storm Entertainment, Inc.","Red Storm Entertainment, Inc.","1998-05-15","2","Yes","Action | Strategy | Shooter","T - Teen","Rainbow Six is a tactical shooter, which focuses more on stealth and tactics than on sheer firepower. To add to the realism, all in-game characters, terrorists, hostages and Rainbow operatives, can be wounded or dispatched in just fractions of a second. Tools such as thicker body armor, automatic rifles, and grenades have little value before the player grows accustomed to the gameplay. Before each mission is a planning stage, during which the player is given a briefing, and then chooses the operatives to be involved in the mission, their weapons, equipment and uniform/camouflage. In earlier games, the player pre-established orders and waypoints during this step. The planning stage determined elements such as the path the AI-controlled squads would follow during the mission, as well as where they will deploy devices such as flashbangs or door breaching charges. • Saves via Controller Pak Trailer: YouTube ESRB Rating: T - Teen Genre(s): Action | Strategy | Shooter"
"Tony Hawk&#039;s Pro Skater","Tony Hawk's Skateboarding Go Big, Go Pro! Skate as legendary Tony Hawk, or as one of nine top pros. Work your way up the ranks by landing suicidal tricks in brutal competitions to become the highest ranked skate champ! Great features such as: Signature Pro Moves, fully skateable worlds, head-to-head competition, and Instant Replay Mode. • Saves via Controller Pak","NTSC","","Activision","Edge of Reality Inc.","2000-03-29","2","No","Sports","E - Everyone","Go Big, Go Pro! Skate as legendary Tony Hawk, or as one of nine top pros. Work your way up the ranks by landing suicidal tricks in brutal competitions to become the highest ranked skate champ! Great features such as: Signature Pro Moves, fully skateable worlds, head-to-head competition, and Instant Replay Mode. • Saves via Controller Pak ESRB Rating: E - Everyone Genre(s): Sports"
"Tony Hawk&#039;s Pro Skater 3","","NTSC","","Activision","Edge of Reality Inc.","2002-08-20","2","Yes","Sports","E - Everyone","You may not be able to live like the legend, but now you can skate like him. Skate as the legendary Tony Hawk or choose from a dream team of 12 top pro skaters, including old favorites like Lasek, Thomas, Muska, and Steamer, as well as new talent like Gilfberg, Caballero, Koston, and Mullen. Or enjoy full customization abilities with the enhanced Create-a-Skater (now including female skaters) and the Skatepark Editor. Travel from L.A. to Tokyo, Suburbia to Skater&#039;s Island performing challenges and meeting goals. New moves include the Revert, which allows you to link vert tricks, and flatland tricks such as Caspers, the Primo, and Handstand Manual. If you&#039;re good, you can even unlock hidden pro footage. • Saves via Controller Pak ESRB Rating: E - Everyone Genre(s): Sports"
"Tony Hawk&#039;s Pro Skater 2","","NTSC","","Activision","Edge of Reality Inc.","2001-08-21","2","Yes","Sports","E - Everyone","Tony Hawk&#039;s Pro Skater 2 redefined an already great game. Its addition of stellar new features (like Create-A-Park), and great game-play tweaks (the manual maneuver will be copied for years to come) made it the best installment in a killer series of games. Anyone who has ever skated the Philadelphia level will agree -- this game is a masterpiece of level design. Hell, it&#039;s a masterpiece all around. There isn&#039;t a bad park or dull moment, just pure gaming nirvana! • Saves via Controller Pak ESRB Rating: E - Everyone Genre(s): Sports"
"V-Rally Edition &#039;99","","PAL","","Spike Co., Ltd.","Eden Studios","1999-08-31","2","No","Racing","E - Everyone","Racing insanity! Over 40 original tracks, 11 official World Rally Championship cars, tracks in 8 worldwide locations, realistic race physics and smooth car handling, diverse terrain such as jungles, canyons, deserts, mountains and more, unstable weather patterns like rain, fog, snow and cloudy. Adjust car performance characteristics to suit varied road conditions. Bonus and hidden cars and tracks to unlock! • Saves via Internal Memory (EEPROM) ESRB Rating: E - Everyone Genre(s): Racing"
"Waluigi&#039;s Taco Stand","","NTSC","United States of America","","","2018-08-11","1","No","Unofficial","E - Everyone","Waluigi spent all his money at the casino and it was time to pay the rent. So a Koopa Troopa (named Mr. rent) allowed him to work at his taco stand to pay the rent and decided to give him a Mexican hat (sombrero). If Waluigi does a great job serving tacos, he becomes a winner. Trailer: YouTube ESRB Rating: E - Everyone Genre(s): Unofficial"
"Wayne Gretzky&#039;s 3D Hockey","","NTSC","","Midway Games","Midway","1996-11-11","4","No","Sports","E - Everyone","Tear up the ice with &quot;The Great One&quot;, and experience lightning-fast skating, blistering one-timers and hard-hitting body checks! Hammer the puck and rip the net... with the world&#039;s best! NHLPA and NHL license means real players, team names, logos, and uniforms. Includes all 26 teams, each with 17 available players in their actual NHL lines. Real-time rendered 3D environment with 7 user-selectable cameras allowing players to view the action from all possible angles. Wayne&#039;s hockey strategies, skating moves and logic are incorporated into the AI engine. • Saves via Controller Pak ESRB Rating: E - Everyone Genre(s): Sports"
"Wayne Gretzky&#039;s 3D Hockey &#039;98","","NTSC","","Midway Games","Software Creations","1997-12-03","4","No","Sports","E - Everyone","Take on &quot;The Great One&quot; again in this hot sequel to the smash hit voted &quot;Best Sports Game&quot; of &#039;96! With more great features, such as new hidden teams and improved, hard-hitting AI, Gretzky &#039;98 packs a wallop! Includes all 26 teams, each with 17 available players on their actual NHL teams, and you can make player trades or line manipulations to create a powerhouse team of your own. Play 3-on-3, 4-on-4 or 5-on-5 games on either arcade or regulation size hockey rinks, plus exhibition games, full 82 game seasons or a best-of-seven playoff series with full statistic saving capability. • Saves via Controller Pak ESRB Rating: E - Everyone Genre(s): Sports"
"Yoshi&#039;s Story","","NTSC","United States of America","Nintendo of America, Inc.","Nintendo EAD","1998-03-10","1","No","Platform","E - Everyone","Baby Bowser has taken the Super Happy Tree and cast a spell on Yoshi&#039;s world, turning it into the pages of a picture book. The only Yoshies not affected by the spell were six hatchlings that were still protected by their shells. It&#039;s up to them to reclaim the Super Happy Tree and restore happiness to the world. That is the only thing that can break Baby Bowser&#039;s Spell! • Saves via Internal Memory (EEPROM) Trailer: YouTube ESRB Rating: E - Everyone Genre(s): Platform"
"Yoshi&#039;s Story [Player&#039;s Choice]","","NTSC","United States of America","Nintendo","Nintendo","1999-01-01","1","No","Action | Adventure | Family","E - Everyone","Baby Bowser has cast a spell on Yoshi&#039;s world, turning it into the pages of a picture book. It is up to the remaining Yoshi&#039;s to restore happiness to the world. ESRB Rating: E - Everyone Genre(s): Action | Adventure | Family"
"Zelda 64: Dawn &amp; Dusk","Zelda 64 - Dawn & Dusk | Legend of Zelda, The - Dawn & Dusk &quot;Zelda 64: Dawn &amp; Dusk&quot; is a brand new disk expansion for &quot;The Legend of Zelda: Ocarina of Time&quot;. This expansion is a brand new Legend of Zelda adventure. It uses the same assets and game engine as Ocarina of Time, but features a new world and story. The game is set in a once-great kingdom now split between east and west. In a bid for power, the west tried to tame a legendary beast. However, this creature ended up attacking the east, resulting in a costly war for both sides. Thankfully, a legendary priestess confronted the beast and forced it into a deep slumber. Although this brought an end to the hostilities, each kingdom ultimately fell into ruin. You play as a young descendant of this priestess. And now the time has come for you to set out for the Duskside to stop the beast from rising a gain.","Region Not Set","","Nintendo","Nintendo EAD","2019-09-22","1","No","Action | Adventure | Role-Playing | Puzzle | Platform","E - Everyone","&quot;Zelda 64: Dawn &amp; Dusk&quot; is a brand new disk expansion for &quot;The Legend of Zelda: Ocarina of Time&quot;. This expansion is a brand new Legend of Zelda adventure. It uses the same assets and game engine as Ocarina of Time, but features a new world and story. The game is set in a once-great kingdom now split between east and west. In a bid for power, the west tried to tame a legendary beast. However, this creature ended up attacking the east, resulting in a costly war for both sides. Thankfully, a legendary priestess confronted the beast and forced it into a deep slumber. Although this brought an end to the hostilities, each kingdom ultimately fell into ruin. You play as a young descendant of this priestess. And now the time has come for you to set out for the Duskside to stop the beast from rising a gain. Trailer: YouTube ESRB Rating: E - Everyone Genre(s): Action | Adventure | Role-Playing | Puzzle | Platform"
