title,alternate_titles,region,country,publisher,developer,release_date,players,coop,genre,esrb_rating,description
"18 Wheeler: American Pro Trucker","","NTSC-U","United States of America","Acclaim Entertainment, Inc. | 																Sega","Sega AM2 R&D Division","2001-05-22","2","No","Action | Racing","E - Everyone","The main purpose of the game is to make it to the finish line with the truck's cargo. Players are given a set amount of time, but can ram into special vans that will add three seconds to the timer. There are several characters to choose from, each with a unique truck and attributes.

The game starts out in Key West and players travel across the United States, ending in San Francisco. After Stage 1, the game gives the player a choice of trailer. One trailer is harder to haul, but provides a bigger payoff while the other choice is easier to haul but provides a smaller payoff. Money is deducted from the total when the trailer is hit. Players can sound the truck's horn to make other cars on the road yield and slipstream behind large vehicles to gain a momentary speed boost.

In addition to the time limit, players also compete with the ""Lizard Tail"", a rival trucker. Crossing the finish line before the Lizard Tail yields additional money. In between levels, players can park the truck in a mini game to earn more cash."
"21: Two One","","NTSC-J","Japan","Princess Soft","Princess Soft","2001-12-27","1","No","Adventure","E - Everyone","21: Two One is a Japanese murder mystery visual novel developed by BasiL, it was first released as an adult PC game for Microsoft Windows on May 25, 2001. 21: Two One was later released for the Dreamcast by PrincessSoft on December 27, 2001. The game is the second installment by BasiL, and after the completion of 21: Two One, BasiL went on to create their third and final eroge, Cherry Petals Fall Like Teardrops, before forming a new company called Navel. The story follows a young man called Takuya Kirishima, who is a talented surgeon and works in a hospital with his childhood friend Seri Sakaki, however, one day a murder is committed at the hospital, and Takuya tries to solve the mystery. Gameplay in 21: Two One offers branching plot lines, and a multi-choice navigation, where the player can attain multiple endings."
"240p Test Suite [VGNYsoft Edition]","240p Test Suite for Sega Dreamcast [VGNYsoft Edition]","NTSC-U","United States of America","VGNYsoft","","2023-05-30","1","No","Utility | Unofficial","Not Rated","Hello, game lovers do you like to play games? Let's check out the 240P TEST SUITE Sega Dreamcast, an essential tool for retro gaming enthusiasts and Sega Dreamcast collectors with a comprehensive suite that allows you to optimize and fine-tune your gaming experience to perfection.

The 240P TEST SUITE is specifically designed for Sega Dreamcast consoles, enabling you to test and calibrate your display settings to achieve the best possible video quality. Whether you're using a CRT or modern display, this suite provides a wide range of essential tests and tools to ensure optimal performance, including resolution tests, color calibration, geometry adjustment, and much more.

Experience your favorite Sega Dreamcast games in their full glory with the 240P TEST SUITE. Unlock the true potential of your console and enhance your gaming setup with unparalleled visual fidelity.

Take your retro gaming journey to the next level with this indispensable tool. Don't miss out on the opportunity to optimize your Sega Dreamcast gaming experience and relive the nostalgia of classic gaming with the 240P TEST SUITE.

* A physical U.S. edition was made available from publisher VGNYsoft on May 30th, 2023.

Features:
- BASED ON THE LATEST BUILD.
- Dreamcast Exclusive Features.
- NEW Controller test modes!
- Video test modes! 
- Audio test modes! 
- Compatible with Composite,  S-Video, RGB-21/SCART, VGA, and HDMI cables.
- Illustration by Jose Salot.
- REGION FREE.

** New games for the Dreamcast system are produced with the leading standard of the industry. Using media production factories, high-quality packaging, and professional printers to create products just like they were released in 1999! While these games are not licensed or endorsed by Sega, they are Licensed by the software rights holder and manufactured on to media for consumer products and not knockoffs or burned CD copies. This is produced on MIL-CD, while the majority of Dreamcast consoles are compatible with MIL-based media some of the units in the very last productions are unable to read the media. This can be identified by reading the production date information system label on the underside of the console. Units with a production date on or after November 2000 may not be compatible with this product."
"240p TestSuite Dreamcast","","Other","","","","2011-01-01","1","No","Utility | Unofficial","Not Rated","240p Test Suite
===============================================================================
For full documentation and source code, please visit:
http://junkerhq.net/240p/
===============================================================================

The 240p test suite is a homebrew software suite for video game
consoles developed to help in the evaluation of upscalers, upscan
converters and line doublers.

It has tests designed with the processing of 240p signals in mind,
although when possible it includes other video modes and specific
tests for them.  These have been tested with video processors on
real hardware and a variety of displays, including CRTs and Arcade
monitors via RGB.

As a secondary target, the suite aims to provide tools for
calibrating colors, black and white levels for specific console
outputs and setups. 

This is free software, with full source code available under the GPL.

Sega Dreamcast:
---------------
This version includes more options, but the core functionality for 240p is
the same. No special hardware or modifications are needed, it will
run on any MIL-CD compatible Dreamcast after burning the CDI image 
(discjuggler format). It was coded using KallistiOS and some functionality from
parallax (font support)."
"2D House of Terror","","Other","","2D-Retroperspectives","2D-Retroperspectives","2012-05-04","4","No","Puzzle | Horror","T - Teen","At 2D-Retroperspectives we are great fans of old horror movies from the 30s-80s. Vampires, werewolves, zombies and anything related to the field of horror is something we love, however dont confuse this with lame splatter and gory violence. What we love is the classic and mystic side of the genre. For example not knowing what will await you around the corner or being afraid of shadows on your wall at night. 2D HoT (as we like to shorten it) is essentially a very experimental game, due to it being the final university project of one of our team-members. Its basically the result of a mixture you get by combining a theme we love with a game genre that allowed us rather fast design and implementation. We are just telling you this for a better understanding of what this was really all about. Enough background information and on with the game description. 2D House of Terror is horror-themed party game which combines the concept of hits(e.g. Nintendos Mario Party), with typical themes of the genre. If you wish to enjoy a screamfull evening with lots of fun, this is for you! Battle your friends with mindblasting scores in random mode or test your strength whilst watching the compelling narrative background in story mode."
"4 Wheel Thunder","","PAL","","Midway Games","Kalisto Entertainment","2000-06-09","2","No","Racing","E - Everyone","4 Wheel Thunder is a racing game developed by Kalisto Entertainment and published by Midway Games. While the game had been in development for some time prior as a separate title, it was eventually decided to rebrand the game into Midway's Thunder series.

4 Wheel Thunder is the off-road racing sequel to the power-boat racing game Hydro Thunder.

In this game, players race around two types of courses; huge outdoor tracks and smaller indoor tracks. All in all, there are 24 areas in which to race, including various day/night and rain/sunshine variations. The game includes the standard championship, practice race, and two player modes.

The Thunder series of games is unique in that the key to winning the race lies not in careful steering and braking, instead focusing more in finding the boost power-ups that lie around the tracks. Each boost icon adds a few seconds of time to your boost meter. The player then can press a boost button to increase the speed of the truck dramatically. Without using boost power-ups, the player has no chance of winning a race."
"4x4 Evolution","4x4 EVO","NTSC-U","United States of America","Gathering of Developers","Terminal Reality, Inc.","2000-10-31","4","No","Racing","E - Everyone","4x4 Evolution (also known as 4x4 EVO, codenamed Metal Crush 3) is a video game developed by Terminal Reality for the Windows, Macintosh, PlayStation 2 and Dreamcast platforms. It is one of the first console games to have cross-platform online play where Dreamcast, Macintosh and PC versions of the game appear online at the same time. The game can use maps created by users to download onto a hard drive, as well as a Dreamcast VMU. All versions of the game are similar in quality and gameplay, although the online systems feature a mode to customize the players' own truck and use it online. The game is still online-capable on all systems except for PlayStation 2."
"4X4 Jam","","Other","","JoshProd","Invictus Games","2017-11-01","1","No","Racing","RP - Rating Pending","4x4 Jam is an all-terrain off-road racing game featuring a Quick Race mode and a Career mode.

The Career mode features thirty-two different event challenges for the player to partake in. The events come in one of four different types, Off-Road Races, Road Races, Collector Races (where all the competitors try to locate and collect the most randomly placed icons scattered around the map), and Jam Races (where opposing vehicles rush against each other to randomly appearing checkpoint gates). Winning or placing in these events earns the player money which can then be spent on entry fees to other events and also can be used to purchase new vehicles.There are several vehicles to choose from such as the Land Raider and Wrecker and each vehicle comes with four different paint jobs options, Completing events in the Career Mode unlocks vehicles, map terrain types, and race types for use in Quick Race mode. In Quick Race mode, players are free to pick a map, race type, and vehicle of their choosing. It also introduces a Free Roam mode where the player can just drive around in a non competitive format."
"90 Minutes: Sega Championship Football","","PAL","United Kingdom of Great Britain and Northern Ireland","Sega Europe","Sega | 																Smilebit","2001-10-25","4","Yes","Sports","E - Everyone","90 minutes is a traditional action football game, featuring 7 leagues (England, France, Germany, Italy, Spain, plus an assortment of clubs from around the world) and national teams. While there are no team licenses, most players feature real names and there's also a player and team editor, allowing to change name and number of players, who's in each national team, as well as creating teams from scratch, including its players.

Gameplay follows the norms of the genre - A to pass, B to throw a high lob, X to shoot, Y to change players, with the triggers to perform modifiers (though passes and lob shots) and sprint, although these can all be changed in the options. The player can also assign special tactics to each direction on the d-pad to adapt quickly according to the flow of the game.

Game modes include the usual - World Championship (based on the world cup), as well as national leagues and cups (as well as a customizable cup), with secret teams waiting to be unlocked by those who win them, exhibition and training. Options are also the usual on these kind of games - change half lenght (3,5 or 10 minutes), opponent level and game speed. At gametime, players can also choose the weather, time of day, and between 10 cameras. There are six stadiums to choose from, inspired by venues such as the old Wembley Stadium, the Nou Camp or the ArenA in Amsterdam."
"Advanced Daisenryaku 2001","アドバンスド大戦略2001","NTSC-J","Japan","Sega","Chicken Head | 																SystemSoft","2001-04-26","4","No","Strategy","E10+ - Everyone 10+","Advanced Daisenryaku 2001 is a World War II strategy game, sequel to the game Advanced Daisenryaku: Europe no Arashi - Doitsu Dengeki Sakusen. Both games run on Sega's Dreamcast system. Advanced Daisenryaku 2001 fixed some bugs and moderately improved the graphics of Europe no Arashi and as such it is less of a sequel and more of a fix."
"Advanced Daisenryaku: Europe no Arashi - Doitsu Dengeki Sakusen","Advanced Daisenryaku: Sturm über Europa - Der deutsche Blitzkrieg | アドバンスド大戦略 〜ヨーロッパの嵐・ドイツ電撃作戦〜","NTSC-J","Japan","Sega","SystemSoft","2000-06-22","8","Yes","Strategy","E - Everyone","Daisenryaku (大戦略, Great Strategy) is a series of war strategy video games by SystemSoft and SystemSoft Alpha in Japan. The series debuted in Japan in 1985 with Gendai Daisenryaku (現代大戦略, Modern Great Strategy) exclusively for the NEC PC-98. Games in the franchise have been released for many platforms including the PC-88, X1, FM-7, MSX, Famicom, Mega Drive, Turbo CD, Game Boy, Game Gear, Super Famicom, Sega Saturn, Dreamcast, Game Boy Advance, Nintendo DS, PlayStation, Playstation 2, PlayStation Portable, Playstation 3, PlayStation Vita, PlayStation 4, Windows, Macintosh and other mobile devices.

Advanced Daisenryaku: Sturm über Europa – Der deutsche Blitzkrieg or Advanced Daisenryaku: Europe no Arashi – Deutsch Dengeki Sakusen (アドバンスド大戦略～ヨーロッパの嵐･ドイツ電撃作戦～) is an entry in the Daisenryaku series of games and was released for the Sega Dreamcast exclusively in Japan. for SEGA Dreamcast."
"Aero Dancing F","エアロダンシングF | AeroWings 2: Air Strike","NTSC-J","Japan","Crave Entertainment","CRI","2000-02-24","2","No","Flight Simulator","E - Everyone","Aero Dancing F is a fighter jet game. The most important modes selectable are free flight, which as the name implies gives you freedom to fly what you want (land it in the middle of a freeway if you'd like or next to skyscrapers) and over what type of weather and the split-screen versus mode (2 player). In addition to those modes, the game features training in over 30 fighter training missions and 15 tactical challenges. Successful completion of these challenges will unlock additional fighters (including the XF-3 Super Recipro, F-2B Support Fighter or F-15DJ Aggressor 2 to name a few) and decals/paint for the plane models.

As far as the realism goes, the game is customizable with options for either Standard or Professional Flight controls. The main difference between the two being the inclusion of more realistic G-Forces on your plane. It's also important to note that the controls are nearly identical to the first game with one or two buttons difference.

PS: same has AeroWings 2: Air Strike"
"Aero Dancing F: Todoroki Tsubasa no Hatsu Hikou","エアロダンシングＦ　轟つばさの初飛行 | Aero Dancing FSD (Special Disc) | Aero Dancing FSD:","NTSC-J","Japan","CRI Middleware Co., Ltd.","CRI","2000-11-16","1","No","Flight Simulator","E - Everyone","Aero Dancing F: Todoroki Tsubasa no Hatsu Hikou is a Simulation game, developed and published by CRI, which was released in Japan in 2000."
"Aero Dancing featuring Blue Impulse","エアロダンシング ｆｅａｔｕｒｉｎｇ Ｂｌｕｅ Ｉｍｐｕｌｓｅ | AeroWings","NTSC-J","Japan","Crave Entertainment","CRI","1999-03-04","4","Yes","Flight Simulator","E - Everyone","Aero Dancing featuring Blue Impulse is a simulation that allows the player to fly as a member of a jet aerobatics team. The game contains a variety of jet-powered aircraft that the player can fly in several game modes. • Blue Impulse Mission: Learn 20 aerobatic maneuvers and become a member of the elite Blue Impulse team. Learn loops, rolls, and more while flying both solo and in formation. 

• Sky Mission Attack: Fly through a series of targets suspended in mid-air before time runs out. 
• Free Flight: Fly around and freely explore the landscape. 
• Multi Play: Up to 4 players can perform in formation simultaneously."
"Aero Dancing i","エアロダンシングｉ","NTSC-J","Japan","CRI Middleware Co., Ltd.","CRI","2001-02-15","1","No","Flight Simulator","E - Everyone","Aero Dancing i (エアロダンシングｉ) is a Flight Simulator video game published by CRI released on February 15th, 2001 for the SEGA Dreamcast.

The third game, Aero Dancing i, was only released in Japan, for the Dreamcast and Windows. The ""i"" stands for Internet, as it was the first title of the series with an online mode. It was also the first in the series to offer air-to-ground missions. On release, Famitsu magazine scored the game a 31 out of 40.

Franchise:  AeroWings / Aero Dancing"
"Aero Dancing i: Jikai Sakuma de Machite Masen","エアロダンシングi　次回作まで待てませ～ん | Aero Dancing i: Jikai Saku Made Matemasen","NTSC-J","Japan","CRI Middleware Co., Ltd.","CRI","2001-08-23","1","No","Flight Simulator","E - Everyone","DESCRIPTION:
Aero Dancing i: Jikai Sakuma de Machite Masen (エアロダンシングi　次回作まで待てませ～ん) is a Flight Simulator video game published by CRI released on August 23rd, 2001 for the SEGA Dreamcast.


Sometimes Spelled: ”Aero Dancing i: Jikai Saku Made Matemasen“."
"Aero Dancing: Torodoki Taichou no Himitsu Disc","エアロダンシング 轟隊長のひみつディスク","NTSC-J","Japan","CRI Middleware Co., Ltd.","CRI","2000-01-20","1","No","Flight Simulator","E - Everyone","Aero Dancing: Torodoki Taichou no Himitsu Disc (エアロダンシング 轟隊長のひみつディスク) is a Flight Simulator video game published by CRI released on January 20th, 2000 for the SEGA Dreamcast.


Franchise: AeroWings / Aero Dancing"
"AeroWings","","NTSC-U","United States of America","Crave Entertainment","CSK Research Institute Corp.","1999-09-09","4","Yes","Flight Simulator","E - Everyone","AeroWings is a simulation that allows the player to fly as a member of a jet aerobatics team. The game contains a variety of jet-powered aircraft that the player can fly in several game modes. • Blue Impulse Mission: Learn 20 aerobatic maneuvers and become a member of the elite Blue Impulse team. Learn loops, rolls, and more while flying both solo and in formation. 
• Sky Mission Attack: Fly through a series of targets suspended in mid-air before time runs out. 
• Free Flight: Fly around and freely explore the landscape. 
• Multi Play: Up to 4 players can perform in formation simultaneously."
"AeroWings 2: Air Strike","","NTSC-U","United States of America","Crave Entertainment","Ubisoft","2000-08-27","2","No","Shooter","E - Everyone","Whereas the first AeroWings game was all about flight acrobatics, AeroWings 2: Air Strike is a fighter jet game. The most important modes selectable are free flight, which as the name implies gives you freedom to fly what you want (land it in the middle of a freeway if you'd like or next to skyscrapers) and over what type of weather and the split-screen versus mode (2 player). In addition to those modes, the game features training in over 30 fighter training missions and 15 tactical challenges. Successful completion of these challenges will unlock additional fighters (including the XF-3 Super Recipro, F-2B Support Fighter or F-15DJ Aggressor 2 to name a few) and decals/paint for the plane models.

As far as the realism goes, the game is customizable with options for either Standard or Professional Flight controls. The main difference between the two being the inclusion of more realistic G-Forces on your plane. It's also important to note that the controls are nearly identical to the first game with one or two buttons difference."
"After The Fall","","Other","","","","2020-06-06","1","No","Action | Shooter | Unofficial","Not Rated","After the Fall is set in the far future - 2139 to be precise - where humanity is confined to massive walled cities known as Sprawls. Life is tough but manageable in this imposing landscape of urban decay, but then an alien race known as the Collective turns up and makes everyone's life a little bit more difficult. By which I mean they take over the planet, enslave one half of humanity, kill the other half and just act like general douchebags. Great. 

(Copied from the dream cast junkyard)

A Quake total conversion for the Dreamcast."
"After... Wasureenu Kizuna","Ａｆｔｅｒ… ～忘れえぬ絆～","NTSC-J","Japan","Ciel | 																Pionesoft","Ciel","2004-02-26","1","No","Adventure","E - Everyone","After... is an adult Japanese visual novel developed by Ciel which was released on June 27, 2003, playable on the PC as a CD or a DVD.The early DVD version includes a guide book and soundtrack CD and the early CD version includes a guide book and a mouse pad. Subsequent enhanced ports to the Dreamcast and to the PlayStation 2 as After... ~Wasureemu Kizuna~ were released. Both ports feature their own exclusive characters and new scenarios not in the original PC release."
"Agartha","","Other","","","No Cliché","2001-03-05","1","No","Horror","Not Rated","Agartha was going to feature a human protagonist, Kirk, and presented a single-player survival horror adventure story.

""During the winter of 1929 in a Romanian village that was partially destroyed by a landslide that occurred during a mysterious earthquake, a subterranean city exists called Agartha. This is where evil is being kept prisoner and is desperate to escape. Kirk the human hero will encounter a series of characters from villages, the living dead, fanatics from an evil sect, monsters, demons, soldier monks, priests, archangels and the Sentinel who is the ultimate personification of evil. As Kirk, you can decide to save as many innocent people as possible or to trigger the arrival of chaos on earth. As Kirk's morals waver between good and evil, this ambiguity changes the aims of the adventure and the narration of the story.""

From the plot synopsis, it can be derived that the player would have had to make moral choices, bringing the game's narration to different conclusions. The role, emphasis, and implementation of combat is unclear, but an online capability was mentioned, featuring deathmatches or team play modes.

The name of the game itself is a city, which, according to esotericist literature, resides in the core of planet earth."
"Aikagi: Hidamari to Kanojo no Heyagi","あいかぎ ～ひだまりと彼女の部屋着～","NTSC-J","Japan","NEC Interchannel","F&C FC02 | 																S-Neo","2003-08-07","1","No","Adventure","M - Mature 17+","Aikagi: Hidamari to Kanojo no Heyagi (あいかぎ ～ひだまりと彼女の部屋着～) is a Visual Novel video game published by NEC Interchannel, S-Neo released on August 7th, 2003 for the SEGA Dreamcast."
"Air","エアー","NTSC-J","Japan","NEC Interchannel","Key","2001-09-20","1","No","Adventure | Life Simulation","E - Everyone","Air for Dreamcast and PlayStation 2 is a console port of an adult visual novel with the same name that was first released as Air as a PC title. This port, however, reduces adult rating and removed all the sexual content, but in turn adjusts the story to those removals and adds new graphics and scenes. Additionally, it includes full voice-acting for non-playable characters (NPCs)."
"Airforce Delta","","NTSC-U","United States of America","Konami","Konami","1999-09-08","1","No","Flight Simulator","E - Everyone","Ever been screaming along at Mach 2 and ordered to drop 6,000 pounds of bombs on a target no bigger than a Yugo? Or get that feeling of multiple bogeys closing in on your tail for a lock-on to blow you out of the sky? You've been contracted by a mercenary group to fuel-up, strap-in and snuff out the enemy. And to sweeten the pot in this ""The more you take out, the more you take home"" deal, you can upgrade your ride, choosing from over 30 different aircraft to get the job done. You in? Then get ready to grab some serious air!"
"Airforce Delta (JP)","","NTSC-J","Japan","Konami","Konami","1999-01-01","1","No","Action | Shooter | Flight Simulator","Not Rated","Airforce Delta (エアフォース デルタ, Eafōsu Deruta), known as Deadly Skies in Europe, is a series of combat flight simulation games developed and published by Konami. The series began in 1999 with Airforce Delta for Dreamcast, with its last main series game being the 2004 Airforce Delta Strike."
"Airforce Delta [Demo Disc]","","NTSC-U","United States of America","Konami","Climax Studios","1999-07-29","1","No","Action","E - Everyone","Players take control of a mercenary that has been contracted to complete a number of strategic military missions. Each mission completed earns the player money, and the more money that is accumulated, the more sophisticated aircraft the player can purchase. Players select from a myriad of fighters and take to the skies to defend a newly independent Republic of Laconia from its many enemies.

The first mission involves a preemptive strike against numerous fighter planes that are planning to bomb the Laconian capital city of Naxos.

The game centers around the Federated Republic of Dzavailar. Ethnic tension and religious debate have caused the Republic to split into independent states. The defenseless Republic of Laconia is in dire need of military support. Rebels from the former Federated Republic of Dzavailar have decided to reunite a territory long divided by ethnic conflict. After years of civil war, Laconia is the only republic left standing and has asked a mercenary defense organization, Airforce Delta, to help keep it from falling to the dreaded unification movement.

As a commissioned lieutenant assigned to the Delta Squadron, the pilot is about to embark on a series of over 20 missions in very hostile territories."
"Akihabara Dennou Kumi Peta Pies!","Akihabara Dennou Gumi Pata Pies! | アキハバラ電脳組　パタＰｉｅｓ！","NTSC-J","Japan","Sega","West One","1999-07-29","1","No","Adventure | Strategy","E - Everyone","A breeding game based by a popular SF school comedy serialized in Kodansha’s shojo manga magazine “Nakayoshi” and aired on TV anime. The player is a first-year student attending Akihabara Junior High School. The purpose is to expand the friend network by letting your pet robot “PataPi” play with your friend PataPi in the game. By “playing” with friends, a fun cartoon-style event occurs. Sub-events such as receiving e-mail are also available. It also supports visual memory, and you can enjoy mini-games where PataPi gives you “fortune-telling” and “tell you”."
"Alice Dreams Tournament (Kickstarter Edition)","","Other","United States of America","","","2017-02-18","4","No","Strategy | Family | Party","Not Rated","No overview is currently available for this title, please feel free to add one."
"Alice Sisters","","NTSC","","","OrionSoft","2020-09-07","1","No","Action | Platform","E10+ - Everyone 10+","No overview is currently available for this title, please feel free to add one."
"Alice's Mom's Rescue","","Other","United States of America","JoshProd","Orion_","2017-01-01","1","No","Action | Adventure","Not Rated","Alice's Mom's Rescue is a puzzle platformer designed with old consoles in mind. You play as Alice, a girl who has to save her mother, abducted by a giant raven. As a white rabbit claims it knows the location of the raven's nest you decide to follow it...

The game features three different worlds with several levels each. Your goal is to reach the exit of the level while avoiding enemy creatures (which can't be killed, and will reduce Alice's hearts — the game's life meter — by one on each contact) or harsh environments (spikes, water or lava, all instantly fatal). In the whole game you deal with locked gates and have to find the matching keys; later worlds will introduce falling platforms that disappear, levers to push in order to open the exit and movable crates that can help Alice reach certain areas. There are two types of mushrooms: one shrinks Alice, the other returns her to the normal size. Mini-Alice can access narrow passageways, but she lacks the force to push crates and her jumps are reduced in height and length. There is no game over, the current level is played from the beginning in case of failure; when starting a new game, it is possible to play from the last stage you previously reached."
"Alien Front Online","ALIENFRONT ONLINE","NTSC-U","United States of America","Sega","WOW Entertainment","2001-08-09","1","No","Action | Shooter","T - Teen","Alien Front Online is a Dreamcast video game originally released for the console in 2001.

In the game, players use armored vehicles to fight tense battles staged in large, interactive arenas. Players could choose which side they wished to fight for, the aliens or the human defenders of Earth, and could also choose one of three different vehicles to combat with; each having its own advantages and disadvantages. Although Alien Front was fully playable for one person, it was primarily designed as an online game in which up to 8 players (up to 4 on each side) could battle it out. Players move around the arena attempting to blast each other with their weaponry, while also looking for power-ups that will enhance their ability to wreak massive destruction. Typically, the game was played for a set number of minutes, after which the team with the most kills would be declared the winners. Being killed while playing the game had no serious consequences (you simply respawned in a different part of the area you were in), but it did reflect on your win/loss score."
"Alone in the Dark: The New Nightmare","","PAL","United Kingdom of Great Britain and Northern Ireland","Infogrames","Darkworks SA","2001-06-22","1","No","Action | Horror","M - Mature 17+","Set on October 31, 2001. Edward Carnby's best friend and partner, Charles Fiske, has been found dead off the coast of Shadow Island, a mysterious island near the coast of Massachusetts. Carnby's investigation quickly leads him to Frederick Johnson, who informs him of Fiske's search for three ancient tablets with the ability to unlock an incredible and dangerous power. Johnson pleads with Carnby to take the place of Fiske and reopen the investigation in order to recover the tablets. Carnby accepts and makes it his mission to find Fiske's killer. Johnson introduces Edward to Aline Cedrac, an intelligent, young university professor. She joins Edward to recover the missing tablets and assist Professor Obed Morton, who she believes to be her father. While flying over the coast of Shadow Island, Edward and Aline's plane comes under attack by an unknown creature. Edward and Aline both jump out of the plane and parachute to the ground, but are separated immediately. Edward lands in the dense forest just outside a manor, while Aline lands on the roof of said manor."
"AM2 of CRI 2001 New Lineup Movie Collection","AM2 of CRI 2001 New Lineup Movie Collection (Japan)","NTSC-J","Japan","Sega","Sega AM2 R&D Division","2000-11-24","1","No","Demo","Not Rated","AM2 of CRI 2001 New Lineup Movie Collection (AM2 2001 ニューラインナップ ムービーコレクション) is a Sega Dreamcast disc featuring footage of AM2 of CRI games set for release in 2001. It was only released in Japan as a pre-order bonus for Fighting Vipers 2, for customers ordering through Dreamcast Direct between 24th November 2000 and 11th January 2001.

The disc contains previews of Shenmue II, Outtrigger and Fighting Vipers 2."
"Andro Dunos","","PAL","","PixelHeart","Visco Corp","2022-06-01","1","No","Shooter","E - Everyone","Andro Dunos original game (アンドロデュノス, in japanese) is a side scrolling arcade game from shoot’em up category (Shmup).
Developed by Visco and Distributed in 1992 by SNK ON Neo-Geo MVS and Neo-Geo AES.
Licensed by Pixelheart since 2020.

The space battle of the century has just begun…
Enter a world of vivid color, imagination, and space fantasy. A mission to deceive enemy guard in this bold new frontier. Pilot the awesome space fighters through the treacherous corridors of space.

Players take control of a new type of fight spaceship sent to end a long war against an alien species. The ship has four basic weapons that can be upgraded by collecting bonuses as you progress through the levels.

Features:
– 4 interchangeable weapons at any time.
– Flexible and efficient gameplay.
– Recover power ups by killing enemies."
"Andro Dunos 2","","PAL","","PixelHeart","Visco Corp","2021-06-01","1","No","Shooter","E - Everyone","The sequel to the famous shoot’em up from Visco studio is coming to PixelHeart. It’s time to bring out your good old spaceship fighter in ANDRO DUNOS 2.

Once upon a time…
Andro Dunos (アンドロデュノス, in japanese) is a side scrolling arcade game from shoot’em up category (Shmup).
Developed by Visco and Distributed in 1992 by SNK ON Neo-Geo MVS and Neo-Geo AES.
Licensed by PixelHeart since 2020.

Some 28 years have passed since the Earth Defence deployed Yellow Cherry and Red Fox to stop the imminent invasion from an unknown alien race. 52 light years away on the edge of our galaxy the threat has reared its ugly head again and this time they mean business.
There’s just one thing to do, dust off the finest Earth Defence ships ever made and send the alien scum packing. It’s apparent that these relics from a war time that was forgotten had seen better days and only one ship the Yellow Cherry could be saved using parts from Red Fox which was critically damaged in the war of the past.
Are you up for the task of saving the earth?

In this pure homage to the classic 90’s Arcade shoot em up you take control of one of the most technologically advanced space ships ever made with 4 weapon sets which can be changed depending on what situation you are in between them taking out enemies from all angles.
Weapons can be upgraded by collecting pickups or in the end level upgrade screen up to a maximum of 7. You also can take advantage of Missile and Shield pickups which can also be powered up to level 7.
Each weapon builds up a charge when firing which unlocks the Hyper Shot which delivers a devastating blast to whatever gets in its way…but be warned it also leaves your weapon weak and your ship vulnerable until charged back up again.

Starting on earth battle your way through 7 stages powering your weapons up until you reach the edge of the galaxy and the secret base from where all enemy waves are being orchestrated from. You will need to use everything you have learned on the journey about your weapon sets to take out the final boss and restore peace to Earth once more.

Features:
– Flexible and efficient gameplay.
– Recover power ups by killing enemies.
– Arcade mode for those who want to jump straight into the action.
– Music composed by Allister Brimble (Alien Breed, Body Blows, Project-X, Colonization, Driver or Superfrog)."
"Angel Present","エンジェルプレゼント","NTSC-J","Japan","NEC Interchannel","HuneX | 																Studio OX","2001-04-12","1","No","Adventure","E - Everyone","The player takes a role of a young male assistant to the picture book writer who just went on a tour of Europe for an inspiration. You, on the other hand, desperately want to prove yourself in the area, but your inspiration is as dry as an empty well. So, you decide to take those three weeks of holidays to return to your hometown and give your best to come up with something solid or completely give up on wanting to become a picture book writer. Your hometown is a couple of hours from Tokyo by bullet train, though it is a rather rural area so it requires a switch to a more local train. Upon your arrival, you soon team up with Erina, an old friend of yours, and the two of you keep on exploring town, going places an meeting people. One night, walking alone in the woods, you get caught by the rain. Running to find a shelter, you stumble upon a small shrine. There, in front of your eyes, you see a flying silhouette which soon gets zapped by the thunder and falls down not far from where you are. Not sure what you saw really happened, you come outside and see a small fairy, down on the ground under the rain and with a wounded wing. You pick her up and tend to her wound. She quickly tests her fixed wings and flies away with a smile. As the morning comes, you look over town and has a sudden vision of an unknown place. Whatever happened to you granted you certain magical abilities you are not aware of.

The game takes place in your hometown which represents reality, and a fantasy Layer world. In either world you can freely move around the map and talk to various characters you run along the way. Your hometown is split into six districts and different events and characters can be seen at different time of the day (morning, noon, evening, or night). When in Layer world, whenever important advance is being made, a battle scene which takes action on a separate combat arena will occur. The battle itself is real-time and consists of you trying to throw objects or use attacks against the boss. During adventure mode, when entering certain area from the map, the gameplay will resemble that of a regular visual novel with static backgrounds and character stills over it, varying in poses to emphasize their disposition. As dialogues are often short, dialogue choices are not used, but occasional actions you can perform are offered depending on the time and location.

As with the less-action orientated NEC Interchannel titles, however, a translation guide is a must without knowledge of Japanese.

Credits: Written by Mike Phelan for The Dreamcast Junkyard."
"Angel Wish: Kimi no Egao ni Chu!","ＡｎｇｅｌＷｉｓｈ ～君の笑顔にチュッ！～","NTSC-J","Japan","Pionesoft","Favorite","2005-02-24","1","No","Adventure","T - Teen","Originally released as Angel Wish: Houkago no Meshitsukai ni Chu! for PC (Windows) as a romantic adult visual novel, this console port reduces rating level by removing adult content and readjusting the story to work without it. The premise remains pretty much the same. You are Seiya Kiyoshi, just another student enrolled in a private school. One day, a girl in maid outfit comes before you and tells you that you are the prince of Stella kingdom. She tells you that your life at the school campus was monitored and that you appear too shy which is not befitting the prince and that she is here to help you in your education for being a true emperor while attending the school life.

The game characters can change poses, but do not feature any talking animation except blinking eyes at random. On screen text can be turned off to see the clear background with on-screen characters. Voice-acting is present for all the characters except the protagonist. Bonus section which is accessible via main menu contains unlockable galleries, movies, and BGM player. A rather unique bonus feature is that you can see the heroines and list through their various poses and outfits that they use in the game. During conversations characters will move away or closer to you to simulate proximity as well as to emphasize whispering or yelling from a distance."
"Animastar","","NTSC-J","Japan","syn Sophia","AKI USA, Inc. | 																Asmik Ace Entertainment","2000-06-15","1","No","Life Simulation","E - Everyone","Animastar is a Japanese-only monster raising and racing sim for the Sega Dreamcast. Players raise and evolve creatures to compete with others from around the world on the racetrack.

A monster-raising sim in the vein of titles such as Monster Rancher and Dragon Seeds, players take the role of an aspiring trainer of 'anima'. These beast-like creatures possess an affinity for racing and the ability to attain new forms with proper care. Can the protagonist raise the best anima on the continent and compete with the stars of the racetrack? Will he solve the riddle behind the mysterious anima that appeared years ago? The fate of the continent may very well depend on it!"
"Another World HD","Another World: 20th Anniversary Edition","Other","","JoshProd","Eric Chahi","2018-08-31","1","No","Action | Adventure | Shooter","T - Teen","Also known as Out Of This World™, Another World is a pioneer action/platformer that released across more than a dozen platforms since its debut in 1991. Along the years, Another World™ has attained cult status among critics and sophisticated gamers alike.

Another World™ chronicles the story of Lester Knight Chaykin a young scientist hurtled through space and time by a nuclear experiment that goes wrong. In an alien and inhospitable world, you will have to dodge, outwit, and overcome the host of alien monsters, while surviving an environment as deadly as your enemies. Only a perfect blend of logic and skill will get you past the deadly obstacles that lie in wait.

- Remastered presentation - Another World is back in its 20th Anniversary Edition with vga graphics faithful to the original design.
- 3 difficulty modes - Normal (easier than original game), Difficult (Equal to original game) and Hardcore (more difficult than original game).
- A new immersive experience - Rediscover a cult adventure with 100% remastered sounds and FX."
"Aqua GT","","PAL","","Take-Two Interactive Software, Inc.","East Point Software","2000-12-22","2","No","Racing","E - Everyone","Aqua GT is powerboat racing game. It features three modes: Championship, Arcade and Two-player.

Championship mode is the main single player game, where you advance through the Bronze, Silver and Gold Championships. In the Arcade gameplay mode you have to beat the clock. In two-player split screen mode you go head to head against another player.

There are 5 boats to choose from, and you can unlock another 15 while progressing through the game. All boat vary in speed, acceleration and handling.

The tracks are set in canals of major cities, like London, Amsterdam and New York. Each track has a high or low tide, and you can race at day time or during the night time."
"Arcade Racing Legends","Arcade Racing Legends: Road Trip Edition","NTSC","United States of America","JoshProd","","2020-12-08","2","No","Racing","E - Everyone","Get your old Dreamcast's engine warmed up and show off your driving skills, as you take the wheel to dozens of legendary cars included in Arcade Racing Legends! At full speed, with an original soundtrack, you will try to control your vehicle on 6 varied circuits through city, desert and more. Face your friends in frenzied games thanks to the “Duel” mode or take up the challenges of the “Career” mode. Train and improve your skills to unlock additional features. Need more perfection? A Time Trial mode is here to let you know every turn on the joystick tip and take on your shadow! Developed for the 20th anniversary of the console by the publisher PixelHeart and financed via Kickstarter with more than 300 contributors. Features: • Duel 2 players • Career Mode • Time Trial Race • More than 15 vehicles • 6 Circuits • Original musics Electro, Punk/Rock Another version of the game, Arcade Racing Legends: Road Trip Edition, included an alternate cover, manual, an OST music disc, and a certificate."
"Armada","","NTSC-U","United States of America","Metro3D, Inc.","Metro3D, Inc.","1999-10-31","4","Yes","Action | Role-Playing","E - Everyone","Armada is a video game that was released for the Sega Dreamcast in 1999. Earth has been destroyed by the unfathomable Armada, giant space aliens of unknown origin with unknown purpose. Fleeing in whatever was available, humanity took to the stars in a desperate attempt to survive. Eons later, humans have split into 6 distinct groups who maintain a shaky alliance against the Armada. An Asteroids-like RPG, Armada was a sci-fi shooter that allowed 1-4 players to fly about the universe, fighting the enemy, performing missions and improving their ship. The player would gather credits to buy power-ups for their ship, allowing them to voyage deeper into enemy territory, blow up ever more powerful Armada, and perform missions of increasing importance and danger as the alliance fights not only for answers as to why the Armada attack, but for their very lives."
"Armed 7","","Other","","JoshProd","ASTRO PORT","2019-05-07","1","No","Shooter","E - Everyone","ARMED SEVEN for Sega Dreamcast
It has been 12 years since the invasion of Earth by Gogoh's army and the international conflicts that had previously raged in human history have fallen to a historically low level. The Earth Federation was created as the unified government of the Earth. The stage was set for an era of unprecedented prosperity, but the underground militant organization ""Order Neo Loran"" appeared, determined to establish a new world order. Today, the fate of the newly formed Earth Federation is at stake as it begins to fight this global threat.

Get ready for 7 levels of intense lateral scrolling shots.
Customize your weapons to adapt your game to different situations.
The 4 levels of difficulty will allow each type of player to overcome this war.

FEATURES:

Incredible amount of hand drawn graphics
7 stages of side scrolling mecha-shooting action!
Customizable weapon load outs!
4 difficulty levels: Easy to INSANE!
Supports HDMI & VGA Cables
REGION FREE"
"Army Men: Sarge's Heroes","","NTSC-U","United States of America","Midway Games","3DO","2000-11-16","4","No","Action","T - Teen","Campaign is the main mode of Sarge's Heroes. The player plays as Sarge, the protagonist for many of the Army Men games. The player travels through several missions, completing objectives, killing enemies, destroying vehicles, and rescuing people. The plot starts out as the Tan Army is invading the Green Army base. Sarge rescues Colonel Grimm and they evacuate the base in a helicopter. In the game, Sarge discovers portals that lead from the ""plastic world"" to the ""real world"". The Tan Army is getting ""Weapons of Mass Destruction"" from the ""real world"" (toys and ordinary objects, i.e. magnifying glass). Throughout the game, Sarge rescues commandos of his own unit, Bravo Company. Sometimes they are in Tan bases, and other times he has to go through portals and save them from the ""real world"". To avoid the destruction of the Green Army, Sarge must destroy the portals and stop Plastro."
"Astro Port Collector","","NTSC-U","","PixelHeart","ASTRO PORT","2022-09-01","1","No","Shooter","Not Rated","Discover the Collector’s Astro Port ! Ultimate collectible for Shoot’em up and Dreamcast fans.

Games:

In GIGANTIC ARMY, drive the «GMR-34 SALADIN», a battle robot to fight Ramulon army.

SATAZIUS NEXT bring you to a faraway galaxy. Lost on the planet Agano, resist to the assaults of space pirates and save the universe from destruction.

With WOLFLAME, defend the colony of the planet Sig Fildonia by destroying the invaders’ base.

In ZANGEKI WARP, take control of the hyperdimensional combat engine “ZanFighter” and use its advanced warp abilities to beat down a spatial beast army."
"Atari Anniversary Edition","","NTSC-U","United States of America","Infogrames Entertainment","Digital Eclipse Software, Inc.","2001-07-02","4","No","Action","E - Everyone","Atari Anniversary Edition is a Compilation video game published by Infogrames released on July 2nd, 2001 for the SEGA Dreamcast.

•Asteroids 
•Asteroids Deluxe 
•Battlezone 
•Centipede 
•Crystal Castles 
•Gravitar 
•Millipede 
•Missile Command 
•Pong 
•Super Breakout 
•Tempest 
•Warlords"
"Atelier Marie & Elie ~ Salburg no Renkinjutsushi 1.2","Atelier Marie & Elie: The Alchemists of Salburg 1・2","NTSC-J","Japan","GUST Co., Ltd.","Kool Kizz Amusement Works","2001-11-15","1","No","Role-Playing","Not Rated","Atelier Marie & Elie: The Alchemists of Salburg 1・2 is a role-playing video game, or rather a pair of games, developed by Gust and published by Kool Kizz on November 15, 2001, for the Sega Dreamcast. The title is, effectively, a compilation of Atelier Marie Plus and Atelier Elie with a few minor graphical improvements. The compilation was only released in Japan.

A similar port was released in 2005 for the PlayStation 2, titled ""Atelier Marie + Elie: The Alchemists of Salburg 1+2"". This version features more heavily re-worked graphics for both games, essentially re-scanning or re-drawing all of the original art from the PS1 releases and increasing their resolution to make full use of the PS2's ability to display at ""true"" 640x480 standard definition.

Note: The screensaver included on the disc contains a virus. http://www.theregister.co.uk/2001/11/30/dreamcast_game_spreads_virus/"
"Atsumare! GuruGuru Onsen","あつまれ！ぐるぐる温泉","NTSC-J","Japan","Sega","Sega","1999-09-23","4","No","Board","E - Everyone","Atsumare! GuruGuru Onsen (あつまれ！ぐるぐる温泉) is a Board Game video game published by SEGA released on September 23rd, 1999 for the SEGA Dreamcast.

The first of the Guru Guru Onsen series, Sega’s attempt to bring online table games to the Dreamcast. This version includes Mahjong, Shogi and Trump, all wrapped up in Sega’s usual flair for presentation. Even with this online focus, the game is possible to play offline against AI controller opponents. Whilst as you may expect there’s a fairly large amount of text to read here, those familiar with the games on offer can get something out of it with minimal knowledge.

Credits: Written by Mike Phelan for The Dreamcast Junkyard."
"Atsumare! GuruGuru Onsen BB","Atsumare! Guru Guru Onsen BB | あつまれ！ぐるぐる温泉 B B","NTSC-J","Japan","Sega","Overworks | 																Sega","2000-10-31","4","No","Board","E - Everyone","Atsumare! GuruGuru Onsen BB (あつまれ！ぐるぐる温泉 B B) is a Board Game video game published by SEGA released on October 31st, 2000 for the SEGA Dreamcast.

From what I can tell, this is the same basic game as Atsumare! GuruGuru Onsen but now compatible with the Dreamcast Broadband adaptor. It appears that the game has the same 3 titles (Mahjong, Shogi and Trump) and still features the 3D presentation and single player modes. It’s a bit tougher to find, as you may imagine.

Credits: Written by Mike Phelan for The Dreamcast Junkyard."
"Azumanga Daioh Puzzle Bobble","","Other","Japan","Taito Corporation","Moss","2002-06-01","2","No","Puzzle","Not Rated","Azumanga Daioh Puzzle Bobble (あずまんが大王パズルボブル) is a Puzzle video game published by Taito released on 2002 for the Naomi Arcade platform.

Azumanga Daioh Puzzle Bobble is a game based on the Azumanga Daioh anime and manga which was released by Taito Corporation as an arcade-only Puzzle Bobble spin-off on June 1, 2002. It was developed by MOSS for the Sega NAOMI GD-ROM arcade and distributed in Japan exclusively. It also has a two-player mode and the original voice actors from the Azumanga Daioh anime reprise their roles. It is controlled using one joystick and two buttons"
"Bakumatsu Roman Daini Maku - Gekka no Kenshi - Final Edition","","NTSC-J","Japan","SNK","SNK","2000-12-21","2","No","Fighting","Not Rated","No overview is currently available for this title, please feel free to add one."
"Bakumatsu Roman Daini Tobari: Gekka no Kenshi","Bakumatsu Roman Daini Maku - Gekka no Kenshi - Final Edition","NTSC-J","Japan","SNK","SNK","2000-12-21","2","No","Fighting","T - Teen","No overview is currently available for this title, please feel free to add one."
"Bakuretsu Muteki Bangaiō","","NTSC-J","Japan","Entertainment Software Publishing","Treasure","1999-12-09","1","No","Action | Shooter","E - Everyone","No overview is currently available for this title, please feel free to add one."
"Baldr Force Exe","バルドフォース エグゼ","NTSC-J","Japan","GIGA","GIGA","2004-10-28","1","No","Shooter","T - Teen","Baldr Force is a 2D action-shooter game and eroge visual novel with fast action and detailed sprite characters. The game features a world in the not-so-distant future where humans are able to dive into the network, and fight using humanoid tools called ""Simulacrum""."
"Bang Bang Busters","","Other","","JoshProd","Visco Corporation","2011-04-05","1","No","Action","E - Everyone","After being called in on a false SOS signal, the two player characters must defeat the villainous Honey's dark army. They do so by shooting them until they inflate, then by grabbing and throwing them at other onscreen enemies. Hitting multiple enemies in a single throw results in more bonus points, and the screen will end after either all enemies have been destroyed, or after an enemy spawner is destroyed. Each stage has five screens, and every other stage ends with a fight against a durable boss character that can inflate the player character."
"Bang! Gunship Elite","","NTSC-U","United States of America","Red Storm Entertainment, Inc.","Rayland Interactive","2000-07-25","1","No","Shooter","E - Everyone","Welcome to the Gunship Elite. Sorry to rush you out of training school, but we have full confidence in your abilities. You are fighting for the future of our cultures and the heritage of your Arikhan warrior ancestry. The Alliance is being invaded by the Sektar and their bloodthirsty allies, the Morgoths. While for years we have held them, their numbers are wearing us down. We must take the offensive soon. That is where you come in...

Bang! Gunship Elite is an action game where you shoot a lot of enemies all by yourself, in the vein of Wing Commander or Freespace, but with the action turned up and tactics turned down. There are many power-ups (dropped by dead enemies or left in space by your supply ships). The game is mouse driven with keyboard inputs for things like speed and weapon selection."
"Bangai-O","","PAL","United Kingdom of Great Britain and Northern Ireland","Swing! Entertainment Media AG","Treasure","2000-10-20","1","No","Shooter","E - Everyone","A group of space pirates known as the Cosmo Gang is concocting an evil scheme, which involves smuggling rare fruits and using them for their own foul purposes. Two young mecha pilots, Riki and his sister Mami, board a giant mecha called Bangai-O, in order to confront the pirates in battle and foil their villainous plans.

Bangai-O is a multi-directional shooter and a spiritual successor to Hover Attack. The player manoeuvres the titular mecha and shoots in eight directions. Two firing modes represent switching between the two pilots. Riki fires homing missiles, while Mami's shots bounce off walls. Enemies drop fruits upon defeat, which are equivalent to power-ups in other games. It is also possible to execute a special attack that consists of a burst of shots fired in all directions. Scoring successful combos (or increasing explosion count in the Dreamcast version) leads to higher-level power-ups."
"Bass Rush Dream","バスラッシュドリーム 〜エコギア パワーワームチャンピオンシップ 〜","NTSC-J","Japan","Visco Corporation","Visco Corporation","2000-12-21","1","No","Sports","E - Everyone","BassRush Dream (バスラッシュドリーム 〜エコギア パワーワームチャンピオンシップ 〜) is a Fishing video game published by Visco released on December 21st, 2000 for the SEGA Dreamcast.

Full title ‘Bass Rush Dream: EcoGear PowerWorm Championships’.

Visco may not be a big name in game development, but their stab at a Fishing title is another decent attempt at the sport on the Dreamcast. Never making it’s way out of Japan, Bass Rush Dream nevertheless has a good set of features, a VMU mini game and uses the fishing controller to good effect. As with all the Japanese fishing titles, there’s nothing spectacular on offer, but for digital anglers out there, it’s a no-brainer to add to your collection.

Credits: Written by Mike Phelan for The Dreamcast Junkyard."
"Battle Beaster","バトルビースター","NTSC-J","Japan","Studio Wonder Effect","Studio Wonder Effect","2001-03-15","2","No","Strategy | Fighting","E - Everyone","Battle Beaster (バトルビースター) is a Action video game published by Studio Wonder Effect released on March 15th, 2001 for the SEGA Dreamcast.

A ‘Battle Beast simulation’, Battle Beaster utilises the microphone as you, erm, battle beasts. It does sound a bit generic, and indeed, it is. You pick a variety of beasts, train them up and do battle, with the microphone utilised to shout instructions/encouragement to your charges. Unsurprisingly everything here is in Japanese, and there’s plenty of text to deal with too, meaning you’re going to want to read up on your language skills to play the game. It’s possibly the most generic title ever, and the game wasn’t exactly hotly received upon release.

Credits:
Written by Mike Phelan for The Dreamcast Junkyard."
"Battle Crust","","PAL","France","","Picorinne Soft","2019-01-08","1","No","Shooter","T - Teen","The fate of Earth depends on you!
A mechanical army from space plans to invade our planet with a destructive weapon: the ""Metal Crust"". Get on board your ship and counter the invasion in this dynamic old school vertical shooter. Atomize your opponents with your loaded fire, also acting as a shield, your guns and battle drones. Collect various power-ups to defeat gigantic bosses and send the enemy back to the bottom of the galaxy.

FEATURES:

- English & Japanese Language
- Graphic is reminiscent of the 80s-90s by the pixel art.
- Music composed by Hyakutaro Tsukumo
- Selectable video modes
- Supports TATE Mode
- Supports HD VGA Cables and HDMI Cables"
"BikkuriMan 2000 Viva! Festival!","ビックリマン 2000 ビバ！フェスチバァ！","NTSC-J","Japan","Sega","Sega","2000-05-02","1","No","Party","E - Everyone","Bikkuriman 2000: Viva! Festival! (ビックリマン２０００ ビバ！フェスチバァ！) is a Bikkuriman 2000 game released for Dreamcast in 2000. The game was also released for NeoGeo Pocket Color as Bikkuriman 2000: Viva! Pocket Festival! (ビックリマン２０００～ビバ！ポケットフェスチバァ！), and it can connect with the Dreamcast version.

The game is a collection of mini-games. The player selects Sei Tenshi Takeru or Tenjo Pōchi (Takeru only in the NeoGeo Pocket Color version) to move around a park and play the attractions. One of the mini-games is free and can be used to gain coins, with other attractions requiring coins to participate. The player gains more coins according to their score in the games, and in some attractions a rare seal can be obtained. Besides being used to participate in mini-games, the coins can be spent in slot machines to obtain seals from the Bug Akuma vs. Giga Tenshi Seal series, which can later be seen in a museum. At first only a few mini-games are available, with more being unlocked by completing objectives."
"Biohazard - Code - Veronica - Trial Edition","","NTSC-J","Japan","Capcom","Capcom","1999-12-22","1","No","Horror","Not Rated","No overview is currently available for this title, please feel free to add one."
"Biohazard 2 Value Plus","バイオハザード２　バリュープラス","NTSC-J","Japan","Capcom","Capcom Production Studio 3","1999-12-02","1","No","Role-Playing | Horror","M - Mature 17+","Set two months after the destruction of a secret underground laboratory housing biological experiments of the pharmaceutical company Umbrella, Resident Evil 2 has the citizens of Raccoon City transformed into zombies by the biological weapon T-Virus. Players control one of two protagonists (either rookie police officer Leon S. Kennedy or college student Claire Redfield) as they try to escape the city while both looking for survivors and investigating the leads of a new biological weapon."
"Biohazard 3: Last Escape","バイオハザード3　ラストエスケープ","NTSC-J","Japan","Capcom","Capcom","2000-11-16","1","No","Horror","M - Mature 17+","Resident Evil 3 takes place during the events of Resident Evil 2. The midwestern town of Raccoon City is in ruins, having been overrun with the undead creating T-virus thanks to the wacky hijinks of William Birkin and Umbrella Inc. The player must guide Jill ""master of unlocking"" Valentine (one of the two main protagonists of the original Resident Evil) out of the city alive. Along the way, Jill will interact with and receive help from (or be hindered by) three Umbrella mercenaries who are also stranded in Raccoon City. Standing in the way of your group's last escape are a horde of flesh-eating zombified citizens, homicidal mutants, and a relentless killing machine known only as Nemesis who is determined to hunt down and kill the survivors of the original Resident Evil, including Jill.

A dramatic improvement over Tyrant/Mr. X/G from the previous games, Nemesis can run (faster than Jill, in fact), use firearms (a rocket launcher), dodge attacks, and even move through doors and from room to room in pursuit of Jill. On top of that he still possesses the nigh indestructibility we've come to know from Umbrella's ultimate bio-weapons.

Like its two predecessors Resident Evil 3 is a third-person action-adventure game with polygonal characters on pre-rendered backgrounds with cinematic camera angles, a technique originally pioneered by Alone in the Dark. Although the game uses the same basic engine and gameplay as the previous games, the gameplay is improved by features such as auto-targeting, a 180 degree spin, and a new dodge move that allows Jill to avoid enemy attacks. Another addition is Jill's ability to create different kinds of ammunition by mixing together three different types of gunpowder found throughout the game. The game include a randomization feature, which changes the location of certain key items and ammo. Another noteworthy feature is that at certain points in the game, Jill is faced with two choices for a situation, each will affect later story, and even the game ending. The zombies have also been made more diverse.

The PC and Dreamcast versions includes all eight of Jill's possible costumes, as well as the mercenary mini-game Operation Mad Jackal which allows you to play as one of the three Umbrella soldiers. On the Playstation version, these special features must be unlocked by beating the game with a high score."
"Biohazard Code: Veronica","バイオハザード　コード：ベロニカ BIOHAZARD -CODE:Veronica-","NTSC-J","Japan","Capcom","Capcom","2000-02-03","1","No","Action | Horror","M - Mature 17+","Get your blood pumping in the horror game Biohazard - Code: Veronica. Also known as Resident Evil - Code: Veronica, this game follows the story of Claire. After escaping a horde of zombies, she begins searching for her brother. While on her quest, she discovers the Umbrella Corporation and learns just how evil they are. She also learns that the company’s experiments aren’t just restricted to one town - they are now everywhere. Plagued by zombies and beasts at every corner, she must fight for her life while she looks for her brother and uncovers the secrets of the Umbrella Corporation. This single-player game is the first game in the Resident Evil franchise. It features 3-D environments and unique camera angles. It also offers first-person shooter style gameplay in parts of the game. Available on the Sega Dreamcast, this game is a fun play for anyone that enjoys survival games.

Catalog Number: T-1207M (Discs)"
"Biohazard Code: Veronica [Limited Edition]","バイオハザード　コード：ベロニカ BIOHAZARD -CODE:Veronica-","NTSC-J","Japan","Capcom","Capcom","2000-02-03","1","No","Action | Adventure | Horror","M - Mature 17+","Get your blood pumping in the horror game Biohazard - Code: Veronica. Also known as Resident Evil - Code: Veronica, this game follows the story of Claire. After escaping a horde of zombies, she begins searching for her brother. While on her quest, she discovers the Umbrella Corporation and learns just how evil they are. She also learns that the company’s experiments aren’t just restricted to one town - they are now everywhere. Plagued by zombies and beasts at every corner, she must fight for her life while she looks for her brother and uncovers the secrets of the Umbrella Corporation. This single-player game is the first game in the Resident Evil franchise. It features 3-D environments and unique camera angles. It also offers first-person shooter style gameplay in parts of the game. Available on the Sega Dreamcast, this game is a fun play for anyone that enjoys survival games.

Catalog Number: T-1210M (Discs)"
"Biohazard Code: Veronica Kanzenban","バイオハザード コード: ベロニカ 完全版","NTSC-J","Japan","Capcom","Capcom","2001-03-22","1","No","Action | Horror","M - Mature 17+","BioHazard Code: Veronica Kanzenban (バイオハザード コード: ベロニカ 完全版) is a Survival Horror video game published by Capcom released on March 22nd, 2001 for the SEGA Dreamcast.

The ‘JPN-O’ release, the Kanzenban (完全版) release (Roughly translates as “Full Version”) , is better known outside of Japan as ‘Code: Veronica X’. It’s a significantly improved version of the game, with reworked graphics, new FMV’s and various bug fixes."
"Biohazard Gun Survivor 2: Code Veronica","gunsur2","Other","Japan","Bandai Namco Entertainment | 																Capcom","Capcom | 																Namco | 																Nextech | 																Sims","2001-01-01","1","No","Action | Shooter","Not Rated","Biohazard Gun Survivor 2: Code Veronica (ガンサバイバー2 バイオハザード コード：ベロニカ) is a First Person Shooter video game published by Capcom and developed by Namco released on 2001 for the Naomi Arcade Platform.

Resident Evil Survivor 2:Code: Veronica is a light gun shooter video game developed and published by Capcom as part of the Resident Evil series. The arcade version was developed in conjunction with Namco for the arcade machines. The game is the second installment in the Gun Survivor series and sequel to Resident Evil Survivor. The game is adapted from Resident Evil – Code: Veronica and features enemies and characters from that game, and enemies from Resident Evil 2 and Resident Evil 3: Nemesis."
"Black/Matrix AD","ブラックマトリクス アドヴァンスト","NTSC-J","Japan","Interchannel, Ltd.","ALU | 																Flight-Plan","1999-09-30","1","No","Role-Playing | Strategy","Not Rated","Black/Mtrix Advanced is an enhanced version of Black/Matrix. The game is set in a world which is controlled by demons, who have defeated the angels after a prolonged war. You control Abel, an angel who serves a female demon master (which you choose among several available characters in the beginning of the game). You and your master develop deep feelings for each other, but then your master disappears, and you decide to find her at all costs.

The Dreamcast release comes on 2 GDs (instead of the single CD of the original), and features many anime-style cutscenes that were not included in the Saturn version. Also, the story cutscenes which happen after the battle don't use the isometric battle engine any more, but are viewed from first-person perspective, with character portraits occupying a large portion of the screen. Other differences include the addition of two scenarios (12 instead of the original 10), a new difficulty level (Easy), different art for character portraits, several changes in battle locations, and new plot details."
"Bleemcast for Gran Turismo 2","","Other","","Bleem Company","Bleem Company","2001-05-01","2","No","Racing","E - Everyone","PlayStation gamers know Gran Turismo 2 is the most realistic, true-to-life racing game ever made. Now Dreamcast owners can play GT2, too! Get bleem! and GT2, and see why PlayStation owners are green with envy: Smooth 640 x 480 3D graphics from original PlayStation 1 games (even the PS2 can't do that). Clean, filtered textures (you can actually read every sign you pass at 180mph). Full-screen anti-aliasing smooths out the jaggies for added realism. And you get it all for less than the cost of a new Dreamcast game - get bleem! and GT2 today!"
"Bleemcast for Metal Gear Solid","","Other","","Bleem Company","Bleem Company","2001-10-30","1","No","Action","M - Mature 17+","As the previous bleem! releases did for the PC, the bleem! for Dreamcast disks allow gamers to play PlayStation titles on their Sega Dreamcast consoles. Users just start the Dreamcast console with the bleem! disk, then replace bleem! with the regular PlayStation disk when prompted. Unlike the bleem! software for other systems, this release for the Dreamcast only supports one PlayStation game, but is available at a lower suggested retail price.

This second release in the planned series allows Dreamcast owners to play the critically acclaimed PlayStation adventure title Metal Gear Solid on their Sega consoles. Additionally, bleem! uses the superior processing power of the Dreamcast to improve the graphical resolution of the PlayStation games it supports, allegedly making the game look even better than it would on a PS."
"Bleemcast for Tekken 3","","Other","","Bleem Company","Bleem Company","2001-10-31","1","No","Fighting","T - Teen","bleemcast! for Tekken 3 is an Etc game, developed and published by bleem!, which was released unlicensed in 2001 for the Sega Dreamcast.

- Play Tekken 3 on your Dreamcast console
- High resolution graphics and texture filtering
- No lockouts - works with any version of Tekken 3, from any region, on any Dreamcast! (requires a PlayStation Tekken 3 disc)
- VMU support - save games to your Dreamcast memory cards
- Works with VGA boxes
- Vibration support
- Works with all standard Dreamcast controllers"
"Blue Crush","","NTSC-U","United States of America","","","2023-10-31","1","No","Music","Not Rated","This is a 10 Song Music Video Album playable exclusively on the Sega Dreamcast. Professionally Manufactured for Dreamcast pressed from Glass Master (Not a CDR), shrink wrapped in clear jewel case.

Compatible with any Sega Dreamcast that can play MIL-CDs and is Region Free.

Blue Crush from Malibu Mode7 chronicles the dreamlike paradisio of an extended stay with your one true crush on a tropical vacation, with highs ‘n lows that you can ride like a wave."
"Blue Sky Blue: Sora wo Mau Tsubasa","空を舞う翼 | Blue Sky Blue(s) - Sora o Mau Tsubasa","NTSC-J","Japan","Ecole Software","Reindeer","2006-06-26","1","No","Adventure","E - Everyone","空を舞う翼: Blue-Sky-Blue[s] is a visual novel that originated as an adult game for PC (Windows). Nine months after its initial release, the game was ported to Dreamcast which featured new graphics and story elements, and all the adult content has been removed.

The story revolves around a young boy, Tomoya Akuragi, whose mother passed away 10 years ago, and has been living with his father since. Due to his father's change in job position, they had to move to Hokkaido where Tomoya gets involved with a bunch of students who have a passion for sky.

The game features static characters during dialogue sequences with voice-acting included. The game supports fast-forward feature at the hold of a trigger button which lets you quickly skip through the text until the choices that affect the story and hero's affection toward in-game heroines. Bonus features include fully unlocked music player and unlockable CG galleries for each of the heroines."
"Blue Stinger","","NTSC-U","United States of America","Activision","Climax Studios","1999-08-31","1","No","Action | Adventure | Horror","M - Mature 17+","Sixty-five million years ago, a meteorite crashes into the Yucatán Peninsula, subsequently wiping out the dinosaurs and paving the way for humans. Now, in 2000, an island emerges where the meteorite is thought to have landed, and is granted the name ""Dinosaur Island."" A biotech corporation then takes up shop on the island. In 2018, Eliot Ballade, an elite member of the ESER (Emergency Sea Evacuation and Rescue) forces, is vacationing near Dinosaur Island when something falls from the sky and leaves the island sealed under a mysterious dome of energy. When a mysterious, ethereal being called Nephilim shows up to chase Ballade, he takes it upon himself to solve the enigma of Dinosaur Island."
"Blue Submarine No. 6: Saigetsu Fumahito - Time and Tide","青の６号　歳月不待人 -TIME AND TIDE | Ao no 6-go Saigetsufutai Hito: Time and Tide","NTSC-J","Japan","Sega","Ehrgeiz | 																Sega","2000-12-07","1","No","Action | Adventure","E - Everyone","Blue Submarine No. 6: Saigetsu Fumahito- Time and Tide (青の６号　歳月不待人 -TIME AND TIDE) is a Adventure video game published by SEGA released on December 7th, 2000 for the SEGA Dreamcast.

Based on a post-apocalyptic submarine warfare versus mutant hybrids Manga and Animated series (OVA), Blue Submarine No. 6 is a lovely looking title which commands high prices. The game mixes great underwater action sequences, which look excellent and play well, with well designed controls, and add it to the usual array of pre-mission screens and some beautiful cel-shaded animation. Both the audio and visuals are excellent throughout, and fans of the source material will approve of the high detail. Compared to the western underwater adventures, Blue Submarine is a far more rewarding experience, but whilst the action sequences display a lot of on screen commands in English, a translation guide is still a necessity to understand the plot – and without knowledge of what’s going on, things can quickly become a little tiring. This though is one title where the effort has a good chance of being rewarded. A bit pricey, but worth it.

Credits:
Written by Mike Phelan for The Dreamcast Junkyard."
"Boku no Doraemon","ぼく　ドラえもん | My Doraemon","NTSC-J","Japan","Sega Toys","Sega","2001-01-25","1","No","Adventure","E - Everyone","Boku no Doraemon (ぼく ドラえもん) (known in English translated, ""My Doraemon"") is a Dreamcast game developed and published by Sega for the Dreamcast late in its' lifespan in 2001. The game did not sell well due to a bug, so Sega Toys rereleased the game without the bug, but later decided to stop selling the game due to a lack of customer interest, making it a rather rare game on the Dreamcast."
"Boku no Tennis Jinsei","ぼくのテニス人生","NTSC-J","Japan","Bimboosoft","Bimboosoft","2001-09-20","4","No","Sports","E - Everyone","Boku no Tennis Jinsei (ぼくのテニス人生) is a tennis game for the Sega Dreamcast."
"Boku to Bokura no Natsu","僕と、僕らの夏","NTSC-J","Japan","KID Corp.","KID Corp.","2002-09-26","1","No","Adventure","Not Rated","Boku to, Bokura no Natsu (僕と、僕らの夏) is a visual novel for the Sega Dreamcast, originally released for Windows PCs. The Dreamcast version has all the explicit content removed.

A secluded place in the rural mountains. Takao returns to the village where he grew up. However, this summer will be the last time, for a dam is being erected and is to submerge the entire valley.

For the first time in 3 years, Takao is to reunite with comrades from his former school. He remembers about a certain treasure they buried a long time ago."
"Boku Yume No Tatsujin","ボコ夢の達人 | Bokomu no Tatsujin","NTSC-J","Japan","Fujicom","","2002-01-24","1","No","Board","Not Rated","Boku Yume No Tatsujin (ボコ夢の達人) is a Board Game video game published by Fujicom released on January 24th, 2002 for the SEGA Dreamcast.

A very unusual cartoon look to this little known tongue in cheek life simulator with some off kilter humour to match. Think of a cuddly version of Jet Set Radio in terms of visual look. The game sees the player preparing dishes in a kitchen, jumping up stairs with a plank of wood on the shoulder as logs roll down and giving out tissues to people coming out of the train station. Quite a mull of mini games with a very unique graphical style and its own gags thrown in."
"Bomber Hehhe","ボンバーヘッヘ","NTSC-J","Japan","Fujicom","Fujicom","2002-01-10","1","No","Life Simulation","Not Rated","This puzzle simulation tasks players with running a demolition crew. In each stage, players are given a set number of charges and can then navigate through a 3D floor plan, setting charges wherever they want. After setting their charges, the game simulates the building's collapse and players are scored based on how successful their job was. If players do well enough, they can move on to the next stage, but if they do badly enough their botched demolition might just make the evening news."
"Bomberman Online","","NTSC-U","United States of America","Sega","h.a.n.d. Inc. | 																Hudson Entertainment, Inc.","2001-10-30","4","No","Action","E - Everyone","Bomberman Online brings gamers the same addictive battles as in other Bomberman games in the form of online multiplayer puzzles. Players progress through different levels attempting to destroy their opponents by strategically planting bombs and running for cover. Each playing field is constructed out of both destructible and indestructible walls, and it's up to you to position bombs in the right place at the right time. The action gets frantic as alliances and rivalries are made and then broken. Intense battles unfold online when you connect to the Internet and play other Bomberman Online users in Internet battle mode. The new screen-scroll option displays a larger map, making it possible for numerous players to skillfully battle it out at the same time. Five new stages and four new ways to play add to the fun, creating an endless chain reaction of unique and dramatic battles!"
"Border Down","","NTSC-J","Japan","G.rev Ltd.","G.rev Ltd.","2003-09-25","2","No","Shooter","T - Teen","A futuristic sci-fi shooter in which you play a test pilot strapped to the brand new RAIN combat simulator which allows you to remotely control fighters as they immerse themselves in the midst of enemy territory.

The game is a side-scrolling shooter in which you control your ship and try to survive the onslaught of enemy attacks while you attempt to clear the levels. Weapon upgrades are based on collectible power-ups, but the game mostly relies on a power bar that fills as you destroy enemies and which allows you to unleash your super weapon at the expense of decreased normal firepower. The game also features a unique ""border"" system which involves three separate routes through each stage. You select the default route at the start of a level and when your ship is destroyed you get knocked down to the next ""border"", which features alternate backgrounds and enemy patterns. Only if you get knocked off the last border you lose the game.

Uses completely polygonal graphics and features single player arcade, remix and practice modes through 6 enemy-infested stages, the last of which has four unique variations."
"Border Down Limited Edition","ボーダーダウン","NTSC-J","Japan","G.rev Ltd.","G.rev Ltd.","2003-09-25","2","No","Shooter","T - Teen","2003 SUPER RARE Arcade shooting game. Sequel to Metal Black. This is the limited edition double disc version which includes the soundtrack on CD. 

A futuristic sci-fi shooter in which you play a test pilot strapped to the brand new RAIN combat simulator which allows you to remotely control fighters as they immerse themselves in the midst of enemy territory.

The game is a side-scrolling shooter in which you control your ship and try to survive the onslaught of enemy attacks while you attempt to clear the levels. Weapon upgrades are based on collectible power-ups, but the game mostly relies on a power bar that fills as you destroy enemies and which allows you to unleash your super weapon at the expense of decreased normal firepower. The game also features a unique ""border"" system which involves three separate routes through each stage. You select the default route at the start of a level and when your ship is destroyed you get knocked down to the next ""border"", which features alternate backgrounds and enemy patterns. Only if you get knocked off the last border you lose the game.

Uses completely polygonal graphics and features single player arcade, remix and practice modes through 6 enemy-infested stages, the last of which has four unique variations."
"Bounty Hunter Sara: Holy Mountain no Teiou","バウンティハンターサラ ホーリーマウンテンの帝王 | Bounty Hunter Sara - Holy Mountain no Teiou","NTSC-J","Japan","Capcom","Flagship","2001-05-24","1","No","Adventure","E - Everyone","The year is 2060, and the huge city Neo Tokyo overflows with gangsters. The police is helpless - the criminals form well-organized group that are threatening to take power in the whole city. Only freelance bounty hunters, brave and reckless people who are willing to do a dangerous job to earn some money, dare to face the crime world of Neo Tokyo. You play as Sara Fitzgerald, one of such bounty hunters. The game plays as a digital novel, with still shots of real actors on an appropriate mystery/sci-fi background; you interact with the game world by making decisions for Sara. There are many different paths to take in the game, and in the end the player receives a ""detective rank"" according to the decisions he has taken."
"Breakers","","Other","","JoshProd","Visco Corporation","2017-06-09","2","No","Fighting","Not Rated","Breakers is an Action game, developed by Visco and published by JoshProd, which was released in Europe in 2017.

Breakers is a 2D fighting game developed and released by Visco for arcades (running Neo Geo MVS hardware) on December 17, 1996. It was later released for home consoles (exclusive to Japan) in March 21, 1997 (for the Neo Geo) and in April 25, 1997 (for the Neo Geo CD).

The game later received an updated version, titled Breakers Revenge, on July 3, 1998. Along with minor balance and graphical changes, this version adds a new playable character (the ninja Saizo) and adds a cheat code to play as the final boss. It is one of the few arcade games built on the Neo Geo MVS to not receive a home port."
"Buggy Heat","TNN Motorsports Hardcore Heat","PAL","United Kingdom of Great Britain and Northern Ireland","American Softworks Corporation","CRI","1999-09-09","2","No","Racing","E - Everyone","Ladies and Gentlemen, get ready for the biggest and wildest race of your life... Get behind the wheel of a 4x4 off road vehicle and prepare to battle your way through various challenging courses from all over the world. Save your 'Artificial Intelligence' skill level and challenge your opponents' best times, or simply go head to head on the toughest maddest, off road racer to hit any console ever."
"Bust-A-Move 4","Bust A Move 4","NTSC-U","United States of America","Natsume","Taito Corporation","2000-05-31","2","No","Puzzle","E - Everyone","Puzzle Bobble 4 (also known as Bust-a-Move 4 in North America and Europe) is the third sequel to the video game Puzzle Bobble and is the final appearance of the series on the Arcade, PlayStation and Dreamcast. The game is also the final title to be recognizably similar in presentation to the original.

Building upon the success of Puzzle Bobble 3, the game adds a pulley system that requires two sets of bubbles, attached to either side of a rope hanging across two pulleys. The game contains a story mode for single player play."
"Bust-A-Move 4 (White Label)","","PAL","United Kingdom of Great Britain and Northern Ireland","Acclaim Entertainment, Inc.","Taito Corporation","2000-01-06","2","No","Puzzle","Not Rated","No overview is currently available for this title, please feel free to add one."
"Caesars Palace 2000: Millennium Gold Edition","","PAL","","Interplay Entertainment Corp.","Runecraft","2000-06-16","4","No","Life Simulation","E - Everyone","Caesars Palace 2000 is a gambling simulation video game developed by Runecraft and published by Interplay Entertainment. It was released in North America and Europe in June 2000 for the PlayStation, Dreamcast and Microsoft Windows' PCs. It is named after the famous Caesars Palace luxury hotel and casino on the Las Vegas Strip in Las Vegas, Nevada.

Interplay announced in late 1999 that they were working on a title for the Dreamcast which was known to be a 3D simulation of gambling with traditional casino games. The game was fully licensed by the Caesars Palace casino and features six card games, table games, five slot machine themes, and video game machines. Each game plays by official Caesars Palace rules and uses casino odds and payouts verified by a Ph.D in statistics. The PC version of the game received praise for its graphics and sound, but the Dreamcast version received criticism for its presentation, graphics, and slow pace."
"Cafe Little Wish","カフェ・リトルウィッシュ","NTSC-U","United States of America","Princess Soft","Patissier","2003-05-29","1","No","Adventure","Not Rated","Cafe Little Wish (カフェ・リトルウィッシュ, Kafe Ritoru Wisshu) is a Japanese adult visual novel developed by Patissier and released on February 14, 2003 for Windows. It was later ported to the Dreamcast and PlayStation 2 consoles by Princess Soft. The story follows Leon, an amnesiac who has to work off his debt to Cafe Little Wish, after he engulfs everything in the cafe without paying any money.

Cafe Little Wish charted twice in the national top 50 for best-selling bishōjo games. The gameplay of Cafe Little Wish follows a branching plot line which offers pre-determined scenarios with courses of interaction, and focuses on the appeal of the five female main characters by the player character. In 2004, a sequel called Magical Tale was released. An art book and original soundtrack have also been released."
"Canary: Kono Omoi o Uta ni Nosete","カナリア 〜この想いを歌にのせて〜","NTSC-J","Japan","NEC Interchannel","Front Wing","2001-08-23","1","No","Adventure","Not Rated","Canary: Kono Omoi o Uta ni Nosete (カナリア 〜この想いを歌にのせて〜) is a visual novel for the Sega Dreamcast, originally released for Windows PCs. Explicit content present in the original is removed from the Dreamcast version."
"Candy Stripe: Minarai Tenshi","キャンディストライプ 〜みならい天使〜","NTSC-J","Japan","","","2001-10-25","1","No","Adventure","E - Everyone","Candy Stripe: Minarai Tenshi (キャンディストライプ 〜みならい天使〜) is a dating simulation for the Sega Dreamcast. The game takes place in the fictional Holy Angels Hospital. The player is a medical intern, and the game's objective is to establish personal relationships with one of three incoming nurses over a one-year period."
"Cannon Spike","","PAL","United Kingdom of Great Britain and Northern Ireland","Bigben Interactive GmbH","Psikyo","2002-05-03","2","No","Action | Shooter","T - Teen","Far into the future, a rogue group of terrorist robots wreak havoc on the world and it's citizens. The Anti Robot Squad Special Forces has been created to overthrow these radical robots. With an arsenal of weapons and high-powered Motor Boots, you must lead a courageous legion of seven members through multiple levels of robotic terror, huge bosses and other evils. Prepare yourself for the ultimate in speed, strategy and firepower."
"Canvas: Sepia Iro no Motif","キャンバス 〜セピア色のモチーフ〜","NTSC-J","Japan","Interchannel, Ltd.","Cocktail Soft","2001-04-05","1","No","Adventure","Not Rated","Sepiairo no Motif (セピア色のモチーフ) is the first in the Canvas game series, originally released for PC (Windows) as an adult visual novel, the console port to Dreamcast and PlayStation 2 tuned down the adult content but as a mean of compensation, the console version features new heroine character, Aya Misaki, and additional scenario that expands the story and adds new CG events."
"Capcom Fighting Collection (Hack)","","Other","","","Capcom","2007-02-06","2","No","Fighting | Unofficial","Not Rated","TDC Final v2 
by Toodles
Release February 2007

Contents:
 Capcom vs SNK 2 (JP)
 Capcom vs SNK 2: Fan Disk (JP)

 Marvel vs Capcom 2 (US)
 Marvel vs Capcom 2 (JP)

 Street Fighter 3: 3rd Strike (US)
 Street Fighter 3: 3rd Strike (JP)

 Super Street Fighter 2 X (NEW English Translation)
 Super Street Fighter 2 X (JP)

 Super Puzzle Fighter 2 X (NEW English Translation)
 Super Puzzle Fighter 2 X (JP)

 Ikaruga (JP)"
"Capcom Taisen Fan Disk","CAPCOM 対戦ファンディスク","NTSC-J","Japan","Capcom","Capcom","2000-09-13","1","No","Utility","Not Rated","This disk will include complete VMU data of 19 capcom fighter game titles, an Illustration gallery of the Capcom vs SNK series, and a high-level replay data collection for Capcom Vs SNK 2. Not on sale by itself, but came with the original release of Capcom vs SNK 2 for people who preordered it, making it a bit of a curiosity for DC devotees. The disk has data on all the pugilists from the Capcom vs SNK series. The VMU is used to be able to upload data to the game itself (if owned) and view Capcom producers super bouts. There are also plenty of Capcom VMU game save screens for a bit of fun."
"Capcom vs. SNK","Capcom vs. SNK Millennium Fight 2000","NTSC-U","United States of America","Capcom","Capcom","2000-11-09","2","No","Fighting","T - Teen","Two of the worlds greatest arcade fighter developers, Capcom and SNK, join forces to finally answer the question asked by many for years: Who is the dominant fighter?

A range of fighters from both worlds are available to choose from, with two different fighting styles (Capcom and SNK, of course) meaning that players of both worlds can fit into the game easily, while new gamers can try Ryu using the SNK format."
"Capcom vs. SNK 2: Millionaire Fighting 2001","","NTSC-J","Japan","Sega","Capcom","2001-09-13","2","No","Fighting","Not Rated","Capcom vs. SNK 2: Mark of the Millennium 2001, known in Japan as Capcom vs. SNK 2: Millionaire Fighting 2001 (カプコン バーサス エス・エヌ・ケイ 2 ミリオネア ファイティング 2001 Kapukon bāsasu Esu-enu-kei Tsū: Mirionea Faitingu Tsū Sausando Wan?), is the sequel to the fighting game Capcom vs. SNK. It was originally released on NAOMI hardware in arcades. As in the original, players select a team of fighters from various Capcom and SNK games then fight other teams, winning each battle by defeating all the opponents from the other team.

Aspects of the first game were tweaked, including the Ratio system. In contrast to the fixed system of the original, players can now freely select characters and assign each of them a number from one to four (or ""Ratio"") determining their relative strength, adding up to a maximum team ratio of four. Teams can now consist of a maximum of three characters, as opposed to four in the first game. Additional characters were added, including more characters from Capcom and SNK titles outside of the Street Fighter and King of Fighters series. The Groove system from Millennium Fight 2000 has been augmented to include four new systems of play based on various Capcom and SNK fighting games. In addition, the number of buttons has been increased from the Neo Geo standard of four to the six button system first seen in Capcom's Street Fighter.

The game was initially ported to the Sega Dreamcast, followed by a version for the PlayStation 2. The GameCube and Xbox received an updated version titled Capcom vs. SNK 2 EO, with the ""EO"" referring to ""Easy Operation"", a game option intended for novices to the game. The PS2 version was later released on PlayStation Network in July 2013.[2]"
"Capcom vs. SNK Millennium Collection (Hack)","","NTSC","","","Capcom","2011-11-16","2","No","Fighting | Unofficial","Not Rated","This is a fan made compilation It includes all these games:

Capcom vs. SNK (NTSC-U)
Capcom vs. SNK Pro (NTSC-J)
Capcom vs. SNK 2 (NTSC-J)
Capcom Taisen Fan Disc (NTSC-J) (English patched)"
"Capcom vs. SNK: Millennium Fight 2000 Pro","","NTSC-J","Japan","Capcom","Capcom","2001-06-14","2","No","Fighting","Not Rated","Capcom vs. SNK: Millennium Fight 2000 (カプコン バーサス エス・エヌ・ケイ ミレニアムファイト 2000 Kapukon Bāsasu Es-Enu-Kei Mireniamu Faito Nisen?) is a 2000 head-to-head fighting game produced by Capcom originally released as a coin-operated arcade game for Sega '​s NAOMI hardware and later ported to the Dreamcast. It is the second game in the SNK vs. Capcom series and the first game in the series to be released for the arcades.

The sequel Capcom vs. SNK 2 featuring tweaked gameplay and more characters was released the following year."
"Captain Tomaday","","NTSC","","JoshProd","Visco Corp","2019-01-23","2","No","Shooter","RP - Rating Pending","Captain Tomaday is a 2D vertical scrolling ""cute'em up"". Main hero is Captain Tomaday - a mutant cherry tomato with hands and feet (like Rayman). Fists are his main weapon - the Captain can ""throw"" them in enemies. He can also charge his hand-attack (by using second hand several times). The rest is typical - he flies forward, eliminates enemies, and collects various bonuses."
"Card Captor Sakura: Tomoyo no Video Daisakusen [Limited Edition]","","NTSC-J","Japan","Sega","Sega Rosso","2000-12-28","1","No","Action | Shooter","Not Rated","Card Captor Sakura: Tomoyo no Video Daisakusen is an Action game, developed by Sega Rosso and published by Sega, which was released in Japan in 2000."
"Card of Destiny: Hikari to Yami no Tougoumono","Card of Destiny: Hikari to Yami no Tougou Mono | カード･オブ･デスティニー 〜光と闇の統合者〜","NTSC-J","Japan","Abel","Abel","2002-03-28","1","No","Role-Playing","E - Everyone","Card of Destiny: Hikari to Yami no Tougoumono is a Role-Playing game, developed and published by Abel Software, which was released in Japan in 2002."
"Cardcaptor Sakura Tomoyo no Video Daisakusen","カードキャプターさくら 知世のビデオ大作戦","NTSC-J","Japan","Sega","Sega Rosso","2000-12-28","2","No","Action","E - Everyone","Summary:
Help Tomoyo videotape Sakura as she captures Clow Cards!

Gameplay:
Game Mode- There are two stages per episode you play, and there are three episodes in the game. (Making for a total of 6 stages.) Even though Tomoyo was not there when Sakura captured this card in the anime, the first two stages of the game are dedicated to the Fly Card. The next two stages are for the Watery Card, and the last two stages are for the Thunder Card. After each stage, Tomoyo will rank you either ""Nice,"" ""Not Good,"" or ""Blue"", and after each episode, you will see a Kero's Corner segment!

Free Mode- Don't know what you are doing? Worried about getting a Game Over? Don't be! That's what this mode is for!!

Features:
Tomoyo's Small Room- Don't be fooled by the name. There is a ton of stuff to do in Tomoyo's Small Room! The menu options are as follows: Home Theatre, Video Exchange, Pictures, Music, Mini Game Saves, Introductions (for stages, characters, and costumes!), and a Tetris game called, ""Oyatsu Hunter Kero-chan DX"" which can be played with 2 players!"
"Carrier","","NTSC-J","","Jaleco Ltd.","Jaleco Ltd.","2000-02-24","1","No","Action | Adventure | Horror","M - Mature 17+","In the 21st Century terrorism reigns supreme. You are part of an elite unit chosen to isolate and destroy ARK before it reaches land. You never know what’s lurking in the murky water or around the next corner. Meanwhile, ARK after attaching itself to the nuclear core of the Heimdal. Sheer wit and brute force are all that can save you."
"CART Flag to Flag","Super Speed Racing | Flag To Flag","NTSC-U","United States of America","Sega of America, Inc.","Zoom","1999-09-08","2","No","Racing","E - Everyone","Flag to Flag, known as Super Speed Racing (スーパースピード･レーシング) in Japan, is a racing game for the Sega Dreamcast.

Flag to Flag is a video game adaption of the now-defunct open-wheel American racing series, Championship Auto Racing Teams (CART, later re-branded ""Champ Car""), specifically the 1998 season which had just passed when the game was released.

The game was not released in Europe, likely due to the motorsport lacking awareness outside of North America."
"Castle Fantasia: Seima Taisen","キャッスルファンタジア 聖魔大戦 | Castle Fantasia - Seima Taisen","NTSC-J","Japan","Symbio Planning","Studio e-go","2002-07-11","1","No","Adventure","Not Rated","The 200 year long war between Lushiera and Injiera continues. This is the story of a hero who changes the course of this neverending war and the lives of people around him.

In Castle Fantasia 2 you play as Hewie, commander of the seventh holy knight corps. He has a keen mind for strategy and tactics, seeing through and predicting enemy plans. However, his laid-back attitude causes him to be kept in a low regard by his commanding officers, friends and even his subordinates."
"Castlevania: Resurrection","Castlevania: Resurrection (E3 Pre-Demo) | Castlevania DEMO | Castlevania - Resurrection","Other","","Konami","Konami","1999-11-05","1","No","Action","Not Rated","Castlevania: Resurrection, canceled in March 2000, was intended to be the seventeenth title of the Castlevania series for the short lived Sega Dreamcast console. This would also be the third Castlevania game, at the time, to enter the 3D realm.

The game was to focus on Sonia Belmont and a new character, Victor Belmont, an 1800s vampire hunter who had abandoned his lineage. The story is set in 1666, directly before Simon Belmont's adventure in the original Castlevania.

Greg Orduyan, the art director for the game, is so far the only staff member on the project to speak of how it would have worked out. Its cancelation is credited to many things, including disagreements between the Japanese and American Konami teams, and the death of the Dreamcast to the announcement of the Sony PlayStation 2."
"Cave Story","","Other","","histat","Pixel Studios","2013-06-02","2","No","Action | Platform","E - Everyone","Cave Story takes you into a rare world where a curious race of innocent, rabbit-like creatures called Mimiga run free. You wake up in a dark cave with no memory of who you are, where you came from or why you're in such a place. Uncovering Mimiga Village, you discover that the once-carefree Mimiga are in danger at the hands of a maniacal scientist. Their only hope rests squarely on the shoulders of a quiet, amnesiac boy who can't remember his own name. Take control, learn the origins of this world's power, stop the delusional villain and save the Mimiga."
"Centipede","","NTSC-U","United States of America","Hasbro Interactive, Inc.","Leaping Lizard","1999-10-31","2","No","Shooter","E - Everyone","This is a remake or ""modernization"" of the classic arcade shooter Centipede, originally released in arcades by Atari in 1980. This remake keeps some of the original game's shooter-style gameplay while mixing in more console-style exploration. Gameplay progresses through five ""worlds"": Weedom, Frostonia, Infernium, Enigma, and Evile. Players blast away at the classic centipedes, spiders, fleas, and scorpions while fighting new enemies like the mosquito, cockroach, and killer mushroom. A ""classic"" mode is also included, which allows players to play the classic game in a new ""3D"" isometric perspective."
"Championship Surfer","","PAL","","","Krome Studios Pty Ltd.","2001-08-10","4","No","Sports","E - Everyone","10 outrageous beaches, 5-to-30-foot breakers, and 8 world class surfers including Cory Lopex, Shane Beschen, and Rochelle Ballard."
"Chaos Field","カオスフィールド","NTSC-J","Japan","Sega","Able","2004-12-16","1","No","Shooter","T - Teen","Chaos Field is a Sega NAOMI GD-ROM arcade and Sega Dreamcast game developed by Able and Milestone Inc. in 2004. It was the first game by Milestone, and, like their other games, is a vertical shoot-'em-up. The game was only released in Japan, but eventually made it to the west after being ported to the Nintendo GameCube in the following year."
"Charge 'N Blast","","PAL","United Kingdom of Great Britain and Northern Ireland","Xicat Interactive, Inc.","CSK Research Institute Corp. | 																SIMS Co., Ltd.","2001-06-29","2","No","Shooter","T - Teen","Charge 'N Blast is a shooting game where you play as one of three marines who have to rid the earth of alien scum. The gameplay is similar to Cabal, you move left and right dodging enemies while charging up you weapons to blast them away.

There are three different marines you can choose from, each with their own set of weapons. As usual there is the balanced character (Johnny Rock), a weaker but faster one (Pamela Hewitt) and a slower but stronger one (Nicholas Woods).

You can choose to play in one player mode, time attack or two player mode. The missions are broken up into small areas where you have to kill all enemies before moving on to the next area. Each mission ends with a boss character such as a giant insect or a Godzilla-like monster.

Use the X, Y or B buttons to choose a weapon, press A to charge and shoot and aim with analog stick. There are different types of weapons that can be used on the different types of enemies. For example the single missiles for far away targets and torpedoes for underwater enemies.

You can fire your weapon continuously, but this doesn't do as much damage compared to a fully charged shot. Charging each shot means you have to aim a little more carefully, but you'll especially need this in the later levels. You can dodge enemies with the L and R buttons."
"Charge'N Blast","","NTSC-J","Japan","Sims Co., Ltd.","CRI","2000-12-07","2","Yes","Shooter","Not Rated","Charge 'N Blast is a shooting game where you play as one of three marines who have to rid the earth of alien scum. The gameplay is similar to Cabal, you move left and right dodging enemies while charging up you weapons to blast them away.

There are three different marines you can choose from, each with their own set of weapons. As usual there is the balanced character (Johnny Rock), a weaker but faster one (Pamela Hewitt) and a slower but stronger one (Nicholas Woods).

You can choose to play in one player mode, time attack or two player mode. The missions are broken up into small areas where you have to kill all enemies before moving on to the next area. Each mission ends with a boss character such as a giant insect or a Godzilla-like monster.

Use the X, Y or B buttons to choose a weapon, press A to charge and shoot and aim with analog stick. There are different types of weapons that can be used on the different types of enemies. For example the single missiles for far away targets and torpedoes for underwater enemies.

You can fire your weapon continuously, but this doesn't do as much damage compared to a fully charged shot. Charging each shot means you have to aim a little more carefully, but you'll especially need this in the later levels. You can dodge enemies with the L and R buttons."
"Cherry Blossom","チェリーブロッサム","NTSC-J","Japan","Takuyo","Takuyo","2004-04-28","1","No","Adventure","Not Rated","Cherry Blossom (チェリーブロッサム) is a visual novel for the Sega Dreamcast, originally released for Windows PCs. Explicit content from the original is removed in the Dreamcast version."
"Chicken Run","","PAL","United Kingdom of Great Britain and Northern Ireland","Eidos Interactive","Blitz Games Studio, Ltd.","2000-11-24","1","No","Action","E - Everyone","Tweedy's Farm is home to a bunch of chickens, who are falling behind on their work load (laying eggs). So Mrs Tweedy decides to go into a new business, Chicken Pie making. The chickens leader, Ginger, is in desperate need of a good escape plan, and when Rocky flys in from the US to lend them a hand, the gang decide that the only way out of the farm is to fly out. But of course, chickens can't fly!! So it is up to you to collect the pieces for the flying machine so you and your fellow chickens can escape."
"Chocolat: Maid Cafe Curio","ショコラ　－ｍａｉｄ　ｃａｆｅ　“ｃｕｒｉｏ”－ | Chocolate: Maid Cafe Curio","NTSC-J","Japan","Alchemist","HuneX | 																TGL","2003-12-25","1","No","Adventure","Not Rated","Chocolat: Maid Cafe Curio (ショコラ　－ｍａｉｄ　ｃａｆｅ　“ｃｕｒｉｏ”－) is a Visual Novel video game published by Alchemist released on December 25th, 2003 for the SEGA Dreamcast."
"Chou-Hatsumei Boy Kanipan Bousou Robot no Nazo!","超発明BOYカニパン 〜暴走ロボトの謎!?〜","NTSC-J","Japan","Sega","Sega","1999-07-08","1","No","Role-Playing","E - Everyone","An RPG for the Sega Dreamcast. The story revolves around the life of Kanipan, an inventor that wants to reach TAISHI level in inventor’s degree together with his interface robot named Kid. While pursuing his dreams he encounters and confronts villains whom are against AI Robots. They terrorize the citizens by making the robots evil by installing a customized chip. Later on a robotic insect, which overrides the robot’s system, is used. Cho Hatsumei Boy Kanipan is a continued story from Hatsumei Boy Kanipan. Kanipan is now a teenager, and still a famous inventor. But one day, a mysterious ship fell from the sky and crashed at a beach. Inside was a female humanoid that has forgotten all about herself. It is up to Kanipan to revive the humanoid’s memory, and he accidentally discover that his planet is in great danger as he strived."
"Choukou Senki Kikaioh for Matching Service","","NTSC-J","Japan","Capcom","Capcom","2001-01-18","2","No","Fighting","T - Teen","No overview is currently available for this title, please feel free to add one."
"Christmas Seaman","クリスマスシーマン 〜想いを伝えるもう一つ方法~","NTSC-J","Japan","Sega","Jellyvision | 																VIVARIUM","1999-12-16","1","No","Life Simulation | Family","Not Rated","No overview is currently available for this title, please feel free to add one."
"ChuChu Rocket","チューチューロケット！ | ChuChu Rocket!","NTSC-J","Japan","Sega","Sonic Team","1999-11-11","4","No","Puzzle","Not Rated","ChuChu Rocket is an action puzzler, designed predominantly as a multi-player game. You have indirect control over mice, and must guide them to the safety of a rocket, and away from a cat. You do this by placing arrows on the ground, which they will follow. The multi-player game is a frantic all-against-all duel, in which each player's mice will only follow instructions of their own colour. You can play this mode on your own against CPU opponents, or take on a series of predefined puzzles"
"ChuChu Rocket!","","NTSC-U","United States of America","Sega of America, Inc.","Sonic Team","2000-03-07","4","Yes","Action | Puzzle","E - Everyone","ChuChu Rocket! is a 2000 Dreamcast video game developed by Sonic Team and released by Sega of America in the USA on March 7, 2000.

It's cat 'n mouse chaos in space!

Lead your mice to their get-away rockets before your rivals can sneak the scary space cats on board!"
"ClassiCube","ClassiCube-DC | ClassiCube: Dreacmast Edition | ClassiCube-dc | ClassiCube-dc.cdi | ClassiCube Dreamcast","PAL","","","","2024-02-01","100","Yes","Action | Adventure | Strategy | Sandbox | Platform | Family | Unofficial","E - Everyone","Free multiplayer sandbox block game

Keep in mind that the Dreamcast port is in early alpha. It will likely crash, freeze, perform poorly, etc.
Please report any issues you encounter on the ClassiCube discord."
"Cleopatra Fortune","クレオパトラフォーチュン","NTSC-J","Japan","Altron Corporation","Altron Corporation | 																NATSUME ATARI Inc.","2001-06-21","2","No","Puzzle","E - Everyone","Cleopatra Fortune (クレオパトラフォーチュン) is a 1997 puzzle game for arcades ported to the Sega Saturn, Sony PlayStation, & Sega Dreamcast systems, created by Taito in association with Natsume. It was only ever released on Sega systems in Japan.

The gameplay is similar to Tetris, but here the player has to direct blocks of stone and treasure to create closures, which then eliminates the treasure and adds to the player's score. Also, if a full line of stone blocks is formed, they will disappear in a similar fashion to Tetris, and also add to the player's score. The game's name comes from its mascot, which is a super deformed version of the ancient Egyptian queen Cleopatra. Additionally, the game utilizes an Egyptian theme."
"Close to Inori no Oka","クロース　トゥ　～祈りの丘～ | Close To - Inori no Oka","NTSC-J","Japan","KID Corp.","KID Corp.","2001-04-19","1","No","Adventure","Not Rated","In this visual novel you play as Motoki, a guy who landed in a coma after trying to save your girlfriend, Yuna. While in a coma, you become a wandering spirit, and your girlfriend looses all memories of you. But when you hear the doctor proclaiming that you only have a couple of weeks to live, you want to do something, anything, while you still can... but how can you contact with the living as a spirit?"
"Coaster Works","","PAL","United Kingdom of Great Britain and Northern Ireland","Xicat Interactive, Inc.","Bimboosoft","2001-06-29","1","No","Strategy","E - Everyone","Move over tycoons, the baddest coaster in the land is coming straight for the SEGA Dreamcast. Coaster Works serves up much more than your typical roller coaster game. Build your own death defying tracks, or trade them on-line with friends. No matter how you play, hold on, because Coaster Works will be the most intense ride of your life.
Ride your own tracks

No other roller coaster simulation lets you actually ride the tracks you have created. Coaster Works lets you climb into the hot seat for all the razor-sharp turns, daredevil drops, and stomach-churning loops you can dish out. You can playback the action from multiple viewpoints as well, giving your coaster a whole new life.

The Killer G's are back!

Advancing to the next level isn't as simple as building a cool track. Your creations are tested under conditions like top speed, safety level, and of course, how many G's they can pull! Not enough force? How about slipping in some serious drops followed by a killer corkscrew. Watch out for your safety level though, because too much force and you'll derail your coaster!"
"Comic Party","こみっくパーティー","NTSC-J","Japan","Aquaplus","Aquaplus","2001-08-09","1","No","Adventure","Not Rated","Comic Party (こみっくパーティー, Komikku Pātī), sometimes abbreviated to ComiPa, is a dating sim video game by the Japanese game studio Leaf. It was first released on May 28, 1999 for Windows with adult content, but re-released with it removed for the Dreamcast, Windows, and PSP. The main focus of the game is the creation of various dōjinshi by the player's character, during which there are varied opportunities to interact with a cast of girls.

Comic Party is inspired from the real world event of Comiket (Comic Market) held in Tokyo each summer and winter. This is a convention where various artists gather together to share both parody, homage, and original work. Since the series was inspired by Comiket, it comes as no surprise that the ""Comic Party"" convention also takes place in the same building as Comiket, the Tokyo Big Sight convention center near Ariake, Tokyo."
"Confidential Mission","","NTSC-U","United States of America","Sega","Hitmaker","2001-05-14","2","Yes","Shooter","T - Teen","Confidential Mission is a light-gun compatible shooting game most easily likened to Sega's Virtua Cop series. You play as either Howard Gibson or Jean Clifford, both super-agents a la James Bond, and you are taken through scenarios shooting enemies and attempting to avoid civilian casualties.

The game is a home version of the coin operated arcade machine, and is playable by one or two players. The game includes the popular features of the Virtua Cop series ""Justice Shot"" (in which you shoot an enemy's gun or gun arm instead of killing them) and the ""Combo Shot"" in which you can hit an enemy with up to three shots before they expire. The home version does include some mini-games and training modes that were not in the arcade version of the game."
"Conflict Zone","Conflict Zone - Modern War Strategy","NTSC-U","United States of America","Ubisoft Entertainment","MASA Group","2001-12-20","1","No","Strategy","T - Teen","Conflict Zone is a modern-day war game with 3D graphics. Your every move is being watched by the media so you'll have to act right to make a good impression (rescue civilians,..). The impression you make will also determine how much money you will get for your missions, so there is no resource management."
"Cool Cool Toon","","NTSC-J","Japan","SNK","SNK","2000-08-10","2","No","Music","E - Everyone","Cool Cool Toon (クルクルトゥーン?) is a rhythm-based music video game exclusive to the Dreamcast. It was developed and published by SNK and released in Japan only on August 10, 2000.The letters A, B, X and Y appear at the edge or in the middle of a large circle on screen. The player must use the analogue stick to move a marker to the letter and press the corresponding button on the controller at the right time. If the player misses too many letters, they will fail."
"Cool Herders","","NTSC-U","United States of America","The Goat Store, LLC","HarmlessLion","2005-12-15","4","No","Action","E - Everyone","Cool Herders is an addictive 2D multiplayer game that pits you against up to three friends in a game that can only be described as ""Cool."" Your goal is to collect the most sheep in a round, either by herding them yourself or by bashing your opponent and stealing his or her sheep! On top of the multiplayer fun, story mode will put you in the shoes of Zeus as he makes his way through level after level of challenges to get his herd back from the evil clutches of Iskur. The going won't be easy ? Zeus will have to travel far away from his homeland of New Zealand to complete challenges and compete against herders in various locations before taking on Iskur himself in a battle to restore peace in the pasture! Will you and Zeus with the day, or will Iskur horde the herd for himself?"
"Cosmic Smash","コズミックスマッシュ","NTSC-J","Japan","Sega","Sega Rosso","2001-09-13","1","No","Sports","E - Everyone","Cosmic Smash, originally released in the arcades, is a futuristic sports game, a mix of squash and Breakout.

The player controls a semi-transparent human male in third-person view. The goal is to clear each level from a set of different blocks at the far end of the room within a given time limit. Additional time is given at the start of the next level depending on how well the player did. To clear the room, the player has to hit a ball with a racket at the correct angle. The ball bounces back from the blocks and walls. The blocks have different properties, for example, some have to be hit multiple times before they disappear, while others move around thus making them harder to hit.

Besides the regular shot, the player can also perform a trick shot, which in combination with other moves gives extra points when successfully executed. At the end of each level, a map with branching paths is displayed, enabling the player to take different routes towards the end of the game."
"CR Hissatsu Shigotonin Pachitte Chonmage @VPACHI","","NTSC-J","Japan","","","2001-08-02","1","No","Utility","Not Rated","No overview is currently available for this title, please feel free to add one."
"Crazy Taxi","","NTSC-U","United States of America","Sega of America, Inc.","Hitmaker","2000-02-01","1","No","Action | Racing","T - Teen","Crazy Taxi is a 2000 Dreamcast video game developed by Sega Software R&D Department 3 and released by Sega of America in the USA on February 1, 2000.

As a fearless cab driver with attitude, your goal is to rack up the mega-bucks before your shift ends. It's a race against the clock as you pick up passengers and white-knuckle it through busy streets and back alleys to their various destinations. To keep that meter collecting cash, you've gotta take the fastest route possible, even if it means bending the traffic laws--just a little. So get a grip on the wheel, sharpen your senses, and don't lose your cool."
"Crazy Taxi [Sega All Stars]","","NTSC","United States of America","Sega","Hitmaker","2000-01-24","1","No","Action | Racing","T - Teen","Crazy Taxi is an arcade-like racer where the player takes the role of a taxi driver who weaves his way through crowded streets, across sidewalks and even under water, in a wild and frantic race to deliver passengers on time. The courses are largely set inside cities crowded with general traffic and pedestrians (which can't be run over, they dive away). The main goal is to bring as many customers as possible to their destination in time. Available customers are marked through circles and the colour represents the distance and the fare they offer. Green means long rides with plenty of money, and red ones are very short."
"Crazy Taxi 2","","PAL","United Kingdom of Great Britain and Northern Ireland","Sega","Hitmaker","2001-07-06","1","No","Racing","T - Teen","Much like the original, the core gameplay in Crazy Taxi 2 centers around picking people up at destinations which are highlighted with colored rings, and dropping them off at stated destinations.

Crazy Taxi 2 added multiple pickups, which enabled the player to carry multiple passengers, (previously it was restricted to one passenger per journey). The game also saw the introduction of the ""Crazy Hop"" feature, which allows the player to jump over certain surfaces to save time, as they taxi passengers around the locations. By performing moves such as the ""Crazy Hop"" and the ""Crazy Dash"", the driver accumulates tips from their passengers, which increases the total score.

This sequel includes a modified soundtrack with rock bands The Offspring and Methods of Mayhem. The game also has some online modes in the form of a scoreboard, and replay-sharing."
"Culdcept II","Couldcept Second | カルドセプト セカンド","NTSC-J","Japan","Media Factory","Omiya Soft.","2001-07-12","4","No","Puzzle","Not Rated","Culdcept Second is a board/card game mix and a sequel to Culdcept game for Sega Saturn. This game also got ported for PlayStation 2 platform under title Culdcept II: Expansion which added more cards, more maps, and new game modes. This sequel features revamped game system, graphics, and music from previous works. It is also the first game in the series with network support which allows for upload and download of various game data.

The board is presented isometrically in a bird's eye view perspective with characters and creatures moving on it with the roll of a dice, while using spells and cards during attacks. Each card with a creature holds various info, such as creature's strength and health, weaknesses, items, and card strength, which determine the outcome of a combat. The story mode consists of many level boards you need to conquer as you travel the world map. The board contains different terrain types, structures, and player and AI units which fight for supremacy. Units can also be upgraded which increases the overall strength of that creature.

The game also supports 1-4 player battles over network. Story mode gameplay can also be recorded and uploaded to network for other players to download and see as a replay."
"Cyber Troopers Virtual On: Oratorio Tangram","","NTSC-J","Japan","Sega","Sega AM3 R&D Division","1999-12-09","2","No","Fighting","T - Teen","Cyber Troopers Virtual-On: Oratorio Tangram M.S.B.S. Ver. 5.4, known as Dennou Senki Virtual-On Oratorio Tangram M.S.B.S. Ver. 5.4 (電脳戦機バーチャロン オラトリオ・タングラム M.S.B.S. Ver.5.4) in Japan is an update to Dennou Senki Virtual-On Oratorio Tangram M.S.B.S. Ver. 5.2 and one of three major revisions of Cyber Troopers Virtual-On: Oratorio Tangram. Ver. 5.4 is often considered to be the de facto version of Oratorio Tangram - it was originally released for Sega Model 3 hardware in 1999, then ported to the Sega Dreamcast later in the year."
"D no Shokutaku 2 [Bliss]","D2","NTSC-J","Japan","Warp","Warp Inc.","1999-12-23","1","No","Action | Shooter | Horror","Not Rated","D2 is a survival horror video game developed by Warp for the Dreamcast. Directed and written by Kenji Eno, it was published by Warp in Japan in 1999 and by Sega in North America in 2000. D2 stars the ""digital actress"" Laura but has an independent story unrelated to the original D, and uses action-oriented gameplay in contrast to the puzzle-driven D."
"D no Shokutaku 2 [Eclipse]","D2","NTSC","Japan","Warp","Warp Inc.","1999-12-23","1","No","Action | Shooter | Horror","Not Rated","D2 is a survival horror video game developed by Warp for the Dreamcast. Directed and written by Kenji Eno, it was published by Warp in Japan in 1999 and by Sega in North America in 2000. D2 stars the ""digital actress"" Laura but has an independent story unrelated to the original D, and uses action-oriented gameplay in contrast to the puzzle-driven D."
"D no Shokutaku 2 [Hope]","D2","NTSC-J","Japan","Warp","Warp Inc.","1999-12-23","1","No","Action | Shooter | Horror","Not Rated","D2 is a survival horror video game developed by Warp for the Dreamcast. Directed and written by Kenji Eno, it was published by Warp in Japan in 1999 and by Sega in North America in 2000. D2 stars the ""digital actress"" Laura but has an independent story unrelated to the original D, and uses action-oriented gameplay in contrast to the puzzle-driven D."
"D+Vine [Luv]","ディヴァイン ラヴ","NTSC-J","Japan","Princess Soft","Abogado Powers","2001-10-25","1","No","Role-Playing","E - Everyone","D+Vine[Luv] (pronounced Divine Love) is a typical J-RPG, using a top-down perspective with a slightly isometric representation, which also utilizes visual novel segments for adventure elements. The player takes control of Hyde, an adventurous lad who has a knack for exploring dungeons in search of relics from the old world. One day, he arrives at the town called Arvil where he hears a rumor about a nearby unexplored cave. He heads there determined to find new relics, not minding the fact that noone's been there in ages and the place is probably infested with monsters. To his surprise, he doesn't discover and relic or a treasure, but instead, a mysterious girl named Yura. She has apparently lost her memory and can't remember anything but her name.

Unlike the original PC (Windows) version released almost two years earlier, the Dreamcast port does not feature any adult content. A couple of years later, DVD PG Edition release came out which also includes adult content."
"D2","D-2","NTSC-U","United States of America","Sega","Warp Inc.","2000-08-22","1","No","Role-Playing","M - Mature 17+","In the middle of a raging blizzard, Laura opens her eyes to find herself inside a mountain cabin. She was saved by Kimberly, one of the passengers of the wrecked plane. Ten days have passed since the crash but Laura can remember nothing, not even her name. The door of the cabin opens and one of the terrorists enters. While Kimberly and Laura stare in horror, he transforms into a hideous monster. He is not the only one. Other crash survivors and locals have mutated into terrifying monstrosities and attacked people. Is there anyway to survive this living nightmare? At present it is shrouded in mystery.

D-2 is a follow-up to D, though the two games are not directly connected to each other story-wise and also have significant differences in gameplay. D-2 combines a horror theme with shooter and role-playing elements. Exploring the vast snowy landscape and investigating the surroundings triggers extensive cutscenes that advance the narrative. The 3D engine allows free navigation around the world, though in-door locations have first-person navigation with limited movement. It is also possible to pilot a snowmobile, hunt for food, and capture photos."
"Dance Dance Revolution 2nd Mix","ダンスダンスレボリューションセカンドリミックス | Dance Dance Revolution: 2nd Mix (Dreamcast Edition) | Dance Dance Revolution: 2nd Mix","NTSC-J","Japan","Konami","Konami","2002-07-27","2","No","Action","E - Everyone","Dance Dance Revolution (ダンスダンスレボリューション Dansu Dansu Reboryūshon), abbreviated DDR and also known as Dancing Stage in earlier games in Europe, Central Asia, Middle East, Africa, South Asia and Australasia, and also some other games in Japan, is a music video game series produced by Konami. Introduced in Japan in 1998 as part of the Bemani series, and released in North America and Europe in 1999, Dance Dance Revolution is the pioneering series of the rhythm and dance genre in video games. Players stand on a ""dance platform"" or stage and hit colored arrows laid out in a cross with their feet to musical and visual cues. Players are judged by how well they time their dance to the patterns presented to them and are allowed to choose more music to play to if they receive a passing score.

Dance Dance Revolution has been given much critical acclaim for its originality and stamina in the video game market. There have been dozens of arcade-based releases across several countries and hundreds of home video game console releases, promoting a music library of original songs produced by Konami's in-house artists and an eclectic set of licensed music from many different genres."
"Dance Dance Revolution Club Version Dreamcast Edition","Dance Dance Revolution: Club Version - Dreamcast Edition","NTSC-J","Japan","Konami","Konami","2000-04-27","2","No","Action","E - Everyone","Dance Dance Revolution (ダンスダンスレボリューション Dansu Dansu Reboryūshon), abbreviated DDR and also known as Dancing Stage in earlier games in Europe, Central Asia, Middle East, Africa, South Asia and Australasia, and also some other games in Japan, is a music video game series produced by Konami. Introduced in Japan in 1998 as part of the Bemani series, and released in North America and Europe in 1999, Dance Dance Revolution is the pioneering series of the rhythm and dance genre in video games. Players stand on a ""dance platform"" or stage and hit colored arrows laid out in a cross with their feet to musical and visual cues. Players are judged by how well they time their dance to the patterns presented to them and are allowed to choose more music to play to if they receive a passing score.

Dance Dance Revolution has been given much critical acclaim for its originality and stamina in the video game market. There have been dozens of arcade-based releases across several countries and hundreds of home video game console releases, promoting a music library of original songs produced by Konami's in-house artists and an eclectic set of licensed music from many different genres."
"Dancing Blade: Katte ni Momotenshi! Kanzenban","Dancing Blade","NTSC-J","","Konami","Konami Studios","1999-01-01","1","No","Adventure","Not Rated","No overview is currently available for this title, please feel free to add one."
"Dave Mirra Freestyle BMX","","NTSC-U","United States of America","Acclaim Sports","Z-Axis, Ltd.","2000-11-21","2","No","Racing | Sports","E - Everyone","Dave Mirra Freestyle BMX is a video game released in 2000 featuring Dave Mirra and other professional BMX riders. It was developed by Z-Axis Ltd. and published by Acclaim Entertainment under their Acclaim Max Sports label. The game was released on the PlayStation, Game Boy Color, Dreamcast and Microsoft Windows. The player's main objective in the game is to choose one of the riders and work their way through a total of 12 different levels, completing objectives to unlock new equipment. A sequel was released in 2001 entitled Dave Mirra Freestyle BMX 2."
"Daytona USA","","NTSC","Brazil","Tec Toy Indústria de Brinquedos S.A.","Sega","1970-01-01","2","No","Racing","Not Rated","No overview is currently available for this title, please feel free to add one."
"Daytona USA 2001","Daytona USA","NTSC-J","Japan","Sega","Amusement Vision, Ltd. | 																Genki","2000-12-21","4","No","Racing","E - Everyone","Daytona USA 2001 includes all of the features seen in Daytona USA and Daytona USA: Championship Circuit Edition, but also offers improved graphics, car modifications and remixed music (with the CCE tracks having completely new music). All the tracks can be played in mirrored, reverse and mirror-reverse mode and a ""championship mode"" was added to the game.

The game is known for having very sensitive controls which far exceed those found in the arcade games. Though in the Western version the analogue stick's sensitivity can be altered, it is still considered too sensitive, even with a steering wheel."
"Daytona USA 2001 (White Label Edition)","","PAL","United Kingdom of Great Britain and Northern Ireland","","","2001-02-01","2","No","Racing","Not Rated","No overview is currently available for this title, please feel free to add one."
"DC-IE Import Enabler","","NTSC-U","United States of America","","","2003-01-01","1","No","Utility","Not Rated","Turn your U.S. Dreamcast in to an international Dreamcast!"
"DC-X for Dreamcast","DC-X","Other","","Sega","?","2001-02-06","1","No","Utility","Not Rated","DC-X is a boot disc for the Sega Dreamcast, used as a method of circumventing the system's default region encoding and allowing it to play imported games.

Though many discs have this functionality (it is also possible to burn your own onto CD-Rs), the DC-X is perhaps the most common, selling primarily in Europe - the region with the most to gain from importing video games. However, the DC-X on its own is considered obsolete, as most cheat devices such as the Action Replay CDX or Xploder DC have similar functionality as well.

- Can be used on Japanese/Asian console, USA console or European console.
- Play imported games on your Dreamcast.
- Needs no alternation to your console, does not affect the warranty.
- Easy to use. Simply insert the DCX into your console and follow the onscreen instructions."
"De La Jet Set Radio","デ・ラ・ジェット セット ラジオ | De Ra Jetto Setto Rajio","NTSC-J","Japan","Sega","Smilebit","2001-10-18","1","No","Action | Sports","Not Rated","De La Jet Set Radio is a re-release of Jet Set Radio in Japan with several changes including the addition of extra levels already present in the US and European versions of the game."
"Dead or Alive 2","","PAL","United Kingdom of Great Britain and Northern Ireland","Acclaim Entertainment, Inc.","Team Ninja","2000-04-28","4","No","Fighting","T - Teen","A great leader was killed at the end of the 20th century. His name was Fame Douglas, and he was renowned as the sponsor of the legendary Dead or Alive World Combat Championship. Since his death, and in the absence of his charisma and leadership, the world has become chaotic. Yet something appears to be transpiring. Amid this chaos, it is announced that the ""Dead or Alive Championship 2"" will be held. However, Douglas's passing has taken with it the purpose and significance of the tournament. Even worse, the promoter of ""Dead or Alive Championship 2"", who is fond of conflicts and jealous of the string, is responsible for Douglas's death. The new promoter is more than a corrupt mastermind, but a man of pure evil. His involvement in the tournament has brought a sense of terror to the world, resulting in the infamous Tengu disaster that occurred at the end of the 20th century. The climax of the disaster is about to begin with a roaring battle."
"Dead or Alive 2 (NTSC)","Dead or Alive 2 (USA)","NTSC","United States of America","Tecmo","Team Ninja","2000-02-29","2","No","Fighting","T - Teen","Dead or Alive 2 (also known as DOA2) is the second main installment (3rd overall) the Dead or Alive fighting series. It debuted in the arcades in October 1999, and was later ported to the Sega Dreamcast on February 29, 2000. The game was released again in Japan on March 30, 2000 for the PlayStation 2. Later the same year, an updated version of the title, DOA2: Hardcore, was released for the PlayStation 2 across all territories."
"Dead or Alive 2 [Not For Resale]","","NTSC-U","United States of America","Tecmo","Team Ninja","1999-10-19","2","Yes","Fighting","T - Teen","A great leader was killed at the end of the 20th century. His name was Fame Douglas, and he was renowned as the sponsor of the legendary Dead or Alive World Combat Championship. Since his death, and in the absence of his charisma and leadership, the world has become chaotic. Yet something appears to be transpiring. Amid this chaos, it is announced that the ""Dead or Alive Championship 2"" will be held. However, Douglas's passing has taken with it the purpose and significance of the tournament. Even worse, the promoter of ""Dead or Alive Championship 2"", who is fond of conflicts and jealous of the string, is responsible for Douglas's death. The new promoter is more than a corrupt mastermind, but a man of pure evil. His involvement in the tournament has brought a sense of terror to the world, resulting in the infamous Tengu disaster that occurred at the end of the 20th century. The climax of the disaster is about to begin with a roaring battle."
"Deadly Skies","","PAL","","Konami","Konami","1999-09-08","1","No","Fighting","E - Everyone","As a mercenary jet fighter pilot flying during a middle-eastern conflict of some sort, you'll take to the skies in a variety of air objectives and earn money for your efforts. The money can then be can be used to purchase new planes and upgrades for those planes. Altogether you have a choice of 30 different types of aircraft and 20 different different missions."
"Death Crimson 2","Death Crimson 2: Meranito no Saidan | デスクリムゾン2 -メラニートの祭壇-","NTSC-J","Japan","Ecole Software","Ecole Software","2001-03-10","4","No","Shooter","M - Mature 17+","Death Crimson 2 is an Action game, developed and published by Ecole, which was released in Japan in 1999."
"Death Crimson OX","デスクリムゾンOX","NTSC-J","Japan","Ecole Software","Ecole Software","2001-05-10","2","No","Shooter | Horror","M - Mature 17+","On July 29, 2010, the city of Saronica comes under attack by an army of monsters called the SMO as they lay siege to the city, capturing it and ruling the populace under an iron fist. During this, The Resistance is formed in an attempt to stop the SMO, lead by a woman by the name of Lily who is kidnapped when she attempts to help a man by the name of Kou. After she is captured, it is learned the man has come into possession of two ancient pistols by the name of ""Crimson"" that can destroy the monsters and their vicious leader. Kou sets out with Lily's daughter, Yuri, to bring her back and stop the evil forces within the city.

Death Crimson is a light-gun game similar in style to House of the Dead where the player shoots at enemies that pop up on screen and save innocents from the monsters. The player can also power-up the ""Crimson"" pistols by shooting death flowers that will turn their firepower into machine guns to decimate hordes of enemies. There is also a health meter that will increase in size by successfully shooting enemies, gaining experience points. Once enough points are obtained, the health bar will increase, however missing enemies or shooting civilians will take away points."
"Dee Dee Planet","","Other","","Sega","Sega of America","2001-08-10","4","No","Action","E - Everyone","Dee Dee Planet (ディーディープラネット) is an unreleased Sega Dreamcast action game. It was developed as the second in a series of Dreamcast network games, following ChuChu Rocket!, and was expected to release on 2001-08-10 in Japan. It is thought to have been cancelled due to network-related bugs."
"Deep Fighter","","PAL","","Ubisoft","Criterion Games","2000-09-22","1","No","Action","E - Everyone","As a private in the defense force by The General, players take on deadly missions to seek out and destroy enemies, perform reconnaissance into uncharted waters and rescue damaged craft and installations. Meanwhile, droids and drones scuttle around busily, maintaining and repairing the slowly crumbling city.

With the ultimate objective of the construction of a giant mothership, the Leviathan, that will transport the entire civilization away from hostile waters.

This games combines elements of furious 3-D dogfighting and challenging exploration in true 3-D environments. 3-D worlds actually react and evolve around you as the game's level of difficulty adapts to your skill level.

Five life-like and realistic environments, including the Abyss, Atlantis, and Jungle. Dynamic modes of battle include 3-D combat, unique weapons, special attack moves and upgradable fighter submarines."
"Defense Commander","","Other","","","Titanium Studios","1999-01-31","1","No","Action | Shooter","E - Everyone","Defense Commander was an early demo/mini-game by Titanium Studios, it was created for Microsoft to demonstrate simultaneous cross platform development and networking between the Dreamcast and the PC.
The project was developed from scratch, it has plenty of cool features such as detailed fractal terrain, spherically mapped multipass sky, trick tracer fire rendering code and cool particle effects. It also features a C++ AI system and multithreaded client side predicted networking."
"Dejiko no Maibura","","NTSC-J","Japan","","","2000-12-14","1","No","Board","Not Rated","No overview is currently available for this title, please feel free to add one."
"Demolish Fist (Atomiswave Port)","Demolish Fist | デモリッシュフィスト","NTSC-J","","Sammy Corporation","Dimps Corporation","2020-03-01","2","Yes","Action | Fighting","T - Teen","Sammy Atomiswave ported to SEGA Dreamcast by megavolt85 in 2020.

Demolish Fist is a side scrolling beat 'em up where the player controls one of four characters, Enzo, Leoneer, Vanessa or Undead as you battle your way through various stages. There are many items, which are available to use as a weapons against your enemies. Each player has their own assortment of moves and specials that they can unleash at will. Also all four of these characters have the ability to use the awesome 'Vertigo' technique! Demolish Fist is a well put together fighting game that has many things to offer the beat 'em up world."
"Demolition Racer: No Exit","","NTSC-U","United States of America","Infogrames","Pitbull Syndicate","2000-10-23","2","No","Racing","E - Everyone","The sequel to Demolition Racer. Race 14 tortuous tracks with mines and crates all over the place slowing you down, racing over 16 savage cars to a sports car to a hearse with its own characteristics to win the race. New game mode ""last man standing"" where you face all cars in race not for position, but to wreck each other going down a track to see who's last, and ""demolition derby"" where you fight cars in a arena to see who's last by hitting each other with state-of-the-art graphics where you can see tires, doors, hoods, bumpers, etc. go everywhere."
"Dengen Tenshi Taisen Mahjong: Shangri-La","Shangri-La Cyber Angel Mahjong Battle","NTSC-J","Japan","","Marvelous Entertainment","1999-11-25","1","No","Puzzle","Not Rated","Dengen Tenshi Taisen Mahjong Shangri-La (電幻天使対戦麻雀 シャングリラ) is a table game for the Sega NAOMI arcade platform. It was ported to the Sega Dreamcast."
"Denpa Shonenteki Kenshoseikatsu Soft Nasubi no Heya","","NTSC-J","Japan","Hudson Soft Company, Ltd.","Hi Corp | 																Hudson Soft | 																SEGA Games","1999-07-22","1","No","Role-Playing | Life Simulation","E - Everyone","This game is based on a reality TV show where Nasubi, a contestant from Denpashonen, won a role in a ""game"" where he had to win ¥1,000,000 in prizes with nothing but magazines and postcards."
"Densha De Go! 2","Densha de Go! 2 3000","NTSC-J","Japan","Unbalance Corporation","Taito GM R&D Sect. #2","2000-01-20","1","No","Vehicle Simulation","Not Rated","Densha de Go! is a Japanese series of arcade train driving games. The goal for the players is to stop the train at the stations in exactly the right position while keeping up with the schedule, obeying all traffic rules, and ensuring the safety and comfort of their passengers.

In order to celebrate 3000 active Densha de Go! 2 arcade units, Taito released an extended ""3000 units"" edition to the arcades, which was later ported to other systems.

In addition to the routes of Densha de Go! 2, this edition includes the following routes:
Akita Shinkansen from Ōmagari to Morioka
Akita Shinkansen from Akita to Shin-Hanamaki
Ōu Main Line from Akita to Omagari
Tazawako Line from Tazawako to Morioka
Keihin-Tōhoku Line from Yokohama to Shinagawa
Keihin-Tōhoku Line from Yokohama to Ueno
Tōkaidō Main Line from Osaka to Kobe
Yamanote Line (Outer Circle) from Tokyo to Shinjuku"
"Derby Tsuku: Derby Ba o Tsukurou!","","NTSC-J","Japan","","","2000-01-01","1","No","Sports","E - Everyone","Derby Tsuku: Derby Ba o Tsukurou! (ダビつく ダービー馬をつくろう!) is an entry in Sega's Let's Make series for the Sega Dreamcast."
"deSPIRIA","","NTSC-J","","","","2001-09-12","1","No","Role-Playing","Not Rated","No overview is currently available for this title, please feel free to add one."
"Di Gi Charat Fantasy","","NTSC-J","","Sega","?","2000-09-06","1","No","Adventure | Role-Playing","Not Rated","No overview is currently available for this title, please feel free to add one."
"Dino Crisis","","NTSC-U","United States of America","Capcom","Capcom","2000-11-14","1","No","Shooter | Horror","M - Mature 17+","Dino Crisis is a survival horror video game by Capcom, released in 2000 for the Dreamcast. It was directed and produced by Resident Evil creator Shinji Mikami, and developed by a team of staff members that would later become part of Capcom Production Studio.

In the game, a special forces team must find a way to survive in a secret government facility that has been infested with dinosaurs. It features survival horror gameplay similar to the Resident Evil series and was promoted by Capcom as ""panic horror""."
"Disney/Pixar Buzz Lightyear of Star Command","Buzz Lightyear of Star Command","NTSC-U","United States of America","Activision","Traveller's Tales Ltd.","2000-09-26","1","No","Action","E - Everyone","Buzz Lightyear is based on an animated movie and television series of the same name. Buzz Lightyear is an elite space ranger, who travels from planet to planet hunting down supervillians. 

In this game, you control Buzz through 14 missions on eight different planets. In each mission, your goal is to race to the end of the level before the bad guy does. If you do so successfully, you face off against the villian, and hopefully capture them. In addition to capturing the villain, there are secondary objectives like collecting robot parts and getting the fastest time through the level."
"Disney's 102 Dalmatians: Puppies to the Rescue","Les 102 Dalmatiens à la rescousse ! | Disneys 102 Dalmatiner | 102 Dálmatas - Cachorros al rescate","PAL","","Eidos Interactive","Core Design Ltd.","2001-01-10","1","No","Action | Platform","E - Everyone","The game itself follows the films' storyline loosely. The player can choose the role of one of two dalmatians, Oddball or Domino, who are out in the backyard looking for treasure. It is not long before the player realizes that a toy found buried in a park was made at one of Cruella de Vil's toy factories; this alludes to the fact that Cruella's toy sales are down, which ultimately leads to the problem in the storyline. Facing financial ruin from lack of sales, Cruella sets an evil plan in motion - to reprogram her toys to capture any pets in sight. Oddball and Domino are the only puppies in their family who have not been captured when they return from the park. Their parents, Dottie and Dipstick, set out to rescue their puppies, commanding Oddball and Domino to stay home and 'be good.' The puppies do not listen, and are soon out on their biggest adventure yet - to save their brothers and sisters, and their parents who are captured along the way."
"Disney's Dinosaur","","NTSC-U","United States of America","Ubisoft Entertainment","Ubisoft","2000-11-24","1","No","Adventure | Puzzle","E - Everyone","Disney's Dinosaur is a puzzle-adventure game based on the movie of the same name. You control three characters: Flia the pteradon, Aladar the Iguanadon and Zini the lemur, each of whom has different abilities. Flia can fly, Aladar can wade through water and crush rocks and Zini can fit through small spaces and pick things up. The game is seen from a top-down perspective, with the player switching characters on the fly. As in the movie, they must work together to reach the sacred nesting grounds for water and food after the rest of world dries up."
"Disney's Donald Duck: Goin' Quackers","","NTSC-U","United States of America","Disney Interactive","Ubisoft Montreal","2000-12-14","1","No","Action | Platform","E - Everyone","You play as Donald in this 3d platform action game. Donald's girlfriend, Daisy is a reporter for a television station in Duckberg. While doing a story on the secret temple of Merlock, a terrible magician, Daisy is kidnapped. Now, it is up to Donald to get her back. Along the way he will have help from his nephews, Huey, Dewey, and Louie, and the inventor Gyro Gearloose. He will also have competition from Gladstone Gander, who is also trying to save Daisy.

Game play alternates between side-scrolling running and jumping and 3d running and jumping. The side scrolling levels play a lot like the Super Mario Bros. games. The 3d levels play a lot like the Crash Bandicoot series of games. All in all, there are 20 levels, spread out through areas."
"Disney's Donald Duck: Quack Attack","Disney's Donald Duck: Goin' Quackers","PAL","United Kingdom of Great Britain and Northern Ireland","Ubisoft","Ubisoft Casablanca","2000-12-15","1","No","Action | Platform","E - Everyone","You play as Donald in this 3d platform action game. Donald's girlfriend, Daisy is a reporter for a television station in Duckberg. While doing a story on the secret temple of Merlock, a terrible magician, Daisy is kidnapped. Now, it is up to Donald to get her back. Along the way he will have help from his nephews, Huey, Dewey, and Louie, and the inventor Gyro Gearloose. He will also have competition from Gladstone Gander, who is also trying to save Daisy.

Game play alternates between side-scrolling running and jumping and 3d running and jumping. The side scrolling levels play a lot like the Super Mario Bros. games. The 3d levels play a lot like the Crash Bandicoot series of games. All in all, there are 20 levels, spread out through areas."
"Divi-Dead","","PAL","Japan","C's Ware","C's Ware","1998-01-03","1","No","Horror","AO - Adult Only 18+","Divi-Dead is a 1998 eroge visual novel with horror theme game made by C's Ware [ja] in 1998. The story begins the day after the protagonist transfers to Kanoyama Academy High School. The principal of this boarding school is the protagonist's untrustworthy uncle. The protagonist decides that the reason he is transferring schools is to investigate, report, or resolve a scandal that involves emotionally unstable and violent students that's related to the presence to the ""fragrance"" that is secretly spreading around the school"
"Doki Doki Idol Star Seeker","","Other","Japan","G.rev Ltd.","G.rev","2001-01-01","2","No","Puzzle","Not Rated","Doki Doki Idol Star Seeker (どきどきアイドルスターシーカー) is a Puzzle video game published by G.rev and developed by G.Rev released on 2001 for the Arcade Naomi System

Idol Star Seeker is a minesweeper-style arcade game played on a field of hexagonal tiles. The objective is to mark all of the mines and remove all of the tiles within the time limit to reveal an image of a scantily clad girl. Every stage features a new background image to reveal, but if the stage is not completed in a timely manner the image changes to that of the sulking fully clothed model but the player still has a chance to complete the stage and continue the game. However if the timer runs completely out, then it is game over."
"Dolphin Blue","","Other","","Sammy Corporation","SNK Playmore","2003-01-01","2","Yes","Action | Shooter | Platform | Unofficial","T - Teen","The game takes place in the future where something has caused nearly all the dry land to sink into the ocean. Those that survived built new civilizations on the few remaining pieces of dry land and took advantage of all the underwater ruins and their resources to live life anew. In this world, which now took the name of ""Aquadia"", the two main factions, the Royal Army and Evil Empire, square off for ultimate control of the land. The Royal Army, watched over by Princess Annette, is good, while the Evil Empire is run by several baddies and ex-marines.

You play as Erio, an arms dealer with a wild streak for adventure, or Anne, an idealistic young woman fighting for the Royal Army. When Princess Annette is kidnapped for her knowledge of the ""Blue Tear"", it' up to Erio and Anne to rescue her."
"Doom","Doom for Dreamcast | DCDoom","Other","","Chilly Willy","id Software","2010-07-28","4","No","Shooter | Unofficial","M - Mature 17+","Doom for the Dreamcast is a port based on older Doom code. In that sense, it's more like Chocolate Doom. It does support variable resolution, allowing you to run at 320x240, or 640x480, for example. It plays the MUS format music in the WAD files by converting them to MIDI, then playing that via libWildMIDI. Doom for DC supports regular controllers, the mouse, and the keyboard. The primary stats from the HUD are shown on the VMU screen of the controller so that you can play with the screen size set to turn off the status bar.

There are quick cheats, cheat selection, and of course all cheats via the keyboard. Read the readme file for details on that. The game starts in a GUI that allows you to set nearly every option, and save them to the VMU. All IWADs are supported and easily selected through the GUI. It also allows up to four patch WAD files, and four dehacked files, also all easily selected through the GUI. Note that patch WAD files or replacement IWAD files should be DOOM compliant, not BOOM compliant.

Network support allows you to play against up to three other players across the internet. On the Dreamcast, you need the BBA to use networking. The readme describes how to setup the network options. It can be a bit involved, so please read it carefully."
"Doom 64","","NTSC-U","","","","2024-11-17","1","No","Shooter | Unofficial","M - Mature 17+","Doom 64 port to the Sega Dreamcast

Enemy, projectile and sector movement interpolation. Everything moves nicely and smoothly when the frame rate is above 30 FPS.

CUSTOMIZABLE CONTROLLER MAPPINGS. See build instructions for details on how this works.

UNCAPPED FRAME RATE, variable with correct physics. 60 FPS in the majority of the game with lights and normal mapping.

8bpp world textures. Increased performance when filtering is disabled. Reduces VRAM pressure / frequency of texture flushing (reduced frequency of graphical glitches in bonus levels).

VMU SAVING IS NOW SUPPORTED. 5 free blocks are required."
"Doom Collection","","NTSC","","","","1970-01-01","1","No","Shooter | Unofficial","Not Rated","Doom Collection for Dreamcast = T0000"
"Doom Collection (Port)","","Other","United States of America","","id Software","1993-12-10","1","No","Shooter","Not Rated","Includes Final Doom and Wolfenstein 3D!"
"Doom64","Doom 64","NTSC","","","","1970-01-01","1","No","Action","M - Mature 17+","No overview is currently available for this title, please feel free to add one."
"Dorimaga GD Vol. 1","ドリマガＧＤ Vol. 1","NTSC-J","Japan","","","1999-07-23","1","No","Demo","Not Rated","Dorimaga GD Vol. 1 (ドリマガＧＤ Vol. 1) is a Japanese Sega Dreamcast demo disc distributed with Dreamcast Magazine issue #1999-07-23. Disk of the same content has been distributed only in postage by NEC Home Electronics."
"Draconus: Cult of the Wyrm","Dragons Blood (EU)","NTSC-U","United States of America","Crave Entertainment","Treyarch","2000-06-21","1","No","Role-Playing","T - Teen","Draconus: Cult of the Wyrm is a sword and sorcery action game. Adventurers play as a male knight, Cynric or as the female sorceress Ayowen. The heroes battle their way through a dark fantasy world where they must ultimately defeat the dragon lord. A story driven game where players use a combination of cunning swordplay and magic spells deal with enemies that stand in their way. The story unfolds over 12 huge levels and is played in 3rd person perspective in real-time."
"Dragon Riders: Chronicles of Pern","","NTSC-U","United States of America","Ubisoft Entertainment","Ubisoft","2001-08-07","1","No","Action | Role-Playing","T - Teen","The Dragon Riders of Pern have protected their world from the alien oppressor Thread, but now they have all gone extinct. Unless you can find a new rider to take up, the world of Pern is doomed. From this point the game takes the player through four chapters with a vast storyline.

Dragon Riders is a game in 3D with strong RPG and action elements. The world of Pern is based upon the novels by Anne McCaffrey. The game contains over 120 locations on three continents. The player can interact and speak with over 170 characters."
"Dragons Blood","Draconus: Cult of the Wyrm (US)","PAL","","Crave Entertainment","Treyarch","2000-06-21","1","No","Role-Playing","Not Rated","Draconus: Cult of the Wyrm is a sword and sorcery action game. Adventurers play as a male knight, Cynric or as the female sorceress Ayowen. The heroes battle their way through a dark fantasy world where they must ultimately defeat the dragon lord. A story driven game where players use a combination of cunning swordplay and magic spells deal with enemies that stand in their way. The story unfolds over 12 huge levels and is played in 3rd person perspective in real-time."
"Dream Flyer","ドリームフライヤー","NTSC-J","Japan","Sega","SEGA Games","1999-12-09","1","No","Board","Not Rated","DreamFlyer (ドリームフライヤー) is a piece of Japanese Sega Dreamcast software allowing users to customise and send digital greetings cards over the internet."
"Dream key Dreamcast","","PAL","United Kingdom of Great Britain and Northern Ireland","Sega Europe","Sega","1999-01-01","1","No","Utility","Not Rated","No overview is currently available for this title, please feel free to add one."
"Dream on Collection 2","","PAL","Japan","Sega","Sega","1999-01-01","1","No","Action | Adventure","Not Rated","No overview is currently available for this title, please feel free to add one."
"Dream on Collection 4","","PAL","United Kingdom of Great Britain and Northern Ireland","Sega","Sega","2000-01-01","1","No","Action | Adventure","Not Rated","No overview is currently available for this title, please feel free to add one."
"Dream On Volume 1","Dreamon Volume 1","PAL","United Kingdom of Great Britain and Northern Ireland","Sega Europe","Sega","1999-01-01","1","No","Demo","Not Rated","Dream On Volume 1 is a disc distributed in Europe as part of the Dream On series of Sega Dreamcast demo discs. Volume 1 was the first in the series - unlike other volumes which were distributed with officially licensed Dreamcast magazines, this one was only distributed with Dreamcast consoles, specifically those around the launch period of late 1999 and early 2000.

Volume 1 sets the stage for all Dream On discs to come, with a segment devoted to playable demos, and another to videos. The Incoming demo features the first stage, Monaco Grand Prix Racing Simulation lets the player race around the Spanish track, Ready 2 Rumble Boxing lets players fight as either Boris Knoximov, Butcher Brown or Afro Thunder for one match, TrickStyle covers the earliest segment of the game and Toy Commander gives the player access to three missions picked from the first couple of rooms.

Volume 1's legacy would continue in two directions: Dream On Volume 2 (and its successors) which would be made available through magazines, and Dream On Collection 2, which would replace Volume 1 as the pack-in demo disc at some point during 2000."
"Dream On Volume 10","Dreamon Volume 10","Other","United Kingdom of Great Britain and Northern Ireland","Sega Europe","Sega","2000-06-08","2","No","Demo","Not Rated","Dream On Volume 10 is a Sega Dreamcast demo disc distributed in Europe as part of the Dream On series. It was sold with issue #9 of the UK's Official Dreamcast Magazine, issue #5 of Dreamcast: Le Magazine Officiel, issue #9 of Dreamcast: Das Offizielle Magazin and issue #7 of Revista Oficial Dreamcast.

This volume contains an interactive tour of the Dreamarena online service."
"Dream On Volume 11","Dreamon Volume 11","Other","United Kingdom of Great Britain and Northern Ireland","Sega Europe","Sega","2000-07-06","1","No","Demo","Not Rated","Dream On Volume 11 is a Sega Dreamcast demo disc distributed in Europe as part of the Dream On series. It was sold with issue #10 of the UK's Official Dreamcast Magazine, issue #10 of Dreamcast: Das Offizielle Magazin and issue #8 of Revista Oficial Dreamcast. French customers had to purchase the disc separately through mail order.

Volume 11 saw No Cliché add another Dream On-exclusive mission to their Toy Commander demo, this time being summer themed (with previous missions from Dream On Volume 4 and Dream On Volume 1 added for good measure). This was the last disc to be released with Dreamcast: Das Offizielle Magazin in Germany - Volume 12 would be ignored and Dreamcast Kult would pick the series up at Volume 13."
"Dream On Volume 12","Dreamon Volume 12","Other","United Kingdom of Great Britain and Northern Ireland","Sega Europe","Sega","2000-08-03","1","No","Demo","Not Rated","Dream On Volume 12 is a Sega Dreamcast demo disc distributed in Europe as part of the Dream On series. It was sold with issue #11 of the UK's Official Dreamcast Magazine, issue #x of Dreamcast: Le Magazine Officiel and issue #9 of Revista Oficial Dreamcast. It was not released in Germany."
"Dream On Volume 13","Dreamon Volume 13","Other","United Kingdom of Great Britain and Northern Ireland","Sega Europe","Sega","2000-09-07","1","No","Demo","Not Rated","Dream On Volume 13 is a Sega Dreamcast demo disc distributed in Europe as part of the Dream On series. It was sold with issue #12 of the UK's Official Dreamcast Magazine and issue #10 of Revista Oficial Dreamcast. Dreamcast Kult distributed this volume in Germany with issue #7. French customers had to purchase the disc separately through mail order.

The Wacky Races demo is brought forward from Dream On Volume 11."
"Dream On Volume 14","Dreamon Volume 14","Other","United Kingdom of Great Britain and Northern Ireland","Sega Europe","Sega","2000-10-05","1","No","Demo","Not Rated","Dream On Volume 14 is a Sega Dreamcast demo disc distributed in Europe as part of the Dream On series. It was sold with issue #13 of the UK's Official Dreamcast Magazine, issue #x of Dreamcast: Le Magazine Officiel, issue #8 of Dreamcast Kult and issue #11 of Revista Oficial Dreamcast."
"Dream On Volume 15","Dreamon Volume 15","Other","United Kingdom of Great Britain and Northern Ireland","Sega Europe","Sega","2000-11-02","1","No","Demo","Not Rated","Dream On Volume 15 is a Sega Dreamcast demo disc distributed in Europe as part of the Dream On series. It was sold with issue #14 of the UK's Official Dreamcast Magazine, issue #x of Dreamcast: Le Magazine Officiel, issue #9 of Dreamcast Kult and issue #12 of Revista Oficial Dreamcast."
"Dream On Volume 16","Dreamon Volume 16","Other","United Kingdom of Great Britain and Northern Ireland","Sega Europe","Sega","2000-11-30","1","No","Demo","Not Rated","Dream On Volume 16 is a Sega Dreamcast demo disc distributed in Europe as part of the Dream On series. It was sold with issue #15 of the UK's Official Dreamcast Magazine, issue #x of Dreamcast: Le Magazine Officiel, issue #10 of Dreamcast Kult and issue #13 of Revista Oficial Dreamcast.

Volume 16 includes the same Toy Commander demo as was seen in Dream On Volume 11."
"Dream On Volume 17","Dreamon Volume 17","Other","United Kingdom of Great Britain and Northern Ireland","Sega Europe","Sega","2001-01-04","1","No","Demo","Not Rated","Dream On Volume 17 is a Sega Dreamcast demo disc distributed in Europe as part of the Dream On series. It was sold with issue #16 of the UK's Official Dreamcast Magazine, issue #x of Dreamcast: Le Magazine Officiel, issue #11 of Dreamcast Kult and issue #14 of Revista Oficial Dreamcast.

Of note is Volume 17's inclusion of a video promoting the much-hyped Half-Life, a game which ultimately was not released on the Dreamcast."
"Dream On Volume 18","Dreamon Volume 18","Other","United Kingdom of Great Britain and Northern Ireland","Sega Europe","Sega","2001-02-08","1","No","Demo","Not Rated","Dream On Volume 18 is a Sega Dreamcast demo disc distributed in Europe as part of the Dream On series. It was sold with issue #17 of the UK's Official Dreamcast Magazine, issue #x of Dreamcast: Le Magazine Officiel, issue #12 of Dreamcast Kult and issue #15 of Revista Oficial Dreamcast.

Volume 18 is the point where Dream On demo discs start to repeat content - at this stage it was early 2001, and publishers were beginning to discontinue support for the Dreamcast. As such, the Virtua Tennis demo originates from Dream On Volume 12, while Sega Swirl is brought forward from Dream On Volume 8."
"Dream On Volume 19","Dreamon Volume 19","Other","United Kingdom of Great Britain and Northern Ireland","Sega Europe","Sega","2001-03-08","1","No","Demo","Not Rated","Dream On Volume 19 is a Sega Dreamcast demo disc distributed in Europe as part of the Dream On series. It was sold with issue #18 of the UK's Official Dreamcast Magazine, issue #x of Dreamcast: Le Magazine Officiel, and issue #16 of Revista Oficial Dreamcast.

For unknown reasons, this volume was not released in Germany. The Jet Set Radio demo is brought forward from Dream On Volume 15."
"Dream On Volume 2","Dreamon Volume 2","PAL","United Kingdom of Great Britain and Northern Ireland","Sega Europe","Sega","1999-09-30","1","No","Demo","Not Rated","Dream On Volume 2 is a Sega Dreamcast demo disc distributed in Europe as part of the Dream On series. It was sold with issue #1 of the UK's Official Dreamcast Magazine, issue #x of Dreamcast: Le Magazine Officiel and issue #1 of Dreamcast: Das Offizielle Magazin. Volume 2 was the first Dream On demo disc to be sold exclusively with magazines.

Dream On Volume 2 contains two playable demos, four movies and a ""rolling demo"" of Buggy Heat, in which the game isn't playable, but the footage is rendered in real-time. The Millennium Soldier: Expendable demo lets the player play through the first stage, and the Sonic Adventure demo lets players (as Sonic) run through Emerald Coast. The Sonic Adventure demo is particularly common, having been put to work in Generator Vol. 1 and Generator Vol. 2 in North America, kiosks scattered across the world to promote the Dreamcast system, as well as future Dream On demo discs."
"Dream On Volume 20","Dreamon Volume 20","Other","United Kingdom of Great Britain and Northern Ireland","Sega Europe","Sega","2001-04-05","1","No","Demo","Not Rated","Dream On Volume 20 is a Sega Dreamcast demo disc distributed in Europe as part of the Dream On series. It was sold with issue #19 of the UK's Official Dreamcast Magazine, issue #x of Dreamcast: Le Magazine Officiel, issue #13 of Dreamcast Kult and issue #17 of Revista Oficial Dreamcast.

This is the last volume to see a release in Germany."
"Dream On Volume 21","Dreamon Volume 21","Other","United Kingdom of Great Britain and Northern Ireland","Sega Europe","Sega","2001-05-24","1","No","Demo","Not Rated","Dream On Volume 21 is a Sega Dreamcast demo disc distributed in Europe as part of the Dream On series. It was sold with issue #20 of the UK's Official Dreamcast Magazine, issue #x of Dreamcast: Le Magazine Officiel and issue #18 of Revista Oficial Dreamcast.

The 18 Wheeler: American Pro Trucker demo is recycled from the previous volume, Dream On Volume 20."
"Dream On Volume 22","Dreamon Volume 22","Other","United Kingdom of Great Britain and Northern Ireland","Sega Europe","Sega","2001-06-21","1","No","Demo","Not Rated","Dream On Volume 22 is a disc distributed in Europe as part of the Dream On series of Sega Dreamcast demo discs. Volume 22 was the last in the series and was distributed with issue #21 of the UK Official Dreamcast Magazine, issue #x of Dreamcast: Le Magazine Officiel. and issue #19 of Revista Oficial Dreamcast.

Volume 22 is a ""best of"" Dreamcast demo compilation, produced reportedly due to Sega's struggles to secure new content for upcoming games. As a result there is no ""new"" content on this disc, however as the video section was dropped, nine playable demos were included - a record for any Dream On demo disc.

Content is pulled from Dream On discs across the series' run, specifically Volume 1, 2, 12, 13, 14 and 15."
"Dream On Volume 3","Dreamon Volume 3","PAL","United Kingdom of Great Britain and Northern Ireland","Sega Europe","Sega","1999-11-11","1","No","Demo","Not Rated","Dream On Volume 3 is a Sega Dreamcast demo disc distributed in Europe as part of the Dream On series. It was sold with issue #2 of the UK's Official Dreamcast Magazine and issue #2 of Dreamcast: Das Offizielle Magazin. French customers had to purchase the disc separately through mail order."
"Dream On Volume 4","Dreamon Volume 4","Other","United Kingdom of Great Britain and Northern Ireland","Sega Europe","Sega","1999-12-09","1","No","Demo","Not Rated","Dream On Volume 4 is a Sega Dreamcast demo disc distributed in Europe as part of the Dream On series. It was sold with issue #3 of the UK's Official Dreamcast Magazine, issue #x of Dreamcast: Le Magazine Officiel, issue #3 of Dreamcast: Das Offizielle Magazin and issue #1 of Revista Oficial Dreamcast.

Dream On Volume 4 is a notable release in the Dream On series, primarily due to Toy Commander Christmas Special, which contains a Christmas-themed mission for Toy Commander which is not available in the full game. It also rounds off its videos section with a ""Sega Preview Trailer"", which shows Crazy Taxi, Zombie Revenge and Metropolis Street Racer in early (or Sega NAOMI) forms. 'Volume 4 was also the first Dream On Volume disc to be bundled with Revista Oficial Dreamcast in Spain."
"Dream On Volume 5","Dreamon Volume 5","Other","United Kingdom of Great Britain and Northern Ireland","Sega Europe","Sega","2000-01-13","1","No","Demo","Not Rated","Dream On Volume 5 is a Sega Dreamcast demo disc distributed in Europe as part of the Dream On series. It was sold with issue #4 of the UK's Official Dreamcast Magazine, issue #4 of Dreamcast: Das Offizielle Magazin and issue #2 of Revista Oficial Dreamcast. French customers had to purchase the disc separately through mail order."
"Dream On Volume 6","Dreamon Volume 6","Other","United Kingdom of Great Britain and Northern Ireland","Sega Europe","Sega","2000-02-10","1","No","Demo","Not Rated","Dream On Volume 6 is a Sega Dreamcast demo disc distributed in Europe as part of the Dream On series. It was sold with issue #5 of the UK's Official Dreamcast Magazine, issue #x of Dreamcast: Le Magazine Officiel, issue #5 of Dreamcast: Das Offizielle Magazin and issue #3 of Revista Oficial Dreamcast.

Volume 6 includes a slideshow of Ecco the Dolphin: Defender of the Future - the only disc in the series to contain such a feature (bar Dream On Collection 2 which borrows content from this release)."
"Dream On Volume 7","Dreamon Volume 7","Other","United Kingdom of Great Britain and Northern Ireland","Sega Europe","Sega","2000-03-09","1","No","Demo","Not Rated","Dream On Volume 7 is a Sega Dreamcast demo disc distributed in Europe as part of the Dream On series. It was sold with issue #6 of the UK's Official Dreamcast Magazine, issue #6 of Dreamcast: Das Offizielle Magazin and issue #4 of Revista Oficial Dreamcast. It was not released in France - they would instead receive Dream On Volume 7 & 8 at a later date.

Volume 7 includes a rolling demo of Metropolis Street Racer, in which the game is not playable, but the footage is rendered in real time. Also included is a video for Heroes of Might & Magic III, a game whose Dreamcast release was ultimately scrapped."
"Dream On Volume 8","Dreamon Volume 8","Other","United Kingdom of Great Britain and Northern Ireland","Sega Europe","Sega","2000-04-06","1","No","Demo","Not Rated","Dream On Volume 8 is a Sega Dreamcast demo disc distributed in Europe as part of the Dream On series. It was sold with issue #7 of the UK's Official Dreamcast Magazine, issue #7 of Dreamcast: Das Offizielle Magazin and issue #8 of Revista Oficial Dreamcast. It was not released in France - they would instead receive Dream On Volume 7 & 8 at a later date.

Volume 8 contains Sega Swirl, a full game that was not released in stores."
"Dream On Volume 9","Dreamon Volume 9","Other","United Kingdom of Great Britain and Northern Ireland","Sega Europe","Sega","2000-05-11","2","No","Demo","Not Rated","Dream On Volume 9 is a Sega Dreamcast demo disc distributed in Europe as part of the Dream On series. It was sold with issue #8 of the UK's Official Dreamcast Magazine, issue #8 of Dreamcast: Das Offizielle Magazin and issue #6 of Revista Oficial Dreamcast. French customers had to purchase the disc separately through mail order.

The Fur Fighters demo included in this volume is for two players only."
"Dream Passport","","NTSC-J","Japan","Sega","Access","1998-11-27","1","No","Productivity","Not Rated","No overview is currently available for this title, please feel free to add one."
"Dream Passport 3 (ch@b)","","NTSC-J","Japan","Sega","Sega","1970-01-01","1","No","Utility","T - Teen","No overview is currently available for this title, please feel free to add one."
"Dream Passport Premier","","NTSC-J","Japan","Sega","Sega","2001-07-01","1","No","Productivity","T - Teen","The last version of the Dreamcast browser."
"Dreamcast Express Extra","","NTSC-J","Japan","Sega","Sega","1999-01-01","1","No","Utility","Not Rated","Dreamcast Express Extra (ドリームキャスト エクスプレス エクストラ) is a Japanese Sega Dreamcast demo disc released as part of the Dreamcast Express series."
"Dreamcast Magazine GD vol. 5","","NTSC-J","Japan","","","2000-07-07","1","No","Utility","Not Rated","A demo disc that came with the Dreamcast Magazine vol. 5 in Japan."
"Dreamstud!o","ドリームスタジオ","NTSC-U","Japan","Sega","Kuusou Kagaku | 																Nextech","2000-11-09","1","No","Adventure","Not Rated","Dreamstud!o (ドリームスタジオ) is a piece of Dreamcast software which allows the user to create video games. It was released exclusively in Japan. Games created with Dreamstudio are more often than not restricted by the 128kB of VMU storage space. There is also a lot of text input, so the game recommends a Dreamcast Keyboard."
"Drill","Drill DC | Drill [Demo]","Other","","Freeware","HandMade Games","2005-01-01","2","Yes","Shooter","T - Teen","This is a vertical scrolling shoot 'em up demo for a game announced by Handmade Videogames in 2005"
"Driving Strikers","","NTSC-U","","","","2023-07-07","4","Yes","Action","E - Everyone","Driving Strikers is a 2.5D car football extravaganza in a 90s-style! Play 4-player matches across 5 different stadiums with wildly different and beautiful environments! Main Features: Play 1-4 local multiplayer matches on the same screen!"
"Ducati World: Racing Challenge","Ducati World","NTSC-U","United States of America","Acclaim Entertainment, Inc.","Attention to Detail Limited","2001-02-13","2","No","Racing","E - Everyone","In this Ducati brand-licensed motorcycle game, players can race a range of Ducati bikes ranging from the 1960's Daytona 350 to the 748 and 996. The game includes a career mode (Ducati Life) where players climb the ladder to earn four different licenses, buy better bikes and accessories such as helmets, leathers and bike customizations. Regular quick races feature and arcade mode, two player split-screen, time attack and regular races. New tracks can be unlocked and are stored in the Rewards menu."
"Dux","","Other","","Hucast Games","Hucast Games | 																KonTechs Ltd","2009-06-17","1","No","Shooter","Not Rated","DUX is a scrolling shooter video game Independent developed by HUCAST.net & KonTechs Ltd. for the Sega Dreamcast. The game was released on 17 June 2009 worldwide.

Version: 1.0

Features: VGA Box, Arcade Stick, VMU support."
"DUX 1.5","","Other","","Hucast Games","Hucast Games | 																KonTechs Ltd","2009-07-17","1","No","Shooter","Not Rated","DUX Version 1.5 features new re-balanced gameplay as well as a brand new 16-bit soundtrack created by Andre Naumann and Marco Groß DUX is better than ever!

Get yourself back into the high-res bullet-spraying action with insta-respawns. Enjoy a constant 60 fps across 6 stages, consisting of 30+ fully animated CGI enemies and 6 fully animated (and massive) bosses!"
"Dynamite Cop","","PAL","","Sega","Sega AM1 R&D Division","1999-10-14","2","Yes","Action | Fighting","E - Everyone","Pirates have kidnapped the President's daughter and are holding her on a hijacked cruise ship. Now it's up to an elite police force to get them back, using whatever means necessary. The action takes place on both the cruise ship and the pirate's island hideaway.

You play as one of three cops, in this beat 'em up fighting game from Sega. Dynamite Cop features similar gameplay to Die Hard Arcade. As your character enters an area, you have to beat up everyone there. Once they are gone, you continue to the next area. To help you there are many weapons, such as guns, knives, pepper spray, chairs, and bread. Bread? Yes, you can use pretty much anything as a weapon."
"Dynamite Deka 2","Dynamite Cop","NTSC-J","Japan","Sega","Sega AM1 R&D Division","1999-05-27","2","No","Action | Fighting","Not Rated","Dynamite Cop, known in Japan as Dynamite Deka 2 (ダイナマイト刑事2, Dainamaito Deka Tsu), is a 1998 beat 'em up video game published by Sega and initially released in arcades on Sega Model 2 hardware. It is the sequel to the 1996 game Dynamite Deka, which was released outside Japan as Die Hard Arcade. The game was ported to the Dreamcast and released internationally in 1999, this time without the Die Hard license. A second sequel, Asian Dynamite, was released only in arcades."
"E.G.G: Elemental Gimmick Gear","","NTSC-J","Japan","Hudson Soft Company, Ltd. | 																Vatical Entertainment LLC","Birthday | 																Hudson Entertainment, Inc.","1999-05-27","1","No","Action | Adventure","E - Everyone","No overview is currently available for this title, please feel free to add one."
"Ecco II: Sentinels of the Universe","Ecco the Dolphin II: Sentinels of the Universe | Ecco II: Sentinels of the Universe (prototype)","Other","","Sega","Appaloosa Interactive","2001-02-23","1","No","Adventure | Role-Playing | Puzzle","E - Everyone","Ecco II: Sentinels of the Universe is an unreleased Sega Dreamcast sequel to Ecco the Dolphin: Defender of the Future?, presumably developed by Appaloosa Interactive and set to be published by Sega.

Little is known about this game - an early prototype (and source code) dated the 23rd of February 2001 was found on a Dreamcast Dev.Box but shows very little of what the game was meant to entail. Sentinels of the Universe is presumed to have been cancelled due to Sega pulling support for the Dreamcast console, and development does not seem to have been moved to other platforms."
"Ecco the Dolphin: Defender of the Future","","PAL","","Sega","Appaloosa Interactive","2000-06-16","1","No","Adventure","E - Everyone","At the dawn of the 30th Century, dolphins and humans had been together in a cross-species society for 500 years. Together, they had set out to explore space, offering peace and friendship to all who would welcome it. But space had its dangers; a violent species known as the Foe decided to conquer Earth. However, the dolphins and humans drove them to the brink of defeat, and so the Foe sought vengeance on Earth. The few caretaker dolphins who had been left behind on Earth were not entirely defenseless; they were protected by their creation called the Guardian—a gigantic, sentient being made of a crystalline substance which projected a forcefield over the entire planet. Undeterred, the Foe made suicide attacks on the field, searching for a weak point."
"ECW Anarchy Rulz","","NTSC-U","United States of America","Acclaim Entertainment, Inc.","Acclaim","2000-10-01","4","No","Fighting | Sports","T - Teen","Anarchy in the USA!

*All new control system!
*First-ever blistering Brimstone match plus music from Dope & One Minute Silence!
*The Bionic Elbow from ""The American Dream"" Dusty Rhodes!
*Backlot brawls, all-new finishers & 2-man commentary!
*Never before seen hardcore table matches!
*RVD, Tanaka, The Sandman & over 60 extreme wrestlers!"
"ECW Hardcore Revolution","","NTSC-U","United States of America","Acclaim Entertainment, Inc.","Acclaim","2000-02-09","4","No","Fighting | Sports","M - Mature 17+","Often imitated, never duplicated, ECW Hardcore Revolution takes you to Hell and back with the most intense hardcore wrestling action the human body can endure. Remember, scars never heal. Debut of over 40 hardcore ECW stars including Rob Van Dam, Sabu, Tommy Dreamer, Raven, Mike Awesome, Francine and New Jack! Real gutter-mouth crowd chants and commentary from ECW's Joey Styles. Brutal finishers and chair shots. ""3-Way Dance"" plus over 20 game modes!"
"Eisei Meijin III: Game Creator Yoshimura Nobuhiro no Zunou","Eisei Meijin III - Game Creator Yoshimura Nobuhiro no Zunou","NTSC-J","Japan","Konami","Konami","1999-07-07","2","No","Puzzle | Strategy","E - Everyone","Eisei Meijin III is a shogi game developed and published by Konami and released on PlayStation and Sega Dreamcast on 1999 in Japan. It is the seventh entry in the Eisei Meijin series."
"El Dorado Gate Volume 1","El Dorado Gate Vol. 1","NTSC-J","Japan","Capcom","Capcom","2000-10-10","1","No","Role-Playing","Not Rated","El Dorado Gate (エルドラドゲートシリーズ) is a series of Japan-exclusive role-playing video games for the Sega Dreamcast. Its seven volumes were released on a bi-monthly basis in Japan from October 10, 2000 through October 10, 2001."
"El Dorado Gate: Volume 2","El Dorado Gate: Vol 2","NTSC-J","Japan","Capcom","Capcom","2000-12-12","1","No","Role-Playing","Not Rated","In the second episode, The Brave Swordsman Ellison, tells of the swordsmen Ellison and his role as bodyguard to a noble, as well as his love for the noble's daughter and his eventual quest to rescue her from evil. Finally, the game's third episode, Ein: The Artificial Man, tells of Ein's excavation from an ancient ruin. At the end of the second volume, the storyline will begin to connect with the first volume."
"Eldorado Gate Volume 3","Eldorado Gate Vol 3","NTSC-J","Japan","Capcom","Capcom","2001-02-02","1","No","Role-Playing","Not Rated","Eldorado Gate Vol. 3 (エルドラドゲート 第3巻) is a Sega Dreamcast RPG released by Capcom. It is part of the seven-part Eldorado Gate series. It was followed by Eldorado Gate Vol. 4."
"Eldorado Gate Volume 4","Eldorado Gate Vol. 4","NTSC-J","Japan","Capcom","Capcom","2001-04-12","1","No","Role-Playing","Not Rated","Eldorado Gate Vol. 4 (エルドラドゲート 第4巻) is a Sega Dreamcast RPG released by Capcom. It is part of the seven-part Eldorado Gate series. It was followed by Eldorado Gate Vol. 5."
"Eldorado Gate Volume 5","Eldorado Gate Vol. 5","NTSC-J","Japan","Capcom","Capcom","2001-06-06","1","No","Role-Playing","Not Rated","Eldorado Gate Vol. 5 (エルドラドゲート 第5巻) is a Sega Dreamcast RPG released by Capcom. It is part of the seven-part Eldorado Gate series. It was followed by Eldorado Gate Vol. 6."
"Eldorado Gate Volume 6","Eldorado Gate Vol. 6","NTSC-J","Japan","Capcom","Capcom","2001-08-08","1","No","Role-Playing","Not Rated","Eldorado Gate Vol. 6 (エルドラドゲート 第6巻) is a Sega Dreamcast RPG released by Capcom. It is part of the seven-part Eldorado Gate series. It was followed by Eldorado Gate Vol. 7."
"Eldorado Gate Volume 7","Eldorado Gate Vol. 7","NTSC-J","Japan","Capcom","Capcom","2001-10-10","1","No","Role-Playing","Not Rated","Eldorado Gate Vol. 7 (エルドラドゲート 第7巻) is a Sega Dreamcast RPG released by Capcom. It is part of the seven-part Eldorado Gate series."
"Elemental Gimmick Gear","","NTSC-U","United States of America","Vatical Entertainment LLC","Hudson Entertainment, Inc.","1999-12-20","1","Yes","Adventure | Role-Playing","E - Everyone","Elemental Gimmick Gear is an action role-playing game for the Dreamcast console. Elemental Gimmick Gear uses hand-drawn art in an overhead view during exploration, then switches to 3D graphics during boss battles.

In the world of Tokion, a dome-shaped ancient ruin was discovered inside a thick jungle. During excavation, an egg-shaped mecha was found inside the ruins containing a sleeping man. No matter how hard scientists tried, he would not wake up. He was taken to a laboratory along with the machine to be further studied.

Upon analyzing the machine, they learned that it was over 5000 years old. They also could not find any form of power source. In time, the machine became known as ""Elemental Gimmick Gear"", or EGG for short. After extensive scientific analysis over a number of years, copies of the EGG were produced and used as vehicles.

100 years later, the ruin suddenly became active, extending a multitude of tentacles into the ground. They spread all across the land, destroying anything in their way. With the tentacles came a thick layer of fog that surrounded the ruins, and people gave them the name Fogna.

At the same time, the Sleeper who was discovered a century prior finally awoke. He had not aged a day since his discovery and had no memory of his past or his own name. Selen, who was with him as he woke, set him free without notifying the other scientists in the lab. She sent him to Fogna to begin searching for clues of what happened 5100 years ago, and to stop the tentacles' breeding."
"Encuentro No Casual Non Casual Encounter","","PAL","Spain","","","2021-01-01","1","No","Role-Playing","RP - Rating Pending","No overview is currently available for this title, please feel free to add one."
"Es","","NTSC-J","","Sega","SEGA Games","2001-04-05","1","No","Adventure","Not Rated","No overview is currently available for this title, please feel free to add one."
"Espion-Age-nts","エスピオネージェンツ","NTSC-J","Japan","NEC Home Electronics, Ltd.","HuneX","1999-09-23","1","No","Stealth","T - Teen","The year is 2000.
Giant corporations have taken the place of governments, creating a worldwide economy. Power depends on the theft of industrial secrets.
In the brutal world of industrial espionage, Blitzstrahl rises above its competition by assembling espionage agents with specialized abilities and training--the Espion Agents.
Welcome to the world of Blitzstrahl, the crack industrial espionage team with seven primary agents that you will utilize to crack some of the toughest industrial espionage challenges the world has ever seen."
"ESPN International Track & Field","","NTSC-U","United States of America","Konami","Konami","2000-09-26","4","No","Sports","E - Everyone","Detailed ESPN Integration. Authentic ESPN Graphic overlays. Eye-popping statistical drop-ins. Broadcast quality replays

Over 750 authentic motion-captured animations featuring ""The World's Fastest Man,"" Maurice Greene, 3 time Olympian Ato Boldon, and more.

12 international track & field events from the 100m dash to the Hammer Throw.
Compete with athletes from over 10 different countries around the world with up to 4 player capability"
"ESPN NBA 2Night","","NTSC-U","United States of America","Konami","Sunset Entertainment","2000-11-20","4","Yes","Sports","E - Everyone","It doesn't get any better than watching the superstars of the NBA battle it out on the hardcourt but you can have the next best thing, in ESPN NBA 2NIGHT. This pro basketball game uses the powerful Dreamcast hardware to recreate an NBA broadcast, where you are in control of all the action. The combination of trademark ESPN graphics and statistics, along with the play-by-play voice talents of Brent Musberger and Stuart Scott, will have you leaving it all out on the court, against some of the best players in the world. Play through a full 82-game season, beginning with practice sessions and a pre-season warm-up. If you're good enough, lead your team into the playoffs and take the NBA championship. Think your team could use a little help in the backcourt? Make your own superstar guard and draft him into your favorite team's lineup to see how he performs."
"Eternal Arcadia","Skies of Arcadia","NTSC-J","Japan","Sega","Sega","2000-10-05","1","No","Role-Playing","Not Rated","No overview is currently available for this title, please feel free to add one."
"Eternal Arcadia (Limited Box)","","NTSC-J","Japan","Sega","Overworks","2000-10-05","1","No","Role-Playing","Not Rated","No overview is currently available for this title, please feel free to add one."
"European Super League","","PAL","","Virgin Interactive Entertainment, Inc.","Crimson, Coyote Developments","2001-02-23","4","No","Sports","E - Everyone","Sporting 16 fully licensed team and stadium endorsements, European Super League brings together the talent from many teams in Europe to create a 'European Super League Championship'.

PRODUCT FEATURES:

- Entries from clubs such as AC Milan, Bayern Munich, Marseille, Liverpool, Chelsea and Paris Saint Germain

- Stadiums are modelled to real-life specifications

- Control interface when played in novice mode is limited to simple button combinations, allowing for a newcomer to play the game more easily; for the advanced gamer, the alternate mode, although more complex and demanding, will give them improved control over the game

- Authentic crowd chants"
"Evil Dead Hail to the King (DUBLADO)","Evil Dead - Hail to the King (USA) | Evil Dead - Hail to the King","NTSC","","","","2000-12-05","1","No","Action | Adventure | Horror","M - Mature 17+","No overview is currently available for this title, please feel free to add one."
"Evil Dead: Hail to the King","","NTSC-U","United States of America","THQ","Heavy Iron Studios","2000-12-17","1","No","Action | Adventure | Horror","M - Mature 17+","Ash, the square-jawed, insult-spewing, shotgun-toting, chainsaw-armed hero from the cult classic Evil Dead trilogy is back. Picking up eight years after the last installment of the Evil Dead films, Ash is drawn back to the infamous cabin in the woods only to again face evil forces that have crossed over to our world. Our hero finds himself slicing and dicing carnivorous Kandarian demons, vicious deadites, and other unspeakable atrocities spawned by the notorious Book of the Dead. And in true Evil Dead fashion, Ash must once again attempt to save the world from an appalling and horrific end. Evil Dead: Hail to the King is a survival horror game with over-the-top bloodlust and signature Ash humor--all within the confines of the Evil Dead universe."
"Evil Twin: Cyprien's Chronicles","","PAL","United Kingdom of Great Britain and Northern Ireland","Ubisoft Entertainment","In Utero","2002-05-10","1","No","Action","E - Everyone","Evil Twin: Cyprien's Chronicles is a surrealistic 3D platformer from France. The player guides the orphan boy Cyprien through a darkly comical environment spanning 8 distinct islands and about 70 stages, in a mission to save his 4 friends, find his talking teddy bear, and confront his inner self. 

Cyprien is helped and hindered through his quest by an assortment of strange beings, from an elephant named Wilbur, who makes his entrances and exits on a swing, a tribe of demis - creatures cut in half, a giant termite queen, a dark root, and many many more.

He is not helpless in his battle against the odds however. He has brought along to this strange dimension Super-Cyp, his heroic alter ego, into whom he may change temporarily using the power-ups scattered around the levels."
"Evolution","Evolution: The World of Sacred Device","NTSC-U","United States of America","Ubisoft Entertainment","Sting Entertainment","1999-12-16","1","No","Role-Playing","T - Teen","Evolution is a dungeon crawling game that follows the adventures of Mag Launcher. Mag Launcher and his companions use Cyframes, technology discovered in ancient ruins. These Cyframes are sought after by adventurers who explore caverns to find them.

Combat in Evolution is non-random and occurs whenever the character touches an enemy. The battle system uses 3D graphics and is turn-based, with each individual combatant having their own turn."
"Evolution 2","Evolution 2: Far Off Promise","NTSC-U","United States of America","Ubisoft Entertainment","Sting Entertainment","2000-06-30","1","No","Role-Playing","T - Teen","Evolution 2: Far Off Promise is a role-playing video game for the Dreamcast console. It is a sequel to Evolution: The World of Sacred Device. It was developed by Sting and published by Ubisoft in North America. In Japan it was published by ESP (Entertainment Software Publishers).

Evolution 2 Far Off Promise was also released for the European market in 2002 as one of the last European Dreamcast games. In the UK the game was exclusive to the video game chain Game.

Like the first Evolution game, Evolution 2 is a dungeon crawler. Unlike the first, Evolution 2 has both random and predetermined dungeon maps.

This game and Evolution: The World of the Sacred Device were remade into Evolution Worlds on the Nintendo GameCube."
"Evolution 2: Far Off Promise","Evolution 2","PAL","United Kingdom of Great Britain and Northern Ireland","Ubisoft Entertainment","Sting Entertainment","2001-11-23","1","No","Role-Playing","T - Teen","Evolution 2: Far Off Promise is a role-playing video game for the Dreamcast console. It is a sequel to Evolution: The World of Sacred Device. It was developed by Sting and published by Ubisoft in North America. In Japan it was published by ESP (Entertainment Software Publishers).

Evolution 2 Far Off Promise was also released for the European market in 2002 as one of the last European Dreamcast games. In the UK the game was exclusive to the video game chain Game.

Like the first Evolution game, Evolution 2 is a dungeon crawler. Unlike the first, Evolution 2 has both random and predetermined dungeon maps."
"Evolution: The World of Sacred Device","","PAL","","Ubisoft Entertainment","Sting Entertainment","2000-06-09","1","No","Role-Playing","T - Teen","Evolution is a dungeon crawling game. Mag Launcher and his companions use Cyframes, technology discovered in ancient ruins. These Cyframes are sought after by adventurers who explore caverns to find them.

Combat in Evolution is non-random and occurs whenever the character touches an enemy. The battle system uses 3D graphics and is turn-based, with each individual combatant having their own turn."
"Exhibition of Speed","","PAL","","Titus Interactive, S.A..","Player 1","2001-05-18","4","No","Racing","Not Rated","Looking for high-speed authentic arcade action? Strap yourself firmly in for this electrifying new racing game. Extensive game features include over twenty world-class racing vehicles including hidden cars, fifteen challenging tracks with varying weather conditions in five different universes, spectacular car jumps with additional boosters on the track, stunning visual SFX on the landscapes and multiplayer gaming for up to four players. - See more at: http://www.consolepassion.co.uk/products/sega-dreamcast/games/exhibition-speed#sthash.PJt2AJWT.dpuf"
"Exodus Guilty Neos","","NTSC-J","Japan","","","2001-05-31","1","No","Adventure","RP - Rating Pending","No overview is currently available for this title, please feel free to add one."
"Expendable","","NTSC-U","United States of America","Infogrames Entertainment","Rage Software","1999-09-09","2","Yes","Action | Shooter","T - Teen","A modern arcade game. The player starts with 7 ""credits"" and can continue until running out of credits. A second player can join the game at any time by pressing start.

Like most top-down run and gun video games, it has collectable upgrades and weapons, and features common aspects like bosses and levels, familiar with most games of this type."
"F1 Racing Championship","","PAL","","Ubisoft Entertainment","Video System Co., Ltd.","2001-02-02","2","No","Racing","E - Everyone","F1 Racing Championship is the third Ubi Soft F1 racing simulation game, published with the FIA license by Video System. It features official tracks, drivers and cars of the 1999 F1 season.

The game is based on a new engine bringing a real technological step compared to the two first titles (F1 Racing Simulation and Monaco Grand Prix Racing Simulation 2).

Available game modes are Single Race, Grand Prix, Championship, Private Trials and Time Attack. The tracks were modelled in 3D from GPS data sampled on the real roads. There are realistic physics, a telemetry system to analyse behaviour of your car and to tune its settings, complex driving AI, recordable replays, strategy management with animated pit sequences, weather simulation, and LAN support for multiplayer games."
"F1 World Grand Prix","","NTSC-U","United States of America","Video System Co., Ltd.","Video System Co., Ltd.","2000-04-24","2","No","Racing","E - Everyone","F1WGP features the official license of the 1998 season, it features all the drivers for that season (except Jacques Villeneuve that was replaced with a blank photo and Driver 1).

There are four main modes in Formula 1 World Grand Prix. Single Race lets you race around in any car on any track for a quick spin, Championship allows you to take part in the 1998 season, Time Trial pits you against the clock and Match Race offers some multiplayer fun."
"F1 World Grand Prix II","","PAL","","Video System Co., Ltd.","Video System Co., Ltd.","2000-12-02","2","No","Racing | Sports","Not Rated","F1 World Grand Prix II is a game for the Dreamcast. Unlike its namesake for the Nintendo 64 it features the '99 season instead of the '98 season. The game includes sixteen official tracks and all the racers and teams that come with the FIA license. The Dreamcast version features improved graphics over the Nintendo 64 original.

The game allows you to fine-tune your car to your own preferences and features Exhibition play, Grand Prix, Time Attack, Challenge and Match Race. You can tweak the settings of your car before each race and the game features various types of weather. The cars feature realistic damage models."
"F355 Challenge","F355 チャレンジ","NTSC-J","Japan","Acclaim Entertainment, Inc.","Sega","2000-08-03","2","No","Racing","E - Everyone","F355 Challenge is a racing simulation arcade video game based on the actual race car and Ferrari event. It was developed by the AM2 division of Sega for the Sega Naomi Multiboard arcade system board under the direction of Yu Suzuki, and was later ported to the Dreamcast and PlayStation 2 video game consoles under the names F355 Challenge: Passione Rossa and Ferrari F355 Challenge respectively for both American and European releases. The only model of car featured in the game is the Ferrari F355 Challenge model. The game was considered the most accurate simulation of the F355 possible up until that time.

Some versions of the arcade cabinet are noteworthy for having three screens, allowing the player to look through the side windows as they would in a real car. The three-screen cabinet version also features an H-shaped gear stick and three foot pedals, and presents a tough challenge to any player who decides to use them. The cabinet itself is composed of four NAOMI units: one for each of the three screens and one to sync them all. The game also allows the player to use an automatic transmission or paddle-shift the gears. It also uses a real-time ""Magic Weather"" system similar to Shenmue. The Dreamcast version has link cable play for direct competition, however as of Jan. 2006, the online servers for F355 Challenge are now offline, and the website has gone offline.

The game features an original soundtrack featuring Genki Hitomi and Minoru Niihara that mimics the style of 1980s hard rock/heavy metal which is integrated into a radio station format during gameplay. The radio DJ (and the announcer) goes by the name of Alan J (the Voice, born 14 July 1959).

Yu Suzuki is a keen Ferrari enthusiast who allegedly used data from his own Ferrari 355 at certain tracks to implant in the game during its development."
"F355 Challenge: Passione Rossa","","NTSC-U","United States of America","Acclaim Entertainment, Inc.","Sega","2000-09-18","2","No","Racing","E - Everyone","F355 Challenge is a racing simulation arcade video game based on the actual race car and Ferrari event. It was developed by the AM2 division of Sega for the Sega Naomi Multiboard arcade system board under the direction of Yu Suzuki, and was later ported to the Dreamcast and PlayStation 2 video game consoles under the names F355 Challenge: Passione Rossa and Ferrari F355 Challenge respectively for both American and European releases. The only model of car featured in the game is the Ferrari F355 Challenge model. The game was considered the most accurate simulation of the F355 possible up until that time.

Some versions of the arcade cabinet are noteworthy for having three screens, allowing the player to look through the side windows as they would in a real car. The three-screen cabinet version also features an H-shaped gear stick and three foot pedals, and presents a tough challenge to any player who decides to use them. The cabinet itself is composed of four NAOMI units: one for each of the three screens and one to sync them all. The game also allows the player to use an automatic transmission or paddle-shift the gears. It also uses a real-time ""Magic Weather"" system similar to Shenmue. The Dreamcast version has link cable play for direct competition, however as of Jan. 2006, the online servers for F355 Challenge are now offline, and the website has gone offline.

The game features an original soundtrack featuring Genki Hitomi and Minoru Niihara that mimics the style of 1980s hard rock/heavy metal which is integrated into a radio station format during gameplay. The radio DJ (and the announcer) goes by the name of Alan J (the Voice, born 14 July 1959).

Yu Suzuki is a keen Ferrari enthusiast who allegedly used data from his own Ferrari 355 at certain tracks to implant in the game during its development."
"Fade to Black: Flashback 2","Fade to Black","Other","","JoshProd","Delphine Software International","2018-07-01","1","No","Action | Adventure","E - Everyone","Fade to Black is an action-adventure game developed by Delphine Software International and published by Electronic Arts Studios. It is the sequel to the 1992 video game Flashback. The game was released for MS-DOS and PlayStation."
"Fast Striker","Fast Striker 1.5","Other","","NG:DEV.TEAM","NG:DEV.TEAM","2010-12-21","1","No","Shooter","Not Rated","2D arcade shooting game with emphasis on scoring originally developed for NEO·GEO. The game lets the player choose between 3 game modes with different scoring systems. Novice Mode for beginners, Original Mode for classic Shoot’ em Up players and Maniac for very experienced players. It features six stages of excellent 2D arcade game play with over 40 unique enemy types, super smooth 3D scrolling backgrounds, huge CGI bosses and it features the biggest megabit count ever since the beginning of NEO·GEO games.

This is part of a bundle release along with Last Hope: Pink Bullets, and Gunlord in standard Dreamcast type jewel cases"
"Fast Striker 1.5 [Limited Edition]","","Other","","NG:DEV.TEAM","NG:DEV.TEAM","2010-12-10","1","No","Shooter | Unofficial","Not Rated","2D arcade shooting game with emphasis on scoring originally developed for NEO·GEO. The game lets the player choose between 3 game modes with different scoring systems. Novice Mode for beginners, Original Mode for classic Shoot’ em Up players and Maniac for very experienced players. It features six stages of excellent 2D arcade game play with over 40 unique enemy types, super smooth 3D scrolling backgrounds, huge CGI bosses and it features the biggest megabit count ever since the beginning of NEO·GEO games."
"Faster Than Speed","","NTSC-J","Japan","Sammy Corporation","Sammy","2004-08-03","4","Yes","Racing | Vehicle Simulation","E10+ - Everyone 10+","Enter the exciting street-racing world of FASTER THAN SPEED where the winner rules and the loser walks! Hit the street with the most addictive driving experience of your life! Pick from 8 customized rides. FASTER THAN SPEED will take your players into the exotic, dim-lit, back streets of over 6 tracks challenging the quickest, the fastest, the baddest, and the most stocked racer conquers the asphalt! To take down your challenger, you need to burn the street with a variety of high-speed tricks.

A futuristic car racing game with 12 selectable cars and 12 selectable race tracks. Per Sega: 'Enter the exciting street-racing world of Faster Than Speed where the winner rules and the loser walks! Hit the street with the most addictive driving experience of your life! Pick from 8 customized rides. Faster Than Speed will take your players into the exotic, dim-lit, back streets of over 6 tracks challenging the quickest, the fastest, the baddest, and the most stocked racer conquers the asphalt! To take down your challenger, you need to burn the street with a variety of high-speed tricks. Features: · Single Play · Head to Head Competition · 2 - 4 Alternate Play · Bonus Game with Hidden Cars · Trick Maneuvers & Nitro Boost · Steering Wheel Feedback"
"Fatal Fury: Mark Of The Wolves","Garou: Mark of the Wolves","NTSC-U","","SNK","SNK","2001-11-23","2","No","Fighting","T - Teen","It's been several years since Geese Howard was defeated in a battle with Terry Bogard, a young man looking to avenge his father. Rather than looking to be saved from death after falling off his office balcony, Geese instead decided to die, and left behind his young son, Rock. Terry took Rock in and became like a big brother to him, raising the boy throughout his life.

Now Rock is a teenager, and Terry is a man in his 30s, and both are about to come together in a new clash...new faces and old come together for the greatest battle yet!"
"Feet of Fury","Feet of Fury: Mobile Tactical Dancing Action","Region Not Set","","The Goat Store, LLC","Cryptic Allusion","2003-07-07","2","No","Action | Music","E - Everyone","Feet of Fury is a rhythm game, heavily inspired by Dance Dance Revolution. The game features 22 songs from 3 artists, with 13 unlocked from the start. The game features the ability for players to import songs from their PCs via swapping CDs. Feet of Fury takes advantage of the security holes of the system to bypass the licensing required to officially publish a game for the system. It was developed using the KallistiOS Project development tools. The game is compatible with dance pads for the Dreamcast and PlayStation (through a converter), and can also be played using the regular game pad or the Dreamcast keyboard peripheral."
"Fighting Force 2","","PAL","","Eidos Interactive","Core Design Ltd.","1999-12-24","1","No","Action | Fighting","T - Teen","Fighting Force 2 is a beat-em-up/adventure game set in the not-to-distant future. Human cloning has become a real possibility, but has been banned by an international treaty. The Knackmiche Corporation has been suspected of researching cloning, and you, Hawk Manson, are sent in on a covert mission to investigate.

This game features large levels and both hand-to-hand and weapons combat."
"Fighting Vipers 2","","PAL","","Sega","Sega AM2 R&D Division","2001-03-02","2","No","Fighting","T - Teen","The sequel to the innovative Fighting Vipers has arrived and is set to ignite the world of beat 'em ups once again. Revenge has conquered your mind and aggression has poisoned your blood as you take control of a band of 'Vipers', each boasting distinct weapons in a fight to remove dictatorship from the city's Mayor. With four modes of play to test your 'staying power', Fighting Vipers 2 is sure to put your pulse into overload."
"Finding Teddy","","Region Not Set","","JoshProd","Storybird","2019-04-10","1","No","Adventure","E - Everyone","Finding Teddy for Sega Dreamcast
A little girl was sleeping peacefully with her Teddy bear, when suddenly, a monster popped out from her cupboard then stole her favorite plush.
When closing the door, the little girl awoke then got inside the cupboard. and was projected into a magical world, full of monsters and oddities.
She must now explore this strange land and help its inhabitants in order to rescue her Teddy.
Still one question remains : will she be able to go back to the real world ?

Characters
- The little girl : She's the main character, she's looking for her Teddy bear.
- Mister Fly : Very useful fly to access some items where the little girl can't go. Very courteous.
- Mister Cat : Has a bad temper, nevertheless useful to access small places and narrow galleries. Just need to scratch its back.

In Brief
- The revival of Point'n-Click. Graphics completely handmade, realized pixel by pixel.
- An adventure divided into three chapters including dozens of riddles with multiple side quests.
- No dialogues. Riddles and Music are the main point of the game.

FEATURES:

Graphics completely handmade, realized pixel by pixel
An adventure divided into three chapters including dozens of riddles with multiple side quests.
No dialogues. Riddles and Music are the main point of the game.
Supports HDMI & VGA Cables
REGION FREE"
"Fire ProWrestling D","ファイヤープロレスリングＤ | Fire Pro Wrestling D","NTSC-J","","Spike Co., Ltd.","Vaill","2001-03-01","4","No","Fighting | Sports","E - Everyone","The legend lives on in 2001 with a new member in the Fire Pro family. Arguably the most respected wrestling franchise in Japan, Fire Pro revives itself after Human's (the original publisher) demise. The new features include the availability of objects to use as weapons inside and outside of the ring, an online network option, and support for up to eight players simultaneously over the net."
"Flashback: The Quest For Identity","","Region Not Set","","JoshProd","Delphine Software International","2017-12-06","1","No","Action","","Planet Titan: Brave mutants, robots, anti-matter fields and the primitive inhabitants as you find your way through the jungle. New Washington: First recover your memory, then go undercover to earn money. Finally, buy a false ID if you want to sneak back on Earth. Death Tower: Climb the 8 floors of the Death Tower labyrinth. Avoid the deadly Replicants and win a free ticket to Earth. Earth: Big trouble! The authorities have discovered your false ID and send robot cops to capture you. Paradise Club: You discovered the aliens' plans, but somehow end up being captured and mysteriously transported through space. Planet Morphs: You materialized on their home planet. Now all you have to do is destroy the Morphs and live to tell about it!"
"Flea!","","PAL","United Kingdom of Great Britain and Northern Ireland","","","2022-02-01","1","No","Platform","E - Everyone","Flea is a challenging 2D platformer for the Dreamcast with an intriguing back story. Play as Henry the Hyperactive Flea who just can’t stop jumping! Navigate the beasts and collect blood to get the heart of the problems.
The game was created for the NES but ported to the dreamcast."
"Floigan Bros.: Episode 1","","NTSC-U","","Sega","Visual Concepts","2001-07-30","1","No","Action | Adventure","E - Everyone","Hoigle and Moigle Floigan are brothers who live in a junkyard. Hoigle is the elder of the two. He's also the smaller of the two, and by far the smarter. In this game you control Hoigle as he helps his large but slow-witted younger brother Moigle to build a secret invention.

Floigan Bros. is an adventure game with a strong emphasis on cooperation. Hoigle must work with Moigle to accomplish many tasks. Moigle, on the other hand, is more frequently interested in playing games or eating. By playing with Moigle, Hoigle can eventually teach him the skills he needs to get the job done.

Floigan Bros. featured some online content that was downloadable using the Dreamcast's built-in modem."
"Formula 1 World Grand Prix for Dramcast (White Label Edition)","","PAL","United Kingdom of Great Britain and Northern Ireland","","","2000-02-01","2","No","Racing","Not Rated","No overview is currently available for this title, please feel free to add one."
"Frame Gride","フレームグライド | Furēmu Guraido","NTSC-J","Japan","FromSoftware, Inc.","FromSoftware, Inc.","1999-07-15","2","Yes","Fighting","Not Rated","Frame Gride is a Japanese mecha fighting game made for the Sega Dreamcast by FromSoftware."
"Freestyle Scooter","","PAL","","Crave Entertainment | 																Ubisoft Entertainment","Titanium Studios","2002-04-26","2","No","Sports","E - Everyone","Freestyle Scooter is an extreme-sports style action game modeled around small, nimble scooters. In contrast to most games of this type, there is a story. A crazed giant robot has kidnapped your skating buddies. By completing skating challenges at the robot's sky fortress, you must rescue your friends.

You skate around 3 large areas and attempt to perform wild tricks, collect scooter wheels, and earn bonus time. By completing an objective on all 3 areas, you unlock a sky fortress level in which you can rescue a new skater to control."
"Frog Feast","","Region Not Set","","OlderGames","Charles Doty","2005-08-20","2","No","Action","","Frog Feast is an unlicensed/homebrew game by former RasterSoft programmer Charles Doty (though he continues to use the RasterSoft name). The history of its release is as of yet unclear (but its initial release is known to be 20 August 2005), but it is available as a purchase for many consoles and arcade systems, including the Sega Mega-CD, Dreamcast and the Sega System C2 arcade board. As with games like Doom, Doty has also made the source code available under a mostly-free license, though you will need a purchased copy of the game for the graphics and audio.

The Dreamcast version has the dubious honour of being the most likely candidate for ""Rarest Dreamcast Game Ever,"" with only about 20 copies estimated to be in circulation. However, the game was not professionally pressed and instead burnt to a CD-R on an ad-hoc basis, with a number of copies being released with bugs or faults. The nature of this production method makes it difficult to determine whether a copy is indeed a genuine edition released by Doty or simply a bootleg made by one of the original purchasers. However, this doesn't stop the game from selling for stupidly high prices, in spite of the fact that the game is generally regarded as not being very good."
"Frogger 2: Swampy's Revenge","","NTSC-U","","Hasbro Interactive, Inc.","Blitz Games Limited","2000-09-30","1","No","Action","E - Everyone","The sequel to the Original classic (and the so-so 1997 release) changes the way you look at frogs! The stage is set for a totally new adventure where Frogger and his female friend Lillie Frog will need to leap over, dive under, hop through and climb above endless new obstacles and challenges to save the Frog Babies from Frogger's new arch enemy, the dastardly Swampy the Crocodile."
"Fruit'Y: Playing with Edibles","","Region Not Set","","Retroguru","Retroguru","2015-10-23","1","No","Puzzle","Not Rated","Fruit'Y - Playing with edibles is heavily inspired by the Kaiko classic Gem'X, which has been seen on computers such as the Commodore Amiga 500, Commodore 64 and Atari ST.

Although tiger mum forbids little Sheran to play with edibles, there is simply no way to stop him from playing with fruits found inside the deep jungle. Being shiny, smelling wonderful and tasting even better Sheran can't be kept away. So let's do the best we could do: Support him!

The game consists of two boards of fruits. The left field belongs to Sheran who needs to reproduce the right field 1:1 being able to proceed to the next level. Sounds easy?!"
"Fur Fighters","","NTSC-U","","Acclaim Entertainment, Inc.","Bizarre Creations, Ltd.","2000-07-11","4","No","Action | Puzzle","T - Teen","A group of baby stuffed animals are kidnapped from their families by the Stupid Bears (an evil gang of stuffed teddy bears, of all things!), and it is up to the Fur Fighters to save the young ones.

The group that you control ranges from Kangaroos and Penguins to Cats and Dogs, all with their unique abilities and styles of fighting, which you must use to not only defeat the Stupid Bears, but complete puzzles and specific objectives along the way. You can control only one character at a time, but there are teleport areas so that you can change your character to one that can complete the tasks at hand."
"Fushigi no Dungeon: Furai no Shiren Gaiden: On'na Kenshi Asuka Kenzan!","","NTSC-J","Japan","Spike Chunsoft","Neverland Co.","2002-02-07","1","No","Role-Playing","RP - Rating Pending","No overview is currently available for this title, please feel free to add one."
"FX Unit Yuki: The Henshin Engine","","Region Not Set","","JoshProd","SaruPro","2019-03-15","1","No","Action | Platform","Not Rated","FX Unit Yuki: The Henshin Engine is an Action game, developed by SaruPro and published by JoshProd, which was released in Europe in 2019."
"Gaia Master: Kessen! Seiki-ō Densetsu","","NTSC-J","Japan","Capcom","Capcom","2001-06-28","4","No","Board | Party","E - Everyone","No overview is currently available for this title, please feel free to add one."
"Game Shark Cheats 'N Codes","","Region Not Set","","","","2000-02-01","1","No","Utility","Not Rated","Easy to use codes , for the hottest Dreamcast games!"
"Ganbare Nippon! Olympic 2000","International Track & Field 2000","NTSC-J","Japan","Konami","Konami","2000-08-31","4","Yes","Sports","E - Everyone","International Track & Field 2000 is a track and field game for PlayStation in 1999 and Nintendo 64 in 2000. It was released in Europe under the name International Track & Field: Summer Games on the Nintendo 64 and Game Boy Color,[a] and in Japan as Ganbare! Nippon! Olympics 2000 (がんばれ！ニッポン！オリンピック2000, Ganbare! Nippon! Orimpikku 2000), where it was licensed by the Japanese Olympic Committee. Versions were also released for the Sega Dreamcast, PlayStation 2, and Game Boy Color as ESPN International Track & Field in North America.[b] Maurice Greene (sprinter), a former men's WR holder in the 100M dash, is the cover athlete.[2]"
"GANRYU","","Region Not Set","","JoshProd","Visco Corporation","2017-11-27","2","No","Action","T - Teen","Ganryu developed and licensed by Visco gets a 2nd chance at life on the Sega Dreamcast! Released on the Neo Geo Arcade in 1999, Ganryu is an Action hack and slash that chronicles the aftermath of the 1600 feudal duel. The tale of Musashi defeated the famous - and some think superior - fencer Sasaki Ganryu Kojiro using a simple wooden sword which he carved from a boat oar on the way to the duel."
"Garou: Mark of the Wolves","餓狼 MARK OF THE WOLVES","NTSC-J","Japan","SNK","SNK","2001-09-27","2","Yes","Action | Fighting","T - Teen","Garou: Mark of the Wolves (餓狼 MARK OF THE WOLVES) in Japan, is a versus fighting game by SNK for Sega Dreamcast which is part of the Fatal Fury series."
"Gauntlet Legends","","NTSC-U","","Midway Games","Atari","2000-05-30","4","Yes","Action","T - Teen","The diabolical Skorne has scattered the planet's powerful rune stones throughout the world so that nobody can use their powers to challenge his evil rule. Pick your character either the Warrior, Wizard, Valkyrie, or Archer and work with your party as you go on the ultimate manhunt. Fight your way through castles, deserts, temples, and forests and upgrade your weapons and powers as you collect money and experience. The action is fast and furious, but if you don't fight smart you'll find yourself right back where you started. But it'll take more than a powerful punch to get far, as there are a host of puzzles that will challenge your mind and might mean the difference between success and failure. Can you find the rune stones and use them to your advantage? It may be the only way to defeat Skorne, so gather your party and head into the great unknown on the most important journey of your life."
"Geist Force","","NTSC-J","Japan","Sega","Sega","1999-10-09","1","No","Action | Shooter","T - Teen","Geist Force is an unreleased Sega Dreamcast game, one of the first games to be announced for the console (and the first Dreamcast game to be released by Sega of America), and also one of the first to be cancelled.

Not much was known about the game for many years, other than it was a space-ship shooter similar to the likes of Star Fox 64 on the Nintendo 64. It was featured in several magazines and a couple of videos were released, but the game ultimately did not surface. The cinematic cutscenes were created by Netter Digital who had previously worked on the 1990s television series, Babylon 5. Sega also claimed it had ""no load times"". 

The game was first shown at E3 1998, then again at Tokyo Game Show '98 Autumn where it was reportedly 80% complete. The two versions differed significantly, with speculation that the E3 version was entirely pre-rendred and used less than ""30% of the Dreamcast's power"". The project was originally due to be released as a launch title for the system in North America, but was cancelled sometime after mid-1999.

Reportedly Geist Force was cancelled after political in-fighting amongst the team and missed deadlines. According to lead programmer, Nimai Malle, the artwork was 90% done and the programming between 65-70% complete. There was also a lack of confidence of the game succeeding in Japan."
"Get Bass","Get Bass [Controller Bundle]","NTSC-J","Japan","Sega","Sega AM1 R&D Division","1999-04-01","1","No","Sports","Not Rated","Get Bass, also known as Sega Bass Fishing, is an arcade fishing video game developed in 1997 by Sega for the Sega Model 3 hardware. The game has since been ported to the Dreamcast, Microsoft Windows, Xbox 360, PlayStation 3 and Wii, and has become backwards compatible with the Xbox One, Xbox One S, Xbox One X, Xbox Series S, and Xbox Series X"
"Get Bass 2","Sega Bass Fishing 2","NTSC-J","Japan","Sega","WOW Entertainment","2001-08-30","1","No","Sports","E - Everyone","No overview is currently available for this title, please feel free to add one."
"Get Bass: Sega Bass Fishing","","NTSC-J","Japan","Sega","SIMS Co., Ltd.","1999-09-09","1","No","Sports","E - Everyone","Get Bass: Sega Bass Fishing is an arcade fishing game where players attempt to hook and reel in fish with different lures. It uses a fishing rod controller. Consisting of four stages at different times of the day, the game requires the player to catch a certain weight of fish within a time limit in order to move onto the next stage. The final stage allows only for one fish to be captured, but are among the largest in the game and most difficult to catch. Fish are measured under four weight classes: Small One, Average, Big One, and Huge."
"Get!! Colonies","","NTSC-J","","Sega","Sega","2000-03-30","4","No","Puzzle","E - Everyone","Get!! Colonies (GET!! コロニーズ) is a puzzle game released for the Sega Dreamcast exclusively in Japan."
"Ghosts 'N Demons","","Region Not Set","","Ripefire","BonusJZ","2015-12-05","1","No","Action | Platform","Not Rated","This is of course Ghosts 'n Goblins, or shall I say an adaptation of that game titled Ghosts 'n Demons by BonusJZ. In celebration of the 30th anniversary of the release of Ghosts Goblins, you once again play as Sir Arthur, a knight on a quest against evil forces. You must rescue Princess Prin Prin's who has been kidnapped and fight way through dozens of enemies such as Demons, Ghosts and Zombies!"
"Ghoul Grind: Night of the Necromancer","","NTSC","United States of America","","","2021-01-01","1","No","Action | Adventure | Platform | Horror | Unofficial","RP - Rating Pending","No overview is currently available for this title, please feel free to add one."
"Giana's Return","","Region Not Set","","Retroguru","Retroguru","2011-01-07","","No","Platform","E10+ - Everyone 10+","Evil Swampy and his followers have stolen the magic ruby, which made it once possible for Giana and Maria to return from their dream. Many creatures are after this ruby, but does it really has power, or was it just a coincidence?As this is not bad enough, Swampy fell in love at first sight with Giana’s sister Maria and shamelessly kidnapped her. She simply has been at the wrong place at the wrong time.You will now have to take on the role of Giana and get back the magic ruby. And most important of all, save your beloved sister Maria and get home save! Good Luck!

Giana’s Return aims to be a worthy UNOFFICIAL sequel of “The Great Giana Sisters”. There is an official sequel for Nintendo DS named “Giana Sisters DS” ( https://www.giana-sisters.com/ ) and also has slightly more levels than Giana’s Return. In other words, it’s worth the money :)

“The Great Giana Sisters” is an alltime classic made in the late eighties mainly by Armin Gessert, Manfred Trenz and Chris Hülsbeck."
"Giant Gram 2000: All-Japan Pro Wrestling 3","","NTSC-J","Japan","Sega","Scarab","2000-08-10","4","Yes","Action | Fighting","Not Rated","Giant Gram 2000 is the sequel to Giant Gram: All Japan Pro Wrestling 2.  The roster of wrestlers has been greatly increased,  now including more of the All Japan roster and even some legendary pro  wrestling figures from Japan and the US like Rikidozan, Bruno Sammartino, and Bruiser Brody. The control has been tightened, it's not as easy to block every strike your opponent throws now, likewise you have to be a bit more precise with your commands when attempting moves. There's a greater number of double team moves, and the Burning system has been overhauled."
"GIANT GRAM All Japan Prowrestling 2 Technical Guide","","NTSC-J","Japan","","","1999-06-24","1","No","Utility","Not Rated","No overview is currently available for this title, please feel free to add one."
"Giant Gram: All Japan ProWrestling 2","GIANT GRAM 全日本プロレス2 in 日本武道館","NTSC-J","","Sega","Scarab","1999-06-24","2","No","Fighting | Sports","Not Rated","Giant Gram is the sequel to the ST-V/Saturn ""puroresu"" title ""All Japan Pro Wrestling Featuring Virtua"". Both titles feature AJPW superstars, as well as Virtua Fighter characters. Japanese ""puroresu"" is all about fighting spirit and appeal. Gimmicks and soap opera theatrics do not get you ""over"" the way they do  in the US of A. It's all about ability, athleticism, and sportsmanship."
"Giant Killers","","PAL","","Smoking Gun Productions","","2001-05-11","1","No","Sports","E - Everyone","Giant Killers is a text-based European football management game, and as such the focus of the game is on the statistics and not on the action.

Based on the 1999 UK season, the game allows the player to take control of any team in the UK's Premier league, Divisions One, Two or Three, or the Conference league. The game has three levels of difficulty. In the easy level the player's club has a wealthy benefactor who makes £25m available, in the medium setting £25m is still available, but two other clubs in the league also receive the same cash injection. In the hard mode there is no extra cash available."
"Giga Wing","","NTSC-U","","Capcom","Takumi Corporation","2000-07-19","1","No","Action","E - Everyone","In the World of Giga Wing, many wars have been fought for the divine stone Medallion. Entire civilizations were destroyed in the struggle for gaining control of the legendary item. Now, in the year 2050, four pilots have set off, each carrying a mysterious stone. The stones are said to be the only way to destroy Medallion once and for all. The player can choose to complete the journey for any of the four pilots.

Giga Wing is a vertical scrolling shoot 'em up. Up to two players must steer their planes around enemy bullets and destroy everything in their path with only a limited amount of lives. When tapping the A button, the main gun is fired. Holding the button activates the Reflect Force. The B button fires a bomb from a limited stock to become temporarily invincible. Power-ups can be collected to increase the bomb and life stock or enhance the main gun's fire power.

Scoring works by using the Reflect Force to repel enemy shots. Once the shots hit an enemy, medals appear in their place. When these are collected, the score multiplier increases."
"Giga Wing 2","","NTSC-U","","Capcom","Takumi Corporation","2001-05-18","1","No","Shooter","E - Everyone","The heavens explode into inter-galactic chaos in this classic arcade shooter for the Sega Dreamcast. The rebellion's savage forces have returned in an all-out campaign for universal domination. Only you can defeat them! Pick your aircraft and prepare for hi-tech dogfights, relentless enemy fire, fantastic power-ups and devastating weapons like the Reflect Laser and Reflect Force. Use the Score Multiplier to rack up astronomical high scores."
"Godzilla Generations","","NTSC-J","Japan","Sega","General Entertainment Co., Ltd.","1998-11-27","1","No","Adventure | Role-Playing","E - Everyone","In Godzilla Generations you play as either Godzilla or Mechagodzilla and have to rage havoc in the city and fend of the army before time runs out.

You can unlock other monsters such as First Generation Godzilla, USA Godzilla and Minira by playing through the game. There are five cities that you can lay to ashes, all located in Japan. Each city has two stages to play through.

Each monster has a range of moves which range from swiping his tail, using his claws or shooting rays from his eyes or hands. Each monster can also heal himself."
"Godzilla Generations Maximum Impact","","NTSC-J","","Sega","General Entertainment Co., Ltd.","1999-12-23","1","No","Shooter","E - Everyone","Godzilla Generations: Maximum Impact is a sequel to the Dreamcast launch title Godzilla Generations. Both are based on the famous Japanese movies series around the eponymous Godzilla, a giant dinosaur-like monster.

The game is a rail shooter like the famed Panzer Dragoon, where you move on a fixed path but can shoot in all directions to take down waves of approaching enemies. The game also features a dodge and a lock-on mechanic. The gameplay is divided in two kinds of levels. The first style features Godzilla rampaging through a Japanese city and taking down all kinds of military devices which try to stop him. The second kind of level is a fight between Godzilla and other giant monsters from the various films."
"Golf Shiyouyo","The Golf Game","NTSC-J","Japan","Softmax Co., Ltd.","Bottom Up","1999-01-01","4","No","Sports","Not Rated","No overview is currently available for this title, please feel free to add one."
"Golf Shiyouyo 2: Aratanaru Chōsen","","NTSC-J","Japan","Softmax Co., Ltd.","Softmax","2001-01-25","4","Yes","Sports","Not Rated","Golf Shiyouyo 2: Aratanaru Chōsen is the sequel to Golf Shiyou yo. It adds a variety of new characters and improved functionality.

Play golf with up to four-players and choose between a World Tour mode, Free Round mode (Stroke Play, Match Play, Point Tourney, and Time Attack) and ranking tournaments. Improve your golf game by exchanging GP (Golf Shiyouyo points) for new golf clubs, balls and costumes, many of which are based on actual items made by Bridgestone Corporation in Japan. GP can also be accumulated by playing slot machines or blackjack.

Players can choose between courses around the world ranging from Japan, Hawaii, Sweden, Brazil, Zimbabwe, England or America. This edition adds online multiplayer compatible only with the dial-up modem. The online functionality for this edition in Japan existed from January 25, 2001 and ended on August 20, 2001."
"Golf Shiyouyo Kouryaku Pack","","Region Not Set","","Softmax Co., Ltd.","Softmax","2000-06-01","4","No","Sports","E - Everyone","A golf game with funny SD characters for Dreamcast."
"Grand Theft Auto 2","GTA 2","PAL","Austria","Rockstar Games","DMA Design Limited","2000-04-30","1","No","Action | Adventure","M - Mature 17+","No overview is currently available for this title, please feel free to add one."
"Grand Theft Auto III","","Other","","","","2024-12-29","1","No","Action | Sandbox","M - Mature 17+","Grand Theft Auto III Ported to the Sega Dreamcast
DCA-LBRT"
"Grand Theft Auto Vice City","GTA Vice City | GTA VC","NTSC","United States of America","Rockstar Games","Rockstar North","2002-10-29","1","No","Action | Adventure | Shooter | Sandbox","T - Teen","No overview is currently available for this title, please feel free to add one."
"Grand Theft Auto: Vice City","","NTSC","","","","2025-03-01","1","No","Action | Sandbox | Unofficial","M - Mature 17+","Grand Theft Auto: Vice City ported to the Sega Dreamcast
DCA-MIAM"
"Grandia II","","NTSC-U","United States of America","Ubisoft Entertainment","Game Arts","2000-12-04","1","No","Role-Playing","T - Teen","Grandia II puts you in the role Ryudo, a young bounty hunter who travels the lands looking to sell his sword to the highest bidder. With your hawk friend Skye, you'll embark on a journey filled with puzzles, battles, and thousands of characters. In order to survive the battlefields of Grandia II, you'll need tactics, skills, and technique. Unleash the hero within and face your destiny as you defeat enemies across expansive 3D landscapes"
"Grandia II [Special Package]","グランディアⅡスペシャルパッケージ | Grandia II [Limited Edition]","NTSC-J","Japan","Game Arts Co., Ltd.","Game Arts","2000-08-03","1","No","Adventure | Role-Playing","Not Rated","No overview is currently available for this title, please feel free to add one."
"Guilty Gear X","ギルティギア ゼクス","NTSC-J","Japan","Sammy Corporation","Arc System Works Co., Ltd.","2000-12-14","2","No","Fighting","T - Teen","Taking place a few weeks after the first game. A new Commander Gear was discovered by the name Dizzy. Worried that a second War would start, another Holy Knights Tournament was started. The person who could capture and kill this Gear would be rewarded 500,000 World Dollars."
"Guilty Gear X Trial Version Demo Disc","","Region Not Set","","Sammy Corporation","Sammy","2000-01-01","2","Yes","Fighting","Not Rated","Demo Disc"
"Gunbird 2","","NTSC-U","","","","2000-10-30","1","No","Shooter","T - Teen","Gunbird 2 (ガンバード2?) is a 2D scrolling shooter developed by Psikyo and released in Japanese arcades in 1998 by Capcom. The game was ported to the Dreamcast in 2000 and released worldwide. It is a sequel to the original Gunbird (1994)."
"Gundam Battle Online","ガンダムバトルオンライン","NTSC-J","Japan","Bandai Co., Ltd.","Bandai Co., Ltd.","2001-06-28","4","No","Action | Shooter | Vehicle Simulation","Not Rated","今度の戦場はネットワークが舞台だ！

Get into a mobile suit and lead them into battle! Assemble units and fight all out wars against the enemy units! This game also allows net capability, where up to four players can assemble together and tactically destroy the enemy forces.

Note: This game originally had online mode but that service is long gone. Luckily it also includes a robust off-line mode that can still be enjoyed today."
"Gundam Battle Online Trial Edition","","NTSC-J","Japan","Bandai Co., Ltd.","Bandai Co., Ltd.","1970-01-01","4","No","Action | Shooter | Vehicle Simulation","Not Rated","Get into a mobile suit and lead them into battle! Assemble units and fight all out wars against the enemy units! This game also allows net capability, where up to four players can assemble together and tactically destroy the enemy forces."
"Gundam Side Story 0079: Rise From the Ashes","","NTSC-U","","Bandai Co., Ltd.","Bandai Co., Ltd.","2000-04-28","1","No","Shooter","T - Teen","Step into the giant, mechanized suit of the Gundam. There, across battlefields of a war-beaten Earth, you'll command your forces against units of the Zeon army. You'll need to master every move in your suit--and weapon in your arsenal--to outflank the Zeon and complete each mission. And although you've got armored vehicles and ant-sized infantry on your side, the battle will be lost or won by your ability to jump, hover, and fly into battle while zooming in your weapons on the enemy.
A cross between first-person shooter and strategy game, Gundam Side Story 0079: Rise From the Ashes comes from a series that originated on the Sega Saturn. This title features such enhancements as detailed 3-D mobile suits, cinematic interstitial scenes, a dramatic soundtrack, and actual sound effects from the anime TV series, Gundam Wing."
"Gundam Side Story 0079: Rise from the Ashes (Japan)","機動戦士ガンダム外伝　コロニーが落ちた地で・・・","NTSC-J","Japan","Bandai Co., Ltd.","Bandai Co., Ltd.","1999-08-26","1","No","Action | Shooter | Vehicle Simulation","Not Rated","Based in the Universal Century timeline of the popular Mobile Suit Gundam franchise, it was developed and published by Bandai. It takes place in Australia, following an elite squad of RGM-79 GMs (known as the ""White Dingo"" squad) who are charged with various missions pertaining to the attacks by the Principality of Zeon."
"Gunlord","","NTSC-J","Japan","NG:DEV.TEAM","NG:DEV.TEAM","2012-06-21","1","No","Action | Shooter | Platform","Not Rated","No overview is currently available for this title, please feel free to add one."
"Gunspike","ガンスパイク","NTSC-J","Japan","Capcom","Psikyo","2000-12-21","2","Yes","Action | Shooter","Not Rated","Cannon Spike, known as Gunspike (ガンスパイク) in Japan, is an action-shoot-'em-up game developed by Psikyo and published by Capcom for Sega NAOMI hardware and the Sega Dreamcast. It is a top down run-and-gun shooter, in which you play as a variety of Capcom characters who must stop terrorist robots. This was the last Dreamcast game ever to be released in Europe."
"Half-Life","","NTSC-U","","Sierra","Valve Corporation","2001-11-01","1","No","Action | Shooter","M - Mature 17+","Deep in the bowels of the Black Mesa Federal Research Facility, a decommissioned missile base, a top-secret experiment goes terribly wrong. As aliens come through the walls and a military death squad shoots everything in sight, young research associate Gordon Freeman must scramble to stay alive. Find your way through the monster-ridden areas of Black Mesa using your wits, limited security clearance, and a variety of weapons, ranging from a crowbar and pistols to a rocket launcher and grenades. With split-screen deathmatch and its exclusive ""Decay"" single-player and multiplayer cooperative modes, Half-Life is an action experience like no other.

Cancelled."
"Half-Life Paranoia","","NTSC","","","","2007-02-14","1","No","Shooter","M - Mature 17+","Half-Life: Paranoia is a 2007 mod for Half-Life. It has been released for both PC and the Sega Dreamcast. You will play the role of a russian officer of the secret service. Your first impressions are that this mission will be just like any other, but you really have no idea what nightmares future events have in store for you..."
"Half-Life: Opposing Force","","NTSC","United States of America","Sierra | 																Valve Corporation","Gearbox Software","1999-11-19","1","No","Action | Adventure | Shooter | Fighting | Horror","M - Mature 17+","Return to the Black Mesa Research Facility as one of the military specialists assigned to eliminate Gordon Freeman. Experience an entirely new episode of single player action. Meet fierce alien opponents, and experiment with new weaponry. Named 'Game of the Year' by the Academy of Interactive Arts and Sciences."
"Hanagumi Taisen Columns 2","","NTSC-J","Japan","Sega","Sega","2000-01-06","2","No","Puzzle","Not Rated","No overview is currently available for this title, please feel free to add one."
"Happy Lesson: First Lesson","","NTSC-J","","Datam Polystar","Fupac","2000-09-28","1","No","Adventure","E - Everyone","Happy Lesson: First Lesson is an Adventure game, developed by Fupac and published by Datam Polystar, which was released in Japan in 2000."
"Headhunter","","PAL","Sweden","Sega","Amuze","2001-11-16","1","No","Action | Adventure","M - Mature 17+","No overview is currently available for this title, please feel free to add one."
"Heavy Metal: Geomatrix","","PAL","","Bigben Interactive GmbH","Capcom","2002-04-26","2","No","Action","T - Teen","Based on the Heavy Metal world created by Kevin Eastman and Simon Bisley, this fighting title allows you to take control of a team of three fighters, ranging from a basic all-rounder, or a lightning fast female to a huge bulky mass of power. Of course, they are all a mix of human and humanoid, and depending on their strengths, have a range of different moves and styles.

The main aim of the game is to defeat each of the opposing 3-man teams ahead of you, and dominate cyberspace.

The game mixes a little of Street Fighter with a dash of Virtual On, allowing you to fight in close or use long range attacks all inside a 3D landscape."
"Heisei Mahjong Sou","","NTSC-J","Japan","Micronet Co. Ltd.","Micronet Co. Ltd.","2000-10-26","4","No","Puzzle","Not Rated","No overview is currently available for this title, please feel free to add one."
"Heisei Mahjong Sou (Mic Device Doukon-ban)","","NTSC-J","Japan","Micronet Co. Ltd.","Micronet Co. Ltd.","2000-10-26","4","No","Puzzle","Not Rated","No overview is currently available for this title, please feel free to add one."
"Hell Gate","","NTSC","United States of America","Jester Interactive Publishing","","2001-05-01","1","No","Action | Shooter | Fighting | Horror","M - Mature 17+","Hellgate is an unreleased third-person vehicular shooter set to have been released for the Sega Dreamcast by Jester Interactive. It is not known if the game was officially announced before its cancellation, but a prototype has since been leaked onto the internet."
"Hello Kitty no Garden Panic","ハローキティのガーデンパニック","NTSC-J","Japan","Sega","Fortyfive","1999-11-25","1","No","Puzzle","E - Everyone","Hello Kitty no Garden Panic (ハローキティのガーデンパニック) is a puzzle game released for the Sega Dreamcast. The game was sold as a pack-in with Hello Kitty-branded Dreamcasts - it was not distributed separately."
"Hello Kitty no Magical Block","","NTSC-J","","Sega","Sega","2000-03-30","1","No","Puzzle","Not Rated","Hello Kitty no Magical Block (ハローキティのマジカルブロック) is a puzzle game for the Sega Dreamcast based on the Hello Kitty franchise."
"Hello Kitty no Waku Waku Cookies","","Region Not Set","","Sega","Sega","2000-08-10","1","No","Puzzle","","Hello Kitty no Waku Waku Cookies (ハローキティのワクワククッキーズ) is a puzzle game released for the Sega Dreamcast."
"Hello Kitty: Lovely Fruit Park","","Region Not Set","","Sega","Sega","1999-11-25","4","No","Puzzle","Not Rated","Hello Kitty: Lovely Fruit Park is a Puzzle game, developed and published by Sega, which was released in Japan in 1999."
"Heretic","","NTSC","","","","1970-01-01","1","No","Shooter | Unofficial","M - Mature 17+","Heretic for Sega Dreamcast = T21597N"
"Hermes [Limited Edition]","","NTSC-U","United States of America","VGNYsoft","Retroguru","2022-09-01","1","No","Action | Adventure | Platform","Not Rated","Hermes is an extraordinary Jump'n' Run game with plenty of bad taste humour. If you feel offended by crude and dirty humour you may run away now. The game also features pixel violence and promotes the consumption of meat. If you are a hardcore vegetarian, you might very much dislike the game or just have a good laugh.
 
STORY:
Our hero, known to his friends as Hermes, lives in France, the country of love which is also known for its exquisite cuisine. One day Hermes had an appetite for grilled chicken. Certainly a man's man like Hermes wouldn't go to the supermarket for frozen chicken. No! He's going to slaughter his own farm-raised free range chicken, but this chicken has a mind of his own. This is where our story starts...Chase the escaped chicken to catch it and prepare yourself an unforgettable barbecue-grilled chicken. Yummy! But hell, that chicken sure runs fast!
 
FEATURES:
32 levels of hand designed pixel art!
Retro Amiga style chiptune soundtrack!
Hidden warp zones!
Score tracking!
480p and VGA support - Supports HDMI & VGA Cables
Region Free - plays in systems from all regions!"
"Hexen","","NTSC","","","","1970-01-01","1","No","Unofficial","Not Rated","Hexen for Dreamcast"
"Hidden & Dangerous","","NTSC-U","United States of America","TalonSoft","Illusion Softworks","2000-07-09","1","No","Action","M - Mature 17+","The player play four Allied commandos in operations during World War 2. Mission vary from bomb planting to hostage rescue. The player can even drive tanks and other vehicles.

The player can control a soldier in FPS mode and control the rest in a tactics mode.

The campaign is divided into many episodes, and each episode into missions."
"Hoyle Casino","","NTSC-U","","Sierra","Pulsar Interactive","2000-10-24","2","No","Strategy","E - Everyone","Set in a virtual Las Vegas casino, players create profiles and are given a set amount of virtual money. A player can then visit any part of the virtual casino and wager their virtual money as they could in a real casino.

The game offers instant access to the rules for each game, as well as real time tips and strategies as the player plays a game. Hoyle Casino features 25 default characters to choose from, or players can simply create their own unique custom character."
"Hundred Swords","","NTSC-J","Japan","Sega","Smilebit","2001-02-15","1","No","Strategy","T - Teen","In a fantasy land where rival kingdoms are at war, you lead your units into battle and on to victory in this strategy game."
"Hydro Thunder","","NTSC-U","","Midway Games","Midway","1999-09-09","2","No","Racing","E - Everyone","Port of Midway's arcade boat-racer. The premise is non-existent, you simply rev up the engines and go on 13 water courses set in Antarctica, the far east, the Greek isles, etc. on different types of futuristic boats. Races use the usual arcade checkpoint system and scattered across the courses you'll find an assortment of power-ups and upgrades like nitro boosters.

Graphics are entirely 3D with reflective water effects and realistic bouncing and bucking in the boats. Multiplayer competitions are supported for 2 players on the PlayStation version."
"Hydro Thunder [HOT! NEW!]","","NTSC-U","United States of America","Midway Games","Midway","1999-09-09","2","No","Racing","E - Everyone","Port of Midway's arcade boat-racer. The premise is non-existent, you simply rev up the engines and go on 13 water courses set in Antarctica, the far east, the Greek isles, etc. on different types of futuristic boats. Races use the usual arcade checkpoint system and scattered across the courses you'll find an assortment of power-ups and upgrades like nitro boosters.

This is the Hot! New! Variant that replaced the buggy first runs."
"Idol Janshi o Tsukucchaou","","NTSC-J","Japan","Jaleco Ltd.","Jaleco Ltd.","1999-09-23","1","No","Puzzle","Not Rated","Idol Janshi o Tsukucchaou (アイドル雀士をつくっちゃおう) is an table game for the Sega Dreamcast."
"Ikaruga","","NTSC-J","Japan","Entertainment Software Publishing","Treasure","2002-09-04","1","No","Shooter","E - Everyone","Several years ago in the small island nation of Horai, the leader of the nation, Tenro Horai, discovered the Ubusunagami Okinokai—the Power of the Gods. This energy emanated from an object she dug up from deep underground and granted her unimaginable powers. Soon after, Tenro and her followers, who called themselves ""The Divine Ones"", began conquering nations one after another. ""The Chosen People"" carried out these conquests in ""the name of peace"".

Meanwhile, a freedom federation called Tenkaku emerged to challenge Horai. Using fighter planes called Hitekkai, they fought with the hope of freeing the world from the grips of the Horai - but all their efforts were in vain. They were no match for the Horai and were eventually almost completely wiped out. Miraculously, however, one young man survived. His name was Shinra (森羅?).
Shot down near a remote village called Ikaruga, inhabited by elderly people who had been exiled by the Horai's conquests, Shinra was dragged from the wreckage and nursed back to health. Shinra regained his health and pledged to defeat the Horai, and the villagers entrusted him with a fighter plane that they had built themselves, called the Ikaruga.

The Ikaruga was no ordinary plane, designed by former engineering genius Amanai (天内?) with the help of Kazamori (風守?) and the village leaders. Hidden in a secret underground bunker and launched via the transportation device called the ""Sword of Acala"", it is the first fighter built that integrates both energy polarities, and is capable of successfully switching between the two."
"Illbleed","","NTSC-U","","AIA USA, Ltd.","Crazy Games","2001-04-25","1","No","Horror","M - Mature 17+","Imagine, if you will, a berserk B-movie horror film producer with a twisted sense of humor who puts up a million bucks (fictitious, of course!) to anyone who can survive his 7 movie-themed worlds. It's a bloody mess of mutant monsters, over 1000 traps and items, and abject terror fused with B-movie humor. You must rely solely on the game's sensory feedback (eyesight, hearing, smell, sixth sense) and the hard-to-find ""Horror Monitor"" to survive the epic adventure! Illbleed delivers a badly needed transfusion to the ""been there, done that"" horror game genre."
"Imperial no Taka - Fighter of Zero","","NTSC-J","Japan","","","2000-06-29","1","No","Action","AO - Adult Only 18+","No overview is currently available for this title, please feel free to add one."
"Incoming","","NTSC-J","Japan","Rage Software","Rage Software","1998-12-17","1","No","Shooter","Not Rated","Incoming is set in 2009 over a period of fifteen days. An increasing number of UFO sightings culminate in attacks on the international lunar base and other locations on Earth; and the construction of a base in the Arctic. Secret work is started on an ""ADATA"" (Anomaly Detection And Tracking Array) near Mount Kilimanjaro. The events of the game take place after an attack on the ADATA facility is initiated by alien forces.

The game is set in six locations: Kenya, defending the ADATA facility; the Arctic, attacking an alien base while defending a human one; the North Atlantic Ocean, where the player must defend oil rigs and attack a second alien base; Florida, where parts of a fleet to invade the alien's moon base must be defended; the Moon, attacking a further alien base; and a planet in the Crab Nebula, assaulting the planet from which the alien attackers came.

If the player has completed these in the Campaign Action mode, then in addition to these ten missions in each location, there are bonus ""virus"" scenarios, with one level in each location. Shortly before these missions, the aliens launched four virus bombs which impacted in the four location on Earth the player had previously visited. All buildings in these areas must be destroyed by the player to prevent the virus from spreading further."
"Industrial Spy: Operation Espionage","","NTSC-U","","NEC Home Electronics, Ltd.","HuneX","2000-06-01","1","No","Action","T - Teen","Blending the stealth, RTS, and RPG genres, Industrial Spy has the player leading a team of superspies (Espion Agents, part of the Blitzstrahl corporation) infiltrating various locales like museums, a military installation, and even a German-style castle full of traps. Each of the agents has his own specialties, like computer hacking, rollerblading, handguns, etc.

Gameplay is like a regular real-time strategy game, with the player acting in the role of commander without taking a direct hand in anything. Give the agents orders and try to keep an eye on all of them as they carry them out. Each agent's skills can be upgraded after missions. Keep them out of sight of guards, spring traps on them, or engage them in hand-to-hand or ranged combat."
"Inhabitants","","Region Not Set","","The Goat Store, LLC","S+F Productions","2005-01-21","4","No","Puzzle","","Become part of the FRENZY!

Put your skills to the test as you work way through level after level of tile-clearing action.

S+F Software brings you the Inhabitants, where you, and up to three of your friends can compete for the highest score. Or, play bt yourself, unlocking new modes of play along the way!

- Various Modes of play, each with its own challenges and strategies.
- Multiplayer Action for up to four players.
- Four unique tile sets and backgrounds.
- Tons of unlockable features.
- Play Inhabitants head-to-head with up to four players!
- Compete in two different Multiplayer modes!
- Clear multiple tiles for an extra bonus!"
"Innovation Super Game Converter","","Region Not Set","","Innovation Tech","Innovation","2001-01-01","1","No","Utility","Not Rated","Play Imported games on your Dreamcast!"
"Inoue Ryoko: Roommate","Roommate: Inoue Ryoko S","Region Not Set","","Datam Polystar","","2001-07-05","1","No","Adventure | Life Simulation","Not Rated","Japanese Dating Simulator"
"Internet Game Pack","","NTSC-U","","","","1970-01-01","4","Yes","Unofficial","E - Everyone","Sega Dreamcast prototype"
"Interpid Izzy","","Other","","","","2020-07-26","1","No","Action | Adventure | Platform","Not Rated","Explore a colourful, detailed, fully hand drawn world full of ninjas, sentient fruit, talking animals, vampires, magic, and so much more with the lovable, witty and above all intrepid Izzy.

Senile Team strikes gold once again with this good old fashioned creature beating, puzzle solving, dungeon crawling platformer. Addictive retro inspired gameplay with high resolution, fully hand drawn characters and backgrounds!"
"Intrepid Izzy","","Other","United Kingdom of Great Britain and Northern Ireland","Senile Team","Senile Team","2021-08-21","1","No","Action | Fighting | Platform","E - Everyone","If Sonic The Hedgehog, Castlevania and Streets Of Rage had a baby, it would surely be Intrepid Izzy. Explore a colourful, detailed world full of ninjas, sentient fruit, talking animals, vampires, magic and more.

This region free game is playable on Dreamcast systems from around the World, with all video modes supported including PAL, NTSC and even VGA - All running at a rock solid 60 fps."
"Irides: Master of Blocks","","Region Not Set","","The Goat Store, LLC","Madpeet","2009-12-12","4","No","Puzzle | Unofficial","E - Everyone","Irides: Master of Blocks is a Sega Dreamcast puzzle game independently developed by Madpeet and published by GOAT Store Publishing. It was launched on December 12, 2009, having been announced on the tenth anniversary of the North American Dreamcast release date (09/09/1999). It is very similar to Lumines, though features various additions such as powerups and combos."
"Iron Aces","","NTSC-U","","","Marionette","2001-02-06","1","No","Flight Simulator","E - Everyone","Iron Aces is fictional World War 2 flight simulator. What that ""fictional"" means is that great liberties have been taken with the historical accuracy of the world and events. The most obvious point is that although most planes come from real World War 2 aircraft, the theatre of operations is a bit unique; The four major sides to the conflict (American, British, German, Japanese) are all fighting one another over a group of islands somewhere in the Pacific. Thus each of these nations is represented in close proximity and in direct conflict to one another.

The gameplay takes place over a series of single-player flight missions in which your American pilot will fight against the Axis forces and ally with the British. The majority of the missions take place in the air against other aerial targets."
"Jeremy McGrath Supercross 2000","","NTSC-U","","Acclaim Sports","Acclaim","2000-08-08","2","No","Racing | Sports","E - Everyone","You can choose from eight real-life riders and about fifteen indoor and outdoor tracks. Whether you ride a 125cc or a 250cc bike, try your hand at a championship, a single race, or even Freestyle mode, where you can pull off some crazy tricks."
"Jet Grind Radio","Jet Set Radio","NTSC","Brazil","Tec Toy Indústria de Brinquedos S.A.","Smilebit","2000-11-24","1","No","Action | Sports","Not Rated","Jet Grind Radio is a 2000 Dreamcast action sports video game developed by Smilebit and released by Sega.

Tokyo-to, a city not unlike Tokyo, somewhere in Asia, in the near future. This is the story about the GG's, one of three rival teenage gangs who ride motorized inline skates and are tagging the streets with graffiti. There is a turf war going on between the gangs GG's, the Poison Jam, and the high-tech freaks, the Noise Tanks. The evil Rokkaku Corporation has the corrupt police in their grasp, and, headed by Captain Onishima, the cops are hell-bent on subduing the unruly teen protagonists. But there is light in the darkness: the underground DJ, ""Professor K,"" and his Jet Set Radio station keep tabs on what is happening on the streets of Tokyo-to, and soon our teens will have something much darker than the police to worry about."
"Jet Set Radio","","PAL","","Sega","Smilebit","2000-11-24","1","No","Action | Sports","Not Rated","Jet Set Radio is a 2000 Dreamcast action sports video game developed by Smilebit and released by Sega.

Tokyo-to, a city not unlike Tokyo, somewhere in Asia, in the near future. This is the story about the GG's, one of three rival teenage gangs who ride motorized inline skates and are tagging the streets with graffiti. There is a turf war going on between the gangs GG's, the Poison Jam, and the high-tech freaks, the Noise Tanks. The evil Rokkaku Corporation has the corrupt police in their grasp, and, headed by Captain Onishima, the cops are hell-bent on subduing the unruly teen protagonists. But there is light in the darkness: the underground DJ, ""Professor K,"" and his Jet Set Radio station keep tabs on what is happening on the streets of Tokyo-to, and soon our teens will have something much darker than the police to worry about."
"Jikkyou Powerful Pro Yakyuu - Dreamcast Edition","","NTSC-J","Japan","Konami","","2000-05-05","4","Yes","Sports","E - Everyone","Power Pro Baseball for the Sega Dreamcast"
"Jimmy White's 2: Cueball","","PAL","United Kingdom of Great Britain and Northern Ireland","Virgin Games, Ltd.","Awesome Studios","2000-01-07","2","No","Sports","E - Everyone","Licensed by snooker player Jimmy White, this game is a simulation of not only the British game of snooker, but also of the three main variations of pool.

The game is viewed in detailed 3D, allowing you to rotate the table at all angles, either from overhead or using the cue position as a base. Taking a shot involves setting the exact pace and spin of it, and considering what each contact will do to the position of the cue ball, and any balls you may wish to pot afterwards. In the snooker mode playing accurate 'safety' shots (to prevent your opponent scoring) becomes important as well).

In each mode there are 10 computer opponents, and matches can consist of up to 9 frames. A trick-shot editor is also included, allowing you to practice shots and set up challenges. Replays and an undo mode are also included."
"Jinsei Game for Dreamcast","","NTSC-J","","TAKARA Co., Ltd.","Takara","2000-06-22","4","No","Puzzle","E - Everyone","Jinsei Game for Dreamcast is a Miscellaneous game, published by Takara, which was released in Japan in 2000."
"Jojo no Kimyou na Bouken Mirai e no Isan Tentou Taikenban","","NTSC-J","Japan","","","1999-10-05","2","No","Fighting","Not Rated","Demo of Jojo no Kimyou na Bouken Mirai e no Isan."
"JoJo no Kimyouna Bouken: Mirai e no Isa","JoJo's Bizarre Adventure","NTSC-J","Japan","Capcom","Capcom","1999-11-25","2","No","Fighting","Not Rated","No overview is currently available for this title, please feel free to add one."
"JoJo's Bizarre Adventure","","NTSC-U","","Capcom","Capcom","1999-10-31","2","No","Fighting","T - Teen","Jotaru Kujo, the star of the JOJO'S VENTURE comic book series, has a problem. His mother is sick, afflicted with a strange illness related to a spirit called a Stand. The cause of all this trouble is the evil Dio, whom JoJo sets out to defeat in order to save his mother. As JoJo travels towards Egypt and a showdown with Dio, he must challenge Dio's minions whose sole purpose is to keep JoJo from succeeding. Playing as one of 16 characters, you'll kick, punch, and pummel your way closer to Dio with each victory. A unique addition to this 2D fighter is the Stand, a guardian spirit that can aid the player during a fight. Unlike mortal beings, Stands can reanimate quickly after being defeated, which is something the player can use to his advantage in battle. Help JoJo save his mom and defeat the diabolical Dio in the saga of JOJO'S BIZARRE ADVENTURE."
"July","","NTSC-J","","Sega","Fortyfive","1998-11-27","1","No","Adventure","M - Mature 17+","July (ジュライ) is a 1998 visual novel for the Sega Dreamcast by FortyFive released as one of the system's launch titles exclusively in Japan"
"Jump 'n Blob","Jump and Blob","Region Not Set","","2D-Retroperspectives","2D-Retroperspectives","2011-01-08","","No","Platform","E10+ - Everyone 10+","The Island of Malis is in grave danger! The infamous Beast King and his army of monsters try to invade the peaceful homeland of the blobs, in order to reign over the whole Island. Those small, kind creatures are to be enslaved and most of them are unable to oppose their tormentors. However, if YOU take the role of Blob, one will rise to defend their freedom."
"Kaitou Apricot","","NTSC-J","Japan","Takuyo","Takuyo","2003-03-06","1","No","Utility","Not Rated","No overview is currently available for this title, please feel free to add one."
"Kanon","","NTSC-J","Japan","NEC Home Electronics, Ltd.","Boss Key","2000-09-14","1","No","Role-Playing","Not Rated","Kanon (カノン) is a visual novel for the Sega Dreamcast released exclusively in Japan. It was the first game developed by prominent visual novel studio Key, originally appearing on PC in 1999 as an eroge, with a general audience edition following in January 2000. The Dreamcast version is based on this all-ages edition (which means no explicit content is present) and introduced full voice acting that would be retained for the PlayStation 2 version."
"Kao the Kangaroo","","NTSC-U","","Titus Interactive, S.A..","X-Ray","2001-02-13","1","No","Action | Platform","E - Everyone","A kangaroo named Kao was playing with his friends in his native Australia, when suddenly evil hunters appeared, put him in a cage, and took him away. They didn't know that Kao was quite proficient in the art of boxing, so freeing himself from the trap wasn't particularly hard. However, Kao finds himself far away from home, and must fight and hop his way back.

Kao the Kangaroo is a 3D platform action game. The gameplay adheres to the jump-and-run style, Kao having to rapidly traverse levels full of traps and enemies. His basic attack is a simple punch; he can also side-step and swing his tail at the enemies. Power-ups scattered through the stages include coins, a certain amount of which will increase Kao's life points; hearts to replenish his health; boxing gloves, which act as homing projectile attacks; and turbo boosts, which make Kao move faster."
"Karous","","NTSC-J","","MileStone Inc.","Milestone Inc.","2006-11-15","1","No","Shooter","Not Rated","Karous (カラス) is a vertically scrolling shoot-'em-up developed and published by Milestone Inc.. It was originally released on November 15, 2006 for the Sega NAOMI GD-ROM arcade platform, and was ported to the Sega Dreamcast. Upon its Japan-only launch on March 8, 2007, Karous became the last game to be officially released on the Dreamcast.

The game bears stylistic similarities to Milestone's previous Dreamcast release Radirgy, as they both use cel-shaded graphics and are of the same genre."
"Kenju (Atomiswave Port)","","NTSC-J","Japan","Sammy Corporation","SEGA Interactive Development Division","2004-01-02","2","No","Action | Fighting","T - Teen","KenJu is an unreleased Atomiswave 2.5D fighter made by Dream Factory. A rom for the game was recently discovered, and despite being unreleased, the game is very near finished, having a few minor bugs and couple debatably unfinished characters. The game features 12 characters (14 counting the normally unplayable SekiSyuSai and boss ZINE), a stage for each, and two options for arcade mode as well as versus. In terms of mechanics, the game feels like a more grounded version of Project Justice without any projectiles or teams, a parry mechanic, selectable supers, unique air dashes for each fighter, a meter-based escape from pressure, and others."
"Kidou Senkan Nadesico: Nadesico the Mission","","NTSC-J","Japan","Kadokawa Shoten","Andy Williams","1999-08-06","1","No","Adventure","Not Rated","Kidou Senkan Nadesico: Nadesico the Mission (機動戦艦ナデシコ NADESICO THE MISSION) is an adventure game for the Sega Dreamcast based on the Kidou Senkan Nadesico franchise."
"King of Fighters '99 Evolution","","NTSC-J","Japan","","SNK","1999-07-22","2","No","Fighting","T - Teen","No overview is currently available for this title, please feel free to add one."
"King of Fighters '99 Evolution (SNK Best Buy Edition)","","NTSC-J","Japan","SNK","SNK","2001-10-25","2","No","Fighting","T - Teen","A re-release of King of fighters '99 Evolution with a different cove art."
"KISS: Psycho Circus - The Nightmare Child","","NTSC-U","","Take-Two Interactive Software, Inc.","Tremor","2000-10-29","4","No","Action | Shooter | Horror","M - Mature 17+","Wicked Jester, a band of four, are headed for a Friday night gig at The Coventry, a rundown dive outside of town. They arrive only to find the parking lot deserted, the club seemingly dead. The band's members: Pablo Ramirez, Andy Chang, Gabriel Gordo and Patrick Scott, stepping from their van, are startled by a voice from the shadows. She offers them four tickets to a circus -- tonight's the grand finale! Having nothing better to do, the four accept and the nightmare begins.

Based on characters from comic book author Todd McFarlane, KISS Psycho Circus: The Nightmare Child brings the horror and carnage of the Psycho Circus to the PC in a shooter format. There are two-dozen creatures to battle with and three classes of weapons to use, each with four specific types: melee (beast claws, thornblade, twister and punisher), common (zero cannon, magma cannon, windblade and scourge) and ultimate (stargaze, galaxion, spirit lance and draco). In addition to the weaponry, temporary power-ups and instant items such as health, attack and defense powers are available."
"Kita e. White Illumination","北へ。White Illumination","NTSC-J","Japan","Hudson Soft Company, Ltd.","Red Entertainment Corporation","1999-03-18","1","No","Life Simulation","Not Rated","The player, a second-year high school student (17 years old), travels from Tokyo to Sapporo in Hokkaidō (hence the basic title of the game Kita E - To The North). There, he encounters eight different girls, including the lead character Kotori Haruno, whose family he stays with during his time up north. In the game, the player explores the island, plays video games, does karaoke, goes shopping -- and most of all, tries to find that special someone to share his heart with."
"Kiteretsu Shonen Gangagan","Kiteretsu Boys Gangagan | 機天烈少年'S ガンガガン","NTSC-J","Japan","Sega","","2000-04-27","1","No","Role-Playing | Puzzle","T - Teen","Kiteretsu Shonen Gangagan is a hybrid RPG/puzzle game where you use a microphone to fight enemies with Japanese words and phrases."
"Konohana: True Report","","NTSC-J","Japan","","","2001-04-26","1","No","Adventure","M - Mature 17+","No overview is currently available for this title, please feel free to add one."
"L.O.L.: Lack of Love","L.O.L. - Lack of Love | エル・オー・エル","NTSC-J","Japan","ASCII Corporation","Love-de-Lic","2000-11-02","1","No","Role-Playing","Not Rated","L.O.L. (エル・オー・エル) (Lack Of Love) is a Sega Dreamcast role-playing game developed by LOVEDELIC and published by ASCII. Produced with significant involvement from renowned Japanese musician Ryuichi Sakamoto, it was released exclusively in Japan in November 2000."
"Langrisser Millennium","","NTSC-J","","Nippon Computer System","Santa Entertainment","1999-11-03","1","No","Strategy","Not Rated","""Langrisser Millennium"" is yet another installment of the long-running Japanese strategy RPG series. You control five main characters: Taji, a young boy whom was chosen as the ruler of the country Salem; Nei Lee Sun, the ruler of Chin, who helps Taji when he gets involved in a war; Masariva, a half-beast and a former slave who became a queen, but preferred the life of a wanderer; Rumaty Marf, the queen of the country Misla, on a quest for an angel who appeared in her dream; and Saryune, the ruler of Vidern, whose only desire is power. Those five rulers meet each other, when they get involved in a war with hostile countries. However, soon they learn a greater evil has appeared in the world - they must reach a faraway island to prevent the reincarnation of an evil god...

The gameplay ""Langrisser Millenium"" is divided into ""Map Mode"" and ""Battle Mode"". In map mode, you move your characters over a map, trying to reach enemy fortresses and to prevent the enemy to reach yours. Everything happens in real time: if you do nothing, the enemy will come and conquer your country. Once in battle mode, you control several teams. You only assign actions to the team leaders, while others fight automatically in round-based strategy combat."
"Last Hope","","Region Not Set","","Redspotgames","NG:DEV.TEAM","2006-07-10","1","No","Shooter","","An evil empire from another galaxy is heading towards Earth. Barely 24 hours beforehand, they had penetrated the last line of defense in Earth's galaxy, the Arsion Laser Belt. Millions of innocent people perished in outer space colonies. 70% of earth's fleet was destroyed during first contact. Intelligence reports six days until their arrival. Conventional weapons cannot stop them. The last hope is in your hands: The Z-42 Warpstar. Warp into their territories and destroy their leader before they reach Earth."
"Last Hope: Pink Bullets","","PAL","United Kingdom of Great Britain and Northern Ireland","NG:DEV.TEAM","NG:DEV.TEAM","2009-09-04","1","No","Shooter","Not Rated","No overview is currently available for this title, please feel free to add one."
"Le Mans 24 Hours","24 Heures du Mans | 24 Horas De Le Mans | Die 24 Stunden von Le Mans | La 24 Ore Di Le Mans | Le Mans 24 Heures | Le Mans 24 Hours: Ultimate Endurance Challenge","PAL","","Infogrames","Infogrames Melbourne","2000-11-17","4","No","Racing | Vehicle Simulation","E - Everyone","The official licensed game of the 24 Heures du Mans, with the world-famous Le Mans circuit & 9 other ACO approved tracks
Over 40 incredible detailed cars; up to 24 cars on the track per race
Compressed Time option simulates 24 hrs Day-to-Night-to-Day racing
2 broad competition classes: GT and Prototype classes
5 modes of play: Time Trial, Quick Race, Championship, Le Mans and Multiplayer
Advanced AI: Drivers race like their real-world counterparts
Multiplayer racing action: 4-player split screen"
"Legacy of Kain: Soul Reaver","","NTSC","United States of America","Eidos Interactive","Crystal Dynamics, Inc.","2000-01-17","1","No","Action | Adventure","M - Mature 17+","Soul Reaver is a third-person perspective action game with puzzle-solving and some platforming elements. The game follows Raziel on his quest to purge the land of vampires and take revenge on Kain and his brothers, leaders of the six clans. The player views the environments from behind Raziel's shoulder, moving him in any direction, climbing, attacking, jumping and using specific abilities. Raziel's can grip onto the edge of ledges and his torn wings allow him to glide gently downwards. He can also shift through the ""material"" world into the ""spectral"" realm at will, but must find specific locations in order to shift back. The two realms mirror one another, with distortions which give access to new areas and platforms. Existing in the material world drains Raziel's life energy at a constant rate."
"Les fous du volant","Wacky Races","PAL","France","Infogrames","Infogrames Sheffield House","2000-06-30","4","No","Racing","E - Everyone","La plus folle équipe de déjantés sur 4 roues que la Terre ai jamais portée est de retour ! Fidèles au poste, ils sont plus que jamais décidés à remporter le titre suprême de champion du monde des Loufoques du bitume !"
"Lets Make a J League Pro Soccer Club!","","NTSC-J","","","","1999-09-30","1","No","Action","E - Everyone","No overview is currently available for this title, please feel free to add one."
"Looney Tunes: Space Race","","NTSC-U","","Infogrames Entertainment","Infogrames Melbourne","2000-11-27","4","No","Racing","E - Everyone","Looney Tunes: Space Race features eight all-time favorite characters, including Bugs Bunny, Daffy Duck, Taz, Sylvester, Yosemite Sam, and Wile E. Coyote. The 12 tracks include shortcuts, jumps, and traps, and there are over 40 competitive events. Players can pummel opponents with gags like the portable hole, falling elephants, retractable boxing glove, and instant storm. Up to four players can race at a time."
"Love Hina: Totsuzen no Engeji Happening","Love Hina: Smile Again | Love Hina - Smile Again","NTSC-J","","Sega","Sega","2000-09-28","1","No","Adventure","Not Rated","There is a new girl in the Hinata Sou. Her name is Fujisawa Mizuho and she is a Tokyo University Student. She is asked by Keitarou-kun's grandmother to become a tutor for Keitarou-kun. If Keitarou-kun fail to pass the coming Entrance Exam for Tokyo University, Mizuho-chan says that she will take the responsibility for it and marry Keitarou-kun."
"Maboroshi Tsukiyo","","NTSC-J","Japan","Kaga Tech","SIMS Co., Ltd.","1999-09-23","1","No","Adventure","T - Teen","Maboroshi Tsukiyo is a visual novel adventure game that originated on Dreamcast and was ported to PlayStation platform half a year later. The game features fullscreen presentation with dialogue and description text displayed over dimmed background rather than utilizing dialogue windows. The story progresses one day at the time and takes place between June and September. The protagonists whose name can be entered by the player or left the default one, is a high-school student who one day meets Ayame, a ghost girl, who starts living with him. Ayame cannot do much in her ghost form, but she can possess someone else's body. Suddenly, our protagonist's peaceful life turns to mystery and adventure filled one. Based on player's actions as well as events in the past intertwined with present story, the game will branch in a certain direction and lead to one of several different endings."
"Macross M3","マクロスM3","NTSC-J","Japan","Shoeisha Co., Ltd.","Warashi","2001-02-22","1","No","Shooter | Flight Simulator","E - Everyone","Macross M3 (マクロスM3) is a Sega Dreamcast simulation game based on the Macross anime series."
"Macross M3 Limited Box","","Region Not Set","","","Shoeisha","2001-02-22","1","No","Shooter","RP - Rating Pending","Like its Playstation predecessors, Macross M3 is mission-based 3D shooter where players chose from several playable pilots, each with their own unique variable fighter. Combat was dependent on players taking advantage of their variable fighter's three distinct modes: Fighter, GERWALK and Battroid. The final game consisted of eight stages called ""episodes"", and each episode consists of a handful of levels, totaling 18 playable levels."
"Mag Force Racing","MagForce Racing","NTSC-U","","Crave Entertainment","VCC Entertainment","2000-07-13","4","No","Racing","E - Everyone","Magforce Racing is a futuristic racing game in which vehicles glide using magnetic attraction, allowing you to reach incredible speeds. The tracks are spectacular, featuring numerous loops. Bonuses that let you boost your vehicle or even fire at your opponents are scattered throughout the tracks."
"MagForce Racing","","PAL","","Crave Entertainment","VCC Entertainment","2000-08-25","4","No","Racing","E - Everyone","Magforce Racing is a futuristic racing game in which vehicles glide using magnetic attraction, allowing you to reach incredible speeds. The tracks are spectacular, featuring numerous loops. Bonuses that let you boost your vehicle or even fire at your opponents are scattered throughout the tracks."
"Magic Pockets","","PAL","","JoshProd","","2019-06-17","1","No","Action | Unofficial","Not Rated","No overview is currently available for this title, please feel free to add one."
"Magic: The Gathering","マジック・ザ・ギャザリング","NTSC-J","Japan","Sega","Alfa System","2001-06-28","1","No","Board","Not Rated","The game takes place on the plane of Celesta in the town of Magic Heart, and its surrounding areas of Murg, Camat Island, Lydar Forest, Yeluk, Tornell, and The Balance Tower, each representing a basic land that the opponent's decks will be based around. It includes cards from Sixth Edition, Alliances and Tempest.[1][2][3]

Tyler Bielman was the Creative Designer for the worldbuilding and Scott McGough was also involved. Rk post, Brom and Mark Tedin did at least some of the concept art for Celesta. Graphically, the game prefigures Magic Duels. The interface uses a mix of Japanese and English text, and some gameplay events prompt English voiceovers.[4]"
"Mahjong Taikai II Special","","NTSC-J","Japan","Koei Co., Ltd.","Koei","1999-03-04","2","No","Puzzle","Not Rated","Mahjong Taikai II Special (麻雀大会II Special) is a game by Koei for several platforms, including the Sega Saturn (1996) and Sega Dreamcast (1999). In it, you can play mahjong against various historical figures, such as Napoleon and Cleopatra (and some non-historical ones of legendary folklore, such as Sinbad)."
"Maken X","","PAL","","Sega","Atlus","2000-07-07","1","No","Action","T - Teen","Maken X  is a game for the Dreamcast video game console that fits into an subgenre of ""first-person slashers"". The game is mainly regarded as a first-person action game because of the realistic elements in gameplay. It is unique in that the main character is the weapon (Maken), rather than a person.

The word ""Maken"" literally translates as ""demonic sword"". On the title screen, the ""X"" is shown to stand for deus ex machina (Latin for ""god out of the machine"").

The player can control a number of characters via ""brainjacking"", which leaves the person a vegetable. The woman displayed on the boxart is the first person controlled when the facility that Maken was created at comes under attack."
"Maqiupai","","Region Not Set","","The Goat Store, LLC","JMD","2005-01-19","","No","Puzzle","","Maqiupai is an unlicensed Sega Dreamcast game developed by JMD. It is an arcade-style mahjong game."
"Mario Kart 64","","Other","","Romhacking","","2025-08-08","4","No","Racing | Unofficial","Not Rated","This is a Sega Dreamcast port of the Mario Kart 64 decompilation by JNMARTIN84

https://github.com/jnmartin84/mk64-dc"
"Marionette Company","","NTSC-J","Japan","Advanced Microcomputer Systems","MicroCabin","1999-10-07","1","No","Adventure","Not Rated","Marionette Company is a Text Adventure game, developed and published by Micro Cabin, which was released in Japan in 1999."
"Marionette Handler","マリオネットハンドラー","NTSC-J","Japan","Micronet Co. Ltd.","Micronet Co. Ltd.","1999-07-29","1","No","Strategy","T - Teen","Marionette Handler is a Mech Programming Game for the Sega Dreamcast."
"Marionette Handler 2","マリオネットハンドラー２","NTSC-J","Japan","Micronet Co. Ltd.","Micronet Co. Ltd.","1999-07-29","1","No","Construction and Management Simulation | Strategy","T - Teen","Marionette Handler 2 is a Mech Programming Game for the Sega Dreamcast."
"Mars Matrix","","NTSC-U","","Capcom","Takumi Corporation","2000-11-09","2","No","Shooter","E - Everyone","A prediction is that before human civilization, there was once an advanced civilization on Mars. A sorceress destroyed the civilization and everything that was remembered of it, except a chip called ""INFINITY"". In 2100, millions of people were starving due to massive food shortages and has caused civil wars around the world. Centuries later, however, the world government had sent colonists to Mars which began to solve these problems. At a nearby farm, the Infinity chip was discovered and it revealed all the technology of the advanced civilization. In 2309, a Declaration of Independence has been sent to Earth. Large armies have been amassed on Mars, and a gigantic armada was waiting for any attack from Earth. The Earth government sends out a fleet of battleships followed by a special air raid unit called ACID; ACID is equipped with a new fighter ship known as the Mosquito. Their mission is to enter Mars, stop the rebel violence, locate and destroy the rebel leader, whoever... or whatever it may be..."
"Marvel vs Capcom: Clash of Super Heroes","","PAL","","Capcom USA, Inc.","Capcom","1999-09-30","2","No","Fighting","E - Everyone","No overview is currently available for this title, please feel free to add one."
"Marvel vs. Capcom 2","","NTSC-U","United States of America","Capcom USA, Inc.","Capcom","2000-06-28","2","No","Fighting","T - Teen","Marvel vs. Capcom 2: New Age of Heroes is a 2000 Dreamcast video game developed by Capcom and released by Capcom USA in the USA on June 28, 2000.

The world's most insane tag-team fantasy fighter is bigger than ever! An unprecedented 56 characters include the debut of Jill from Resident Evil, Servbots from Mega Man and Cable from Marvel Comics fame. Experience arcade perfect fighting with 3 on 3 tag-team battles, unbelievable control and hyper-fast animation. Pick a fight with legendary Capcom characters and Super Heroes from the Marvel Universe and prepare to be amazed."
"Marvel vs. Capcom 2: New Age of Heroes","","NTSC-J","Japan","Capcom","Capcom","2000-01-01","2","No","Action | Fighting","Not Rated","Marvel vs. Capcom 2: New Age of Heroes (a.k.a. Marvel vs. Capcom 2 or MvC2) is the fourth game of the Marvel vs. Capcom series of fighting games. With the (presumably) final installment of the series, Capcom simplified the engine so that it would be more accessible to casual players, in order to bring in new players, as interest in arcade fighting games had declined. Changes were made to the air combo system and the button configuration was trimmed down to 4 main buttons and 2 assist buttons. The game also features 3 on 3 tag, compared to the 2 on 2 tag from previous games in the series. It is the only game in the series to use the NAOMI system, which is used mostly for 3D games. It is mainly seen in this game in the backgrounds and system effects, as well as Abyss's sphere. Marvel vs. Capcom 2 was later ported to the Dreamcast, Xbox, PlayStation 2, Xbox 360 and PlayStation 3."
"Marvel vs. Capcom: Clash of Super Heroes","","NTSC-J","Japan","Capcom","Capcom","1999-03-25","2","No","Action | Fighting","Not Rated","Marvel vs. Capcom: Clash of Super Heroes is a crossover fighting game developed and published by Capcom. It is the third installment in the Marvel vs. Capcom series, which features characters from Capcom's video game franchises and characters from Marvel Comics. The game debuted in Japanese and North American arcades in 1998. It was ported to the Dreamcast in 1999 and the PlayStation in 2000. The game was re-released in 2012 for the PlayStation 3 and Xbox 360 as part of the Marvel vs. Capcom Origins collection."
"Marvel vs. Capcom: Clash of Superheroes [Misprint]","","NTSC-U","United States of America","Capcom","Capcom","2000-01-31","2","No","Fighting","T - Teen","Marvel vs. Capcom: Clash of Super Heroes is the fifth Marvel Comics-licensed fighting game by Capcom and the third game in the Marvel vs. Capcom series. In contrast to X-Men vs. Street Fighter and Marvel Super Heroes vs. Street Fighter, the game features characters from numerous Capcom franchises such as Mega Man and Strider, rather than just Street Fighter characters. The game takes place within the Marvel comic continuity, as Professor Charles Xavier calls out for heroes to stop him before he merges with the consciousness of Magneto and becomes the being known as Onslaught, the final boss. The game was developed in late 1997 and first released in January 1998."
"Mat Hoffman's Pro BMX","","NTSC-U","","Activision","Runecraft","2001-09-12","1","No","Action | Sports","E - Everyone","Mat ""The Condor"" Hoffman and nine other world-class Pro BMX riders feature in this entry to the BMX racing series. Many gameplay features remain as before.

Single Player Modes:

Session - Take some extra time to practice your tricks and routines in 2, 5, or 10 minute sessions on any of the levels that are unlocked. Scores can be saved to be put into the Hall of Fame.

Free Ride - Like Session, you can use this time to practice your skills but with unlimited time. Any score you get for a trick is replaced by the points of the next trick. Since this is the case, no scores can be saved.

Road Trip - This is where you take the trip with the guys to go around and compete around the country. Withine each level there are goals to reach to improve your skills, unlock new levels, unlock bikes, and secrets in the game."
"Max Steel","","NTSC-U","","Mattel Interactive","Treyarch","2001-05-30","1","No","Action","T - Teen","Max Steel Covert Missions is an action game for the Sega Dreamcast. It was only released in North America."
"Maximum Pool","","NTSC-U","","Sierra","Dynamix, Inc.","2000-12-04","2","No","Strategy","E - Everyone","Rack 'em up with seven classic pool games featuring super-accurate physics, video-captured opponents, and online play. Earn access to five crazy bonus games by beating a tough opponent or joining an online game!"
"Maximum Speed","","NTSC-J","Japan","Sega","Sammy","1970-01-01","1","No","Racing","Not Rated","A white-hot racing game that will thrill all your senses! Take part in this extravagant racing game; 3 kinds of races, formula one style, Indy car style, truck racing and on 8 different racing circuits. Use your brilliant driving technique to trim your lap time, whilst fighting against the steering feedback."
"MDK 2","","PAL","","Interplay","BioWare","2000-06-09","1","No","Action | Shooter","T - Teen","After Kurt Hectic, the janitor extraordinaire, has bravely ventured into the perilous minecrawlers and averted the alien threat to the Earth, he returns to his friends, the genius scientist Dr. Fluke Hawkins, and his invention, the six-legged robotic dog Max, to celebrate their great victory. However, they find out that one minecrawler in Canada still hasn't been destroyed. Kurt is sent to complete the mission, but as a result gets kidnapped by an alien being known as Shwang Shwing. Doc and Max rush to his rescue, and soon realize that they are up against a much bigger threat, involving an alien empire and galactic conquest. The fate of the Earth is in their hands!"
"MDK2","MDK 2","NTSC-U","","Interplay Entertainment Corp.","BioWare","2000-03-31","1","No","Action | Shooter","T - Teen","After Kurt Hectic, the janitor extraordinaire, has bravely ventured into the perilous minecrawlers and averted the alien threat to the Earth, he returns to his friends, the genius scientist Dr. Fluke Hawkins, and his invention, the six-legged robotic dog Max, to celebrate their great victory. However, they find out that one minecrawler in Canada still hasn't been destroyed. Kurt is sent to complete the mission, but as a result gets kidnapped by an alien being known as Shwang Shwing. Doc and Max rush to his rescue, and soon realize that they are up against a much bigger threat, involving an alien empire and galactic conquest. The fate of the Earth is in their hands!"
"Memories Off Complete","","NTSC-J","Japan","Bit Kid","Bit Kid","2000-06-29","1","No","Role-Playing","Not Rated","Memories Off Complete (メモリーズオフ コンプリート) is a visual novel for the Sega Dreamcast."
"Mercurius Pretty: End of the Century","メルクリウスプリティ 〜end of the century〜","NTSC-J","","NEC Interchannel, Ltd.","NEC Interchannel, Ltd.","2000-11-16","1","No","Adventure | Life Simulation","Not Rated","No overview is currently available for this title, please feel free to add one."
"Metropolis Street Racer","MSR","NTSC-U","","Sega","Bizarre Creations, Ltd.","2001-01-15","1","No","Racing","E - Everyone","Gameplay in MSR is centred around the single-player mode, with tracks and cars in the multiplayer mode being unlocked at the same time as in the single-player game. The premise is that, as a street racer, the player must impress other drivers with quick but stylish driving in a series of challenges. These challenges are in sets of ten (called Chapters - there are 25 in total), with completion of all challenges opening the next chapter (assuming the player has enough Kudos, see below) and unlocking a new car. Each challenge is on a different track, and unlocking a challenge unlocks that track in the time-attack and multiplayer modes."
"Microsoft WebTV Connection Kit","","NTSC-J","Japan","","","1999-01-01","1","No","Education | Productivity | Utility","E - Everyone","No overview is currently available for this title, please feel free to add one."
"Midway's Greatest Arcade Hits Volume 1","","NTSC-U","","Williams Electronic Games, Inc.","Digital Eclipse Software, Inc.","2000-06-27","2","No","Action | Shooter","E - Everyone","Midway's Greatest Arcade Hits is an arcade game compilation released for the Nintendo 64, Dreamcast, and Game Boy Advance."
"Midway's Greatest Arcade Hits Volume 2","","NTSC-U","","Midway Games","Digital Eclipse Software, Inc.","2000-10-01","1","No","Action","E - Everyone","Midway's Greatest Arcade Hits Volume 2 is a compilation of classic arcade games and was released for the Sega Dreamcast in 2000. It is a sequel to Midway's Greatest Arcade Hits Volume 1 (a retooled version of Williams Arcade's Greatest Hits). Each game is emulated, and is therefore identical to its arcade counterpart, save for Gauntlet, which was ported.

Unlike the previous compilation, in which every game was built by Williams Electronics in the early 1980s, Volume 2 is more diverse, featuring games from Atari Games and Bally Midway, as well as one by Irem (whose overseas release was handled by Williams in 1982).

Like its predecessor, despite its name and willingness to show an arcade stick on the front cover, Midway's Greatest Arcade Hits Volume 2 is not compatible with the Dreamcast Arcade Stick as movement is typically assigned to the analogue thumbstick of a standard Dreamcast Controller, not the D-Pad."
"Millennium Racer: Y2K Fighters","Millenium Racer - Y2K Fighters | Millennium Racer - Y2K Fighters","Region Not Set","","","","1999-01-01","1","No","Action | Racing","Not Rated","Millennium Racer: Y2K Fighters is a 3D racing game set in the 3rd millennium. Race virtual bikes on multi-level tracks in a virtual world set in the Internet to a background of techno music.

Choose the player’s look including color and face type or use your own picture. There are eight different bike colors to choose from and four different engine types from fast with no grip to tight grip and good acceleration.

Arcade mode offers three tracks (at first) to race on each one having different levels on which to race with which the player has to jump up on to reach. The higher levels having a faster track called superconductor, which allows the player a boost in speed. The player's bikes are equipped with boosters, which are filled up by jumping through rings and can be activated at any time.

There are two different championship levels to choose from: 5 laps with four AI (Artificial Intelligence) players with average skills and professional and 7 laps with seven AI players with high skills. In each race the player receive points for coming in 1st, 2nd, or 3rd and even additional points for time distance between the player and the player in front. Each new track requires a certain point total to be unlocked.

After unlocking tracks in championship mode, the player may race on them in arcade or create a custom race by choosing laps (3, 5, or 7), number of AI opponents and the list of player profiles (Player Ghost – each player can record how they raced a particular track and mode and save it to a separate file. This can then be used as an opponent in a race). The player may race in the real life Internet with seven other players in multiplayer mode."
"Millennium Soldier: Expendable","","PAL","","Infogrames","Rage Software","1999-09-14","1","Yes","Action | Shooter","T - Teen","A modern arcade game. The player starts with 7 ""credits"" and can continue until running out of credits. A second player can join the game at any time by pressing start.

Like most top-down run and gun video games, it has collectable upgrades and weapons, and features common aspects like bosses and levels, familiar with most games of this type."
"Miss Driller","","Region Not Set","","I.M.R. Technology","I.M.R. Technology","2004-08-18","","No","Puzzle","","I have ported Miss driller SDL. The controls are fixed as best I could with the time I had to do this. The game is very nice, classy as it is almost an exact copy of the retail MR driller. This game port is 100% speed, the in game controls are a touch senstive, which means it's hardish to play, but of course it's fully playable once you are use to that. I will update this and add more polish in the coming months I even have a mod in the works. This game has sound effects and is complete. High score table, scrolling animated menus etc. When I update the source im going to include sound track music. And mod-able-ness. Controls Analog stick left right up down very sensertive. Only hold the down halfway as it is very sensitive. (There is no sensitivity threshold yet- will be fixed in the next release) Press A to confirm menu choices Press X to simulated the enter button *EG* for the high score table"
"Miss Moonlight","","NTSC-J","Japan","Naxat Soft","","2001-06-21","1","No","Adventure","Not Rated","You wake up at the strange loud sound coming from the bathroom. You get up from the bed and go to check what it was. Duh, it was Sandia and her strange animal companion wreaking havoc. Quick flashback to a couple of days ago, as you were waiting for your father at the airport to return from a negotiation mission from a country devastated by the civil war, to your surprise, he brought someone with him. That someone was Sandia, a princess of the country he just returned from, in danger for her life. It just so happens she'll be staying with your from now on, indefinitely as it seems.

You are Kouki Akiba, a high-school student with a regular boring school life with nothing to cause your sudden elevation in blood pressure. But that's about to change when princess Sandia who recently started living with you enters the same school you are attending. But where there are problems, there are obstacles to overcome, which may over short period of time lead to something more than just friendship between Kouki and Sandia.

The game itself is similar to the majority of visual novels in terms of basic gameplay, but differs in the artwork style which sets it apart from most of them. Bonus features include unlockable BGM player and CG gallery for each of the heroines."
"Mizu Iro","","NTSC-J","Japan","NEC Interchannel","HuneX","2000-01-01","1","No","Role-Playing","E - Everyone","No overview is currently available for this title, please feel free to add one."
"Mobile Suit Gundam - Blood of Zeon","Mobile Suit Gundam - Gihren's Greed - Blood of Zeon","NTSC-J","","","","2000-01-01","1","No","Strategy","Not Rated","Mobile Suit Gundam Gihren’s Greed (機動戦士ガンダム ギレンの野望 Kidou Senshi Gundam Gihren no Yabou?) is a series of turn-based strategy games developed and published by Bandai, based on the popular Mobile Suit Gundam franchise. It takes its gameplay style from the SD Gundam series and adds political and military management to the One Year War."
"Mobile Suit Gundam Side Story 0079: Rise from the Ashes [Premium Disc] (JPN)","","NTSC-J","Japan","Bandai Co., Ltd.","Bandai Co., Ltd.","1999-08-26","1","No","Action | Shooter","Not Rated","Gundam Side Story 0079: Rise from the Ashes Premium Disc (機動戦士ガンダム外伝 コロニーの落ちた地で… プレミアムディスク) is an expansion pack for Gundam Side Story 0079: Rise from the Ashes. It was distributed free by Bandai. The disc contains the sham battle stage with Gundam RX-78, and some extra options."
"Mobile Suit Gundam: Federation vs Zeon & DX","","NTSC-J","","Bandai Co., Ltd.","Capcom","2001-12-06","1","No","Action","E - Everyone","Mobile Suit Gundam: Federation vs. Zeon is a 2001 arcade video game based on the anime television series Mobile Suit Gundam. An upgraded edition of the game, Federation vs. Zeon DX, includes 360-degree, zero-G space battlefields. Both versions were later ported to the Dreamcast and PlayStation 2 game consoles."
"Moero! Justice Gakuen","","NTSC-J","Japan","Capcom","Capcom","2000-12-17","2","No","Fighting","Not Rated","No overview is currently available for this title, please feel free to add one."
"Moho","MoHo","PAL","","Take-Two Interactive Software, Inc.","Lost Toys Ltd.","2000-11-24","1","No","Action","Not Rated","Canceled game
MoHo is a Sega Dreamcast game developed by Lost Toys and published by Take 2 Interactive in 2000. It is notable for being the only exclusive Dreamcast game for the United Kingdom, despite receiving ratings from the German USK and French SELL ratings bodies and having its back cover description translated into German.

An American release under the name of Ball Breakers was planned for release in November 2000, but cancelled near completion; three different rips of a late prototype were leaked simultaneously in 2012."
"Monaco Grand Prix","","NTSC","Brazil","Tec Toy Indústria de Brinquedos S.A.","","1970-01-01","2","No","Racing","Not Rated","No overview is currently available for this title, please feel free to add one."
"Monaco Grand Prix: Racing Simulation 2","","NTSC-J","Japan","Ubisoft","Ubisoft","1999-03-11","2","No","Racing","E - Everyone","Monaco Grand Prix: Racing Simulation 2, also known as just Monaco Grand Prix, is a Formula one racing game for Microsoft Windows, Nintendo 64, PlayStation, and Dreamcast. It was released in 1998-1999. The game is based on the Formula One World Championship, but does not have the licence to use drivers names, official cars, etc. (the licence was held by Video System at the time, who made F-1 World Grand Prix and F-1 World Grand Prix II). The game does however have a licence to use Formula One's official sponsors; Schweppes and Castrol among others, helping add to the authenticity of the game. The game is unrelated to Sega's Monaco GP series.

The sequel to F1 Racing Simulation, it features 17 authentic tracks, 11 teams and cars with their 22 drivers. The Monaco license is used, although the teams themselves are not licensed. A total of 22 camera views are provided. Telemetry is stored and analysed in a similar way to Grand Prix 2, and physics are modeled to be realistic. There are eight different modes to race, the new ones being a career mode in which the player starts with a poor team and must drive well enough to earn competitive rides, and scenarios recreating key races for particular drivers. Returning from the first game are Time Attack, a full championship, and a 1950s retro mode. There is also a track editor for the players to create their own tracks."
"Monkey Ball","","Other","Japan","Sega","Sega","2001-01-01","4","No","Action | Puzzle","Not Rated","Monkey Ball (モンキーボール) is a Platformer 3D/Puzzle video game published by SEGA released on 2001 for the Naomi Arcade Platform.

Monkey Ball is a series of arcade platform video games initially developed by Amusement Vision and published by Sega. The series debuted in 2001 with the arcade game Monkey Ball, which was ported to GameCube as Super Monkey Ball later that year. Several sequels and ports have been released."
"Moop and Dreadly in the Treasure on Bing Bong Island","","Other","United States of America","Disney Interactive","Disney Interactive","2002-03-18","1","No","Adventure","E - Everyone","No overview is currently available for this title, please feel free to add one."
"Mortal Kombat Gold","","NTSC-U","","Midway Games","Eurocom","1999-09-09","2","No","Fighting","M - Mature 17+","Gameplay of Mortal Kombat Gold is largely based on that in Mortal Kombat 4 and includes several additional characters and stages not seen in Mortal Kombat 4 and a new weapon select mechanism. A second revision of the game, Hot New, was released about a month after the initial release intending to address some of the major issues in it. This version fixed the most severe bugs and glitches in the game and added the VMU memory card support, which allowed the save feature to function properly."
"Mortal Kombat Gold [HOT! NEW!]","","NTSC-U","United States of America","Midway Games","Eurocom Developments Ltd","1999-09-09","2","Yes","Fighting","M - Mature 17+","Gameplay of Mortal Kombat Gold is largely based on that in Mortal Kombat 4 and includes several additional characters and stages not seen in Mortal Kombat 4 and a new weapon select mechanism. A second revision of the game, Hot New, was released about a month after the initial release intending to address some of the major issues in it. This version fixed the most severe bugs and glitches in the game and added the VMU memory card support, which allowed the save feature to function properly.

This is the Hot! New! Variant that replaced the buggy first runs."
"MP3 DC","","Region Not Set","","","?","2001-02-06","1","No","Music","Not Rated","Blaze, the same company behind the DC-X import player and the DC Twin Joystick, the MP3 DC allows you to play MP3 files stored on a CD on your Japanese or American Dreamcast (we haven't tried it with a European Dreamcast, but it should work as well). You simply stick the MP3 DC start-up CD in your Dreamcast, swap it with a CD loaded with your favorite MP3s, and you're ready for hours of music. To get you started, Blaze has included a CD with the package that features around 100 MP3 tracks."
"Mr. Driller","ミスタードリラー","NTSC-J","Japan","Namco","Namco","2000-06-29","1","No","Puzzle","Not Rated","No overview is currently available for this title, please feel free to add one."
"Ms. Pac-Man Maze Madness","","NTSC-U","","Namco","Namco","2000-11-13","1","No","Action","E - Everyone","Ms. Pac-Man Maze Madness has Ms. Pac-Man saving Pac-Land once again, although this in full 3D.

The four Wonders, mystical regions separated from the rest of Pac-Land by force fields, contains four Gems of Virtue: Generosity, Truth, Wisdom and Courage, each holding enough power to help keep Pac-Land safe from evil. However, an unknown enemy has transformed the Enchanted Castle into a haunted house, in turn starting a chain reaction of evil all around Pac-Land and the four Wonders. It is up to Ms. Pac-Man to enter the 3D designed worlds of the four Wonders and put the evil to rest for good."
"MTV Sports: Skateboarding Featuring Andy Macdonald","","NTSC-U","","THQ","DarkBlack","2000-11-09","1","No","Sports","E - Everyone","How does a 540 Benihana into a One-Footed Smith Grind sound? 
- Over 35 Huge Levels 
- Insane Stunt Mode 
- 10 Separate Game Modes 
- 64 Distinct Air & Land Tricks 
- 14 Pro Skaters
- Skate With Other A.I. Skaters"
"Musapey's Choco Marker","","NTSC-J","Japan","Ecole Software","Ecole Software","2002-12-26","2","No","Puzzle","E - Everyone","Musapey no Choco Marker (ムサピィのチョコマーカー) is a puzzle game for the Sega Dreamcast console and Sega NAOMI arcade platform."
"Nakoruru: Anohito Kara no Okurimono","Nakoruru: The Gift She Gave Me | ナコルル〜あのひとからのおくりもの〜 | Nakoruru - The Gift She Gave Me","NTSC-J","Japan","","","2002-03-28","1","No","Adventure","Not Rated","Being a fan-favorite character of SNK's beloved Samurai Shodown fighting franchise, it's only natural that Nakoruru would get her own spin-off game. SNK granted developer Inter-Let's the privilege of crafting a story that explored her character in finer detail, with the result being ""Nakoruru: Anohito Kara no Okurimono"", a visual novel game released for Windows in 2001, and Dreamcast in 2002, exclusively in Japan. To take a source material known for its intense arcade fighting thrills and adapt it into a quiet, heartfelt text-based adventure makes for quite the interesting gaming experience."
"Namco Museum","","NTSC-U","","Namco","Namco","2012-06-25","1","No","Action","E - Everyone","The game is compiled of several classic arcade games released by Namco, including:

Pac-Man
Ms. Pac-Man
Pole Position
Galaga
Galaxian
Dig-Dug"
"Nanatsu no Hikan: Senritsu no Bishou","","NTSC-J","","Koei Co., Ltd.","Koei","2000-01-20","1","No","Adventure | Horror","Not Rated","Nanatsu no Hikan: Senritsu no Bishou (七つの秘館 戦慄の微笑) is a Sega Dreamcast sequel to Nanatsu no Hikan.
Koei originally planned to release this game in North America (under the title of 7 Mansions: The Uncanny Grimace) during Summer 2000 - no such release ever materialised."
"Napple Tale: Arsia in Daydream","ナップルテール アリシア イン デイドリー","NTSC-J","Japan","Sega","Chime","2000-10-19","1","No","Platform","E - Everyone","While enjoying the once-per-year Summer Festival, the heroine Poach Arsia is accidentally brought to Napple World due to a mistake made by Straynap, a novice Spirit Guide who leads souls into the afterlife. Napple World, known as the land of daydreams, lies between the Real World and the Deep Dream, where souls go to rest. The concept of time in Napple World is unlike the real world: the seasons of spring, summer, autumn and winter exist separately from each other as distinct locations. When Poach arrives in Napple World, six fairy-like beings called Petals leave her body and escape into the seasons, and she must retrieve them in order to go home again. To make up for his mistake, Straynap becomes Poach's guide and instructs her throughout the game, explaining the often contradictory nature of Napple World to her."
"NBA 2K","","NTSC-U","","","","1999-12-06","4","No","Sports","E - Everyone","NBA 2K (also known as NBA2K or Sega Sports: NBA 2000) is the first installment of the NBA 2K series. It was published by Sega Sports and developed by Visual Concepts. The cover features Allen Iverson of the Philadelphia 76ers"
"NBA 2K1","","NTSC-U","","","","2000-11-01","2","No","Sports","E - Everyone","NBA 2K1 (also known as Sega Sports: NBA 2K1 or NBA2K1) is a basketball video game. It is the second installment in the NBA 2K series of video games. It was developed by Visual Concepts and published by Sega (as Sega Sports). It was the first NBA 2K game to feature online multiplayer and the first game to feature street courses instead of playing a game inside the arena in the first game, famous street courts such as The Cage, Rucker Park, Franklin Park, and Goat Park. It was released on November 1, 2000 in North America with the Dreamcast. Rapper Redman (rapper) appears in the video game"
"NBA 2K2","Sega Sports NBA 2K2","NTSC-U","United States of America","Sega","Visual Concepts","2001-10-24","4","No","Sports","E - Everyone","NBA 2K2 is the third game in SEGA's NBA 2K series of basketball simulations. This is the first game in the series to be released for multiple platforms (instead of solely for the Dreamcast). In addition to updated graphics, rosters, arenas, team uniforms, and signature moves for the 2001-2002 season, the 2K2 edition now supports zone defenses (a new NBA rule where you have to choose to play man or zone defense), intercepting of passes, and making adjustments and actions in mid-animation.

There are detailed statistics for each team and player, for a year, the current season or an entire career. The game modes include Exhibition, Season (play a full season along with management), Franchise (more than one season), some arcade street modes and the option to create custom tournaments."
"NBA Hoopz","","Region Not Set","","Midway Games","Eurocom","2001-02-12","4","Yes","Sports","E - Everyone","Rather than 5 on 5 action like professional play, this game features 3 on 3 play. Using players from the NBA, each player chooses a guard, forward, and center from the team's NBA roster for the first half and can make substitutions for the second half.

NBA Hoopz is an arcade-style game and not meant to be realistic: players can jump twenty or thirty feet in the air, dunk the ball from 20 feet (6.1 m) away, and do otherwise physically impossible things. Fouls are only called on flagrant pushes, foul shots are rare (and only after a number of fouls are accumulated), and there is no out of bounds. In addition, after a player makes three consecutive shots he becomes ""on fire"" which allows him to make almost any shot as well as goaltend without penalty."
"NBA Showtime: NBA on NBC","","NTSC-U","","Midway Games","Eurocom","1999-10-01","4","Yes","Sports","E - Everyone","The game features gameplay similar to its predecessors NBA Jam and NBA Hangtime. Rather than typical 5 on 5 action, this game features 2 on 2 play with the ability to pick two players from any NBA team's starting line-up for the first half and can choose again for the second.

The game introduces personal fouls for each shove on another player; after a certain number of fouls the opposing team gets a free throw. The game retains the series standard ""on fire"" feature. After a player makes three consecutive shots he becomes ""on fire"", which allows him to easily make shots from almost anywhere, as well as goaltend without penalty and push opponents without being charged a foul. Play otherwise is similar to NBA rules."
"NCAA College Football 2K2","","NTSC-U","","2K Sports","Visual Concepts","2001-08-29","4","Yes","Sports","E - Everyone","NCAA College Football 2K2: Road to the Rose Bowl is an American football video game developed by Visual Concepts in association with 2K Sports. It was released in 2001 for only the Sega Dreamcast. The cover athlete is former Purdue standout quarterback Drew Brees."
"Neo Geo Battle Coliseum","","NTSC-U","United States of America","SNK Playmore","SNK Playmore","2005-03-01","2","No","Fighting","Not Rated","NeoGeo Battle Coliseum (abbreviated NGBC or NBC) is a 2 on 2 tag team fighting game for the Atomiswave arcade board released in 2005. The game features characters from several SNK and ADK titles. The Dreamcast port was made available in 2020 by developer MegaVolt85."
"Neo Golden Logres","","Region Not Set","","Success Corp.","LittleWing","2000-10-26","1","No","Puzzle","","Neo Golden Logres (ネオ ゴールデンログレス) is a pinball game for the Sega Dreamcast."
"Neo XYX","","NTSC","","NG:DEV.TEAM","NG:DEV.TEAM","2014-02-17","1","No","Shooter","Not Rated","No overview is currently available for this title, please feel free to add one."
"Neppachi II","","NTSC-J","Japan","Daikoku","Falcon","2000-07-06","1","No","Puzzle","E - Everyone","Neppachi II @VPACHI: CR Harenchi Gauken (ネッパチII＠VPACHI 〜CRハレンチ学園〜) is a pachinko game for the Sega Dreamcast."
"Neppachi VI Takara Tanketai","","NTSC-J","Japan","","","2001-02-15","1","No","Puzzle","E - Everyone","No overview is currently available for this title, please feel free to add one."
"Netto de Tennis","","Region Not Set","","Capcom","Capcom","2000-10-09","4","No","Sports","","Netto de Tennis (ねっとdeテニス) is a tennis game for the Sega Dreamcast. It has online capabilities."
"Nettou Golf","","NTSC-J","Japan","Sega of America, Inc.","SEGA Games","2000-01-01","2","No","Sports","E - Everyone","Nettou Golf (熱闘ゴルフ) is a game, published by Sega Enterprises, Ltd., which was released in Japan in 2000 for the Sega Dreamcast."
"New Japan Pro Wrestling: Toukon Retsuden 4","新日本プロレスリング闘魂烈伝４ | New Japan Pro Wrestling: Toukon Retsuden 4","NTSC-J","","Tomy","Yuke's Co. Ltd.","1999-09-02","2","No","Fighting | Sports","Not Rated","Toukon Retsuden 4 was developed by Yukes, and is mainly focused on providing a realistic representation of professional wrestling.  Toukon Retsuden's presentation is similar to real life broadcasts, including crowd noise and extravagant introductions.  The gameplay found in Toukon Retsuden is vastly different from traditional American/Japanese wrestling games"
"NFL 2K","","NTSC-U","","Sega","Visual Concepts","1999-09-09","2","No","Sports","E - Everyone","NFL 2K is an American football video game series developed by Visual Concepts and published by Sega.[1] The series was originally exclusive to Sega's Dreamcast video game console due to the absence of EA Sports's Madden NFL series on the system. As the foremost ""2K"" title, it marked the beginning of a running athletics series that eventually led to the spinning off of 2K's sports publishing business under the name of 2K Sports. Upon the Dreamcast's discontinuation, the series continued to be published for other sixth generation game systems and became the chief competitor of the Madden series.

After the competitively priced NFL 2K5 significantly reduced sales of that year's Madden release, EA signed an exclusivity deal with the NFL that made Madden NFL the only series allowed to use NFL team and player names. After losing the NFL license, Visual Concepts made a brief return to developing football games with the release of All-Pro Football 2K8, which featured former NFL players on fictional teams."
"NFL 2K1","","NTSC-U","","Sega","Visual Concepts","2000-09-07","2","No","Sports","E - Everyone","NFL 2K is an American football video game series developed by Visual Concepts and published by Sega.[1] Based on the National Football League, the series was originally exclusive to Sega's Dreamcast video game console. As the foremost ""2K"" title, it marked the beginning of a running athletics series that eventually led to the spinning off of 2K's sports publishing business under the name of 2K Sports.

Upon the Dreamcast's discontinuation, the series continued to be published for other sixth generation game systems and became the chief competitor of EA Sports's Madden NFL series. However, after the competitively priced NFL 2K5 significantly reduced sales of that year's Madden release, EA signed an exclusivity deal with the NFL that made Madden NFL the only series allowed to use NFL team and player names.

After losing the NFL license, Visual Concepts made a brief return to developing football games with the release of All-Pro Football 2K8, which featured former NFL players."
"NFL 2K1 [Not For Resale]","","NTSC","","Sega","Visual Concepts","2000-09-07","4","Yes","Sports","E - Everyone","The game received ""universal acclaim"" according to the review aggregation website Metacritic. Rob Smolka of Next Generation called it ""A great-playing game, both online and offline, and a significant advance over last year's version"
"NFL 2K1 Bible Edition","","NTSC-J","Japan","Sega","Visual Concepts","2001-03-29","4","Yes","Sports","E - Everyone","NFL 2K1 is an American football simulation video game that uses remediation, and was published by Sega and developed by Visual Concepts. It was released on Dreamcast on September 7, 2000, with multiple in-game commercialization like its Dreamcast ads in stadiums."
"NFL 2K2","","NTSC-U","","Sega","Visual Concepts","2001-09-19","2","No","Sports","E - Everyone","NFL 2K2 is a complete football simulation, giving you a variety of ways to play. You can compete in a single exhibition game, start up a franchise, or move directly to the playoffs.

NFL 2K2 uses a TV-style presentation, featuring telestration, action replays, sideline animations, stadium lighting and a director feature that zooms in on the play.

Included in NFL 2K2 are all the teams and plays from the 2001-2002 season, including stadiums and uniforms."
"NFL Blitz 2000","","NTSC-U","","","","1999-08-31","2","No","Sports","E - Everyone","NFL Blitz is a series of American football themed video games by Midway featuring National Football League teams. It began as a 1997 arcade game that was ported to home consoles and spawned several sequels. Rather than being designed as a realistic interpretation of the sport of football, like Madden NFL or NFL 2K, the Blitz series was created as an over-the-top, exaggerated version of the sport, inspired by Midway's own NBA Jam basketball games.

In 2005, following the loss of the NFL license, the Blitz series was relaunched as Blitz: The League, featuring fictional players and teams in a fictional league with slightly more realistic (though still exaggerated) on-field play and a focus on the seedy behind-the-scenes lives of the players.

The series rebooted January 4, 2012 on PlayStation Network and Xbox Live. The game took the series back to the original style of NFL BLITZ, but removed the late hits due to input by the NFL.[2]"
"NFL Blitz 2000 [HOT! NEW!]","","NTSC-U","United States of America","Midway Games","Midway","1999-08-31","4","Yes","Sports","E - Everyone","NFL Blitz is a series of American football themed video games by Midway featuring National Football League teams. It began as a 1997 arcade game that was ported to home consoles and spawned several sequels. Rather than being designed as a realistic interpretation of the sport of football, like Madden NFL or NFL 2K, the Blitz series was created as an over-the-top, exaggerated version of the sport, inspired by Midway's own NBA Jam basketball games.

In 2005, following the loss of the NFL license, the Blitz series was relaunched as Blitz: The League, featuring fictional players and teams in a fictional league with slightly more realistic (though still exaggerated) on-field play and a focus on the seedy behind-the-scenes lives of the players.

The series rebooted January 4, 2012 on PlayStation Network and Xbox Live. The game took the series back to the original style of NFL BLITZ, but removed the late hits due to input by the NFL.

This is the Hot! New! Variant that replaced the buggy first runs."
"NFL Blitz 2001","","NTSC-U","","Midway Games","Avalanche Software LLC","2000-09-14","1","No","Sports","E - Everyone","No refs... No rules... Just 'classic' gridiron. Late hits, pass interferences, and other penalties are encouraged (though you can't run offside). Cheerleaders in, well, cheerleading uniforms liven up the end of the first and third quarter and there's enough stats to make the mathematically inclined happy. However, the teams features are not entirely based on real life (Indy was at the top), and it is not as addictive as the old-fashioned PC games of the early 1990's, but still a good game for someone who doesn't mind not-so-classic, almost XFL style football."
"NFL QB Club 2001","","NTSC-U","","Acclaim Entertainment, Inc.","High Voltage Software, Inc.","2000-07-30","4","No","Sports","E - Everyone","Modes include Exhibition, Season, Practice & Pro Bowl, with the option to play past NFL Super Bowl games or create your own custom simulation.

You can also create your own team and players, a full play book, and sign or trade players pre-season. Up to 4 players are supported."
"NFL Quarterback Club 2000","","NTSC-U","","Acclaim Sports","Iguana Entertainment","1999-12-01","2","No","Sports","E - Everyone","Iguana Entertainment, the developer of NFL QUARTERBACK CLUB ’99, is at it again with NFL QUARTERBACK CLUB 2000 for the Dreamcast. Experience realism like you’ve never seen, with all-new player models and animations that’ll make you swear you’re watching a game on TV. Take your pick from all 31 NFL teams, including the expansion Cleveland Browns, and see if you can lead your team to the Super Bowl. With NFL QUARTERBACK CLUB 2000, you’ll get everything you’ve ever wanted in a football game and more."
"NHL 2K","","NTSC-U","","","","1999-12-06","2","No","Sports","E - Everyone","NHL 2K is a series of hockey games by 2K Sports for the Dreamcast, PlayStation 2, Nintendo GameCube, Xbox, iPhone, Xbox 360, PlayStation 3, and the Wii. Initially discontinued after the release of NHL 2K11 in 2010, the brand was revived on mobile devices in 2014. The games are officially licensed from the National Hockey League and NHL Players Association. While its games were released on consoles, its main competition was EA Sports' NHL video games."
"NHL 2K (White Label Edition)","","PAL","United Kingdom of Great Britain and Northern Ireland","Sega Europe","","2000-02-01","2","No","Sports","Not Rated","No overview is currently available for this title, please feel free to add one."
"NHL 2K2","","NTSC-U","","","","2002-02-14","2","No","Sports","RP - Rating Pending","NHL 2K is a series of hockey games by 2K Sports for the Dreamcast, PlayStation 2, Nintendo GameCube, Xbox, iPhone, Xbox 360, PlayStation 3, and the Wii. Initially discontinued after the release of NHL 2K11 in 2010, the brand was revived on mobile devices in 2014. The games are officially licensed from the National Hockey League and NHL Players Association. While its games were released on consoles, its main competition was EA Sports' NHL video games."
"Nightmare Creatures II","","PAL","","Konami","Kalisto Entertainment","2000-09-08","1","No","Action | Adventure | Horror","M - Mature 17+","Assume the role of Herbet Wallace, an escaped test subject, on the trail of the demonic scientist, Dr. Adam Crowley. After enduring years of horrific lab experiments, Wallace is out to settle the score in a chilling and bloody chase through London and Paris.
Little does he know that exacting revenge on Crowley is also the last hope to save the world from a nightmarish demise."
"Nihon Pro Mahjong Renmei Kounin: Tetsuman Menkyokaiden","","NTSC-J","Japan","Naxat Soft","NAXAT Soft","1999-11-18","1","No","Board","Not Rated","No overview is currently available for this title, please feel free to add one."
"Nishikaze no Kyoushikyouku: The Rhapsody of Zephyr","","Region Not Set","","Softmax Co., Ltd.","Softmax","2001-02-22","1","No","Role-Playing","Not Rated","Rhapsody of Zephyr is a Korean-made role-playing game and a side-story in The War of Genesis series. Unlike most other installments of the series, it has less tactical elements and is more close to the traditional Japanese-style RPG format.

The story of the game is loosely based on Alexandre Dumas' famous novel The Count of Monte-Cristo. The game is set in a pseudo-European New Age environment (17th -19th centuries). The hero of the game, a young nobleman Cyrano Bernstein, is betrayed by his fiancee Mercedes and is captured by the evil warlock Cesare Borgia. After fleeing from the prison, Cyrano swears revenge, and sets off to find a legendary sword sealed on a nearby island and to recruit allies in order to get involved in a war between two powerful empires.

The game features turn-based tactical combat, which allows the player to move the characters on the battlefield. The player can use a variety of magic spells, recruit townspeople to help the protagonists in battles, and have special statistics for weapons, which have their own HP and can be damaged and destroyed in battles."
"O.to.i.Re: Dreamcast Sequencer","O-to-i-re - Dreamcast Sequencer | お･と･い･れ ドリームキャストシーケンサー","NTSC-J","Japan","Waka Manufacturing","Waka Manufacturing","1999-12-09","1","No","Music","E - Everyone","O.to.i.Re: Dreamcast Sequencer (お･と･い･れ ドリームキャストシーケンサー) is a Japan-exclusive Sega Dreamcast music creation tool by Waka Manufacturing. It was released only in Japan, and allows the player/user to produce his or her own music tracks via the Dreamcast Controller, Dreamcast Microphone, or Dreamcast MIDI Interface Cable.

Additionally, this was the only piece of software released in the Dreamcast's lifespan that supported its MIDI adapter cable."
"Official Sega Dreamcast Magazine Vol. 1","Official Sega Dreamcast Magazine September 1999 Vol. 1 | Official Sega Dreamcast Magazine September 1999","Region Not Set","","Sega","","1999-09-01","4","No","Action | Adventure | Role-Playing | Racing | Fighting | Sports | Platform","Not Rated","SEE EVERY LAUNCH GAME IN ACTION!

On this PC ONLY CD-ROM you will find movies of 29 amazing Sega Dreamcast games, including:
Sonic Adventure
Crazy Taxi
NFL 2000
Sega Rally 2
Soul Caliber
Shenmue

September 1999

EXCLUSIVE DREAMCAST PREVIEW CD-ROM"
"Official Sega Dreamcast Magazine Vol. 10","Official Sega Dreamcast Magazine January 2001 Vol. 10 | Official Sega Dreamcast Magazine January 2001","Region Not Set","","Sega","","2001-01-01","4","No","Action | Adventure | Racing | Shooter | Sports | Sandbox","Not Rated","JAN2001 VOL.10

Playable Demos:

F355 Challenge: Passione Rossa
Sega Marine Fishing
Kao the Kangaroo
Tom Clancy's Rainbow 6 Rogue Spear
Pod Speedzone
Speed Devils Online Racing
Toy Commander Holiday Mission

Non-Playables:
Phantasy Star Online
Evil Dead: Hail to the King
Grandia 2

Includes:
Sega Dreamcast Web Browser 2.0 with SegaNet"
"Official Sega Dreamcast Magazine Vol. 11","Official Sega Dreamcast Magazine February 2001 Vol. 11 | Official Sega Dreamcast Magazine February 2001","Region Not Set","","Sega","","2001-02-01","4","No","Puzzle | Racing | Shooter","Not Rated","FEB2001 VOL.11

Playable Demos:

4x4 Evolution
Eighteen Wheeler American Pro Trucker
Outtrigger
Max Steal Convert Missions
Metropolis Street Racer
Sega Swirl

Videos:
Jurassic 5 Music Video

Includes:
Sega Dreamcast Web Browser 2.6"
"Official Sega Dreamcast Magazine Vol. 2","Official Sega Dreamcast Magazine November 1999 Vol. 2 | Official Sega Dreamcast Magazine November 1999","Other","United States of America","Sega","","1999-11-01","4","No","Action | Fighting | Sports | Sandbox","Not Rated","Contains Playable Demos

Virtua Fighter 3tb
Dynamite Cop
TrickStyle
Toy Commander
And More!"
"Official Sega Dreamcast Magazine Vol. 3","Official Sega Dreamcast Magazine January 2000 Vol. 3 | Official Sega Dreamcast Magazine January 2000","Other","","Sega","Sega","2000-01-01","4","No","Action | Racing | Fighting | Sports","Not Rated","JAN2000 VOL.3

Playable Demos Included:
Slave Zero
Zombie Revenge
TNN Motorsports Hardcore Heat
Street Fighter Alpha 3
Suzuki Alstare Extreme racing
Vigilante 8: 2nd Offense (movie)"
"Official Sega Dreamcast Magazine Vol. 4","Official Sega Dreamcast Magazine March 2000 Vol. 4 | Official Sega Dreamcast Magazine March 2000","Region Not Set","","Sega","","2000-03-01","4","No","Action | Puzzle | Strategy | Shooter | Sports","Not Rated","MAR2000 VOL.4

Playable Demos:
Rayman 2
MDK 2
Virtual Striker 2
Chu Chu Rocket

Includes:
Full Version of Sega Swirl Game

Includes Dreamcast Web Browser Update 1.1"
"Official Sega Dreamcast Magazine Vol. 5","Official Sega Dreamcast Magazine May 2000 Vol. 5 | Official Sega Dreamcast Magazine May 2000","Region Not Set","","Sega","","2000-05-01","4","No","Shooter","Not Rated","MAY2000 VOL.5

Playable Demos*:

Dead or Alive 2
Carrier
F1 World Grand Prix
Legacy of Kain: Soul Reaver
Slave Zero
Gundam Side Story 0079
Revolt

*Includes demos for software not yet rated and rate ""E"" to ""M"" by the ESRB. Visit www.esrb.org or call 1-800-771-3772 for rating information."
"Official Sega Dreamcast Magazine Vol. 6","Official Sega Dreamcast Magazine July 2000 Vol. 6 | Official Sega Dreamcast Magazine July 2000","Region Not Set","","Sega","","2000-07-01","4","No","Action | Construction and Management Simulation | Role-Playing | Puzzle | Strategy | Sports","Not Rated","JULY 2000 VOL.6

Web Browser 2.0

Including Playable Demos:

Silver
Fur Fighters
Railroad Tycoon 2
Super Magnetic Neo
Tomb Raider: The Last Revelation
Tony Hawk's Pro Skater"
"Official Sega Dreamcast Magazine Vol. 7","Official Sega Dreamcast Magazine September 2000 Vol. 7 | Official Sega Dreamcast Magazine September 2000","Region Not Set","","Sega","","2000-09-09","4","No","Puzzle | Racing | Fighting | Sports | Flight Simulator","Not Rated","SEPT2000VOL.7

Playable Demos:

Ultimate Fighting Championship
San Francisco Rush 2049
AeroWings 2: Air Strike
Tokyo Xtreme Racer 2
Tony Hawk's Pro Skater
Sydney 2000
Virtua Tennis
MagForce Racing
Sega Swirl

Includes
Sega Dreamcast
Web Browser 2.0
with SegaNet"
"Official Sega Dreamcast Magazine Vol. 8","Official Sega Dreamcast Magazine November 2000 Vol. 8 | Official Sega Dreamcast Magazine Nov 2000 Vol. 8","Region Not Set","","Sega","","2000-11-01","4","No","Action | Adventure | Role-Playing | Puzzle | Strategy | Racing","Not Rated","NOV200VOL.8

Playable Demos:

Jet Grind Radio
Ecco the Dolphin: Defender of The Future
Demolition Racer: No Exit
Gauntlet Legends
Hoyle Casino

Includes:
Sega Dreamcast Web Browser 2.0 with SegaNet

Includes Exclusive Shenmue Movie"
"Official Sega Dreamcast Magazine Vol. 9","Official Sega Dreamcast Magazine December 2000 Vol. 9 | Official Sega Dreamcast Magazine December 2000","Region Not Set","","Sega","Sega","2000-12-01","1","No","Action | Adventure | Construction and Management Simulation | Role-Playing | Puzzle | Strategy | Racing | Shooter | Life Simulation | Fighting | Sports | Sandbox | Flight Simulator | MMO | Platform | Stealth | Music | Horror | Vehicle Simulation","RP - Rating Pending","DEC2000 VOL.9

Playable Demos:

Silent Scope
Starlancer
Super Runabout
KISS Psycho Circus: The Nightmare Child
Skies of Arcadia
Tony Hawk's Pro Skater 2
Army Men: Sarge's Heroes
Super Boom Tread Troopers
Looney Tunes Space Race

Includes: Sega Dreamcast Web Browser 2.0 with SegaNet"
"Omikron: The Nomad Soul","The Nomad Soul","NTSC-U","United States of America","Eidos Interactive","Quantic Dream","2000-06-22","1","No","Action | Adventure","T - Teen","""I have many things to tell you and very little time... I come from a universe parallel to yours. My world is desperately in need of your help. Only YOU can save us.""

Responding to the desperate pleas of a mysterious character from another dimension, your soul must enter the dark and futuristic city of Omikron. This heralds the beginning of an epic adventure through an increasingly strange and dazzling parallel world, trying to solve the many puzzles that prevent you from escaping alive. Think, fight and interact with the immense gaming environment to defeat the menacing demons that have tried to trap you.
more »"
"Ooga Booga","","NTSC-U","","Sega","Visual Concepts","2001-09-13","4","No","Action","E - Everyone","Ooga Booga is an online multiplayer game for the Dreamcast, focusing on the combat of ""Kahunas"" using thrown shrunken heads, riding animals, staffs, or using spells. The storyline is that Ooga Booga is a volcano goddess that creates islands, and has leaders of tribes, the Kahunas, that battle for her favor. It has a distinct Polynesian style and tone, and has many multiplayer islands and characters which can be unlocked. It was one of the last online games for the Dreamcast. There are four basic Kahunas that the player can use - Hottie (balanced), Fatty (strong), Twitchy (fast), and Hoodoo (spells). There are other unlockable Kahunas based on the main four. Some of them include Death (a floating skeleton), Abe (Former U.S. President Abraham Lincoln), Superguy (superhero), and Dwarf (a dwarf). There are multiple masks for each base Kahuna, unlocked by winning enough matches. There are many different arenas as well, varying from a pyramid to a jungle island to a small and empty desert. It received very positive reviews, including a 9.6 from IGN."
"Outtrigger","","PAL","","Sega","Sega AM2 R&D Division","2001-08-03","4","No","Action | Shooter","M - Mature 17+","You might be good enough to join Interforce, a private enterprise formed to fight terrorism, but to lead the team, you'll have to prove you're better than the other members. Outtrigger is a combat game that features both first- and third-person perspectives, and while it comes with a batch of single-player scenario missions, the game favors multiplayer mayhem. A split-screen mode for up to four players allows friends to compete in-house. Settings include castle ruins, an observatory, abandoned train stations, and more. The game's cache of weapons includes flamethrowers, photon torpedoes, and rocket launchers, to name a few."
"Pachi-Slot Teiou Dream Slot: Heiwa SP","","NTSC-J","Japan","Media Entertainment","Media Entertainment","2001-07-21","1","No","Utility","Not Rated","No overview is currently available for this title, please feel free to add one."
"Pachi-Slot Teiou: Dream Slot Olympia SP","","NTSC-J","Japan","Media Entertainment","Media Entertainment","2001-09-27","1","No","Utility","Not Rated","No overview is currently available for this title, please feel free to add one."
"Pachinko no Dendou: CR Nanashi","","NTSC-J","Japan","Micro Cabin Co.","MicroCabin","2001-10-04","1","No","Utility","Not Rated","No overview is currently available for this title, please feel free to add one."
"Panzer Front","","NTSC-J","Japan","ASCII Corporation","ASCII Entertainment","1999-12-22","1","No","Strategy","Not Rated","Panzer Front is a realistic World War II tank combat simulation spanning the summer offensive into Russia of 1941 to the fall of Berlin in 1945. Nearly 25 historical missions are provided in which the player can control American, German, or Russian forces. Nearly 30 realistically modeled tanks are playable along with 7 fictional ones and dozens of other vehicles that make up friendly and enemy forces."
"PBA Tour Bowling 2001","","NTSC","","","","1970-01-01","4","No","Sports","E - Everyone","Dreamcast prototype"
"Pen Pen TriIcelon","Pen Pen","NTSC-U","","Infogrames Entertainment","General Entertainment Co., Ltd.","1999-08-31","1","No","Racing","E - Everyone","Funny animal characters compete in a madcap triathlon on ice. Select one of seven whimsical characters including a penguin, shark, walrus, hippo, octopus, bird or dog. Race against each other or against the clock in three unique events including belly-surfing, ice-walking, and swimming. While the graphics catch your eye, it's the addictively fun gameplay which really makes Pen Pen TriIceLon shine."
"PenPen","Pen Pen TriIceLon","PAL","United Kingdom of Great Britain and Northern Ireland","Infogrames","","1999-11-12","4","No","Racing | Sports","E - Everyone","Pen Pen TriIceLon (ペンペン トライアイスロン), known simply as PenPen in Europe, is a Sega Dreamcast racing game by General Entertainment. It was one of the first Dreamcast games to be announced, PenPen TriIceLon is a 1-4 Player triathlon game consisting of running, belly-sliding and swimming. Each player controls a penguin-hybrid (PenShark, PenOctopus, PenSeal) and races in one of 4 worlds: Sweets, Jungle, Toys and Horror. There are 5 races in each world: Easy, Medium, Hard, VS. Same and VS. Hanamizu, where you have to race against a cheater. In every race except Easy, there is also an obstacle somewhere in the walking area. A list of the characters and worlds (including where the obstacles are) is below."
"Phantasy Star Online","","PAL","United Kingdom of Great Britain and Northern Ireland","Sega","Sonic Team","2001-02-15","1","No","Action | Role-Playing","E10+ - Everyone 10+","Pioneer 2 finally completed it's long voyage to the new home world. But as the ship entered orbit, an enormous explosion shook the entire planet, and all contact with the thousands of people already there was lost. Now, in the first worldwide online console RPG, players from around the globe must unite to discover what has happened. Phantasy Star Online continues in the tradition of one of the most popular series of all time, and becomes a revolutionary and truly global gaming experience in an online, persistent world."
"Phantasy Star Online Ver. 2","ファンタシースターオンライン Ver. 2","PAL","United Kingdom of Great Britain and Northern Ireland","Sega","Sonic Team","2002-03-01","1","No","Role-Playing","T - Teen","Phantasy Star Online Ver. 2 (ファンタシースターオンライン Ver. 2) is not a new game but rather an updated and refined version of the original Phantasy Star Online. The game was released for the Sega Dreamcast in 2001 and would later be used as the basis for a Windows PC port released in that same year exclusively to Japan, Taiwan and South Korea."
"Phantasy Star Online Ver.2 (JPN)","ファンタシースターオンラインVer.2","NTSC-J","","Sega","Sonic Team","2001-06-07","1","No","Action | Adventure | Role-Playing","Not Rated","「PSO]に熱中するキミも、はじめてのキミも・・・
「Ver.2]で新しい世界へー。"
"Pier Solar and the Great Architects","","NTSC-U","","WaterMelon","Watermelon","2010-07-07","1","No","Adventure","E - Everyone","In this prospered and peaceful town there live three best friends: Hoston, Alina and Edessot. Young and curious, they want to go on a herb-seeking quest to help cure Hoston's father's mysterious illness. Little do they know ... it will be the beginning of their lifetime journey where they will learn the true meaning of friendship and the thrill of adventure.

This journey will demand their courage and wisdom to solve a long-lost mystery while they face the forces of destruction dispatched by an evil man who is trying to change the world for his own good. Through this escapade, they will be reborn as great heroes to protect the universe from a mistaken purpose.."
"Pier Solar and the Great Architects [Collector's Edition]","","NTSC","United States of America","WaterMelon","Watermelon","2015-10-25","1","No","Role-Playing","T - Teen","Pier Solar tells the story of a boy named Hoston and his friends. Their journey starts out as a simple mission to get healing herbs for Hoston’s ailing father, but the kids are soon wrapped up in a much larger conflict that sends them around the world."
"Planet Ring","","PAL","","Sega","Sega","2000-04-12","4","No","MMO","Not Rated","Planet Ring is a Sega Dreamcast game released in 2000. The disc was distributed for free in the United Kingdom through the Official Dreamcast Magazine and was one of the few games released in PAL regions to support the Dreamcast Microphone as well as the Dreamcast Keyboard.

It was one of the first video games to require the user to be connected to the internet at all times, as it contains four online minigames to help promote the Dreamcast's internet features. Up to 32 players could compete in online events, The game was brought back online in 2014 and has also had the voice chat function brought back. Updates to the server in 2016 allow it to work with the DreamPi [1]

The game was only available in Europe."
"Planet Ring (includes microphone)","","PAL","","Sega","Sega","2000-12-04","32","No","MMO | Family","Not Rated","Include yourself in a totally new concept, created by Sega for its world of On-line gaming, and experience a new form of on-line communication. ""Planet RING"" is an 'Online Theme Park', containing many exciting elements, which you can only experience through Dreamcast. There are currently 4 mini attractions (games) on this Planet, each is simple but addictive - 'Dream Dorobo', 'Ball Bubble', 'SOAR', and 'Splash', and together with other amenities such as 'RING Messenger' and many entertaining events to be introduced in the future, this is truly a gamers paradise! The online gaming and functions for this game are only available in the UK, mainland France, Germany, Spain, Italy and Ireland."
"Plasma Sword: Nightmare of Bilstein","","NTSC-U","","Capcom","Capcom","2000-03-31","2","No","Fighting","T - Teen","Plasma Sword: Nightmare of Bilstein, released in Japan as Star Gladiator 2: Nightmare of Bilstein (Japanese: スターグラディエイター2 Hepburn: Sutāguradieitā Tsū?), is a 1998 3D weapon-based fighting video game released by Capcom for the arcades. It is the sequel to Star Gladiator and runs on the ZN-2 hardware, an improved version of the PlayStation-based ZN-1 hardware its predecessor ran on. A Dreamcast port was released in 2000."
"Plus Plum","","NTSC-J","Japan","Takuyo","Takuyo","1999-10-07","2","No","Puzzle","Not Rated","Plus Plum (ぷらすぷらむ) is a puzzle game for the Sega Dreamcast."
"PLUS PLUMB","ぷらすぷらむ","NTSC-J","Japan","Takuyo","Takuyo","1999-10-07","2","No","Puzzle","Not Rated","Plus Plum is an action puzzle game released in Japan in 1999 and published by Takuyo. Gameplay is similar to Tetris where red, blue, yellow, green, white, or purple spheres drop from the top of the screen one at a time and must be matched with similar colors in an adjacent row. The player places the spheres and that toggle in color as they fall from red to blue, yellow to green, or white to purple. If three or more spheres of similar color are dropped adjacent to one another, the line of spheres will disappear, and any spheres above will fall to next level. All spheres touching the line that disappears will switch to their alternate colors. The twist on the typical Tetris-gameplay is that the spheres fall onto a platform that can only hold so much weight before it gradually gives way under the strain of too many spheres and gets pushed to the bottom of the screen."
"POD: Speedzone","POD 2","NTSC-U","","Ubisoft Entertainment","Ubisoft","2000-12-05","4","No","Racing","E - Everyone","POD 2, known as POD SpeedZone in North America, is a Sega Dreamcast racing game and a sequel to POD."
"Polyko's Super Jelly Bean Quest in the Sketchbook of Illusion","","Region Not Set","","Senile Team","HotPengu","2012-08-24","1","No","Platform","","This is a free game, originally developed by HotPengu and brought to the Dreamcast by Senile Team. In this small but charming game you control artist Polyko, who has been magically transported into the world of his own creations."
"Pop'n Music","","NTSC-J","","Konami Digital Entertainment, Inc.","Bemani","1999-02-25","2","No","Music","Not Rated","Pop'n Music (ポップンミュージック Poppun Myūjikku), commonly abbreviated as Pop'n, PM or PNM and stylized as pop'n music, is a music video game series in the Bemani series made by the Konami Corporation. The games are known for their bright colors, upbeat songs, and cute cartoon character graphics. Originally released in 1998, the series has had over fifteen home releases in Japan as well as many arcade versions. Despite the console and arcade releases only being officially released in Asia, it is also popular in other countries and Pop'n Music arcade machines can be found around the world."
"Pop'n Music 2","","NTSC-J","","Konami","","1999-03-19","2","No","Music","E - Everyone","No overview is currently available for this title, please feel free to add one."
"Pop'n Music 3 Append Disc","ポップンミュージック3 アペンドディスク","NTSC-J","Japan","Konami","Konami Computer Entertainment Yokohama","2000-02-03","4","No","Music","Not Rated","Pop'n Music 3 Append Disc (ポップンミュージック3 アペンドディスク) is the sequel to Pop'n Music 2. It was released for the Sega Dreamcast and is designed to be used with the Pop'n Music Controller.
As the title may suggest, this version of Pop'n Music 3 is not a full game - it instead requires the user to boot up Pop'n' Music 2 and switch discs to access the extra content."
"Pop'n Music 4 Append Disc","","NTSC-J","","","","2000-03-01","2","No","Music","E - Everyone","No overview is currently available for this title, please feel free to add one."
"Postal","","PAL","United Kingdom of Great Britain and Northern Ireland","","Running With Scissors","2022-06-02","1","No","Action | Shooter","M - Mature 17+","Welcome to Paradise… Arizona. They’re out to get you. Or are they? It doesn’t matter. You don’t have time to think, only time to kill.
Take control of The Postal Dude in his infamous first outing! POSTAL is an isometric shooter filled to the brim with fast-paced explosive action. Blast, maim and fire-bomb your way through 17 unsuspecting locales, from a small town to a heavily guarded military complex. Don’t get too crazy – this killing spree is anything but senseless. Out here, strategy is key and the locals are packin’. 
This region free game is playable on Dreamcast systems from around the world, with all video modes supported including PAL, NTSC, and even VGA – all running at a rock solid 60 fps.
 640 x 480 resolution at 60 fps
Controller and Arcade Stick supported
Supports PAL, NTSC, and VGA displays
High quality factory pressed physical media (CD-ROM)"
"Power Jet Racing 2001","","Region Not Set","","CRI Middleware Co., Ltd.","CRI","2001-03-22","2","No","Sports","E - Everyone","Power Jet Racing 2001 is a jet ski racing game for the Sega Dreamcast."
"Power Smash","パワースマッシュ | Virtua Tennis","NTSC-J","Japan","Sega","Hitmaker | 																Sega AM3 R&D Division","2000-11-23","2","Yes","Sports","E - Everyone","Directly translated from the popular arcade stand-up, Power Smash (パワースマッシュ), called Virtua Tennis in Europe and the USA, offers a light-year jump from the Pong-style tennis of yesteryear. Sporting rich 3-D graphics, crisp animation, and realistic sound effects, you'll swear you're courtside at a grand slam. But, thanks to the game's simple controls, you won't have to spend years at a tennis camp just learning a backhand. The game features hard-top, grass, and clay surfaces, all with distinct ball-bounce and sound responses. Choose one of eight internationally ranked tennis pros and play against advanced computer opponents, or plug an extra controller in and play a friend head to head. Just as in real championships, ball boys, chair umps, and even spectators react to your game.

At the time of release it was widely regarded as the most realistic tennis simulator ever produced, and received very positive reviews from critics. It has since been followed by a number of sequels, starting with Virtua Tennis 2 in 2001 and ending with the recently released Virtua Tennis 2009."
"Power Smash 2","パワースマッシュ2","NTSC-J","Japan","Sega","Hitmaker","2001-11-15","4","Yes","Sports","E - Everyone","Power Smash 2 (パワースマッシュ２), known as Virtua Tennis 2 in Europe and the USA, is the direct sequel to Power Smash. It was developed by Hitmaker and published by Sega in 2001 for Sega NAOMI arcade hardware as either a ROM board or a GD-ROM before being brought to the Sega Dreamcast and later PlayStation 2.

Power Smash builds on the gameplay found in its predecessor, and adds the option to play as female professional tennis players and mixed doubles matches."
"Power Stone","","PAL","","Eidos Interactive","Capcom","1999-10-14","2","No","Fighting","T - Teen","In Power Stone, two fighters take to multi-level arenas with Power Stones and other weapons lying around for use.

Each game contains Power Stones. When you have enough stones (between three to five), your character transforms into an almost unbeatable warrior, with an all-new range of moves (although this does not last for long)."
"Power Stone (Japan)","パワーストーン","NTSC-J","Japan","Capcom","Capcom","1999-02-25","1","No","Fighting","Not Rated","３D空間を自由に駆けめぐる対戦活劇。「柱に登る」「イスを持ち上げる」「壁を駆け上がる」など今まで見たこともない自由なアクションが満載。

The creators of Street Fighter add a new dimension to 3D fighting. In Power Stone, two fighters take to multi-level arenas with Power Stones and other weapons lying around for use.

Each game contains Power Stones. When you have enough stones (between three to five), your character transforms into an almost unbeatable warrior, with an all-new range of moves (although this does not last for long)."
"Power Stone [Not For Resale]","","NTSC-U","United States of America","Capcom USA, Inc.","Capcom","1999-02-13","2","Yes","Fighting","T - Teen","Set in the 19th century, strong believers of legends, myths and superstition search for fame, fortune and glory. One legend above all is sought after by many, a treasure which can make any dream come true. Believers from all over the world set out to search for this treasure, and are forced to fight against one another in pursuit of the legendary Power Stone."
"Power Stone 2","","NTSC-U","","Capcom","Capcom","2000-08-23","4","No","Fighting","T - Teen","Power Stone 2 adds heaps of new characters and environments to the already established crew, however there are now 4 players doing battle at a time in both single and multiplayer modes.

This time, the top 2 from every round (in other words the two that survive each fight of 4 players) progress to the next round. And after a few rounds, you will battle it out with huge Bosses that take up most of the screen."
"Power Stone 2 (PAL)","Power Stone 2 (Europe)","PAL","United Kingdom of Great Britain and Northern Ireland","Eidos Interactive","Capcom","2000-09-15","4","No","Fighting","T - Teen","Power Stone™ 2 is everything you want from a sequel - more characters, enhanced gameplay, endless stockpiles of weapons, dazzling graphics and a fantastic four-player option."
"Prince of Persia: Arabian Nights","Prince of Persia 3D","NTSC-U","","Mattel Interactive","Avalanche Software LLC","2000-06-12","1","No","Action | Adventure","T - Teen","The Sultan of Persia and his son-in-law are visiting the Sultan's brother, Assan. The friendly family meeting soon turns into a nightmare: Assan kills the young Prince's bodyguards, locks him up in a prison, and captures the Sultan. The reason is a little disagreement between the brothers regarding matrimonial arrangements: it appears that the Sultan had promised his daughter to Assan's son, Rugnor, and later broke his promise by letting her marry the Prince. In the resulting turmoil, the Sultan is killed, and the Princess is kidnapped by Rugnor, a ruthless half-tiger creature. The Prince must figure out a way to find Rugnor, defeat him, and rescue his wife.

Prince of Persia 3D is just what its title implies: an action platformer with puzzle-solving elements in the style of the previous Prince of Persia games, but set in a three-dimensional environment. The Prince still has to time his jumps, avoid deadly traps, interact with the environment, and fight Rugnor's minions who will try to stop him."
"Prism Heart","","NTSC-J","Japan","KID Corp.","KID Corp.","2001-11-29","1","No","Adventure","M - Mature 17+","No overview is currently available for this title, please feel free to add one."
"Pro Pinball Trilogy","","PAL","","Sega","Cunning Developments","2001-06-08","1","No","Action","E - Everyone","Pro Pinball Trilogy is a compilation of games previously released for the Sony PlayStation which make up the Pro Pinball series. The only game missing is Pro-Pinball: The Web, which is available on the Sega Saturn."
"Pro Yakyuu Team o Tsukurou!","","NTSC-J","","Sega","Smilebit","1999-08-05","2","No","Sports","E - Everyone","A baseball game with SD characters."
"Project Justice","Project Justice: Rival Schools 2","NTSC-U","","Capcom","Capcom","2001-05-16","4","No","Fighting","T - Teen","A group of long time friends now unite in the pursuit of honor and excellence. Setting all past rivalries aside, they band together to uncover the mystery behind an unusual series of events. Join over 20 playable characters, each with their own unique skills and custom attacks, as they compete in 3-on-3 battles in beautifully rendered 3-D worlds. Assemble your team and perform incredible fighting combos all for one united goal...Project Justice!"
"Project Justice: Rival Schools 2","Project Justice","PAL","United Kingdom of Great Britain and Northern Ireland","Virgin Interactive Entertainment (Europe) Ltd.","Capcom","2001-04-13","4","No","Fighting","T - Teen","A group of long time friends now unite in the pursuit of honor and excellence. Setting all past rivalries aside, they band together to uncover the mystery behind an unusual series of events. Join over 20 playable characters, each with their own unique skills and custom attacks, as they compete in 3-on-3 battles in beautifully rendered 3-D worlds. Assemble your team and perform incredible fighting combos all for one united goal...Project Justice!"
"Propeller Arena","","PAL","","","","2001-08-14","1","No","Action | Flight Simulator","T - Teen","You'll journey back in time and try out your hand as a World War II fighter pilot in this creative classic. See how you stack up against the great war heroes of the day, battling the computer in Race, Trick, and Destruction modes. If you're up to the task, link up with up to six players via the Internet, and then let the trash talking fly with real-time chat. World War II might be little bit before your time, but you can get a sense of what made the aerial warfare so innovative in PROPELLER ARENA."
"Psychic Force 2012","","NTSC-J","","Taito Corporation","","1999-03-04","2","No","Fighting","Not Rated","No overview is currently available for this title, please feel free to add one."
"Psyvariar 2: The Will to Fabricate","","NTSC-J","Japan","Success Corp.","SKONEC Entertainment","2004-02-26","1","No","Shooter","Not Rated","Psyvariar 2: The Will to Fabricate (サイヴァリア2: THE WILL TO FABRICATE?) is a vertically scrolling shoot 'em up developed by SKONEC Entertainment and distributed by Success. It is the sequel to the 2000 title, Psyvariar.

The game was initially developed for the Sega NAOMI arcade platform, and was released in Japanese arcades in November 2003. A Dreamcast version was released on February 26, 2004, and ports to both the PlayStation 2 and Xbox were released later that year."
"Puyo Puyo Da!","Puyo Puyo Da! Featuring Ellena System","Region Not Set","","Compile","Compile","1999-12-16","2","No","Action","Not Rated","Puyo Puyo Da! Featuring Ellena System (ぷよぷよDA! -featuring ELLENA system- ) is a rhythm game based on the Puyo Puyo series. It was released for Sega NAOMI arcade hardware and the Sega Dreamcast in 1999."
"Puyo Puyo Fever","Puyo Pop Fever","NTSC-J","","Sega","Sonic Team","2004-02-24","2","No","Puzzle","Not Rated","Puyo Puyo Fever (ぷよぷよフィーバー), renamed Puyo Pop Fever for international release, is the fifth ""main"" installment in the Puyo Puyo series, originally developed for Sega NAOMI arcade hardware by Sonic Team. It was the first completely original Puyo Puyo title to be produced after the original developers, Compile, filed for bankruptcy.

Puyo Puyo Fever is as close as the series has come to a reboot, abandoning most of Compile's Madou Monogatari characters and settings in favour of a new, original cast engineered by Sonic Team. However saying this, the game's story still remains canon with prior games, as Arle and Carbuncle are transported to this new world after the former's magic fails."
"Puyo Puyo~n","Puyo Puyo 4","Region Not Set","","Sega","Compile","1999-03-04","4","No","Puzzle","","Puyo Puyo~n (ぷよぷよ〜ん), often referred to as Puyo Puyo 4 is an entry in the Puyo Puyo series of games. It was first released for the Sega Dreamcast (rather than an arcade platform) in 1999. Like previous games in the series, the title of the game is a play on words - ""yon"", the Japanese word for four, appears if you pronounce the game's name as ""Puyo Puyon"" (furthermore, puyo in various Madou Monogatari games also say this). As with most games in the series, Puyo Puyo~n did not leave Japan."
"Puzzle Bobble 4","Bust -A- Move 4 | Bust A Move 4","NTSC-J","Japan","CyberFront Corporation","Taito Corporation","2000-03-16","2","No","Puzzle","E - Everyone","No overview is currently available for this title, please feel free to add one."
"Q*bert","","NTSC-U","","","","2000-01-01","1","No","Platform","E - Everyone","Q*bert is an isometric platform game with puzzle elements where the player controls the titular protagonist from a third-person perspective. Q*bert starts each game at the top of a pyramid of cubes, and moves by jumping diagonally from cube to cube. Landing on a cube causes it to change color, and changing every cube to the target color allows the player to progress to the next stage."
"Quake","QuakeDC","NTSC","United States of America","","","2000-10-22","1","No","Shooter | Unofficial","M - Mature 17+","In the single-player game, the player takes the role of the unnamed protagonist, named Ranger in later games (voiced by Trent Reznor), sent into a portal in order to stop an enemy code-named ""Quake"".

Homebrew port of the orginal 96 PC version."
"Quake Aliens","","NTSC","","","","1970-01-01","4","No","Unofficial","Not Rated","Quake Aliens for Dreamcast = T-9713N"
"Quake II","","NTSC","","","","1970-01-01","1","No","Shooter | Unofficial","Not Rated","Quake II for Dreamcast = MK6600"
"Quake III Arena","Quake 3 Arena","PAL","","Sega","RasterSoft","2000-10-23","4","No","Action | Shooter","M - Mature 17+","Unlike its predecessors, Q3A does not have a plot-based single-player campaign. Instead, it simulates the multiplayer experience with computer controlled players known as bots. The game's story is brief - 'the greatest warriors of all time fight for the amusement of a race called the Vadrigar in the Arena Eternal.'"
"Quake III Arena (White Label Edition)","","PAL","United Kingdom of Great Britain and Northern Ireland","","","2000-02-01","4","Yes","Shooter","Not Rated","No overview is currently available for this title, please feel free to add one."
"Qui Veut Gagner des Millions","","PAL","France","Eidos Interactive","","2000-09-29","4","No","Quiz","E - Everyone","Le jeu qui captive des millions de Francais arrive aujourd'hui chez vous.
Animé par Jean-Pierre Foucault, ce jeu, maintenant disponible sur Dreamcast, vous permet de devenir un millionnaire virtuel et de retrouver toute la tension s et motion de I'émission TV « Qui Veut GagnerDes Millions ? »."
"Quiz: Ah! My Goddess - Stay With Fighting Wings","","NTSC-J","Japan","Sega","WOW Entertainment","2000-11-30","1","No","Quiz","E - Everyone","Based on the japanese manga Oh! My Goddess, the player plays as Keiichi Morisato answering to questions posed by characters from the anime/manga such as Belldandy, Skuld, Urd, Lind and Peorth."
"Racing Simulation 2 - Monaco Grand Prix On-Line","Monaco Grand Prix 2 Online","PAL","","","","1998-01-01","4","No","Racing","E - Everyone","Monaco Grand Prix Racing 2 Online for the Sega Dreamcast"
"Racing Simulation Monaco Grand Prix","Monaco Grand Prix Racing Simulation 2","PAL","United Kingdom of Great Britain and Northern Ireland","Ubisoft","Ubisoft","1999-08-01","1","No","Racing","Not Rated","No overview is currently available for this title, please feel free to add one."
"Radirgy","","NTSC-J","","MileStone Inc.","Milestone Inc.","2005-10-01","1","No","Shooter","Not Rated","Radirgy (ラジルギ) is a vertical shoot-'em-up developed for Sega NAOMI arcade hardware. It was later ported to the Sega Dreamcast. Neither version left Japan.

The game was followed by Radirgy Noa."
"Railroad Tycoon II: Gold Edition","","NTSC-U","","MicroProse Software, Inc.","PopTop Software Inc.","2000-06-30","1","No","Construction and Management Simulation","E - Everyone","Establish yourself as a mogul to be reckoned with as you work your way up the ranks of the railway industry in this strategy game. Expand your domain across continents and a changing global marketplace.

Build the Transcontinental Railway or the Orient Express. Run Steam train through the jungles of Africa, or electric trains through the Swiss Alps. Run your competitors out of town on a rail.

An 18 scenario campaign lets you re-create history's greatest railroading feats and failures"
"Rainbow Cotton","","NTSC-J","","Success Corp.","Success Corp.","2000-01-20","1","No","Shooter","Not Rated","Rainbow Cotton is an Action game, developed and published by Success, which was released in Japan in 2000.

Rainbow Cotton (レインボーコットン) is an entry in the Cotton series of shooters. It was released for the Sega Dreamcast. Like the earlier Panorama Cotton it is played from a third-person perspective."
"Ranger Mission","","NTSC","","Sammy Corporation","Sammy","2004-01-01","2","Yes","Action | Shooter","T - Teen","A 1 to 2 player 3-D military combat shooting game where players use pump-action shotguns to shoot on-screen enemies.The game has four different missions:Jungle Mission, Desert Mission, Indoor Rescue Mission and Tundra Mission."
"Rayman 2: The Great Escape","","PAL","","Ubisoft Entertainment","Ubisoft","2000-03-16","1","No","Action | Platform","E - Everyone","Rayman 2: The Great Escape is the sequel to Rayman, a 2D side-scrolling platform game. Unlike the previous game, Rayman 2 is entirely in free-roaming 3D environments, similar to Super Mario 64. Rayman has many unique abilities that can help him get around the world. In addition to being able to shoot his fists, he can use his hair to hover like a helicopter, and even glide on air currents in certain places. He can climb certain walls and ceilings and can even use his fists to swing from special purple Lums which are shaped like rings. Rayman also has many unique items at his disposal, such as powder kegs which can be carried or fly like jets, strange warheads with legs that he can ride and steer like bucking mules, and gigantic plums that can be thrown into the water to create new paths."
"Rayman: Kaizokufune Kara no Dasshutsu!","Rayman 2: The Great Escape","NTSC-J","Japan","Sega","Ubisoft Montpellier","2000-03-23","1","No","Action | Adventure | Platform","Not Rated","No overview is currently available for this title, please feel free to add one."
"Rayman: The Great Escape","Rayman Kaizokusen Kara no Dasshutsu!","NTSC-J","Japan","Ubisoft","Ubisoft","2000-03-23","1","No","Action | Adventure | Platform","E - Everyone","Rayman Kaizokusen Kara no Dasshutsu! (レイマン 海賊船からの脱出！) is the sequel to Rayman, brought to several video game platforms including the Sega Dreamcast in 2000. Developed and published by Ubisoft, it was the first 3D Rayman game, and follows Rayman as he liberates all his friends from a gang of evil pirates."
"Razor Freestyle Scooter","Freestyle Scooter","NTSC-U","","Crave Entertainment","Shaba Games LLC","2001-08-08","1","No","Racing | Sports","E - Everyone","Razor Freestyle Scooter is an extreme-sports style action game modeled around small, nimble scooters. In contrast to most games of this type, there is a story. A crazed giant robot has kidnapped your skating buddies. By completing skating challenges at the robot's sky fortress, you must rescue your friends.

You skate around 3 large areas and attempt to perform wild tricks, collect scooter wheels, and earn bonus time. By completing an objective on all 3 areas, you unlock a sky fortress level in which you can rescue a new skater to control."
"Re-Volt","","PAL","","Acclaim Entertainment, Inc.","Acclaim Studios London","2000-08-02","4","No","Racing","E - Everyone","The premise of the game involves racing radio-controlled cars around environments like museums, steamships, construction sites and supermarkets. During a race the cars can collect random weapons to use to displace competitors. Cars and tracks were both unlocked through success in the game's tournament modes."
"Ready 2 Rumble Boxing","","PAL","Brazil","Tec Toy Indústria de Brinquedos S.A.","Midway Studios","1999-01-01","2","No","Fighting","Not Rated","Prepare-se para Ready 2 Rumble
16 Lutadores Todos prontos para acabar com sua raça

Um arsenal de baixarias e jogo sujo

Locução de Michael Buffer - Ganchos, direitas, esquerdas, diretos e muito mais

Combos secretos para uma punição cruel

Rumble power destrava golpes incríveis

Modos arcade, campeonato e treinamento - Crie e salve seu boxeador ideal"
"Ready 2 Rumble Boxing (JPN)","","NTSC-J","Japan","Midway Games","Midway Studios - San Diego","1999-09-09","2","No","Action | Fighting","Not Rated","Ready 2 Rumble Boxing is a boxing video game developed by Midway Studios San Diego, published by Midway Games in 1999 for the Dreamcast, PlayStation, Game Boy Color, and Nintendo 64. The success of the Dreamcast version led to it becoming one of the few Sega All Stars titles."
"Ready 2 Rumble Boxing [HOT! NEW!]","","NTSC-U","United States of America","Midway Games","Midway","1999-09-08","2","Yes","Fighting","T - Teen","Ready 2 Rumble Boxing is a boxing video game developed by Midway and published in 1999 for the Dreamcast, PlayStation, Game Boy Color, and Nintendo 64. The success of the Dreamcast version led to it becoming one of the few Sega All Stars titles.

Like Nintendo's Punch-Out!! series, it features many characters with colorful personalities (i.e. Afro Thunder, Boris ""The Bear"" Knokimov, etc.); however, unlike the Punch-Out!! series, Ready 2 Rumble Boxing is in 3D, thus allowing for more control over one's character in the ring. Also unlike Punch-Out!!, players can choose whichever boxer they want from a rather large selection of characters.

Throughout the fights in the game, there is a special RUMBLE meter which fills up, one or two letters at a time, until the word ""RUMBLE"" is spelled at the bottom of the screen. Letters can be obtained by successfully landing hard blows; most such actions will yield one letter, though some particularly strong punches may yield more. Once the meter is full, the player can power himself up, enabling access to a special combo called ""Rumble Flurry"", activated by pressing a button combination. Each character's ""flurry"" is unique to them, and consists of a series of punches which does a large amount of damage if landed successfully.

One unique graphic feature of the game is the gradual bruises gained by players as the fight progresses (like hematomas and swellings), present in all fifth-generation versions. While this is not necessarily a new feature to games (it had been implemented before in SNK's 1992 game Art of Fighting), it garnered much appraisal from reviewers, because of the added fun factor this element supply to the game.[1]

The Game Boy Color version was one of the few games for the system to feature built-in rumble.

The Dreamcast, PlayStation, and Nintendo 64 versions each have an exclusive boxer: these are, respectively, Jimmy Blood, Gino Stiletto, and J.R. Flurry.

Ring announcer Michael Buffer appears in the game as himself.

This is the Hot! New! Variant that replaced the buggy first runs."
"Ready 2 Rumble Boxing: Round 2","","Region Not Set","","Midway Games","Midway","2000-10-23","2","No","Sports","T - Teen","Has the King of Pop become the Prince of Pugilism? As a sequel to 1999's surprise knockout, Ready 2 Rumble Boxing: Round 2 features Michael Jackson, alongside NBA heavyweight Shaquille O'Neal and a mix of new and returning contestants, for some over-the-top fisticuffs. The game combines authentic boxing action with outrageous costumes, special moves, taunts, and rumble flurries, all of which are unique for each character. Throw some quick jabs in the arcade mode or do it Rocky-style via the enhanced championship mode, in which you'll manage your boxer's training regimen and schedule fights. Adding to the realism are photographers, corner men with spit buckets, beautiful ring girls who announce each new round, and Michael Buffer with his famous ""Let's get ready to rumble!"" call."
"Record of Lodoss War","","NTSC-U","","Conspiracy Entertainment Corporation","Neverland","2001-02-26","2","Yes","Action | Adventure | Strategy","M - Mature 17+","Experience the world of Record of Lodoss War up close and personal in an epic 3D Action/RPG only for Sega Dreamcast. Take control of a mysterious warrior from the past, resurrected to save the future, on a colossal quest filled with pulse-pounding action and high adventure. Join forces with popular characters from the Lodoss universe and combat hundreds of vicious enemies with dozens of spectacular spells"
"Rectangle Battle","","Region Not Set","","2D-Retroperspectives","2D-Retroperspectives","2012-02-04","1","No","Shooter","","Rectangle Battle pays homage to old shooting games from the 70s. The rather limited techniques that were available at that time forced developers to use minimalistic graphics to visualize a game world and its story. Today those games may not look all too fancy when you are used to modern AAA-titles with high-end graphics and moving cameras creating a world almost looking like ours, however they are masterpieces in their own right. The abstract form of those games is not bound to the 70s or 80s, it can also feel appealing to the new generation of gamers. Many developers today have shown this. So take a bit of your time and dwell with us in the earlier days of gaming. Maybe you will come to understand the fun of the abstract and really take your mind off daily life. If you were inspired maybe you would like to look at some of our inspirational titles: Outlaw (1979) on the Atari 2600 Asteroids (1979) Arcade...get ready for some single screen action!"
"Red Dog: Superior Firepower","","PAL","","Sega","Argonaut Games","2000-04-21","4","No","Action","E - Everyone","The game is composed of six single-player missions, seven challenge missions, and numerous combinations of game types and maps in multi-player mode. The player controls the Red Dog, an armored all-terrain assault vehicle to fight the Haak, an alien race that has invaded Earth."
"Redline Racer","","NTSC-J","","Ubisoft","Criterion Games","1999-04-29","1","No","Racing","E - Everyone","Redline Racer (Suzuki Alstare Extreme Racing for the European and North American Dreamcast release, European Game Boy Color release and Microsoft Windows re-release) is a racing game that was developed by Criterion Games and published by Ubi Soft."
"Redux: Dark Matters","","Other","","Signo & Arte","KTX Software","2014-12-12","1","No","Action","Not Rated","Redux: Dark Matters is an ultra hot classic shmup and definitely a must have for every shmup fan. Released successfully at the beginning of 2014 as a brandnew Dreamcast game in limited edition - now the games comes as a beautiful super sharp 16:9/720p and 1080p full HD PC version on Steam for worldwide distribution right before the same year ends! 

Redux: Dark Matters is a fast-paced space shooting game with fresh scoring elements and some review called the game a bastard-hard shooter. However, you have to master 7 stages with different ambiance which is indeed anything but easy - not yet spoken of the boss encounters. Always watch out since each and every thing is loaded with whatever to discover. Your ship is armed with rapid fire, sub-weapons, rockets and more - in other words with all you need to make it through - it depends on you! 

The story takes place in the year 2067, when the “Space Force” organisation was exploring the galaxy for new strong and powerful materials to produce more powerful battle ships they discovered a space mine on a strange asteroid on the enemy territories. The scientists now began to analyze the material and concluded they had found the one material to build the best space ship ever. 

One year later, the prototype was finished and the test results show unmatched battle power. However, the material seemed to be unstable and the use of the assembled ship was highly risky but since the Evil threat, was close to destroy the whole universe, the organisation was forced to let the ship fly. 

NOW, go to experience the highlights of the game - pilot your space ship, blast off the mechanized servants of evil and save the world! 

Game Features 
 Superb Arcade Style Game Graphics 
 7 Stages with Huge Boss Enemies  
Tons of Weapons  
Two player ships to choose from with different Weapons  
Normal and Veteran Difficulty 
 Instant Respawn  
Arcade Gameplay and Addictive Scoring System  
Awesome Soundtrack Composed by Andre Neumann feat. Chris Huelsbeck!"
"Reel Fishing: Wild","","NTSC-U","","","","2001-01-01","1","No","Sports","E - Everyone","Reel Fishing is a series of fishing video games by Natsume. The first game, Reel Fishing, was released for the PlayStation in 1996. Originally a localization of Pack-In-Video's (now Marvelous) Fish Eyes series from Japan, Natsume has since diverged from that series to create their own games."
"Reggie's Radical Adventures","","Other","United States of America","","","2021-06-25","2","No","Action | Platform","Not Rated","Are you a RAD enough dude or dudette to take control of Reggie and his pal, Sakura, to free the galaxy from the grip of the dastardly dictator, El Gato Blanco?!

Play alone or with a friend!

Battle bodacious bosses!

Use over a half-dozen radjitsu skills!"
"Rent-A-Hero No. 1","Rent A Hero No 1","NTSC-J","","Sega","Sega","2000-05-25","1","No","Action","Not Rated","In this action-adventure game, players assume the role of a hero for hire who must complete a number of different tasks around town."
"Resident Evil 2","","NTSC-U","","Capcom","Capcom","2000-04-28","1","No","Horror","M - Mature 17+","The game is set two months after the events of the first Resident Evil, in the Midwestern American mountain community of Raccoon City. Nearly all of its citizens have been transformed into zombies by an outbreak of the T-virus, a new type of biological weapon secretly developed by the pharmaceutical company Umbrella. The game's two protagonists are Leon S. Kennedy, a rookie police officer on his first day in the local force, and Claire Redfield, a college student looking for her brother Chris. Having just arrived in the city, Leon and Claire make their way to the Raccoon Police Department, seeking protection from the mutated population. There, they discover that most of the policemen have been killed already, and that Chris has left town to investigate the Umbrella headquarters in Europe. With no remaining motivation to stay, the two protagonists split up to look for other survivors and flee the city. While searching for an escape route, Claire meets a little girl named Sherry, who is on the run from an unknown creature, and Leon encounters Ada Wong, who claims to be looking for her boyfriend John, an Umbrella researcher."
"Resident Evil 3: Nemesis","Resident Evil 3 - Nemesis","NTSC-U","","Capcom","Capcom","2000-11-17","1","No","Action | Adventure | Horror","M - Mature 17+","The first half of the game occurs 24 hours prior to Resident Evil 2 and the second half takes place two days after. The storyline expands upon the settings and events of the T-virus outbreak in Raccoon City, and concludes with the fate of the city and its infected population."
"Resident Evil Code: Veronica","","NTSC-U","United States of America","Capcom USA, Inc.","Capcom Production Studio 4 | 																Nextech","2000-03-28","1","No","Action | Adventure | Horror","M - Mature 17+","Resident Evil - Code: Veronica takes up the story of Claire Redfield, a character from Resident Evil 2. In that game, she was searching for her brother Chris (a missing S.T.A.R.S. member) and in Resident Evil - Code: Veronica, we follow her to Europe where she continues her search at Umbrella headquarters."
"Resident Evil Code: Veronica Disc 1","","NTSC-U","","","","2000-02-29","1","No","Action | Adventure","M - Mature 17+","Resident Evil Code: Veronica takes up the story of Claire Redfield, a character from Resident Evil 2. In that game she was searching for her brother Chris (a missing S.T.A.R.S. member) and in Resident Evil Code: Veronica we follow her to Europe where she continues her search at Umbrella headquarters."
"Resident Evil Code: Veronica Disc 2","","NTSC","","Capcom","Capcom","2000-02-29","1","No","Action | Adventure","M - Mature 17+","Resident Evil Code: Veronica takes up the story of Claire Redfield, a character from Resident Evil 2. In that game she was searching for her brother Chris (a missing S.T.A.R.S. member) and in Resident Evil Code: Veronica we follow her to Europe where she continues her search at Umbrella headquarters."
"Revive...: Sosei","","NTSC-J","Japan","Data East Corporation","Data East Corp.","1999-10-28","1","No","Role-Playing","Not Rated","Revive...: Sosei (リバイヴ･･･ 〜蘇生〜) is a point & click adventure for the Sega Dreamcast, originally released for Windows PCs. It is the sequel to Doukoku Soshite... for the Sega Saturn. Explicit content from the original is removed from the Dreamcast version."
"Rez","","PAL","","Sega","United Game Artists","2002-01-08","1","No","Shooter | Music","E - Everyone","If you like a little style and originality in your first-person shooters, look no further than REZ. Taking the genre to its most viscerally extremes, the game gets most of its luster from its incredible storyline: The information age comes to a deadly halt when the core of society's technological memory an AI unit called Eden begins to feel the strain of too much data. Struggling to keep up, the technology actually begins to question its own existence and goes into a futuristic freak out. Now, you must journey deep into the realm of 3D cyberspace in order to fix the system, a task that will require hacking codes and battling fierce creatures. Your goal is to get all the way to the system's core, but that's a journey that only the bravest and most dedicated adventurers will be able to survive. The game features an incredible array of music samples (you can actually create your own sounds and rhythms to accompany to you on your trip), a plethora of stages, and a list of modes that includes: Score Attack, Beyond, Boss Rush, and Trance Mission. In addition, there are more than 20 hidden features that can be unlocked."
"Ring: The Legend of the Nibelungen","","PAL","","Cryo Interactive Entertainment","","1999-09-09","1","No","Adventure | Unofficial","T - Teen","Ring is an interactive science fiction opera adventure, a 3D graphical adventure set in the 40th century that follows the story of Richard Wagner's epic opera Ring of the Nibelungen. As one of four characters, the player must conclude the legend of the Ring and restore humanity to its rightful place as leaders of the universe by defeating four evil powers."
"Rippin' Riders","Cool Boarders Burrrn!","NTSC-U","","UEP Systems","UEP Systems","1999-08-26","2","No","Sports","Not Rated","Rippin' Riders Snowboarding (also known as Cool Boarders Burrrn in Japan and Snow Surfers in Europe) is a snowboard game developed by UEP Systems, the creators of the Cool Boarders series. It was released in 1999 for the Dreamcast."
"Roadsters","","PAL","","Titus Interactive, S.A..","Player 1","2000-07-07","4","No","Racing","E - Everyone","Roadsters is a car racing game that features both licensed cars from manufacturers (e.g. Mitsubishi, Alfa Romeo, Lotus) and unlicensed cars from imaginary manufacturers that are based on and bear great resemblance to their equivalent, real car models. The game has 8 racers and 34 cars from which players can choose from and 4 modes in total.
The game also includes a multi-player mode supports up to 4 human players that can compete in any of the available circuits with 4 more CPU controlled racers"
"Rocketron","","NTSC","","JoshProd","ASTRO PORT","2021-11-01","1","No","Action","Not Rated","Fly through the sky! Rain down fire on the enemy forces from above!  Use your rocket musket and 8 different types of weapons to boost through the sky, charge enemies, and leap over pit falls as you investigate a new mysterious enemy."
"Roommania #203","","NTSC-J","","Sega","","2000-01-01","1","No","Life Simulation","Not Rated","No overview is currently available for this title, please feel free to add one."
"Run=Dim as Black Soul","ランディム アズ ブラックソウル","NTSC-J","Japan","Idea Factory","Yuki Enterprise","2001-09-06","1","No","Role-Playing | Strategy","Not Rated","RUN=DIM as Black Soul is a turn-based strategy RPG for SEGA Dreamcast, made by Idea Factory & Yuki & Digital Dream Studios."
"Rune Caster","","NTSC-J","Japan","","Hudson","2000-08-24","2","No","Strategy","T - Teen","Rune Caster is a Strategy game, developed by Hudson and published by Vision Games, which was released in Japan in 2000."
"Rune Jade","ルーンジェイド","NTSC-J","Japan","Hudson Soft Company, Ltd.","Hudson Soft","2000-08-28","1","No","Role-Playing | MMO","E - Everyone","Rune Jade is a Sega Dreamcast massively multiplayer online role-playing game developed and published by Hudson Soft."
"Rush Rush Rally Racing","R4","Region Not Set","","Redspotgames","Senile Team","2009-11-04","4","No","Racing","","Rush Rush Rally Racing, also known as R4, is an independently developed, commercially released video game developed by Senile Team and published by RedSpotGames. It is a top-down 2D racing game for the Sega Dreamcast and Wii similar to Micro Machines, an easy to pick up and play and hard to master type of racer."
"Rush Rush Rally Reloaded","","PAL","","Senile Team","Senile Team","2021-08-20","4","No","Racing","Not Rated","Rush Rush Rally Reloaded is a 2D racing game for the SEGA Dreamcast. It is an enhanced version of the acclaimed Rush Rush Rally Racing, requested by fans and produced by Senile Team."
"SakaTsuku Tokudaigou 2: J.League Pro Soccer Club o Tsukurou!","","NTSC-J","","Sega Studios","Smilebit","2001-12-13","1","No","Construction and Management Simulation | Sports","E - Everyone","SakaTsuku Tokudaigou J.League Pro Soccer Club o Tsukurou! is a Sports game, published by Sega, which was released in Japan in 2000."
"Sakura Taisen","サクラ大戦 | Sakura Wars","NTSC-J","","Sega","M2","2000-05-25","1","No","Strategy","Not Rated","Sakura Wars[a] is a video game co-developed by Red Company and Sega CS2 R&D, and published by Sega in 1996. The debut entry in the Sakura Wars series, it was originally released for the Sega Saturn home console. It was subsequently ported to other systems including the Dreamcast, and remade for the PlayStation 2 subtitled In Hot Blood. Defined by Sega as a ""dramatic adventure"" game, Sakura Wars combines overlapping tactical role-playing, dating sim and visual novel gameplay elements.

In 1923, Imperial Army Ensign Ichiro Ogami is transferred to the Imperial Assault Force, a secret combat unit based in Tokyo. Met by Sakura Shinguji, he is led to a theater and meets its main actresses of the Imperial Theater Revue; Sumire Kanzaki, Maria Tachibara, and Iris Chateaubriand. Meeting the theater's manager Ikki Yoneda, Ogami learns that he has been assigned as a ticket taker for the theater. Initially bemused and hurt by his assignment, it turns out to be a bluff to determine his worth. The ""Imperial Theater Revue"" is the Imperial Assault Force; central to the unit is the ""Flower Division"", a group of women with magical abilities which defends Tokyo against demon attacks using steam-powered armor called Koubu. The city is currently being attacked by demons controlled by the Hive of Darkness, a group of black magicians led by the powerful Kuroki Satan and his master Tenkai. Tenkai, who sacrificed himself 300 years earlier to prevent Tokyo falling to demons, begins launching successive attacks on Tokyo and then on the Imperial Assault Force itself."
"Sakura Taisen 2","Sakura Taisen 2 ~Kimi | Shinitamou koto Nakare~ | サクラ大戦2 ～君、死にたもうことなかれ～ | Sakura Wars 2: Thou Shalt Not Die","NTSC-J","","Sega","Overworks","2000-09-21","1","No","Strategy","Not Rated","Taking place two years after the events of the original Sakura Wars, Imperial Army Ensign Ichiro Ogami returns from training overseas to rejoin the all-female Flower Division of the Imperial Assault Force, a military unit dedicated to fighting supernatural threats against Tokyo while maintaining their cover as a theater troop. The Flower Division is caught up in a new supernatural battle and pressure from hostile political forces.

Development of Sakura Wars 2 began development following the critical and commercial success of the first game, with returning main staff including series creator Oji Hiroi, director Shinichi Ito, artists Kōsuke Fujishima and Hidenori Matsubara, writer Satoru Akahori and composer Kohei Tanaka. The game's subtitle was taken from a famous war poem by Japanese writer Akiko Yosano, and the anime sequences were created by Production I.G. The game went on to become the best-selling entry in the series, and was positively reviewed by critics. A direct sequel, Sakura Wars 3: Is Paris Burning?, was released for the Dreamcast in 2001."
"Sakura Taisen 3","Sakura Taisen 3 ~Pari wa Moeteiru ka?~ | サクラ大戦3 ～巴里は燃えているか～ | Sakura Wars 3: Is Paris Burning?","NTSC-J","","Sega","Overworks","2001-03-22","1","No","Strategy","Not Rated","Sakura Wars 3: Is Paris Burning? is a video game co-developed by Red Company and Overworks for the Dreamcast. The third entry in the Sakura Wars series, it was published by Sega in 2001. Defined as a ""dramatic adventure"" game, Sakura Wars 3 combines overlapping tactical role-playing, dating sim and visual novel gameplay elements.

Sakura Wars 3 opens with Imperial Army Lieutenant Ichiro Ogami arriving in Paris to train a new fighting unit established by the Parisian government to combat supernatural threats. Dubbed the ""Paris Assault Force"" and modelled on Ogami's original group from Tokyo, the all-female group maintains its cover as a cabaret act at the nightclub Les Chatte Noir. Their main fighting unit is called the Paris Division, its members acting as both caberet stars and magically-imbued warriors able to pilot Koubu mecha. Its initial members are clumsy nun Erica Fontaine, and cold French noble Glycine Bleumer. In his efforts to build the group, Ogami helps recruit three more members—Coquelicot, a Vietnamese traveling circus performer; French-Japanese widow Hanabi Kitaoji; and Romanian master thief Lobelia Carlini."
"Sakura Taisen 4","Sakura Taisen 4 ~Koi Seyo | サクラ大戦4 ～恋せよ乙女～ | Otome~ | Sakura Wars 4: Fall in Love, Maidens","NTSC-J","","Sega","Overworks","2002-03-21","1","No","Strategy","Not Rated","Sakura Wars 4: Fall in Love, Maidens[a] is a video game co-developed by Red Company and Overworks for the Dreamcast. The fourth entry in the Sakura Wars series and the last for Sega home consoles, it was published by Sega in 2002. Defined as a ""dramatic adventure"" game, Sakura Wars 4 combines overlapping tactical role-playing, dating sim and visual novel gameplay elements.

Sakura Wars 4 begins in Tokyo six months after the events of Sakura Wars 3: Is Paris Burning?; Imperial Army Lieutenant Ichiro Ogami has returned from Paris and reunited with the Flower Division of the Imperial Assault Force. All is quiet until a powerful spirit breaks free of its imprisonment in Ginza and begins terrorizing the city using a powerful golden Koubu. Immobilized by a golden mist produced by the Koubu, the Flower Division are easily beaten back and their theater base damaged. The ghost belongs to Ōkubo Nagayasu, a corrupt samurai daimyo enraged at his vilification by the people following his death. When Nagayasu is about to kill the Flower Division in another attack, the Paris Division from Sakura Wars 3 arrives and rescues them, answering the Imperial Assault Force's call for aid. Working together, the two groups weaken Nagayasu, then Ogami and his chosen companion use a powerful Koubu to exorcise the ghost, restoring peace to Tokyo."
"Sakura Taisen Limited Edition VMU Pack","","Region Not Set","","Sega","Red Company | 																Sega | 																Sega AM7 R&D Division","2000-05-25","1","No","Role-Playing | Strategy | Life Simulation","Not Rated","Sakura Wars (サクラ大戦 Sakura Taisen) is a dramatic adventure game developed by Sega and Red Company (now Red Entertainment) as the first installment in the Sakura Taisen series. It was released in 1996 for the Sega Saturn, in 1999 for Microsoft Windows-based personal computers and in 2000 for the Dreamcast. An enhanced remake was released for the PlayStation 2 in 2003 as part of the Sakura Taisen World Project."
"Sakura Taisen Online Teito no Yuugana Hibi","","NTSC-J","Japan","Sega","Overworks","2001-12-20","1","No","Puzzle | Board","Not Rated","Sakura Taisen Online (サクラ大戦オンライン) is Sega Dreamcast game based on the Sakura Taisen franchise, and was released in 2001. It is effectively a set of Sakura Taisen-themed table top games and minigames which can be played online with other players."
"Sakura Wars 4: Fall in Love, Maidens LE","","NTSC-J","Japan","Sega","Overworks | 																Red Company","2002-03-21","1","No","Adventure | Role-Playing | Strategy","T - Teen","No overview is currently available for this title, please feel free to add one."
"Sakura Wars Complete Box","サクラ大戦コンプリートボックス | Sakura Taisen Complete Box","NTSC-J","Japan","Sega","Overworks","2002-03-21","1","No","Role-Playing | Strategy","E - Everyone","A collection of the first 4 Sakura Taisen games for Dreamcast, presented in a graduation album style book.

https://sakura-taisen.com/archives/game/databace/sakura_box.html"
"SAKURA WARS ONLINE Paris Limited Edition","","NTSC-J","Japan","Sega","Sega Wow","1970-01-01","1","No","Board","Not Rated","No overview is currently available for this title, please feel free to add one."
"Samba de Amigo","","NTSC-U","United States of America","Sega of America, Inc.","Sonic Team","2000-10-17","2","Yes","Music","E - Everyone","Samba de Amigo is a highly unique game: a maracas simulation. Gameplay is based around a special maracas controller that you use to interact with the music. The controller senses which region in space out of a possible 6 that the maracas are in. It also senses when the player shakes the maracas. As the music plays, the player must shake the maracas in the appropriate region with proper timing to progress. A standard controller can also be used if you do not have the maracas controller, which is sold separately.

The music in the game comes from a wide variety of sources. Some of the songs are traditional samba music, while others are recognizable pop tunes, like ""Macarena"" and ""Tequila."""
"Samba de Amigo Ver. 2000","","NTSC-J","","Sega","Sonic Team","2000-12-14","2","No","Action","Not Rated","Samba de Amigo Ver.2000 (サンバ DE アミーゴ　Ver.2000) is an update to Samba de Amigo released by Sega in 2000 in arcades and on the Sega Dreamcast. Among other things, the game adds a new ""Hustle Mode"".

Plans appear to have been in place at one stage to release this update in North America as Samba de Amigo 2001. It was announced at Sega Gamer's Day 2000 but this version was cancelled shortly afterwards."
"Samurai Shodown VI (Atomiswave Port)","","NTSC-J","Japan","SNK of America","SNK Playmore","2004-09-14","2","Yes","Action | Fighting","T - Teen","Samurai Shodown VI, known as Samurai Spirits: Tale of the World's Greatest Swordsman (Samurai Supirittsu Tenkaichi Kenkakuden) in Japan, is the tenth iteration in the Samurai Shodown series. The game features new backgrounds with 2D and 3D elements, as well as a returning cast of all 28 characters from Samurai Shodown V Special, 2 sub-bosses from Samurai Shodown V, as well as all 7 characters from Samurai Shodown and Samurai Shodown II that didn't appear in later games, and 4 new characters. It also features a ""spirit select"" system, which allows players to choose between six different fighting styles based on all previous installments."
"San Francisco Rush 2049","","PAL","","Midway Home Entertainment","Midway Games","2000-11-17","4","No","Racing","E - Everyone","San Francisco, with its steep hills and winding streets, has always been one of the most inhospitable cities for driving--at least for those who follow traffic laws. In San Francisco Rush 2049, you'll use Baghdad by the Bay's unique terrain to your advantage in aggressive racing that takes place decades into the future. Use strategically placed jumps to get past the competition.
The Dreamcast version of the game features 19 tracks and 13 customizable cars. You'll choose between different race modes, including stunt, obstacle, and battle match, where up to four players simultaneously fight (literally) for the finish."
"San Francisco Rush 2049 [Demo CD]","","NTSC-U","United States of America","","","1999-01-01","1","No","Racing","E - Everyone","No overview is currently available for this title, please feel free to add one."
"Satazius Next","","NTSC","","","ASTRO PORT","2021-03-31","2","No","Shooter","E - Everyone","No overview is currently available for this title, please feel free to add one."
"Seaman","Caution Seaman","NTSC-U","United States of America","Vivarium Inc.","VIVARIUM","1999-07-29","1","No","Life Simulation","T - Teen","Ever want to raise your own pet, starting with nothing but a tiny egg? How about raise him to be a smart-mouthed, viper-tongued companion who listens to you and gives you a dose of smart-ass advice? Look no further than the lab of Dr. Jean Paul Gassé, who left you a few eggs from the mysterious creature known as the Seaman. Now you've got the chance to raise your very own Seaman. Talk to him, tickle him, feed him...just don't rub him the wrong way, or you'll end up with an angry pet and a big headache."
"Sega Bass Fishing","Get Bass","NTSC-U","","Sega","SIMS Co., Ltd.","1999-09-09","1","No","Sports","E - Everyone","Bass Fishing is an arcade fishing game. Basically, someone choses a character then goes out on a boat to go and catch fish."
"Sega Bass Fishing 2","Get Bass 2","NTSC-U","","Sega","WOW Entertainment","2001-08-21","1","No","Sports","E - Everyone","Sega Bass Fishing 2, known in Japan as Get Bass 2 (ゲットバス2), is the sequel to Sega Bass Fishing (Get Bass). It was released for the Sega Dreamcast in Japan and North America in 2001.

Sega Bass Fishing 2 is very similar to its predecessor, though includes much more content and a few new features, such as the ability to drive a boat around and pick a casting point of your choosing. There are more areas to fish in and over 100 types of lure

On the Dreamcast there are also more customisation options."
"Sega Dreamcast Generator Vol. 1","Generator Demo Disc Vol. 1","Other","United Kingdom of Great Britain and Northern Ireland","Sega Europe","Sega","1999-09-09","1","No","Demo","Not Rated","Generator Vol. 1 is a demo disc containing preview versions of various Sega Dreamcast games released in 1999 It was only available in North America as was bundled with early Dreamcast consoles."
"Sega Dreamcast Generator Vol. 2","Generator Demo Disc Vol. 2","Other","United Kingdom of Great Britain and Northern Ireland","Sega Europe","Sega","2000-06-01","4","No","Demo","Not Rated","Generator Vol. 2 is a ""sequel"" to Generator Vol. 1, and is a demo disc containing preview versions of various Sega Dreamcast games released in 1999 and 2000. It was only available in North America as it was bundled with Dreamcast consoles, although the majority of the demos found their way onto other demo discs across the globe."
"Sega Dreamcast Web Browser","Web Browser 1.0 | Web Browser","NTSC","","Sega","Sega","1999-09-09","1","No","Utility","Not Rated","The aptly named Dreamcast Web Browser is a web browser for the Sega Dreamcast developed by PlanetWeb. It was designed for the North American market - Japan and PAL regions were given Dream Passport or Dreamkey discs, respectively, for this purpose instead.

PlanetWeb released several versions of their Web Browser, most notably to incorporate a SegaNet sign-up service after this came into existence in mid-2000. In addition to allowing users to surf the world wide web & send emails, version 2.0 (released around E3 2000) also included Sega Swirl as a full game on the disc. The less common 2.62 version also came with demos of StarLancer, Speed Devils Online, Typing of the Dead and 4x4 Evo."
"Sega Dreamcast Wired by AT&T WorldNet Service","","Region Not Set","","","","1999-01-01","1","No","Education","RP - Rating Pending","No overview is currently available for this title, please feel free to add one."
"Sega Extreme Sports","","PAL","","Sega","Innerloop","2000-01-01","2","No","Sports","E - Everyone","No overview is currently available for this title, please feel free to add one."
"Sega GT","","PAL","","","","2000-02-17","2","No","Racing","Not Rated","No overview is currently available for this title, please feel free to add one."
"Sega GT: Homologation Special","","NTSC-J","","Sega","Tose | 																WOW Entertainment","2000-02-01","4","No","Racing","E - Everyone","Japanese version of Sega GT on the Dreamcast."
"Sega Marine Fishing","","NTSC-U","","","","2000-08-20","1","No","Sports","E - Everyone","Sega Marine Fishing is a fishing video game in which the player attempts to catch various marine sport fish. The gameplay's emphasis was on enticing fish to bite onto the lure and then successfully fighting the fish and reeling it to the boat.

As the player catches fish, they earn item cards. Items earned with these cards include fish and artifacts for an aquarium, fishing equipment, additional boats, and various goofy accessories such as different colored shorts. The game also featured two modes of online play: tournament fishing and ""fish mail"". In tournament fishing, players competed to catch the biggest fish within a species. Fish mail consisted of writing short messages. Players could receive random messages by catching fish.

Sega Marine Fishing can be played using the Dreamcast fishing rod controller. You could customize your character with hats, shirts, etc."
"Sega Rally 2","セガラリー２","NTSC-J","Japan","Sega","Sega","1999-01-28","1","No","Racing","E - Everyone","No overview is currently available for this title, please feel free to add one."
"Sega Smash Pack Volume 1","","NTSC-U","","Sega","Sega","2001-01-31","4","No","Action | Adventure | Shooter | Fighting | Board","T - Teen","Sega Smash Pack Volume 1 is a Sega Dreamcast compilation of twelve earlier Sega games. Ten of these games were originally released for the Sega Mega Drive. This compilation was only available to certain bundled Dreamcast systems.

This is the third compilation to be released that was titled Sega Smash Pack; the first two were released for PC. When released, the game was criticized for its poor emulation and the poorly reproduced music featured in the games. The game's disc (GD-ROM) contains a text document that elaborates on the emulator and includes text that alludes to Sega's dropping out of the console business.

Games included:

Altered Beast
Columns
Golden Axe
Phantasy Star II
Revenge of Shinobi
Sega Swirl (originally released on Dreamcast demo discs, as well as PC/Shockwave and Palm OS)
Shining Force
Sonic the Hedgehog
Streets of Rage 2
Vectorman
Virtua Cop 2 (port of PC game, which was a port of the Saturn version)
Wrestle War"
"Sega Swirl","","Region Not Set","","Sega","Tremor Entertainment","2000-01-12","4","No","Puzzle","","Sega Swirl is a puzzle game developed by Tremor Entertainment and published by Sega. It was originally released for Windows-based PCs (running Macromedia/Adobe Shockwave) but saw the most success as an updated Sega Dreamcast title. It was also brought to Palm OS. Sega Swirl is essentially a glorified version of SameGame (pronounced Sah-meh-gah-meh), a tile-removal game that has been mimicked numerous times. It is the creation of Scott Hawkins.

The game is an oddball in the Dreamcast's library as it was not released commercially. Instead, it was bundled with copies of the Official Dreamcast Magazine in the UK and US, with the Web Browser 2.0 software, with Sega Smash Pack Volume 1, and for a period, with new Dreamcast consoles. The Dreamcast version has a real-time versus mode, however both the Dreamcast and PC versions allow two players to compete via email. As a result, it is possible for PC players to play against Dreamcast users.

The PC version uses more simplified graphics and also takes control of the mouse in certain situations such as the attract mode, and the versus mode with computer controlled opponents.

Sega Swirl was followed by Sega Swirl 2."
"Sega Tetris","","Region Not Set","","Sega","WOW Entertainment","2000-11-23","2","No","Puzzle","","No overview is currently available for this title, please feel free to add one."
"Sega Web Browser v1","","NTSC-U","","","","1970-01-01","1","No","Utility","E - Everyone","Web Browser v1 for Sega Dreamcast"
"Sega Web Browser v2.0","","NTSC-U","","","","1970-01-01","1","No","Utility","E - Everyone","No overview is currently available for this title, please feel free to add one."
"Sega Worldwide Soccer 2000","","PAL","","Sega","Silicon Dreams Studio","1999-12-01","1","No","Sports","E - Everyone","Sega and Silicon Dreams are on the ball to bring Sega WorldWide Soccer 2000 to Dreamcast. The beautiful game is brought to life in this fast action packed soccer simulation. Put on your old school kit and challenge all your friends - (up to four people can play). Sega WorldWide Soccer 2000 - miss out on this and you will be as sick as a parrot. Pick it up on a transfer and you will be over the moon."
"Sega Worldwide Soccer 2000 Euro Edition","","PAL","","","","2000-06-30","1","No","Sports","E - Everyone","Sega Worldwide Soccer is a series of soccer games by Sega for initially for the Sega Saturn but later was moved to the Dreamcast. They were released between 1995 and the year 2000.[1]"
"Segagaga","","NTSC-J","","Sega","Hitmaker","2001-03-29","1","No","Role-Playing","T - Teen","No overview is currently available for this title, please feel free to add one."
"Seireiki Rayblade","聖霊機ライブレード | Holy Spirit Machine Rayblade","NTSC-J","Japan","","WinkySoft","2000-09-28","1","No","Role-Playing | Strategy","E10+ - Everyone 10+","Seireiki Rayblade is a Japanese tactical RPG game developed by Winkysoft as its first original title apart from the Super Robot Wars franchise, while serving as the foundation for the Masou Kishin Series for its sequels after Lords of the Elemental"
"Seitai Heiki Expendable","Expendable | Millenium Soldier: Expendable","NTSC-J","Japan","Rage Software","Infogrames","1999-06-24","2","Yes","Shooter","Not Rated","You're the Millennium Soldier on a countdown to destruction, wreaking revenge on an alien invasion. The guns are huge, the explosions enormous and the action reaches the skies as gigantic forces collide in this 3D blaster."
"Sengoku Turb","","NTSC-J","","NEC Home Electronics, Ltd.","NEC","1999-01-14","1","No","Action | Role-Playing","Not Rated","No overview is currently available for this title, please feel free to add one."
"Senko no Ronde Special","","NTSC-J","Japan","Sega","G.rev | 																G.rev Ltd.","2008-06-20","2","No","Action | Shooter | Fighting | Unofficial","T - Teen","No overview is currently available for this title, please feel free to add one."
"Sentimental Graffiti 2","","NTSC-J","Japan","NEC Interchannel","NEC Interchannel, Ltd.","2000-07-27","1","No","Role-Playing","Not Rated","No overview is currently available for this title, please feel free to add one."
"Seven Mansions: Shivery Smile","","NTSC-J","","Koei Co., Ltd.","Koei","2000-01-20","1","No","Horror","M - Mature 17+","Nanatsu no Hikan: Senritsu no Bishō (Japanese: 七つの秘館 戦慄の微笑, lit. ""Seven Mysterious Mansions: Shivery Smile"") is a survival horror video game developed and published by Koei for the Sega Dreamcast. It was released on January 20, 2000, in Japan. Plans for a western release were planned but later cancelled. The game is a sequel to the 1996 Sony PlayStation and Sega Saturn game Nanatsu no Hikan."
"Seventh Cross Evolution","","NTSC-U","","UFO Interactive Games, Inc.","HuneX","2000-01-15","1","No","Life Simulation","T - Teen","A life simulation which shows how organisms evolve. Take control of one of life's earliest lifeforms and, depending on what environment and habitat you prefer to use, watch as your organism starts to evolve and adapt to its surroundings.

You control your organism from a third person perspective and you can choose what it feeds on and how it kills its prey and, depending on the method you choose, your organism will evolve to make killing and eating that kind of prey easier."
"Shadow Gangs","","Other","","","","2022-06-27","1","No","Action | Fighting","E - Everyone","Shadow Gangs is an arcade style ninja action game. The graphics are HD hand drawn and traditional style animated. You play the role of Dan the current ninja order master. Your mission is to rescue your family from the Shadow Force crime organisation, whose members are known as the Shadow Gangs. Use your ninja transformation ability and your special powers. Venture over 10 levels, defeat the 6 bosses, save your family and defeat the Shadow Gangs. Live The Legend Of Dan The Crimson Ninja!

 FEATURES:

HD sprites and background art
15 levels, and a special bonus stage
10 different melee attacks, 2 hero forms (fighter and ninja)
3 difficulty levels
Up to 6 parallax scrolling layers
VMU for save and load
Rumble option when using a Rumble Pack."
"Shadow Man","Shadowman","NTSC-U","","Acclaim Entertainment, Inc.","Acclaim","1999-11-30","1","No","Action","M - Mature 17+","You're the Shadow Man, a person who can switch between the world of the dead and of the living. In Shadow Man your mission is to prevent 5 serial killers from bringing the total armageddon. In the world of the living, you're mortal and have conventional weapons. When you die, you are transported to the world of the dead and you become Shadow Man once again. Which means you're not really mortal. In the world of the dead you can't use normal weapons, your gun shoots ghosts which kill the zombies and the other ugly creatures which live there. You also have different voodoo powers and weapons. And you're carrying a large inventory around."
"Shanghai: Dynasty","","NTSC-J","Japan","Success Corp.","Success Corp.","1997-11-30","4","No","Puzzle","Not Rated","Introducing Shanghai: Dynasty, with four royally addictive tile-matching games to render you powerless - including revolutionary multiplayer variations of the long-standing ruler of puzzle games. And for the first time in history, Shanghai represents the centuries-old tradition of Mah-Jongg. Shanghai: Destiny has come to power fall under its domination."
"Shenmue","","PAL","United Kingdom of Great Britain and Northern Ireland","Sega","Sega AM2 R&D Division","2000-12-01","4","No","Adventure | Role-Playing","T - Teen","The first chapter of Yu Suzuki's epic saga is at hand. Shenmue is an adventure game that transports you to Japan, circa 1986. You are Ryo, a young man trying to solve the mystery of his father's death. Along the way, you'll be treated to the most richly-detailed game world ever conceived. Shenmue offers a true living world, where characters exist on their own timelines and almost all objects can be manipulated and used. Over the course of the adventure, you will learn new hand-to-hand fighting techniques, presented in breathtaking motion-captured animations. You'll also interact with literally hundreds of characters and solve a myriad of puzzles. It's epic storytelling at its best, and it's only on Dreamcast.

A massive, highly-detailed 3D world featuring hundreds of interactive characters and objects to interact with. Real-time fighting and action scenes with motion capture by real budo experts. In-game arcade features Sega classics such as Hang-On and Space Harrier. ""Magic Weather"" technology brings the world to life with changes to landscapes, climate, and vegetation. Created by Yu Suzuki, the mastermind of arcade hits such as Virtua Fighter."
"Shenmue [Sample Copy]","","NTSC-J","Japan","Sega","Sega AM2 R&D Division","1999-12-01","1","No","Action | Adventure | Role-Playing | Life Simulation | Sandbox","Not Rated","No overview is currently available for this title, please feel free to add one."
"Shenmue II","","NTSC-U","","Sega","Sega AM2 R&D Division","2001-09-14","1","No","Adventure | Unofficial","T - Teen","""Across the sea, from a distant land in the East, he shall rise appear""...the epic adventure of Shenmue is re-borne once again as Ryo Hazuki arrives in Hong Kong on his continued mission to avenge his father's death and discover the truth behind the Phoenix Mirror. In a world almost three times bigger than the original, you will have to interact with many people and gain the knowledge you need through a variety of experiences, but beware who you trust. Full of emotional encounters, Shenmue II is a compelling and majestic production that will engulf your entire existence..."
"Shenmue II [Limited Edition]","","NTSC-J","Japan","Sega","Sega AM2 R&D Division","2001-09-06","1","No","Adventure | Role-Playing","Not Rated","Shenmue II is the second episode of this episodic adventure, picking up right after the first installment left off. Ryo Hazuki finally makes it to Hong Kong and there his quest to uncover the truth of his father's murder can continue. He'll also meet in person the woman who haunted his dreams in the first episode. The immersive game world is more detailed and there's a greater emphasis on action this time around. Explore Aberdeen, Kowloon, Wan Chai and Guilin, and meet more characters!"
"Shenmue Limited Edition","","NTSC-U","United States of America","Sega of America, Inc.","Sega AM2 R&D Division","2000-11-07","1","No","Action | Adventure | Life Simulation","T - Teen","Includes Original Soundtrack Music Inspired by Yu Suzuki"
"Shenmue: Isshou Yokosuka [Limited Edition]","","NTSC-J","","Sega","Sega AM2 R&D Division","1999-12-28","1","No","Action | Adventure | Role-Playing | Sandbox","E - Everyone","The Experience Begins

-A massive and highly detailed 3D world unlike anything ever seen
-Real-time fighting with moves learned throughout the game - motion capture with real budo experts
-Interact with a huge cast of characters with movements as intricate as a twitch of a finger
-""Magic Weather"" and ""Time Control"" technologies bring this world to life in real-time by dramatically effecting changes to environments"
"Shikigami no Shiro II","Castle Shikigami 2","NTSC-J","","MediaQuest","Alfa System","2004-03-25","1","No","Action | Shooter","E - Everyone","In the recent past, a band of champions gathered to engage this threat. Using weapons forged by the great magicians and masters of arcane sciences, the heroes managed to banished the demons, quelling their thirst for conquest!  The time: 2006, the distant future. The Demon Gods and their mystical castle have reappeared above the skies of Tokyo City with the goal of continuing the domination and conquest of humanity. Can the heroes of recent legend return to defeat the nemesis of all mankind? The tools for defeating the gods are trapped within the very castle in which the demons reside. The hope of the world lies on the shoulders of these heroes; they must succeed in this vertical shooter."
"Shin Seiki Evangelion: Ayanami Ikusei Keikaku","Neon Genesis Evangelion: Ayanami Raising Project","NTSC-J","Japan","Gainax","Gainax","2002-04-18","1","No","Life Simulation","Not Rated","In Ayanami Ikusei Keikaku, the player takes on the role of a NERV officer who has just been assigned to Tokyo-3. Upon meeting with Commander Gendo Ikari, he is charged with taking care of the First Child, the mysterious Evangelion pilot Rei Ayanami. It is up to the player to decide Ayanami's weekly schedule, balancing between education, duties at NERV, and leisure. The game spans approximately one year, and includes the events of the entire anime series, as well as the movie The End of Evangelion."
"Shin Seiki Evangelion: Typing E-Keikaku","Neon Genesis Evangelion: Typing Project E","NTSC-J","Japan","Gainax","Gainax","2001-04-19","1","No","Utility","Not Rated","Shinseiki Evangelion: Typing E-Keikaku (新世紀エヴァンゲリオン タイピング－Ｅ計画) is a game for the Sega Dreamcast which uses the Dreamcast Keyboard. Its gameplay resembles the likes of The Typing of the Dead."
"Shin Seiki Evangelion: Typing Hokan Keikaku","Neon Genesis Evangelion: Typing Hokan Keikaku","NTSC-J","Japan","Gainax","Gainax","2001-08-30","1","No","Utility","Not Rated","Shinseiki Evangelion: Typing Hokan Keikaku (新世紀エヴァンゲリオン タイピング補完計画) is a game for the Sega Dreamcast which uses the Dreamcast Keyboard. Its gameplay resembles the likes of The Typing of the Dead."
"Shutokō Battle","(首都高バトル) | Tokyo Xtreme Racer","NTSC-J","Japan","Genki Co., Ltd.","Genki","1999-06-24","2","No","Racing","E - Everyone","Tokyo Xtreme Racer, known as Shutokō Battle (首都高バトル) in Japan and Tokyo Highway Challenge in Europe, is a racing video game for the Sega Dreamcast. Released in 1999 as one of the console's launch titles, the game was one of the first mission-based racing games. In the game, players challenge other drivers on the Shuto Expressway in order to gain money to modify and enhance their cars. The game features a wide variety of Japanese cars and tuning parts to purchase as the player progresses through rivals.

When released in Japan, Shutokō Battle was one of the best selling Dreamcast titles at this time. The game is based on illegal highway racing in Tokyo's Wangan highway with custom tuned cars. A such phenomenon is growing popular in Japan since the 1990s with dedicated manga (Shutokō Battle's biggest inspiration being Wangan Midnight), anime series and video games (C1 Circuit, Wangan Trial, Naniwa Wangan Battle)."
"Shutokou Battle 2","","Region Not Set","","","Genki Co., Ltd.","2000-06-22","1","No","Racing","E - Everyone","No overview is currently available for this title, please feel free to add one."
"Silent Scope","","NTSC-U","","Konami","Konami","2000-10-12","1","No","Shooter","M - Mature 17+","Silent Scope is an arcade game that puts the player in the shoes of a sniper during a series of terrorist incidents. The game uses a rifle that is mounted on the console, requiring players to physically alter their position in order to shoot accurately. In addition, the rifle's scope displays a close-up view of a small portion of the screen, representing the sniper's long-range view of the area where the rifle is pointed."
"Silver","Silver: Hakugin no Maou","NTSC-U","","Infogrames Entertainment","Spiral House Ltd","2000-06-29","1","No","Role-Playing","T - Teen","Silver, known as Silver: Hakugin no Maou (シルバー　～SILVER・白銀の魔王～) in Japan, is an action role playing game developed by Spiral House and originally published by Infogrames for PCs in August 1999. The following year it was brought to the Sega Dreamcast.

In Japan, the PC version was published by Sega."
"Simple 2000 Series DC Vol.02: Natsuiro Celebration: The Renai Simulation","","NTSC-J","Japan","D3 Publisher Inc.","HuneX","2002-09-26","1","No","Utility","Not Rated","No overview is currently available for this title, please feel free to add one."
"Skies of Arcadia","","NTSC-U","United States of America","Sega of America, Inc.","Overworks","2000-11-14","1","No","Role-Playing","T - Teen","Skies of Arcadia is a 2000 Dreamcast video game developed by Overworks and released by Sega of America in the USA on November 14, 2000.

The story opens with a young Silvite woman named Fina sailing through the night skies in her tiny Silver airship. Not far behind her, Valuan Admiral Alfonso is in hot pursuit under orders from Lord Galcian to capture her. Alfonso opens fire on and disables Fina's ship long enough to capture her before it plummets into Deep Sky, but just as she is being brought onboard his warship, a Blue Rogue vessel arrives with the intent of robbing the Valuan vessel. Vyse and Aika of the Blue Rogues jump from the Albatross onto Alfonso's flagship and fight their way to the rear cargo hold, prompting Alfonso to flee on a lifeboat while leaving Fina behind along with the war beast Antonio, who is quickly defeated by the Rogues. Vyse and Aika bring Fina back to their clan's ship, which Vyse pilots back to their secret hideout, Pirate Island (disguised as a small village)."
"Slashout","","Other","","Sega","Amusement Vision, Ltd.","2000-07-01","2","No","Fighting","Not Rated","Slashout (スラッシュアウト) is a Beat 'em up/Hack and Slash video game published by Sega Enterprises and developed by Amusement Vision released on 2000 for the Naomi Arcade Platform.

Slashout is the third installment to the Spikeout series, released for Sega NAOMI hardware in 2000. Unlike other games in the series, Slashout has a completely different setting, based in a medieval fantasy world with different characters - gameplay remains similar, however."
"Slave Zero","","PAL","","Infogrames","Infogrames North America","2000-03-24","4","No","Action","T - Teen","Slave Zero is a Sega Dreamcast game by Infogrames. It involves giant robots.

The Dreamcast Slave Zero is converted from an earlier PC version, which at the time was well received by the gaming press, however it makes many compromises for the Dreamcast hardware which results in a noticably inferior game. Graphical fidelity and frame rates take a hit, and the Dreamcast controller's analogue stick is far less accurate than the mouse controls the game was designed for."
"Sno-Cross Championship Racing","","Region Not Set","","Crave Entertainment","Unique Development Studios","2000-11-30","2","No","Racing","E - Everyone","Sno-Cross Championship Racing is a snowmobile racing game for the Sega Dreamcast. The only game Swedish UDS ever made to the console. It is also available to the Sony PlayStation."
"Snow Surfers","","PAL","","Sega | 																UEP Systems","UEP Systems","1999-08-26","1","No","Sports","E - Everyone","This game, called Rippin' Riders in the US, Snow Surfers in Europe, and Cool Boarders Burrrn (クールボーダーズ･バーン) in Japan, is a 1999 snowboarding game by UEP Systems for the Sega Dreamcast.

Grab some serious air and get shredding in the safety of your own home. If you're into extreme sports then take a look at this. Snow Surfers is a joy to look at. It's almost as if you can feel the chill mountain air on your face as you prepare to descend the slopes at high speed. There are so many play modes and options in here it's hard to know where to start. Suffice to say that you'll need the nimblest of fingers to outperform your opponents in competition, and there's a plethora of tricks and manouevres to attempt. This will keep you busy for hours."
"Soldier of Fortune","","NTSC-U","","Crave Entertainment","Runecraft","2001-07-24","1","No","Action | Shooter","M - Mature 17+","Soldier of Fortune is a first person shooter game originally released for the Sega Dreamcast.

A terrorist organization has stolen nuclear weapons from a facility in Russia, intending to sell them to various third-world nations, initiating a global conflict. The player takes the role of John Mullins, a US mercenary working for an organization known as ""The Shop"". The goal is simple: hunt the villains across the globe, thwart their evil plans, and save the world!

Like most 3D shooters, Soldier of Fortune consists mainly of exploring the environments and killing the enemies that try to impede the player's progress. It is one of the first shooters to isolate over 20 different body regions and show/inflict damage to those regions. For example, if the player character shoots an enemy in the foot, the enemy will limp. The game was also notable for including realistic gore animations resulting from the injuries sustained by the enemies."
"Sonic Adventure","","NTSC-U","United States of America","Sega of America, Inc.","Sonic Team","1999-09-09","2","Yes","Action | Adventure | Platform","E - Everyone","Sonic Adventure is a 1999 Dreamcast video game developed by Sonic Team and released by Sega of America in the USA on September 9, 1999.

Centuries ago, the planet was bestowed the seven Chaos Emeralds. These emeralds were a source of unlimited power, and consequently it did not take long before wars broke out over who would control the Chaos Emeralds. There was also a Master Emerald, which was the controller of the Chaos Emeralds and could either negate or amplify the Chaos Emerald's power. One of the chao living near the shrine of the Emeralds accidentally made contact with the holy water in the shrine and mutated to become a peaceful creature that could use the power of water called Chaos and became the guardian of the rest of the chaos there. Later on, a tribe of echidnas, led by Pachamac, angered Chaos by attempting to steal the Chaos Emeralds, ruining the sanctuary it was protecting and attempted a mass massacre on the chao living there. They were all but completely destroyed within a single night and Chaos, in his fury, used the negative power of the Chaos Emeralds to transform into Perfect Chaos and slaughtered all the echidnas. Pachamac's daughter, Tikal, had pleaded with Pachamac but he refused to listen to her. Tikal then prayed to the Master Emerald after Perfect Chaos had left to destroy the entire world to seal herself with Chaos inside the Master Emerald."
"Sonic Adventure (JP)","","NTSC-J","Japan","Sega","Sonic Team","1998-12-23","1","No","Action | Adventure","E - Everyone","Sonic Adventure[a] is a 1998 platform game for Sega's Dreamcast and the first main Sonic the Hedgehog game to feature 3D gameplay. The story follows Sonic the Hedgehog, Miles ""Tails"" Prower, Knuckles the Echidna, Amy Rose, Big the Cat, and E-102 Gamma in their quests to collect the seven Chaos Emeralds and stop series antagonist Doctor Robotnik from unleashing Chaos, an ancient evil. Controlling one of the six characters—each with their own special abilities—players explore a series of themed levels to progress through the story. Sonic Adventure retains many elements from prior Sonic games, such as power-ups and the ring-based health system. Outside the main game, players can play minigames like racing and interact with Chao, a virtual pet."
"Sonic Adventure [Limited Edition]","","NTSC-U","United States of America","","","1999-07-01","1","No","Action | Adventure | Platform","E - Everyone","No overview is currently available for this title, please feel free to add one."
"Sonic Adventure [Not For Resale]","","NTSC","United States of America","Sega","Sonic Team","2001-05-26","1","No","Adventure | Platform","E - Everyone","No overview is currently available for this title, please feel free to add one."
"Sonic Adventure [Sega All Stars]","","NTSC","United States of America","Sega","Sonic Team","2000-08-22","1","No","Action | Adventure","E - Everyone","Sonic Adventure[a] is a 1998 platform game for Sega's Dreamcast and the first main Sonic the Hedgehog game to feature 3D gameplay. The story follows Sonic the Hedgehog, Miles ""Tails"" Prower, Knuckles the Echidna, Amy Rose, Big the Cat, and E-102 Gamma in their quests to collect the seven Chaos Emeralds and stop series antagonist Doctor Robotnik from unleashing Chaos, an ancient evil. Controlling one of the six characters—each with their own special abilities—players explore a series of themed levels to progress through the story. Sonic Adventure retains many elements from prior Sonic games, such as power-ups and the ring-based health system. Outside the main game, players can play minigames like racing and interact with Chao, a virtual pet."
"Sonic Adventure 2","","NTSC-U","United States of America","Sega of America, Inc.","Sonic Team","2001-06-19","2","Yes","Action | Adventure | Platform","E - Everyone","Sonic Adventure 2 is a 2001 Dreamcast video game developed by Sonic Team and released by Sega of America in the USA on June 19, 2001.

After discovering the existence of a secret weapon mentioned in the diary of his grandfather, Gerald Robotnik, Dr. Eggman infiltrates a high-security G.U.N. facility in search of it. This ""weapon"", a black hedgehog named Shadow who claims that he is the ""Ultimate Life Form"", offers to help Eggman take over the world, telling him to rendezvous with him at the abandoned Space Colony ARK with more Chaos Emeralds. Shadow proceeds in stealing one of the emeralds, and G.U.N. officials mistake him for Sonic. Sonic is apprehended shortly after he confronts Shadow, who demonstrates to Sonic the Chaos Control technique."
"Sonic Adventure 2 [10th Anniversary Edition]","Sonic Adventure Birthday Pack | Sonic the Hedgehog Birthday Pack | Sonic 10th Anniversary Birthday Pack","NTSC-J","Japan","Sega","Sonic Team","2001-06-23","2","Yes","Action | Adventure | Racing | Platform","E - Everyone","No overview is currently available for this title, please feel free to add one."
"Sonic Adventure International","","NTSC-J","Japan","Sega","Sonic Team","2000-01-01","1","No","Action","E - Everyone","A re-release of the US version of Sonic Adventure in Japan."
"Sonic Shuffle","","PAL","United Kingdom of Great Britain and Northern Ireland","Sega","Sega","2001-03-09","4","No","Family | Party","E - Everyone","Sonic Shuffle is a Sonic the Hedgehog-themed party game developed and published by Sega for the Dreamcast in 2000. The game plays like a board game much in the same vein as Nintendo's Mario Party series, with up to four players moving their characters across a game board filled with a variety of spaces which can trigger different events. Some spaces will launch minigames that pit the players against each other in short competitive events."
"Sorcerian: Shichisei Mahou no Shito","","NTSC-J","Japan","Victor Interactive Software, Inc.","Nihon Falcom Corp.","2000-04-27","1","No","Role-Playing","E - Everyone","Sorcerian: Shichisei Mahou no Shito (ソーサリアン 七星魔法の使徒) is an RPG for the Sega Dreamcast. It is an updated variant of the 1987 PC-8801 mkII SR game, Sorcerian."
"Soul Fighter","","NTSC-U","","","","1999-10-31","1","No","Fighting","T - Teen","Soul Fighter is a beat 'em up video game developed by Toka for the Sega Dreamcast home console in 1999."
"SoulCalibur","","NTSC","United States of America","Namco Hometek Inc.","Project Soul","1999-09-09","2","No","Fighting","T - Teen","SoulCalibur is a 1999 Dreamcast video game developed by Project Soul and released by Namco Hometek Inc. in the USA on September 9, 1999.

This is a tale of souls and swords, transcending the world and all its history, told for all eternity... The greatest weapons-based fighter returns, this time on Sega Dreamcast. SoulCalibur unleashes incredible graphics, fantastic fighters, and combos so amazing they'll make your head spin!"
"South Park Rally","","PAL","","Acclaim Entertainment, Inc.","Tantalus Media","2000-06-30","4","No","Racing","Not Rated","Choose your character from the cast of the popular 'mature' cartoon South Park, and tear through the streets in this racing game. Your character's vehicle may be a little cart, trike, or box, for example. Weapons include rockets, Salty Balls, Cheesy Poofs, the beloved Cow and even an Anal probe. All of the voices are also included, making it feel more like the real cartoon than a rally game. You can also play an all-on-all 4 player mode."
"South Park: Chef's Luv Shack","","PAL","","Acclaim Entertainment, Inc.","Acclaim Studios Austin","1999-11-26","4","No","Strategy","M - Mature 17+","South Park: Chef's Luv Shack is a 2D game show-style party video game based on the television show South Park. Its gameplay involves playing minigames and the ability to play against other players in a challenge for the most points. It also involves trivia questions about South Park and other topics."
"Space Channel 5","","PAL","","Sega","United Game Artists","2000-10-06","1","No","Music","E - Everyone","In 2499 AD, an alien race known as the Morolians shows up and starts forcing people to dance. Ulala from Space Channel 5 gets sent to bring in the news, save the hostages and beat the Morolians, while simultaneously fighting off rival reporters..."
"Space Channel 5: Part 2","","NTSC-J","","Sega","United Game Artists","2002-02-14","1","No","Music","T - Teen","Space Channel 5 Part 2 follows famed reporter and dancer Ulala as she battles the Rhythm Rogues-a group of villains led by the mysterious Purge and his right-hand man Shadow-in a quest to rescue thousands of people who have been kidnapped and forced to dance. Players will need to help Ulala move and ""chu chu chu"" her way to victory over these evil-doers before they succeed in taking over the universe with their ultimate dance-control weapon."
"Space Griffon VF-9","Aoi Hagane no Kihei: Space Griffon | 蒼鋼の騎兵 -SPACE GRIFFON-","NTSC-J","Japan","Panther Games","Panther","1999-11-03","1","No","Action | Role-Playing","E - Everyone","Space Griffon VF-9 is a graphically enhanced version of the earlier computer game Hamlet.

The largest moon base, ""Hamlet"", has stopped responding to communication. It is up to you to determine what happened, and fix it. The game mixes typical FPS gameplay with RPG elements. You are inside a giant mech that can transform into a shape fit for walking, driving, and a mixture of both. You can move square-by-square, with 90-degree turns, slide left or right, and look up and down. By defeating enemies, the invisible RPG elements are introduced: you have hit points, energy points, and you can collect weapons and items. When an enemy approaches, this is shown through an icon, along with the distance.

The environment is claustrophobic and maze-like, and includes many enemies. The game features an unusually large amount of plot for a game of this type, mostly consisting of conversations between your teammates, who are always in other parts of the station."
"Spawn: In the Demon's Hand","","NTSC-J","Japan","Capcom","Capcom","2000-08-10","2","No","Fighting","Not Rated","No overview is currently available for this title, please feel free to add one."
"Spec Ops II: Omega Squad","","NTSC-U","","Ripcord Games","Zombie Studios","2000-10-24","1","No","Shooter","T - Teen","Spec Ops is an military video game franchise, created by Zombie Studios. The games have primarily been launched on the PC, PlayStation and Dreamcast systems. The first titles in the series were developed by Zombie Studios, and later titles by Runecraft. The same goes for publishers: initially the games were published by Ripcord Games, and later by Take-Two Interactive. Other developers and publishers have since been brought in for spin-off titles and sequels[1]

The Spec Ops franchise was intended to introduce a realistic first/third-person shooter experience and immerse the player in a two-man team gameplay. The first two games were well received; and the PlayStation and Dreamcast sequels, developed by Runecraft, received lower review scores.[2] The latest game in the series, Spec Ops: The Line, was highly acclaimed for its narrative, based on the novel Heart of Darkness."
"Speed Devils","","NTSC-U","","Ubisoft Entertainment","Ubisoft Montreal","1999-10-14","2","No","Racing","E - Everyone","Speed Devils is a series of video games developed by Ubisoft's Montreal studio for Microsoft Windows in 1998 and Dreamcast in 1999. Both Speed Busters: American Highways (also known as just Speed Busters) and Speed Devils are racing games in which the courses feature hazards such as dinosaurs rolling boulders, and UFOs in exotic locales including Louisiana, Louisiana Tornado, New York City, New York City Winter, Mexico, Nevada, Aspen Summer, Aspen Winter, Canada (Supposedly northern Quebec), Canada Light Winter, Canada Heavy Winter, Montreal Industrial, Hollywood, and Hollywood Disaster. The console version's career mode allowed a player to rise a racer through the ranks of a fictional racing league. Colorful rivals would challenge you to accomplish certain feats during races, making accompanying bets using prize money from competition. Money earned from gambling and performance is used to buy cars, upgrade them, and maintain them. There are 4 classes in the game.Each class had 4 people. Starting in Class D, they are Jack, Ms. Penny Parker, Alfanso, and Luigi. Class C has Vanessa, Blue Bullet, James, and Tex. Class B has Billy-Sue Bayou, Cora and Antonio Martinez, and Jake. The top class, Class A, has Cory, Pat, Yu and Driver X. Then you must beat Driver X, the boss of the game. The game also supports five players on one Dreamcast console."
"Speed Devils [Clean Cover]","","NTSC","United States of America","Ubisoft","Ubisoft Montreal","2000-12-13","4","No","Racing","E - Everyone","The clean Speed Devils Clean Variant is an oddball variant where there is a full cover sized sticker over the manual cover. In the sticker, the devil's face is removed and instead it is just the game's name in a generic yellow shape. Some sources site this to be a Walmart exclusive, possibly due to some religious censorship policies with the retailer (this is not confirmed."
"Speed Devils Online Racing","","NTSC","United States of America","Ubisoft","Ubisoft Montreal","2000-12-13","10","No","Racing","E - Everyone","Attention sinners. The most infernal arcade racer ever is now online. All the hellish tracks, tricked out cars, and shady side bets from the original Speed Devils return.

Blistering New Features: New Cars - 22 (11 new) machines, All original courses online plus new bonus course, Single player offline, up to 5-Player online, 22 new ways to gamble your cars and cash.
Intense Online Mayhem. Customize your online persona with quotes and characters. Win your opponents' cars online. Make and take your own insane bets with players nationwide."
"Spider-Man","","NTSC-U","","Activision","Neversoft Entertainment","2001-04-19","1","No","Action","E - Everyone","Spider-Man is the first 3D game to star the popular web-slinger. It is loosely based on Spider-Man: The Animated Series and Spider-Man Unlimited and features some of the voice cast from each and similar character designs.

Peter Parker is attending a demonstration of the reformed Dr. Otto Octavius's new invention when an imposter Spider-Man steals the device. Spider-Man must work to clear his name and uncover the sinister motives behind the device's theft."
"Spikers Battle","","NTSC-J","Japan","Sega","Amusement Vision, Ltd.","1970-01-01","1","No","Fighting","Not Rated","Spikers Battle (スパイカーズバトル) is the fourth installment to the Spikeout series and only released in Japan. Putting an arena-styled competitive twist to the formula, Spikers Battle retains it's 3D beat-'em-up gameplay but takes a more traditional verses fighting game approach. The game takes place in a urban setting and offers a total of eight playable streetfighter characters. Returning characters from the earlier 1998 arcade game Spikeout: Spike, Linda, Tenshin and White. The new fighters are Albelto, Hikaru, Fengli and Gorn. In the game you fight in several different arenas against three playable and/or non-playable characters in a best out of three round match. Aside from the kick and punch attacks weapons like a baseball bat, hammer and flame thrower can be picked up and used on the opponents. Beaten enemies sometimes drop boxes that replenish life."
"Spirit of Speed 1937","","NTSC-U","","","","2000-07-31","1","No","Racing | Sports","E - Everyone","No overview is currently available for this title, please feel free to add one."
"Splatterhouse Collection","","NTSC","United States of America","","Various","1970-01-01","1","No","Action | Adventure | Fighting | Horror","M - Mature 17+","NEW! Splatterhouse Collection Dreamcast disc, Over 20 Games, Homebrew, Fanmade - also includes Japanese and US commercials, 10 Genesis, 6 DreamBor, 5 Nintendo, 2 TurboGrafx 16 original games / versions / mods / hacks / homebrews."
"Sports Jam","","NTSC-U","","","","2001-07-18","2","No","Sports","E - Everyone","No overview is currently available for this title, please feel free to add one."
"Sqrxz","!Sqrxz!","Region Not Set","","Retroguru","Retroguru","2010-06-09","","No","Platform","","While Sqrxz wandered around on a sunny day, he was unaware that he had lost all his items while enjoying the scenery. It was already dark until he recognized the loss. There was no possibilty, but to go back where he started the trip and save his things. If the loss was not already enough, strange creatures appeared. Will they be helpful?

Sqrxz requires fast reflexes and is a simply mindblasting Jump’n’Run puzzle game with high frustration factor originally made in 1996 by Marcus Vesterlund (Maze) and John Holmvall (Hojo) for DOS and Windows 9x.

Sqrxz (2010) is a remake of a game with the same name and has been created by Rodolphe Boixel (Thor), Shahzad Sahaib (Kojote), Simon Butler and Brendan Ratliff (Syphus). Minor support came from Marcus Vesterlund himself who also gave permission to redo his game. Denny Müller (Mulle) supported the team with a WordPress-Theme for the official page and Rabia Sahaib (Mahek) made three more levels."
"Sqrxz 2","","Region Not Set","","Retroguru","Retroguru","2010-12-27","","No","Platform","","Many players were happy to play Sqrxz on platforms never seen before and some of them even asked for more. The second part was born and can be considered a sequel.

Rodolphe, Simon and the new supporter, swedish chip tune artist Alexander Wiklund were brought together by Shahzad, who also did levels and testing, to form and develop the second part of Sqrxz.

Sqrxz 2 was born and initially released on Dreamcast. The release place was at tUM 2010 demoparty, where the game ranked 4th in the game development competition."
"Sqrxz III","","Region Not Set","","Retroguru","Retroguru","2011-12-27","","No","Platform","","Sqrxz and his girlfriend were on a romantic adventure journey in a jungle somewhere here on our planet. All of a sudden Yve gets kidnapped by an evil power and Sqrxz is forced to collect dozens of shiny little rings to free her. The old ruins he has to explore are anything else than safe. Traps are spread all over the place… and… Sqrxz is not alone!

Sqrxz 3 is a Jump’n’Run which will please the hardcore gamer amongst you. You need fast fingers and a fast brain. Original Sqrxz made by Marcus Vesterlund and John Holmvall."
"Sqrxz IV","","Region Not Set","","Retroguru","Retroguru","2014-04-18","","No","Platform","","After Sqrxz saving Yve in “Sqrxz 3 – Adventure for Love” it was truly a happy moment. Being still heavily in love they decided that the time for a tiny wedding ceremony has come. The celebration party was marvellous and still people talk about this heart breaking moment. Couple of months later both were sure that the time for an own small family has come.

Although those are happy news Sqrxz is consequently short of money and a growing family requires a solid financial base. Picking up a newspaper and reading the job offers, a single add caught Sqrxz’s attention. An expedition in search of ice marbles needs a brave explorer. After all, he has gone trough a deep jungle to rescue Yve and made it back. This sounds like a job for Sqrxz!

After meeting Dr. Branxz, who looked a bit creepy and shady, the deal has been set up and Sqrxz is brought to a mysterious island… full of shiny ice marbles. “Not a single one should be left there”, Dr. Branxz said, that just one missing marble will result in a pay refusal and not taking Sqrxz home. If you think Dr. Branxz didn’t do his homework, he very well did: His spy satellites spotted exactly 354 marbles. Challenging, isn’t it?"
"Star Gladiator 2: Nightmare of Bilstein","","NTSC-J","Japan","Capcom","Capcom","1999-12-09","2","No","Fighting","Not Rated","No overview is currently available for this title, please feel free to add one."
"Star Wars - Episode I - Jedi Power Battles (Spanish v2.0)[pitito]","Star Wars - Episode I - Jedi Power Battles","PAL","Spain","","","1970-01-01","2","No","Action","E - Everyone","No overview is currently available for this title, please feel free to add one."
"Star Wars Episode I: Jedi Power Battles","Star Wars Episode 1 Jedi Power Battles | Star Wars - Episode I - Jedi Power Battles (Spanish v2.0)[pitito]","NTSC","","LucasArts Entertainment Company LLC","LucasArts Entertainment Company LLC","2000-10-18","2","No","Action","T - Teen","Choose your jedi (including Qui-Gon Jinn, Obi-Wan Kenobi, Mace Windu, Plo Koon and Adi Gallia) and fight the forces of the Trade Federation through the planet Naboo, facing plenty of droids and Darth Maul himself."
"Star Wars Episode I: Racer","Star Wars Episode 1: Racer","NTSC-U","","LucasArts Entertainment Company LLC","LucasArts Entertainment Company LLC","2000-04-04","4","No","Racing","E - Everyone","Star Wars Episode I: Racer is a racing video game based on the podracing sequence featured in Star Wars: Episode I – The Phantom Menace. The game features all of the racers and race course on Tatooine featured in The Phantom Menace. It also adds several new courses, some on Tatooine, others on various planets. Several single player modes, including a tournament mode, are available for play. It also features multiplayer, the format of which varies by platform. Jake Lloyd and Lewis MacLeod, who portrayed Anakin Skywalker and Sebulba in The Phantom Menace, reprise their roles in the game."
"Star Wars: Demolition","","NTSC-U","","LucasArts Entertainment Company LLC","Luxoflux Corp.","2000-11-19","2","No","Action","T - Teen","Star Wars: Demolition is created by the same team that brought PlayStation owners Vigilante 8 and its sequel. The dangerous sport of Podracing has been outlawed by the Empire, but Jabba the Hutt has decided to devise an even more dangerous contest in order to provide entertainment, and more importantly, to gain a profit. Combatants from across the galaxy compete in familiar Star Wars locations, such as Tatooine, Hoth, Dagobah, Naboo and Cloud City.

The game was released on both PlayStation and Dreamcast consoles. The game was released on PlayStation on November 12, 2000 and on November 19, 2000 for Dreamcast."
"Starlancer","","NTSC-U","","Crave Entertainment","Warthog","2000-12-06","1","No","Flight Simulator","T - Teen","It's 2160, and the Eastern Alliance has launched a surprise attack on the Western Coalition's fleet and decimated it. The call has gone out for volunteers to become Alliance fighter pilots, and you have signed up with the 45th Volunteer Squadron.

Designed by Chris and Erin Roberts, the creative force behind the Wing Commander/Privateer megaseries, this space fighting simulation features the genre's standard mission types: escort, fighter sweep, interception, attacking space stations, fighting in asteroid fields, etc."
"Street Fighter Alpha 3","Street Fighter Zero 3: Saikyo-ryu Dojo","NTSC","","Capcom","Capcom","2000-05-31","3","No","Fighting","T - Teen","Street Fighter Alpha 3, the third game in the Alpha series, has a total of 31 fighters, the most in the series so far. New characters include old favorites E. Honda, Blanka, Vega, Cammy, T. Hawk, Dee Jay, Juni and Juli. Some of the newest fighters on the block include a former Final Fight character (Cody, who has been in jail since the last Final Fight game, or so his clothing suggests), Karin Kanzuki and Rainbow Mika.

The major difference between this Alpha and the last two are the new play modes World Tour, Arcade, VS, Training and Entry."
"Street Fighter III: 3rd Strike","","NTSC-J","Japan","","","2000-06-29","2","No","Fighting","Not Rated","Street Fighter III: 3rd Strike is the third and final update to Street Fighter III and was originally released in arcades before being brought to the Sega Dreamcast. Dreamcast users can play the previous two versions of Street Fighter III with Street Fighter III: Double Impact."
"Street Fighter III: Double Impact","","NTSC-U","","Virgin Interactive Entertainment, Inc.","Capcom","1999-12-16","2","No","Action | Fighting","E - Everyone","Street Fighter III: Double Impact, known as Street Fighter III: W Impact (ストリートファイターIII Wインパクト) in Japan, is a versus fighting game developed by Capcom exclusively for the Sega Dreamcast. It is a compilation of two arcade fighters - Street Fighter III: New Generation and its update, Street Fighter III 2nd Impact: Giant Attack. As the name suggests, Street Fighter III is a sequel to Street Fighter II. The game was not released in North America.

The Dreamcast would receive Street Fighter III: 3rd Strike, the second update to Street Fighter III."
"Street Fighter III: W Impact","","NTSC-J","Japan","Capcom","Capcom","1999-12-16","2","No","Action | Fighting","Not Rated","Street Fighter III: Double Impact, known as Street Fighter III: W Impact (ストリートファイターIII Wインパクト) in Japan, is a competitive fighting game compilation produced by Capcom that was released exclusively for the Sega Dreamcast. The Dreamcast would later receive a stand-alone port of Street Fighter III: 3rd Strike, the third and final game in the series."
"Street Fighter Zero 3 - Saikyo-ryu Dojo","","NTSC-J","Japan","Capcom","Capcom","1999-07-08","2","No","Fighting","Not Rated","No overview is currently available for this title, please feel free to add one."
"Striker Pro 2000","UEFA Striker | Super Euro Soccer 2000","NTSC-U","","Infogrames Entertainment","Rage Software","2000-05-31","4","Yes","Sports","E - Everyone","Striker Pro 2000 features nine mode of play, including Knockout, Super Trophy, and International Cup. Training modes are here as well allowing users to take part in soccer drills and win access to secret competitions and modes. There are 130 teams to choose from and they can be edited in areas like player names and sock color. Players can perform all of the moves that real soccer players can too, such as bicycle kicks, diving headers, sliding shots, and tackles."
"Stunt GP","","PAL","","Eon Digital Entertainment","Team17 Software Limited","2001-06-08","3","No","Racing","Not Rated","Stunt GP is a racing game for the Sega Dreamcast. It was only released in Europe."
"Stupid Invaders","","NTSC-U","","Ubisoft Entertainment","Titanium Studios | 																Xilam","2001-06-22","1","No","Adventure","T - Teen","Space Goofs (France/Quebec title: Les Zinzins de l'espace, UK title: Home to Rent, German title: Ein Heim für Aliens, international title: Stupid Invaders) is a French/German animated series produced by Gaumont Multimedia, and Xilam for France 3 that first aired in 1997. It also debuted at the same year in Germany on ProSieben. It also aired, in Quebec, on Télétoon. In the UK, the 1st season premiered on Channel 4 under the name Home to Rent and the 2nd season premiered under its original moniker on Nicktoons UK on 5 November 2005 at 9:30am. It also aired as part of the Fox Kids lineup on Fox in the United States.

The series also served as the basis of an adventure game titled Stupid Invaders."
"Sturmwind","","NTSC-U","","Redspotgames","Duranik","2013-04-24","1","No","Shooter","Not Rated","You found the way in now find the way out! Survive 16 levels and even more big grumpy boss enemies"
"Sturmwind Limited Edition","","Region Not Set","","Redspotgames","Duranik","2013-04-24","1","No","Shooter","E10+ - Everyone 10+","Independant Dreamcast Video Game
Limited Edition includes a soundtrack CD containing 17 songs, a 'Threats of the Universe' Sturmwind Pilot's Guide booklet, and a little Sturmwind toy ship which are all packaged in a magnet seal hard case.
16 Levels, 3 selectable difficulty levels, More than 20 large boss enemies
PAL50, PAL60, NTSC and VGA (with Adapter) compatible, Supports: Joypad, Arcade Stick (Analog/Digital), VMU, Rumble Pack (configurable)
Compatible with all European, US and Japanese DC units built before October 2000"
"Sunrise Eiyuutan","Sunrise Eiyuutan","NTSC-J","","Sunrise Software, Inc.","Atelier-Sai","1999-12-02","2","No","Role-Playing","Not Rated","Sunrise Eiyuutan (サンライズ英雄譚) is a RPG game, developed by Atelier-Sai and published by Sunrise Interactive, which was released in Japan in 1999 for the Sega Dreamcast."
"Super Boom Tread Troopers","","Region Not Set","","Digital Eclipse Software, Inc.","Digital Eclipse Software, Inc.","2000-12-01","4","No","Action","","My god, we've just seen the Atari 2600's Tank Battle on Dreamcast!  Okay, maybe not.  Play against up to three of your friends or enemies in an exclusive game developed especially for ODCM [Official Dreamcast Magazine] by Digital Eclipse.  Bounce bombs off the walls to destroy opposing forces and friends, and rack up the tank carcasses to get the high score."
"Super Magnetic Neo","Super Magnetic NiuNiu","NTSC-U","","Genki Co., Ltd.","Genki","2000-06-12","1","No","Action","E - Everyone","In Super Magnetic Neo, a gang lead by evil, foul-mouthed baby Pinki has taken over Pao Pao Park. The professor must stop her, so her sends Super Magnetic Neo, a little boy robot with a powerful electromagnet on his head.

You must use all these skills to make it through all four sections of Pao Pao Park and defeat Pinki."
"Super Magnetic Neo [Demo CD]","","NTSC-U","United States of America","","","2000-01-01","1","No","Platform","E - Everyone","No overview is currently available for this title, please feel free to add one."
"Super Mario War","","Other","","","","2004-01-01","4","Yes","Fighting | Unofficial","Not Rated","No overview is currently available for this title, please feel free to add one."
"Super Puzzle Fighter II X for Matching Service","Super Puzzle Fighter 2 X","NTSC-J","","Capcom","Capcom","2001-07-05","2","No","Puzzle","E - Everyone","In addition to the gameplay of Super Puzzle Fighter II Turbo, known as mode X, this game features:
2 new gameplay modes Y and Z, which are variations of the rules in mode X
An expert difficulty level
A Counter Gem editor which allows you to create custom attack patterns
EX Options where you can edit the game play rules
An online Vs mode
In Y and Z modes each diamond piece is a specific color, unlike mode X where a diamond embodies all colors.

In mode Y you fill a meter by placing gems of the same color together and destroying them with a crash gem of the same color. When your meter is full you can summon a diamond whose color is determined by the character you selected. The diamond has different effects depending on what kind of gem it is placed on.

In mode Z diamonds will destroy all normal and numbered gems of the same color.

The servers for the online Vs mode of the game shutdown on September 1, 2003."
"Super Robot Taisen Alpha","Super robot wars alpha","NTSC-J","","Banpresto Co., Ltd.","Banpresto Co., Ltd.","2001-08-30","1","No","Strategy","Not Rated","Super Robot Taisen Alpha For Dreamcast (スーパーロボット大戦α for Dreamcast) is an entry in the Super Robot Taisen series released on the Sega Dreamcast."
"Super Runabout","Super Runabout: The Golden State","PAL","","Virgin Interactive Entertainment (Europe) Ltd.","Climax Entertainment","2000-11-24","1","No","Action | Vehicle Simulation","E - Everyone","The player can drive around San Francisco, crashing into objects. There are two scenarios: Scenario A places the player in control of San Francisco Motors, a kind of ""messenger/delivery/bomb disposal service"" rolled up in one, while Scenario B has the player controlling laid-back San Francisco police officers. The two scenarios have different missions, whether it's stopping a runaway cable car, or collecting bombs for disposal."
"Super Runabout: San Francisco Edition","","NTSC-U","United States of America","Interplay Entertainment Corp.","Climax Entertainment","2000-10-24","1","No","Action | Vehicle Simulation","T - Teen","Super Runabout: San Francisco Edition is the third game in the Runabout series. The player can drive around San Francisco, crashing into objects. There are two scenarios: Scenario A places the player in control of San Francisco Motors, a kind of ""messenger/delivery/bomb disposal service"" rolled up in one, while Scenario B has the player controlling laid-back San Francisco police officers. The two scenarios have different missions, whether it's stopping a runaway cable car, or collecting bombs for disposal."
"Super Speed Racing","スーパースピード･レーシング","NTSC-J","Japan","Sega","Zoom","1999-03-25","2","Yes","Racing","E - Everyone","Flag to Flag, known as Super Speed Racing (スーパースピード･レーシング) in Japan, is a racing video game adaption of the now-defunct open-wheel American racing series, Championship Auto Racing Teams (CART, later re-branded ""Champ Car"").

Flag to Flag is licensed by the Championship Auto Racing Teams (CART) racing league. It is based on the 1998 CART FedEx Championship Series. The game contains the 19 race tracks, 27 drivers, and 18 teams that were used in the 1998 CART Season."
"Super Street Fighter II X for Matching Service","Super Street Fighter 2 X for Matching Service | Super Street Fighter 2 X","NTSC-J","","Capcom","Capcom","2000-12-22","2","No","Action | Fighting","T - Teen","Super Street Fighter II X for Matching Service is a fighting game developed by Capcom, and one of many updates to the popular fighting game, Street Fighter II. This version was released for the Sega Dreamcast exclusively in Japan in 2000. It is an enhanced port of Super Street Fighter II X: Grand Master Challenge, known as Super Street Fighter II Turbo in the west.

The game is virtually identical to other ports of Super Street Fighter II X/Super Street Fighter II Turbo, but is compatible with Capcom's ""matching service"", meaning players can compete online."
"Supercharged Robot Vulkaiser","","NTSC-U","United States of America","JoshProd","ASTRO PORT","2021-01-01","1","No","Shooter","E - Everyone","GO! GO! VULKAISER!
Supercharged Robot VULKAISER is a 70s giant robot anime-inspired side-scrolling shooter from the creators of SATAZIUS and GIGANTIC ARMY!

Story:
In 1977, the good people of Earth face their gravest ever threat… The Gogoh Army has arrived from the outer reaches of space to invade the Earth! The Gogoh Army expect conquering the Earth will be an easy task. Little do they know that the Earth is prepared to resist, thanks to the Super Electric Research Center and the pinnacle of human scientific achievement: the giant combat robot known as Supercharged Robot VULKAISER!

Features:
– 6 stages of 70s giant robot anime-inspired side-scrolling metal fusion shooting game!
– COMBINE with the VulFighter craft and harness the power of Rocket KAISER, Needle KAISER, Thunder KAISER, and Drill KAISER!
– 4 difficulty levels to cater to Earth defense newbies and veteran heroes!"
"Surf Rocket Racers","","NTSC-U","","Crave Entertainment","CRI","2001-02-28","2","No","Racing","E - Everyone","Surf Rocket Racers is an waterski racing game for the Sega Dreamcast."
"Suzuki Alstare Extreme Racing","","NTSC-U","","","","1999-11-16","1","No","Racing | Sports","E - Everyone","No overview is currently available for this title, please feel free to add one."
"Sweet Home","","Region Not Set","","divagante","Capcom","2012-07-18","1","No","Horror","","Sweet Home is a survival horror role-playing video game that was released for the Famicom in 1989. It features several elements of role-playing video games. Sweet Home was developed and published by Capcom and the game was never released outside Japan. The game is related to the Japanese horror film of the same name. 

What many call the grandfather of modern horror survival games, sweet home is a fine example of how details can make a simple game perfect. With a simple combat system, the game leads you to manage multiple teams and limited supplies of items in order to survive and espace the mansion. 

And beware, death is taken very seriously here! You die, you die, no going around it. 

So...do you have what it takes to discover the horrible secrets behind the paranormal activity and escape the mansion? 

## about the release ## 

Sweet home is, originally, a japanese game, never released outside of japan. What i present in this release is a trustworthy fan-translation to a great game that represents the very good start of the giant Capcom. 

The release uses a modified version of nesterDC 7.1, which runs other nes roms if a cd is inserted."
"Sword of the Berserk","","NTSC-J","","ASCII Corporation","Yuke's","1999-12-06","1","No","Action | Adventure","M - Mature 17+","Berserk Millennium Falcon Arc: Chapter of the Flowers of Oblivion (ベルセルク 千年帝国の鷹篇 喪失花の章, Beruseruku Sennnen Teikoku No Taka Hen Wasurebana no Shō), is a hack and slash action video game for the Japanese Dreamcast. It is based on the popular Berserk manga by Kentarō Miura and the game is set between volume 22 and 23 of the manga; right after Guts and Puck depart for Elfhelm with Casca (chapter 182), but before Farnese, Serpico, and Isidro catch up with them (chapter 190). The music is composed by Susumu Hirasawa, who also composed the anime series' music.

Released around the same time as Shenmue, Sword of the Berserk is notable for its early use of quick time events (QTE). It used these to determine the different non-linear paths the player would take, depending on whether they succeed or fail in pressing the displayed button quickly enough during a QTE, allowing different ways to complete the game.[3]"
"Sword of the Berserk: Guts' Rage","","PAL","","Eidos Interactive","Yuke's","2000-05-19","1","No","Action | Fighting","M - Mature 17+","An outcast warrior enters a land plagued by an evil curse. Guts is unlike ordinary men for he carries the Dragon Slayer, a mighty blade of retribution whose fury knows no equal. His enemies will know true fear once they encounter his Berserk rage!"
"Sydney 2000","","NTSC-U","","","","2000-08-31","4","No","Sports","E - Everyone","Sydney 2000 offers four modes of play including arcade, Olympic, head-to-head and coaching. Up to four players (human or computer-controlled) can participate in arcade and head-to-head modes. Each player can train or control a team of 12 virtual athletes for whichever nationality he or she chooses. Arcade mode allows you to jump right into any one of the 12 events and test the waters without training your athletes. Two types of play are available: classic and repeat. In classic style, you play all 12 events only once while earning points based on performance in each. Repeat play offers basically the same format with the main difference being the chance to gain higher scores by replaying the events. Olympic mode lets you train a team of 12 athletes, build strength and morale, sharpen skills and prepare for qualification at Olympic trials. This mode offers a 4-stage approach to reaching the goal of Olympic competition: training, invitation, championship, and then the Games themselves. Gymnastics and field and track are just a couple of the activities practiced in this mode."
"Sylverant PSO Patcher V2.0","loader.cdi","Other","","","","2011-08-27","1","No","Utility","Not Rated","A private server for the Phantasy Star Online series of games."
"System Disc 2","","Region Not Set","","Sega","Sega","1999-09-09","1","No","Utility","Not Rated","Allows booting of Beta Games on GD-R's"
"System Shock 2","","Region Not Set","","","","1999-01-01","","No","Action | Role-Playing","T - Teen","The story begins in 2114, forty-two years after the events of System Shock. After joining the United National Nominate, the protagonist — Soldier G65434-2 — is assigned to the Rickenbacker, a military spacecraft. The Rickenbacker is escorting the Von Braun, an experimental faster-than-light (FTL) starship, on its maiden voyage. As the Rickenbacker does not have an FTL system of its own, the two ships are attached together for the trip.

Game cancelled."
"Taisen Net Gimmick: Capcom & Psikyo All Stars","","NTSC-J","","Capcom","Capcom","2001-06-28","1","No","Puzzle","E - Everyone","No overview is currently available for this title, please feel free to add one."
"Tantei Shinshi Dash!","","NTSC-J","Japan","Abel","Abel","2000-12-21","1","No","Adventure","Not Rated","Tantei Shinshi Dash! (探偵紳士ＤＡＳＨ！) is an adventure game for the Sega Dreamcast."
"Taxi 2","Taxi 2: Le Jeu","PAL","France","Ubisoft Entertainment","Blue Sphere","2000-11-30","1","No","Racing","E - Everyone","Taxi 2: Le Jeu (Taxi 2: The Game) is a racing game developed by Blue Sphere for the Sega Dreamcast based on the French film Taxi 2. It is notable for being the only Dreamcast game exclusive to France, and the only Sega game for that matter (aside from localised versions). The game was also released for the Sony PlayStation and PC."
"Tech Romancer","","NTSC-U","","Capcom","Capcom","2000-03-31","2","No","Fighting","T - Teen","Tech Romancer (Japanese: 超鋼戦紀キカイオー Hepburn: Chōkō Senki Kikaiōh?, ""Chronicle of Super Steel Warrior Kikaioh"") is a 1998 3D fighting arcade game by Capcom that draws heavily from the various subgenres of mecha anime. It has been ported to the Dreamcast console. The player controls a giant robot which is used to fight another robot in one-on-one combat. Studio Nue (the animation studio responsible for the mechanical designs for many anime series including The Super Dimension Fortress Macross, Gunbuster, and Mobile Suit Gundam 0083: Stardust Memory) designed the robots in this game."
"Tee Off","","NTSC-U","","","","1999-12-31","1","No","Sports","E - Everyone","No overview is currently available for this title, please feel free to add one."
"Tee Off (White Label)","","PAL","United Kingdom of Great Britain and Northern Ireland","","","1999-01-12","1","No","Sports","Not Rated","No overview is currently available for this title, please feel free to add one."
"Teenage Mutant Ninja Turtles: The Cowabunga Collection (Midnight Dark)","","PAL","United Kingdom of Great Britain and Northern Ireland","","Konami","2022-12-30","2","Yes","Action | Adventure | Fighting | Unofficial","T - Teen","All the classic TNT games in one incredible compilation for the first time, optimized and improved specially for the Sega Dreamcast! Featuring titles from the Arcade machines, NES, Super Nintendo, Sega Mega Drive, Sega Genesis, Gameboy, Spectrum and many more. Including games as: The Arcade Game, The Manhattan Project, Turtles in Time, Tournament Fighters, The Hyperstone Heist, Fall of The Foot Clan, Back From The Sewers, Radical Rescue and more surprises!"
"Tennis 2K2","","NTSC-U","","Sega","Hitmaker","2001-10-24","2","No","Sports","E - Everyone","The top seed is back. Take to the courts of Virtua Tennis 2 as you compete to become the world No1. Serve, smash and lob your way through 16 internationally top-ranked male and female players as you go head to head in singles matches or compete with up to 4 players in doubles and mixed doubles matches. With revamped Tournament, Exhibition and World Tour modes its game set and match Virtua Tennis 2."
"Test Drive 6","","NTSC-U","","","Pitbull Syndicate","1999-11-30","1","No","Racing","E - Everyone","Test Drive 6 from Infogrames is a racing game featuring a newer physics model than the previous Test Drive games. It now allows each car to feel like its real-life counterpart. The game also has interactive backgrounds, wherein players can break objects, avoid obstacles or find shortcuts.

The game features 34 tracks throughout exotic locales such as Switzerland, Italy, Jordan and Maui. Also included are over 40 fully licensed vehicles including the Dodge '69 Charger, the '99 Dodge Viper GTS, the Aston Martin '99 DB7 Vantage Coupe and the Toyota '99 GT-One."
"Test Drive Le Mans","Le Mans 24 Hours","NTSC-U","","Infogrames Entertainment","Infogrames","2000-11-13","4","No","Racing","E - Everyone","Le Mans offers a number of play modes. The Arcade mode is designed for a quick thrill. It can satisfy the action junkies need for an adrenaline high. In it, the cars are completely indestructible, putting the emphasis on the racing. As the name implies, the Challenge races offer a bunch of difficult obstacles to overcome. Beating the opponent cars will open up a new series of Challenge tracks. The Time Attack mode pits the racer against the clock. Victory in the Time Attack mode will unleash a new fleet of cars.

The Championship mode is a little bit deeper. In it, the player will participate in an entire racing season, culminating in the famous 24 Heures Du Mans. The Championship mode starts with the GT2 class of car. Upon beating the first series of races, the player will be able to move on to the other car types. Finally, Le Mans offers the Le Mans 24 hr mode. In game time, the Le Mans race lasts the entire 24-hr. period. The player can choose to shorten the outcome by resetting the game time. Be careful, though, as the car can take a l"
"Test Drive V-Rally","V-Rally 2: Expert Edition","NTSC-U","","Infogrames","Eden Studios","2000-07-02","1","No","Racing | Sports","E - Everyone","V-Rally 2 is a rally racing video game and the sequel to V-Rally. It was succeeded by V-Rally 3. The PlayStation version is known in Europe as V-Rally 2: Championship Edition and in North America as Need for Speed: V-Rally 2. The Dreamcast and Windows versions are known in Europe as V-Rally 2: Expert Edition and in North America, Dreamcast Version Known as Test Drive: V-Rally."
"Tetris 4D (Japan)","","NTSC-J","Japan","Bullet-Proof Software, Inc.","Bullet-Proof Software, Inc.","1998-12-23","4","No","Puzzle","E - Everyone","Tetris 4D (テトリス フォーディー) is a Sega Dreamcast game developed and published by Bullet Proof Software. It is an entry in the Tetris series, and was released only in Japan.

Being an early Dreamcast game, Tetris 4D does not deviate much from its predecessors. There is a classic mode (which acts as a normal game of Tetris) and a ""battle"" mode (which allows up to four players to compete against each other). The game has an industrial/urban theme, unlike most other entries in the series which usually have a classical architecture or Russian theme.

There are no AI players in the game and no VMU support for high-score saving. Both Sega Tetris and The Next Tetris: On-Line Edition (both also released for the Dreamcast) are seen as better games as a result."
"The Escapee","","Region Not Set","","JoshProd","Invictus Games","2018-05-10","1","No","Action | Adventure","Not Rated","No overview is currently available for this title, please feel free to add one."
"The Flintstones in Viva Rock Vegas","","PAL","","Swing! Entertainment Media AG","Full Fat Games","2001-01-01","4","No","Racing","Not Rated","The Flintstones in Viva Rock Vegas is an unreleased Dreamcast racing game, developed by Full Fat and set to be published by Swing! Entertainment. It is based on the 2000 film of the same name, itself based on Hanna-Barbera's The Flintstones franchise. This Dreamcast adaptation was a kart racer, similar to others at the time, featuring various characters and environments from the movie. A notable thing is that, while based on a live-action movie, the game's look is more in line with that of the original Flintstones cartoons, as well as powerups being obtained through knocking bowling pins, also a nod towards the show.

While this Dreamcast version was cancelled, a sample version, likely intended for the press, has since surfaced. Had it been released, it likely would've come out in late 2000, or early 2001. While it is not known if the game was meant to see release outside of Europe, the presence of Conspiracy Entertainment in the opening logos means it's likely that they would've been the North American publishers."
"The Ghost Blade","","NTSC","United States of America","Independent","Hucast Games","2015-09-27","1","No","Shooter","Not Rated","The Ghost Blade – Caravan Shooting Game -- is an ace shoot 'em up for the Sega Dreamcast with focus on arcade action joy and elaborate scoring system. And various player ships too choose from and a load of game modes, such as five stage game mode or challenging caravan game mode and last but not least: time attack."
"The Grinch","","NTSC-U","","Konami","AM&M","2000-10-31","1","No","Action","E - Everyone","As the Grinch, you're going to make sure that Whoville will NOT celebrate Christmas this year... Your missions, should you choose to accept them, includes breaking presents, build some of your nasty gadgets (rotten egg launcher, slime shooter), messing with the mail... And more. Explore four large environments in search of your blueprints for your ""weapons"". Even summon your pal Max for a little assistance at times."
"The House of the Dead 2","","NTSC-J","Japan","Sega","Sega","1999-03-25","1","No","Shooter","Not Rated","The House of the Dead 2 is a first-person light gun shooter arcade game with a horror theme and the second game in The House of the Dead series of video games. The direct sequel to The House of the Dead, it was developed by Sega for arcades on the Sega NAOMI board in November 1998 then later ported to the Dreamcast in 1999. 

The games story picks up slightly over a year after the original game, and follows several AMS agents investigating a zombie outbreak in Italy. The protagonists are tasked find the source of the attack while also locating a missing agent, known as G."
"The House of the Dead 2 - Gunset Edition (JPN)","","Region Not Set","","Sega","Sega","1999-03-25","2","No","Action | Horror","M - Mature 17+","No overview is currently available for this title, please feel free to add one."
"The House of the Dead 2 [Gun Bundle]","","PAL","United Kingdom of Great Britain and Northern Ireland","Sega","WOW Entertainment","1999-09-09","2","Yes","Shooter | Horror","M - Mature 17+","No overview is currently available for this title, please feel free to add one."
"The House of the Dead 2 [Sega All Stars]","","Region Not Set","","Sega","WOW Entertainment","2000-08-22","2","Yes","Shooter","M - Mature 17+","No overview is currently available for this title, please feel free to add one."
"The King of Fighters '99 Evolution","","NTSC-J","Japan","Agetec, Inc.","SNK","2000-03-30","2","No","Fighting","Not Rated","No overview is currently available for this title, please feel free to add one."
"The King of Fighters 2000","","NTSC-J","","Playmore Corporation","SNK","2002-08-08","4","No","Action | Fighting","Not Rated","The King of Fighters 2000 is an Action game, developed by SNK and published by Playmore, which was released in Japan in 2002."
"The King of Fighters 2001","KOF 2001","NTSC-J","Japan","SNK Playmore","Eolith | 																SNK Playmore","2002-12-26","2","No","Fighting","Not Rated","Japanese Release"
"The King of Fighters 2002","","NTSC-J","Japan","Playmore Corporation","Eolith","2003-06-19","2","No","Fighting","E10+ - Everyone 10+","Dreamcast Japanese release of The King of Fighters 2002."
"The King of Fighters Evolution","The King of Fighters '99 Evolution","NTSC-U","","Agetec, Inc.","SNK","2001-10-25","2","No","Fighting","T - Teen","Welcome back to the King of Fighters tournament with this, the latest installment of the legendary SNK fighting game series! Taking elements from both KOF '99 and the new KOF 2000, KOF Evo brings hardcore fighting game action, slick characters, newcomers, oldcomers, and everyone in between back for one of the greatest fighting game experiences you'll ever see!"
"The King of Fighters Neowave","","NTSC-J","Japan","Sammy Corporation","SNK Playmore","1970-01-01","2","No","Fighting","Not Rated","The King of Fighters Neowave (ザ・キング・オブ・ファイターズ ネオウェイブ) is a fighting game by SNK Playmore, released in 2004 for the Sammy Atomiswave arcade platform. It is the eleventh arcade game in SNK Playmore's The King of Fighters series and first fighting game by SNK Playmore to be developed on Atomiswave hardware rather than the Neo Geo console that their previous games appeared on. It's also a Dream Match, like The King of Fighters '98 and The King of Fighters 2002. It was developed specifically to test the hardware and is not counted in the new numeral progression followed by The King of Fighters XI (with 2003 being the tenth game in the series). Now ported to Dreamcast."
"The King of Fighters XI","","NTSC-J","Japan","Sammy Corporation","SNK Playmore","1970-01-01","2","No","Fighting","Not Rated","The King of Fighters XI (ザ・キング・オブ・ファイターズ XI) is the eleventh installment of The King of Fighters series and the second chapter of the ""Tales of Ash"" story arc, started in The King of Fighters 2003. This game is also the first of the series to not use the year of release in its name. Now ported to Dreamcast."
"The King of Fighters: Dream Match 1999","","NTSC-U","","SNK","SNK","1999-09-30","2","No","Fighting","T - Teen","A special Dreamcast conversion of KOF '98 (NOT '99) with several additions for Sega's console. The game remains the same as the original arcade version, but now includes new backgrounds (some with some polygonal enhancements) and a series of complementary bonus materials like conceptual galleries, sound test modes, etc."
"The King of Fighters: Dream Match 1999 (JPN)","","NTSC-J","","","","1999-06-24","2","No","Fighting","Not Rated","The King of Fighters: Dream Match 1999 (ザ・キング・オブ・ファイターズ ドリーム・マッチ 1999) is an entry in the The King of Fighters series that serves as an updated version of The King of Fighters '98, and was released among other systems for the Sega Dreamcast in 1999. It was not released in Europe.

This game is compatible with the Neo Geo Pocket/Dreamcast Setsuzoku Cable, which allows you to transfer stats between it and The King of Fighters R-2."
"The Last Blade 2: Heart of the Samurai","The Last Blade 2: Heart of the Samurai","NTSC-U","","SNK","SNK","1999-01-28","2","No","Fighting","T - Teen","The Last Blade 2: Heart of the Samurai is a 2D fighting game which features anime-style characters that fight each other with swords, clubs, and even fishing poles. These characters pull off their special moves with that 'quarter-circle-to-half-circle' and 'double-half-circle' controller motions, reminiscent of Street Fighter."
"The Lost Golem","","NTSC-J","","","","2000-02-24","1","No","Puzzle","E - Everyone","You play as a golem and must guide a king in a castle to safety. The king walks by himself and turns when he bumps into a wall, so you must move walls around to guide him to safety."
"The Next Tetris","","PAL","","Crave Entertainment","","2001-05-04","2","No","Puzzle","E - Everyone","One of the most popular videogames on Earth, Tetris is deceptively simple, incredible addictive and universally loved. Now, Tetris madness comes to the Sega Dreamcast. This edition of the classic game delivers an advanced graphics makeover, and new features ! Often imitated, never equaled, Tetris is a part of our popular culture. It has influenced and shaped the minds of the digital generation. it's time to take the game to the next level!"
"The Next Tetris: On-line Edition","","NTSC-U","","Crave Entertainment","Blue Planet Software","2000-12-20","2","No","Puzzle","E - Everyone","One of the most popular videogames on Earth, Tetris is deceptively simple, incredible addictive and universally loved. Now, Tetris madness comes to the Sega Dreamcast. This edition of the classic game delivers an advanced graphics makeover, new features and worldwide Internet play! Often imitated, never equaled, Tetris is a part of our popular culture. It has influenced and shaped the minds of the digital generation. it's time to take the game to the next level!"
"The Nomad Soul","","PAL","","Eidos Interactive","Quantic Dream","2000-06-23","1","No","Action | Adventure","T - Teen","""I have many things to tell you and very little time... I come from a universe parallel to yours. My world is desperately in need of your help. Only YOU can save us.""

Responding to the desperate pleas of a mysterious character from another dimension, your soul must enter the dark and futuristic city of Omikron. This heralds the beginning of an epic adventure through an increasingly strange and dazzling parallel world, trying to solve the many puzzles that prevent you from escaping alive. Think, fight and interact with the immense gaming environment to defeat the menacing demons that have tried to trap you.
more »"
"The Ring: Terror's Realm","","NTSC-U","","Infogrames Entertainment","","2000-01-26","1","No","Horror","M - Mature 17+","Patterned after genre-defining games such as Resident Evil and Silent Hill, The Ring: Terror's Realm presents a survival-horror experience with all the standard features one would expect. Players assume the role of Meg Rainman, the girlfriend of fellow CDC employee Robert, who, along with three other colleagues, met a mysterious and untimely death while playing a new video game. Determined to uncover the truth, Meg discovers the program on Robert's computer and is promptly sucked into a virtual world. Here, she becomes infected with a virus and has only the next seven days to live.

The Ring: Terror's Realm presents players with a handful of different perspectives including third-person, first-person, and a dynamic viewpoint similar purpose to that in the Resident Evil series, which provides constantly changing camera angles. The core gameplay has players traveling between the real and virtual worlds while acquiring items, solving puzzles, and killing larvae, lizards, gorillas, and other monsters. Initially armed with little more than a basic handgun, Meg will eventually amass weapons such as a shotgun, an assault rifle, a rocket launcher, and more.

When in the virtual world, players can make use of a flashlight to help Meg find her way through the darkened corridors. Other useful items she include healing serum and various context-sensitive objects that will aid her progress through the adventure. Often, Meg will be required to seek out a specific character in order to advance. Cut scenes highlight important encounters throughout the quest. Players can record their progress using devices scattered around the game world and can manage their inventory by placing unwanted items in boxes, which also are found in various locations."
"The Textorcist [Limited Edition]","The Textorcist: The Story of Ray Bibbia","Other","Germany","Headup Games","Headup Games","2021-06-15","1","No","Action | Shooter | Horror","E - Everyone","Get ready for an electrifying mix between bullet hell and typing game! Dodge bullets while typing exorcisms at the very same time: turn on both sides of your brain and jump into the adventure of Ray Bibbia, a private exorcist who’s going to face the threats of a demonic outbreak and deal with his dark and sinful past at the same time!

Features:

An intense storytelling
Tons of bullets
Lots of typing
10 Boss fights
Challenging twisted typing mechanics for every boss
Type even to open a door
Type on a Holyvetti computer
Play with the keyboard for a typing experience or with a gamepad for a rhythm experience
Original Soundtrack composed by GosT
Some more Bullets"
"The Textorcist: The Story Of Ray Bibbia","","Other","","Headup Games","","2019-02-14","1","No","Education","M - Mature 17+","Get ready for an electrifying mix between a bullet hell and a typing game! Dodge bullets while typing exorcisms at the very same time: turn on both sides of your brain and jump into the adventure of Ray Bibbia, a private exorcist who's going to face the threats of a demonic outbreak and deal with his dark and sinful past at the same time! A city in decay, streets filled with thugs, crime and censorship and only one man to stop it all. Groundbreaking gameplay, exorcists, demons, metal singers, pimps, the Pope, drama, bad jokes and tons of hardcore action-filled boss battles for the first type ‘em up game ever realized."
"The Typing of the Dead","","NTSC-U","","Sega","Smilebit","2001-01-25","2","No","Horror","M - Mature 17+","The Typing of the Dead (ザ・タイピング・オブ・ザ・デッド Za Taipingu Obu Za Deddo?) is an arcade game that was developed by WOW Entertainment and published by Sega for the NAOMI hardware. The game was released in Japanese arcades in 1999 and was ported to the Sega Dreamcast in 2001 by Smilebit. A Windows version was released in 2000 and a PlayStation 2 port followed in 2004.

The Typing of the Dead is a modification of Sega's 1998 light gun arcade game The House of the Dead 2 in which the gun is replaced by a computer keyboard. The player takes the role of a secret agent in a zombie-infested Venice and must quickly type letters, words and phrases in order to kill fast-advancing enemies.

Despite falling under the criteria of ""edutainment"", the game was lauded by mainstream game critics for its humor, difficulty and originality. The PC version of The Typing of the Dead sold 120,000 units in 2003.

A Sony PlayStation 2 port was called The Typing of the Dead: Zombie Panic. This version was released exclusively in Japan in late December 2004 and was packaged with a USB keyboard. The game was mostly unchanged, although the Dreamcast backpacks were replaced with PS2 backpacks and new minigames were incorporated into the main story.[5][6] A sequel, The Typing of the Dead 2, was released exclusively in Japan in 2007. English of the Dead, another revision of House of the Dead 2, was released as a language-learning game for the Nintendo DS in Japan in 2008.[7] In 2012, an iOS remake was released entitled Flick of the Dead.[8] Typing of the Dead: Overkill, based on The House of the Dead: Overkill, was released on Microsoft Windows in October 2013."
"The Virgin on Megiddo","","NTSC-J","","Sega","?","2001-08-02","1","No","Adventure","M - Mature 17+","No overview is currently available for this title, please feel free to add one."
"They Hunger","They Hunger Trilogy","Other","","","Valve","2000-01-01","1","No","Action | Horror | Unofficial","Not Rated","Darkness... My body hurts! Or is it my brain?

The explosion! I remember it now. Maybe I'm in a coma? Or even worst, I may be already dead...

Everything is so confusing... Zombies, monsters and ghosts from the past are filling my mind... Oh God, so many memories mixed with my dreams! I can't even distinguish them anymore. What if my entire life was just a nightmare? But it felt so real...

Wait, what's that sweet voice? Sounds like a nurse! THAT is part of reality, I am sure. Now if I could just concentrate on this voice and try to wake up..."
"Time Stalkers","","PAL","","Sega","Climax Entertainment","2000-11-10","1","No","Adventure | Role-Playing","E - Everyone","European PAL version."
"TMNT - Hyperstone Heist Remixed","","NTSC-U","","","","1970-01-01","4","Yes","Action | Unofficial","E10+ - Everyone 10+","TMNT - Hyperstone Heist Remixed for the Sega Dreamcast"
"TNN Motorsports Hardcore Heat","Buggy Heat","NTSC-U","","American Softworks Corporation","CRI","1999-09-09","2","No","Racing","E - Everyone","TNN Motorsports Hardcore Heat (バギーヒート Buggy Heat in Japan and Europe) is an off-road racing video game for the Dreamcast, developed by CRI and published in the USA by ASC Games."
"ToeJam & Earl III: Mission to Earth","","Region Not Set","","Sega","Visual Concepts","2002-10-23","2","No","Action","T - Teen","ToeJam & Earl III: Mission to Earth is an action video game released for the Xbox on October 23, 2002. Developed by ToeJam & Earl Productions and Visual Concepts, and published by Sega and Microsoft, it is the third installment in the ToeJam & Earl series. Players assume the role of one of three extraterrestrial protagonists: ToeJam and Earl, who starred in the series' first two games, and Latisha, a new character. While using power-ups to combat enemies, players seek to collect the twelve ""Sacred Albums of Funk"" and defeat the antagonistic ""Anti-Funk"".

The original two ToeJam & Earl games were a key Sega Genesis franchise, but development of a third game was prevented by the poor North American commercial performance of the console's successor, the Sega Saturn. Versions of ToeJam & Earl III developed at different times for the Nintendo 64 and Dreamcast were canceled, but the latter was completed for the Xbox. On release, the game met with poor sales and mixed reviews; while certain critics found its gameplay innovative, its humor, soundtrack and graphics were variously praised and derided. Opinions of the game's overall enjoyability and longevity were also mixed."
"Tokusatsu Bouken Katsugeki Super Hero Retsuden (JPN)","","Region Not Set","","Banpresto Co., Ltd.","ALU","2000-07-27","1","No","Action | Adventure","E - Everyone","kusatsu Bouken Katsugeki Super Hero Retsuden (特撮冒険活劇スーパーヒーロー烈伝) is a beat-'em-up for the Sega Dreamcast. Although the gameplay is fighting oriented, the overall game design tries to emulate an environment for a turn-based RPG."
"Tokyo Bus Guide","Tokyo Bus Annai","NTSC-J","","","Fortyfive","1999-12-23","1","No","Vehicle Simulation","Not Rated","Drive a bus in Japan very cautiously in this Japanese only Dreamcast release."
"Tokyo Bus Guide with Bijin Bus Guide Tenjou Pack","","NTSC-J","Japan","","Fortyfive","2000-12-21","1","No","Education","Not Rated","No overview is currently available for this title, please feel free to add one."
"Tokyo Highway Challenge 2","Tokyo Xtreme Racer II","PAL","United Kingdom of Great Britain and Northern Ireland","Ubisoft","Genki","2001-01-19","1","No","Vehicle Simulation","E10+ - Everyone 10+","No overview is currently available for this title, please feel free to add one."
"Tokyo Xtreme Racer","Tokyo Highway Challenge","NTSC-U","","Crave Entertainment","Genki","1999-08-31","2","No","Racing","E - Everyone","Tokyo Xtreme Racer, known as Shutokō Battle (首都高バトル) in Japan and Tokyo Highway Challenge in Europe, is a racing video game for the Sega Dreamcast. Released in 1999 as one of the console's launch titles, the game was one of the first mission-based racing games. The gameplay involves the player challenging other drivers on the Shuto Expressway in order to gain money to modify and enhance his or her car. The game features a wide variety of Japanese cars and tuning parts to purchase as the player progresses through rivals.

When released in Japan, Shutokō Battle was one of the best selling Dreamcast titles at this time. The game is based on illegal highway racing in Tokyo's Wangan highway with custom tuned cars. A such phenomenon is growing popular in Japan since the 90's with its dedicated manga (Shutokō Battle's biggest inspiration being Wangan Midnight), anime series and video games (C1 Circuit, Wangan Trial, Naniwa Wangan Battle)."
"Tokyo Xtreme Racer 2","","NTSC-U","","Genki Co., Ltd.","Genki","2000-09-01","2","No","Racing","E - Everyone","Tokyo Xtreme Racer 2, known as Shutokō Battle 2 (首都高バトル 2) in Japan and Tokyo Highway Challenge 2 in Europe, is the sequel to Tokyo Xtreme Racer, which is also on the Sega Dreamcast. Tokyo Xtreme Racer 2 has been enhanced with better sound quality and graphics over its predecessor. The game managed to produce two more sequels. It is the last game in the series that was produced for Sega Dreamcast. Some of the game's mechanics were implemented into Daytona USA 2001."
"Tom Clancy's Rainbow Six","","NTSC-U","","Pipe Dream Interactive","Red Storm Entertainment, Inc.","2000-05-09","1","No","Shooter","T - Teen","You have been recruited by John Clark to be a member of Rainbow, the most elite counter-terror team in the world, with members from all over the world, even Russia and Israel. You start out rescuing hostages from the terrorists, but as you go on, you discover there are bigger things at stake... Such as the entire world...
 
Rainbow Six re-invented first-person shooter genre with realistic weapons and tactics. You must use existing intelligence like floor plan layouts to plan your assault. You can use up to four teams, with a variety of equipment from simple body armor to biosuits, breaching kit and more. There are many different weapons available, from pistols to machine guns to shotguns to grenades. You can switch between different teams as needed, or leave them under AI control. Coordinate different teams with go codes. Engage variety of terrorists or perform stealth missions."
"Tom Clancy's Rainbow Six: Rogue Spear","","NTSC-U","","Red Storm Entertainment, Inc.","Red Storm Entertainment, Inc.","1999-08-31","1","No","Shooter","T - Teen","Following the collapse of the Soviet Union in 1991, the economic situation in Russia and the former Eastern Europe falls into chaos. Terrorism in the region is commonplace as people fight a seemingly endless stream of battles for supplies and other necessities. In this power vacuum though a dangerous a situation arises: the Russian mafia has begun buying up surplus military equipment with the assistance of current members of the Russian Army. During one such arms deal Rainbow forces raid the meeting grounds and recover weapons grade plutonium, tracing the fissile material to a nearby naval base."
"Tomb Raider : Sur les traces de Lara Croft","","PAL","France","Eidos Interactive","Core Design Ltd.","2000-12-15","1","No","Action | Adventure","T - Teen","Lara Croft a disparu en Egypte et est présumée morte. Les personnes les plus proches d'elle se rassemblent à Croft Estate pour une sombre cérémonie à sa mémoire un jour de pluie. Puis, ses amis s'assoient en silence dans le bureau de Croft Mansion et se rappellent des exploits passés de Lara ; des exploits qui jusqu'à maintenant étaient restés secrets..."
"Tomb Raider IV: The Last Revelation","Tomb Raider: The Last Revelation","NTSC-J","Japan","Capcom | 																Eidos Interactive","Core Design Ltd.","2000-07-19","1","No","Action","T - Teen","No overview is currently available for this title, please feel free to add one."
"Tomb Raider: Chronicles","Tomb Raider : Sur les traces de Lara Croft | Tomb Raider - Die Chronik","PAL","","Eidos Interactive","Core Design Ltd.","2000-03-24","1","No","Action | Adventure","T - Teen","A few days after the events described in Tomb Raider: The Last Revelation, Lara Croft is presumed dead. Her close friends begin to recollect her previous adventures, which occurred during different periods of her life. These include searching for the Philosopher's Stone in Rome; preventing the Spear of Destiny from falling into the hands of a ruthless gang leader; facing monsters on the Black Isle of Ireland as a child; and, finally, infiltrating a high-tech complex in pursuit of the Iris artefact. Like its predecessors, Tomb Raider: Chronicles is an action game with puzzle-solving and platforming elements. The gameplay is very similar to that of the previous games, with the addition of a few new skills. Lara can now walk on tightropes, swing on horizontal bars, and somersault forwards from a ledge while crouching. A grappling hook has been added to her inventory. The game also includes a level editor, allowing the player to create new stages for Lara to explore."
"Tomb Raider: La Révélation finale","","PAL","France","Eidos Interactive","Core Design Ltd.","2000-03-21","1","No","Action | Adventure","T - Teen","Une légende de l'ancienne Égypte raconte que Seth, le Dieu de la désolation, fut vaincu et emprisonné dans une tombe secrète, mais elle annonce aussi le réveil du Dieu maudit...
Au coeur du désert égyptien, Lara s'apprête, malgré elle à libérer Seth, prisonnier de sa sépulture millénaire.
Poursuivie par un dangereux rival, Lara doit fuir une terrible malédiction et déjouer les énigmes et les pièges antiques disséminés d'Alexandrie à Karnak. Une épique course contre la montre s'engage alors pour détruire Seth et sauver le monde des ténèbres éternelles."
"Tomb Raider: The Last Revelation","Tomb Raider IV: The Last Revelation","PAL","United Kingdom of Great Britain and Northern Ireland","Eidos Interactive","Core Design Ltd.","2000-03-24","1","No","Action | Adventure | Shooter","T - Teen","As a teen, Lara Croft discovers her true roots as an adventurer in Tomb Raider: The Last Revelation for the PlayStation, the fourth installment of the Tomb Raider 3D action-adventure franchise. She's lived a life surrounded by servants, social events and high society. One day she discovers Professor Werner Von Croy, a respected archaeologist whose work would soon take Lara on a tour of Cambodia. There she would learn, study, and be inspired by this search for adventure from around the world, only to end up witnessing Von Croy's entrapment in a cave now buried in the desert's sandy blanket.

Lara Croft is now grown up and in search of this secret tomb that compels her to travel to modern Egypt. As Lara, you'll experience new enemies, infernal devices and puzzles, and new weapons and ammo. The evil god Set is about to unleash his plague unto the earth due to Von Croy's eagerness for removing the ancient amulet where he is now trapped... and who knows what else might happen!"
"Tony Hawk's Pro Skater","Tony Hawk's Skateboarding","NTSC-U","","","","2000-05-24","1","No","Sports","T - Teen","Tony Hawk's Pro Skater, released as Tony Hawk's Skateboarding in the UK, Australia, New Zealand and parts of Europe, is a skateboarding video game developed by Neversoft. Published by Activision in 1999, it is the first entry in the Tony Hawk's series of video games. Development began after Tony Hawk's debut stint at the 1998 X-Games.

Pro Skater was originally released for the PlayStation on August 31, 1999, and was later ported to the Nintendo 64, Dreamcast, and N-Gage. It also received a Game Boy Color adaptation, and was released for Xbox in 2001 as part of the Tony Hawk's Pro Skater 2x collection. The game was met with critical acclaim from critics, who praised it for its innovative gameplay, level designs and control scheme. It was also commercially successful, selling rapidly upon its opening month. The game resulted in a successful franchise that has continued to be active, with the tenth installment and latest release, Tony Hawk's Pro Skater 5 released in October 2015."
"Tony Hawk's Pro Skater [Not For Resale]","","NTSC-U","United States of America","Crave Entertainment","Neversoft Entertainment","2000-05-24","1","No","Sports","T - Teen","Tony Hawk's Pro Skater is a skateboarding simulation in which you control a famous skate star around 3D environments. Each game area contains a plethora of objects like ramps, rails, and half-pipes which can be used to perform tricks. Each trick you perform earns you more points for your score."
"Tony Hawk's Pro Skater 2","","NTSC-U","","Activision","Neversoft Entertainment","2000-11-06","1","No","Racing | Sports","T - Teen","The sequel to the award winning PSX and N64 title, Tony Hawk 2 adds heaps of new tricks, as well as those from the original, and a complete roster of all the greatest skaters worldwide. Fly through some of the greatest skate parks in the world, or create your own, and share them with your mates. You can also create your own skater, with a choice of clothing and official skateboards. Improved graphics and a choice of alternative or hip-hop music add to the endless options and full on action."
"Tony Hawk's Skateboarding","Tony Hawk's Pro Skater","PAL","United Kingdom of Great Britain and Northern Ireland","Crave Entertainment","Crave Entertainment","2000-01-01","1","No","Sports","E - Everyone","No overview is currently available for this title, please feel free to add one."
"Tough Guy","","NTSC","United States of America","JoshProd","Piko Interactive","2021-09-01","2","No","Fighting","E - Everyone","Sharp animation and graphics, lots of special moves and various locations make this TOUGH GUY a fun game to play.
Twelve unique fighters, including a hidden one Rock ‘n’ rollin’ soundtrack Powerful “super” and “desperation” attacks Fun, humorous bonus game included Supports HDMI & VGA Cables REGION FREE"
"Toy Commander","","NTSC-U","","Sega","No Cliché","1999-11-02","4","No","Action | Adventure | Sandbox","E - Everyone","In each mission, the player controls one or more toy vehicles to accomplish certain objectives. The objectives in each mission vary widely. In some missions, the player must drive an army truck and shoot things, in some it is necessary to fly helicopters to pick up and drop off objects, and in some the player races against computer-controlled vehicles."
"Toy Fighter","toyfight","Other","Japan","Sega","Anchor, Inc. | 																Sega AM3 R&D Division","1999-01-01","2","No","Fighting","Not Rated","Toy Fighter (トイファイター) is a Fighting video game published by SEGA released on 1999 for the Naomi Arcade Platform.

Toy Fighter is a Toy themed 3D versus fighting game that plays like a 2D versus fighting game. The game offers nine playable fighters each with their own moves. These are action hero Gushiken, female action figure Roux, rabid man Cymbals, the boy Peet, wind-up frog Kaeruman, building kit bird Nejibird, action figure Hero, lizard man Mifune and female doll Vilamin. To beat the game you have to fight several of the playable fighters and the non-payable boss fighter Toyking. At the start of a fight each fighter has five hearts. Most punch and kick attacks do a fraction of a heart damage, but special attacks can cause you to lose several hearts at once. The fights take place in different arena’s and you can play solo or against a friend."
"Toy Racer","","PAL","","Sega","No Cliché","2000-12-22","4","No","Racing","Not Rated","Toy Racer is a racing game for the Dreamcast made by No Cliché and published by Sega.

The game is an extension of Toy Commander racing sections, designed exclusively for both offline and online multiplayer modes for up to four players. As a result, there is no possibility to play against AI controlled players, being the only single player features of the game both a Practice and a Time Attack modes.

Toy Racer was only released in Europe at a low budget price of £5, £1 of which was designated to charity.

The online functions of Toy Racer was revived as a part of the project dcserv.org on the 3rd of December 2014."
"Toy Story 2: Buzz Lightyear to the Rescue!","Toy Story 2 -  Buzz Lightyear to the Rescue!","NTSC-U","United States of America","Activision Value Publishing, Inc.","Traveller's Tales Ltd.","2000-06-30","1","No","Action | Adventure","E - Everyone","The Countdown to Adventure is On!  As space hero Buzz Lightyear, you've got your hands full.  Your best buddy, Woody, has been kidnapped by a greedy toy collector and it's going to be an all-out race against time to save him.  It's all up to you... Buzz Lightyear to the rescue!  Spin, spring, somersault and bounce through 15 colorful, action-packed levels.  Unlock special toy accessories to complete your missions like cool rocket jet boots!  Enjoy fast and fun 3D gameplay with your favorite characters from the movie!"
"TrickStyle","","NTSC-U","","Acclaim Entertainment, Inc.","Criterion Games","1999-09-09","1","No","Sports","E - Everyone","The game is set in the future and based around the sport of Hoverboarding. The player can race or do stunts through metropolis versions of London, Tokyo, and Manhattan Island, or in a massive practice arena called the Velodrome."
"Tricolore Crise","","NTSC-J","Japan","Victor Entertainment","Victor Interactive","2000-11-09","1","No","Role-Playing","Not Rated","Tricolore Crise (トリコロールクライシス) is a turn-based RPG for the Sega Dreamcast. For pre-orders of this game there also was a special bonus disc delivered called Tricolore Crise: Art Palette."
"Triggerheart Exelica","","NTSC-J","","Warashi","Warashi","2007-02-22","2","Yes","Shooter","E - Everyone","Trigger Heart Exelica is a vertical shoot-'em-up game released exclusively in Japan for the Sega NAOMI and Sega Dreamcast. Being released in 2007 it remains one of the last officially licensed Dreamcast games to hit the market. A port on Xbox Live Arcade was eventually released internationally as Triggerheart Exelica."
"Trizeal","","NTSC-J","","Triangle Service","Triangle Service","2005-04-07","2","Yes","Shooter","E - Everyone","Trizeal is a Japanese shoot 'em up arcade game developed by Triangle Service.

Dreamcast version

It offers a score attack mode, a sound test mode and new stages that weren't in the arcade version.

Although this game is a Japan-only release it is quite ""import-friendly"" as there is some English displayed during game play.

The game was made by only three staff members and the console conversions were handled by only one person."
"tsushin taisen logic battle Daisessen","通信対戦ロジックバトル 大雪戦","NTSC-J","Japan","Sega","Fortyfive","2000-05-11","1","No","Action","Not Rated","No overview is currently available for this title, please feel free to add one."
"Twinkle Star Sprites","","NTSC-J","","SNK","SNK","2000-03-23","2","No","Action | Shooter","E10+ - Everyone 10+","Twinkle Star Sprites (ティンクルスタースプライツ, Tinkuru Sutaa Supuraitsu) is a 1996 competitive scrolling shooter arcade game originally created by ADK. It was ADK's last production for the Neo-Geo platform. The gameplay, which can be characterized as a combination of a fixed shooter and a versus puzzle game, uses combinations of shots, as well as timed power-ups to attempt to damage the opponent. These attacks also serve as counters to the opponent's attack."
"Typing of the Date","","NTSC-J","Japan","Hudson Entertainment, Inc.","Hudson Soft","2001-09-27","1","No","Puzzle","Not Rated","Typing of the Date (タイピング OF THE デート) is a Sega Dreamcast game released by Hudson Soft in 2001. It is built to use the Dreamcast Keyboard. The game is a dating simulation but in order to progress the player has to type in certain words within specific time frames. Not only the concept but also the name of the game are referencing The Typing of the Dead for the Sega Dreamcast."
"UEFA Dream Soccer","","PAL","","","","2000-12-08","1","No","Sports","Not Rated","No overview is currently available for this title, please feel free to add one."
"UEFA Dream Soccer (White Label Edition)","","PAL","United Kingdom of Great Britain and Northern Ireland","","","2000-02-01","2","No","Sports","Not Rated","No overview is currently available for this title, please feel free to add one."
"UEFA Striker","Striker Pro 2000 | Super Euro Soccer 2000","PAL","","Infogrames North America","Rage Software","2000-05-31","4","No","Sports","Not Rated","UEFA Striker, renamed Striker Pro 2000 for a North American audience and Super Euro Soccer 2000 (スーパーユーロサッカー２０００) for Japan, is a football game for the Sega Dreamcast."
"Ultimate Fighting Championship","","NTSC-U","","Crave Entertainment","Anchor, Inc.","2000-08-29","2","No","Fighting","T - Teen","The Ultimate Fighting Championship (UFC) is the premier mixed martial arts event in the world. There are no flying chairs or unrealistic moves. Spectators expect and demand to see true-to-life combat. Now, the ultimate fighting event comes to the Dreamcast as the most realistic fighting game ever created."
"Ultimate Fighting Championship [Demo Disc]","","NTSC-U","United States of America","","","2000-01-01","1","No","Fighting","RP - Rating Pending","No overview is currently available for this title, please feel free to add one."
"Ultimate Fighting Championship [Not For Resale]","","NTSC-U","United States of America","Ubisoft","Crave Entertainment","2000-08-29","2","Yes","Fighting | Sports","T - Teen","The Ultimate Fighting Championship (UFC) is the premier mixed martial arts event in the world. There are no flying chairs or unrealistic moves. Spectators expect and demand to see true-to-life combat. Now, the ultimate fighting event comes to the Dreamcast as the most realistic fighting game ever created."
"Under Defeat","","NTSC-J","","Sega","","2005-01-01","2","No","Shooter","Not Rated","No overview is currently available for this title, please feel free to add one."
"Under Defeat Limited Edition","","NTSC-J","","G.rev Ltd.","G.rev","2005-10-27","2","No","Shooter","T - Teen","Under Defeat is a shoot 'em up arcade game by G.rev. It was released for the Sega Dreamcast in March 2006. The game takes place in an alternate reality based on World War II, and, in a controversial twist, players control German-speaking characters (under the banner of ""the Empire""), fighting against enemies (""the Union"") that speak English and possess weapons patterned after those of both real-life Allied and Axis powers (for example, naval units in Level 2 bear heavy resemblance toward the Imperial Japanese warships). The game was released very late in the life of the Dreamcast, but sold much better than expected, probably because there were no other home ports planned in the foreseeable future.

Players assume control of a helicopter, which can be rotated like a more limited version of the mechanism in Zero Gunner 2. Gameplay is largely very traditional, and bears a strong resemblance to some older Toaplan games, especially Twin Cobra. It uses 3D graphics, and a slightly angled perspective to give the game more depth than most other titles in the genre.

On October 27, 2011, G.rev announced a remake titled Under Defeat HD to be released for the PlayStation 3 and Xbox 360.[1] The game is released by Rising Star Games on February 23, 2012 in Japan, November 9, 2012 in the UK and set to be released on November 28, 2012 in North America for PlayStation 3 only and January 25, 2013 in Europe. The Xbox 360 version for North America was released on August 26, 2014 as a downloadable game-only under Games on Demand. An upgraded version of Under Defeat HD (PS3, Xbox 360) was made on Sega Ring Edge 2 arcade System, named Under Defeat HD+. Now that version is coming to arcades with some improvements via Sega’s ALL.NET. Among the enhancements this will have is a horizontal orientation mode, more detail in the battlefield and a “New Order” mode where apparently you can choose from different types of aircraft."
"UnderCover AD2025 kei","","Region Not Set","","","Pulse Entertainment","2000-01-27","1","No","Action | Adventure","T - Teen","Undercover AD2025 Kei is a 2000 Japanese video game for the Sega Dreamcast. The story starts with a police woman (Kei) and her boyfriend, who is also a police officer, responding to a terrorist call at a hotel. Her husband is blown up by a man named Lon Wei, and the game follows with Kei going on an undercover mission to avenge her dead boyfriend. The game is a 3D action adventure shooter with auto-aim."
"Unreal Tournament","","PAL","Brazil","Tec Toy Indústria de Brinquedos S.A.","Secret Level Inc.","2001-01-01","4","No","Action | Shooter","Not Rated","Prepare-se para o maior combate entre Gladiadores do Futuro!
Você e sua equipe virtual, os ""bots"", devem enfrentar os guerreiros mais sanguinários de toda a galáxia em um combate de vida ou morte. Desafie seus amigos e entre nessa!

""Sem dúvida nenhuma o melhor jogo no estilo Ação/Shooter para multi-player""

Banana Games

Se o jogo para PC já era tão bom, imagine como será a sua versão para Dreamcast!

Gráficos estonteantes e texturas de alta-resolução que exploram ao máximo o poderio do Dreamcast.
Incrível sensação de combate. Você vai sentir como se estivesse realmente dentro do game.
Enfrente adversários humanos ou bots em 4 modos de jogo: Deathmatch, Capture the Flag, Domination e Team Deathmatch.
Ação multiplayer muito intensa com modo de divisão da tela para 2 ou 4 jogadores.
10 ARMAS PODEROSAS DE DESTRUIÇÃO - Incluindo Pulse-Rifle, o Chainsaw, o Rocket Launcher e o Impact Hammer.
Acabe com seus adversários!"
"Urban Chaos","","PAL","","Eidos Interactive","Mucky Foot Productions","2000-10-06","1","No","Action","M - Mature 17+","As the 2nd millennium ends, the cities are over-ran with Apocalyptic violence. Is this down to urban frustrations, or a sinister cult controlling everybody? You are either cop D'Arcy Stern or former soldier Roper McIntyre, and have to find the answers, but more importantly put a stop to the carnage. 

This involves a succession of action-packed non-linear missions. The environment incorporates shadows, rain, fog and a day/night cycle. Police cars, motorcycles and ambulances must be controlled during some missions. There are many ways to 'settle' the enemies - car chases, hand-to-hand combats and action movie-style shoot outs for example."
"V-Rally 2 Expert Edition","Test Drive V-Rally","PAL","","Infogrames Entertainment","Eden Studios","2000-07-02","1","No","Racing","E - Everyone","No overview is currently available for this title, please feel free to add one."
"Vampire Chronicle","Vampire Chronicle for Matching Service","NTSC-J","","Capcom","Capcom","2000-08-10","2","No","Fighting","Not Rated","Vampire Chronicle (ヴァンパイア クロニクル フォー マッチングサービス) is a Sega Dreamcast fighting game featuring a mix of characters from the Vampire (Darkstalkers in the west) franchise (Vampire The Night Warriors, Vampire Hunter and Vampire Savior). It takes advantage of Capcom's ""Matching Service"" online system."
"Vanishing Point","","NTSC","United States of America","Acclaim Entertainment, Inc.","Clockwork Games","2000-12-21","1","No","Racing","E - Everyone","It's a driving simulation so advanced and authentic it'll drive you mad. Comprehensive vehicle dynamics based on collaboration with industry engineers. Authentically licensed cars from manufacturers like Lotus, Aston-Martin, BMW, Alfa Romeo and more... One of the most advanced 3D driving engines ever developed. Is your mind ready for this much reality?"
"Vigilante 8: 2nd Offense","","NTSC-U","","Activision","Luxoflux Corp.","1999-11-30","4","No","Racing","T - Teen","The story of Vigilante 8: 2nd Offense centers on the international meddlings of an oil conglomerate from the future known as OMAR (Oil Monopoly Alliance Regime).
After finding an electronic armband in a service station bathroom, former Vigilante Slick Clyde rose to be controlled by OMAR. Working up through the ranks of command he soon came to be the CEO of OMAR itself and made a complete monopoly on all oil trades with the sole exception of the United States.
With the help of his student and hitman, Obake, he steals the technology to allow him to travel through time. Taking with him Obake and his cybernetic assassin, Dallas 13, he makes the jump back to 1970s to cripple the United States and bring OMAR to total domination.
Appearing in 1970s, the three vehicles encounter Convoy, the former leader of the Vigilantes. Upon seeing him, the three cars open fire."
"Virtua Athlete 2000","Virtua Athlete 2K","NTSC-U","","Agetec, Inc.","Hitmaker","2001-08-10","2","No","Sports","E - Everyone","The top 7 events from Track and Field come to life like never before as players vie for the top sports honor - ""The World's Greatest Athlete!"" Using the latest 3D graphics, Virtua Athlete 2000 challenges you to use quick reflexes, sharp eye-hand coordination, and split-second timing to master each of the events."
"Virtua Athlete 2K","バーチャアスリート","NTSC-J","Japan","Sega","Hitmaker","2000-07-27","4","No","Sports","E - Everyone","No overview is currently available for this title, please feel free to add one."
"Virtua Cop 2","","NTSC-J","Japan","Sega","Sega","2000-03-02","2","No","Action | Shooter","Not Rated","Virtua Cop 2 (バーチャコップ２) is a rail shooter light gun Sega Model 2A CRX game developed internally at Sega by their AM2 studio.

Michael ""Rage"" Hardy and James ""Smarty"" Cools shut down the E.V.I.L Inc. criminal empire. Three of its leaders, King, Boss, and Kong are all in the maximum security federal pen. The final, fourth member of the E.V.I.L Inc. gang, international terrorist Joe Fang is believed to have been killed in a helicopter crash, though his body was never found. After the downfall of E.V.I.L Inc., a comprehensive investigation of their black market and gun-running activities was launched in the Virtua City bank. Meanwhile, the Virtua City Police Special Investigations Unit got a new member in the shape of Janet Marshall, an expert in criminal psychology profiling.

The vice-president of the Virtua City Bank is killed in shady circumstances that are only officially termed accidental. And the swollen accounts of the now-defunct E.V.I.L Syndicate, which he had been suspected of laundering, are emptied overnight. The missing funds amount to more than the GNP of most small countries.

Meanwhile, on the other side of town, there is a daring daylight raid on the biggest jewelers in the state. And at the site of the new subway construction, there's been an unusual amount of unexplained activity involving some very suspicious-looking materiel."
"Virtua Fighter 3tb","Virtua Fighter 3","NTSC-J","Japan","Sega","Sega AM2 R&D Division","1998-11-27","2","No","Action | Fighting","Not Rated","Virtua Fighter 3 (Japanese: バーチャファイター3, Hepburn: Bācha Faitā Surī) is the sequel to 1994's Virtua Fighter 2 and the third fighting game in the Virtua Fighter series, developed by Sega AM2 and published by Sega in 1996. It was the first arcade game to run on the Sega Model 3 system board. A port for the Sega Saturn was announced but ultimately cancelled. However, the game eventually reached home consoles in the form of a conversion for the Dreamcast."
"Virtua Striker 2","Virtua Striker 2000","PAL","United Kingdom of Great Britain and Northern Ireland","Sega","Sega","2000-02-29","2","No","Sports","E - Everyone","Virtua Striker 2 (also known as Virtua Striker 2000) is a video game developed and published by Sega for arcades and latter released for the Dreamcast."
"Virtua Striker 2 Ver. 2000","","NTSC-J","Japan","Sega","Sega AM2 R&D Division","2000-01-01","2","No","Sports","Not Rated","No overview is currently available for this title, please feel free to add one."
"Virtua Tennis","","NTSC-U","United States of America","Sega of America, Inc.","Hitmaker","2000-07-12","1","No","Sports","E - Everyone","Directly translated from the popular arcade stand-up, Virtua Tennis offers a light-year jump from the Pong-style tennis of yesteryear. Sporting rich 3D graphics, crisp animation, and realistic sound effects, you'll swear you're courtside at a grand slam. But, thanks to the game's simple controls, you won't have to spend years at a tennis camp just learning a backhand. The game features hard-top, grass, and clay surfaces, all with distinct ball-bounce and sound responses. Choose one of eight internationally ranked tennis pros and play against advanced computer opponents, or plug an extra controller in and play a friend head to head. Just as in real championships, ball boys, chair umps, and even spectators react to your game."
"Virtua Tennis - Sega Professional Tennis","Virtua Tennis - Sega Professional Tennis (Europe) (En,Fr,De,Es)","PAL","","Sega Europe","Hitmaker","2000-09-08","2","No","Sports","E - Everyone","Virtua Tennis, called PowerSmash (パワースマッシュ) in Japan, is an arcade game developed by Sega AM3 for the Sega NAOMI arcade board, as either a ROM board or a GD-ROM. It is a tennis game where the user can play as a number of real-life professional tennis players of the era competing in a number of real tournaments. Initially released in 1999, it was ported to the Sega Dreamcast in 2000, and Microsoft Windows in 2002.

At the time of release it was widely regarded as the most realistic tennis simulator ever produced, and received very positive reviews from critics. It has since been followed by a number of sequels, starting with Virtua Tennis 2 in 2001 and ending with the recently released Virtua Tennis 2009.

The Dreamcast version is compatible with the Fishing Controller. The Game Boy Advance and N-Gage versions of Virtua Tennis are different games. Sega Logistics Service announced it would end service on the arcade machines on March 31, 2017"
"Virtua Tennis (White Label Edition)","","PAL","United Kingdom of Great Britain and Northern Ireland","","","2000-02-01","2","No","Sports","Not Rated","No overview is currently available for this title, please feel free to add one."
"Virtua Tennis [Sega All Stars]","","NTSC-U","United States of America","Sega","Hitmaker","2001-01-01","4","Yes","Sports","E - Everyone","Directly translated from the popular arcade stand-up, Virtua Tennis offers a light-year jump from the Pong-style tennis of yesteryear. Sporting rich 3-D graphics, crisp animation, and realistic sound effects, you'll swear you're courtside at a grand slam. But, thanks to the game's simple controls, you won't have to spend years at a tennis camp just learning a backhand. The game features hard-top, grass, and clay surfaces, all with distinct ball-bounce and sound responses. Choose one of eight internationally ranked tennis pros and play against advanced computer opponents, or plug an extra controller in and play a friend head to head. Just as in real championships, ball boys, chair umps, and even spectators react to your game."
"Virtua Tennis 2","","PAL","","Sega","Hitmaker","2001-10-24","4","Yes","Sports","E - Everyone","The top seed is back. Take to the courts of Virtua Tennis 2 as you compete to become the world No1. Serve, smash and lob your way through 16 internationally top-ranked male and female players as you go head to head in singles matches or compete with up to 4 players in doubles and mixed doubles matches. With revamped Tournament, Exhibition and World Tour modes its game set and match Virtua Tennis 2."
"VMU Backup CD","VMU Tool | VMU Tools | VMU CD | VMU CD DreamOn Edition | VMU Backup CD DreamOn Edition | VMU_CD_v1.3.0","Other","","","","2005-08-12","1","No","Utility | Unofficial","Not Rated","A collection of +3200 vmu saves for over 350 DC games. Everything is packed with this pretty neat VMU app that Bucanero coded specially for this disc, so you can browse all the games, see all the saves and read the description of each save. The VMU Backup CD also implements the VMU emulator SoftVMS by Marcus Comstedt (ported to KallistiOS by DirtySanchez)."
"Volgarr the Viking","","Other","","","","2015-05-06","1","No","Action | Platform | Unofficial","T - Teen","Do you have what it takes to be the greatest Viking Barbarian Lord in the world? Return to the Golden Age of arcade gaming with all-new hardcore action experience that pulls no punches. Playing as Volgarr the Viking, use your sword and spear to slaughter your foes in bloody combat. Battle Gigantic bosses in every world and find secrets that lead to unknown paths. Holding onto Volgarr's gear is key; his very life depends on it."
"Wacky Races","","NTSC-U","","Infogrames Entertainment","Infogrames","2000-06-09","1","No","Sports","E - Everyone","For those who can remember the cartoon series, this will be a blast from the past. Choose from all your favourite characters including Peter Perfect, Penelope Pitstop and, of course, Dick Dastardly and Muttley, and wind your way through cartoon like environments in the familiar vehicles of each character. Simply get to the end of the race first to open up new tracks, and use weapons to pick off the rest of the cast, and aid your progress."
"Walt Disney World Quest: Magical Racing Tour","","PAL","","Eidos Interactive","Crystal Dynamics","2000-09-01","4","No","Racing","E - Everyone","Experience the thrill of WALT DISNEY WORLD Quest - Magical Racing Tour and find all the missing pieces of the Fireworks Machine. Speed around 13 raceways based on popular WALT DISNEY WORLD Theme Parks and Water Parks, including: Space Mountain, Test Track at Epcot and Rock 'n' Roller Coaster."
"Web Browser 2.0","Dreamcast Web Browser","Region Not Set","","Sega","Sega","2000-09-09","1","No","Sandbox","Not Rated","An update to the browsing software made for allowing the Sega Dreamcast system access to the internet, this application by Planetweb and Sega was included with the system. The software was also used to connect Dreamcast gamers in online games."
"Web Mystery: Yochimu Wo Miru Neko","","NTSC-J","Japan","Mebius","Mebius","1999-04-22","1","No","Adventure | Puzzle | Horror","AO - Adult Only 18+","Web Mystery: Yochimu Wo Miru Neko (ウエブミステリー 〜予知夢ヲ見ル猫〜) is a 1999 adventure game by Studio Mebius for the Sega Dreamcast."
"Wetrix+","Wetrix Plus","NTSC-U","","Xicat Interactive, Inc.","Zedtwo Game Design Studio","1999-12-16","2","No","Puzzle","E - Everyone","Wetrix is a 3D puzzle video game, the player's goal is to hold water bubbles falling on a 3D isometric landscape. To do this, enclosures are created with Uppers, which fall in a similar manner to Tetris blocks, that raise the ground. While water can be evaporated with fireballs, hazards such as Mines, Ice Cubes, and earthquakes also fall and ruin the player's construction."
"What's Shenmue?","What's シェンムー","NTSC-J","Japan","Sega","Sega AM2 R&D Division","1999-06-11","1","No","Adventure","Not Rated","What's Shenmue? was a special premier disc in Japan given to those who pre-ordered Shenmue. Ryo is looking for Mr. Yukawa, president of SEGA Japan."
"Who Wants to be a Millionaire?","","PAL","","Eidos Interactive","Hothouse Creations","2000-09-29","1","No","Strategy","Not Rated","Who Wants to Be a Millionaire?, known as Qui Veut Gagner des Millions? in France, is a quiz game for the Sega Dreamcast based on the television show of the same name."
"Who Wants To Beat Up A Millionaire","","NTSC-U","","Simon & Schuster Interactive","Hypnotix","2000-01-01","4","No","Strategy","T - Teen","Who Wants to Beat Up a Millionaire? is a video game parody of Who Wants to Be a Millionaire?. It was created by Hypnotixc Inc, and released in 2000 by Simon & Schuster Interactive for Windows 95, Windows 98, and Sega Dreamcast."
"Wild Metal","","NTSC-U","","Rockstar Games","DMA Design Limited","2000-02-01","2","No","Action","T - Teen","Wild Metal is an action game for the Sega Dreamcast. The player drives a tank and blows things up.

The PC version of this game is known as Wild Metal Country, and for much of its development, this Dreamcast port was too."
"Wind and Water: Puzzle Battles","时空五行-风水大战","Region Not Set","","Redspotgames","Yuan Works","2008-11-01","2","No","Puzzle","Not Rated","Wind and Water: Puzzle Battles (or W&W) (simplified Chinese: 时空五行-风水大战; traditional Chinese: 時空五行-風水大戰; pinyin: Shíkōng Wǔxíng - Fēngshuǐ Dàzhàn, lit. ""Wu Xing Space-Time - Great Feng Shui War"") is an Independent developed commercial videogame developed by Yuan Works, a company based in Costa Rica. It is a puzzle game for the GP2X and Sega Dreamcast that combines strategy and action. As of January 31, 2011, the game is freely available for Windows."
"Wipeout","","NTSC-U","United States of America","","","2025-04-01","1","No","Racing | Unofficial","E - Everyone","Wipeout-Rewrite port for Dreamcast, This is a re-implementation of the 1995 PSX game wipeout.

Extended draw distance, 16:9 anamorphic widescreen available, reimplemented screen shake, many bug-fixes for collision behavior, sound, target lockon indicator, more. Feature complete, 100% 60 FPS, music and sound, VMU save/load for settings and high scores (6 blocks required), full input remapping support for Dreamcast controller."
"Wolfenstein 3D","","NTSC-U","","","","2001-07-25","1","No","Shooter | Unofficial","M - Mature 17+","Wolfenstein 3D port to the Sega Dreamcast = MK6008"
"Wolflame","","NTSC","","","ASTRO PORT","2021-10-15","2","No","Shooter","E - Everyone","In the year 2005 AD, the Terran colony on planet Sig Fildonia was attacked by an alien race known as the Adorians. The offensive was swift and effective. Within days, the Adorians had destroyed the TDF fleet stationed in orbit, and commandeered the colony facilities, rapidly transforming the planet surface into a sprawling military base.With support ships sent from Earth unable to penetrate the Andorian blockade, the sparse TDF forces that remain on-planet must rally to counter the enemy invasion. They name their desperate resistance “Operation WOLFLAME”."
"World Neverland Plus: Orurudo Oukoku Monogatari","","NTSC-J","Japan","","","1999-07-15","1","No","Role-Playing","Not Rated","World Neverland Plus: Orurudo Oukoku Monogatari (ワールド·ネバーランドプラス〜オルルド王国物語〜) is a simulation game for the Sega Dreamcast. It is an enhanced version of World Neverland, originally released on the PlayStation."
"World Series Baseball 2K1","","NTSC-U","","Sega","Sega","2000-07-17","2","No","Sports","E - Everyone","World Series Baseball 2K1 is a sports video game developed by Wow Entertainment and published by Sega for the Dreamcast. It was the first game in the modern series to be featured on the Dreamcast, and was the spiritual successor to World Series Baseball for the Sega Genesis.[citation needed] It was released in July 2000 to coincide with the 2000 Major League Baseball All-Star Game in Atlanta.[citation needed]

World Series Baseball 2K1 featured a cutting-edge graphical presentation adapted from the NAOMI game Super Major League, and its visuals were well ahead of any other baseball game at the time. Unfortunately, a lack of features, shoddy audio presentation, and major gameplay flaws meant that WSB2K1 was not well received by critics despite its fantastic graphics. The game is notorious for its sometimes-unresponsive controls, as well as the fact that manual fielding—a staple of baseball games for a half-decade prior to WSB2K1's release—isn't even an option available to players.[citation needed]

After the debacle that was World Series Baseball 2K1, Sega decided to bring Visual Concepts (the developer behind the Dreamcast's far more successful NBA 2K and NFL 2K series) in for the next version of the game. The result was World Series Baseball 2K2, a game that was considered a major improvement over WSB2K1."
"World Series Baseball 2K1 [Not For Resale]","","NTSC-U","United States of America","Sega","Visual Concepts","1970-01-01","2","No","World Series Baseball 2K1 is a sports video game developed by Wow Entertainment and published by Sega for the Dreamcast. It was the first game in the modern series to be featured on the Dreamcast, and was the spiritual successor to World Series Baseball for the Sega Genesis.[citation needed] It was released in July 2000 to coincide with the 2000 Major League Baseball All-Star Game in Atlanta.[citation needed]

World Series Baseball 2K1 featured a cutting-edge graphical presentation adapted from the NAOMI game Super Major League, and its visuals were well ahead of any other baseball game at the time. Unfortunately, a lack of features, shoddy audio presentation, and major gameplay flaws meant that WSB2K1 was not well received by critics despite its fantastic graphics. The game is notorious for its sometimes-unresponsive controls, as well as the fact that manual fielding—a staple of baseball games for a half-decade prior to WSB2K1's release—isn't even an option available to players.[citation needed]

After the debacle that was World Series Baseball 2K1, Sega decided to bring Visual Concepts (the developer behind the Dreamcast's far more successful NBA 2K and NFL 2K series) in for the next version of the game. The result was World Series Baseball 2K2, a game that was considered a major improvement over WSB2K1.

ESRB Rating: E - Everyone

 Sports

UID(s): MK-51055Genre(s): Sports","World Series Baseball 2K1 is a sports video game developed by Wow Entertainment and published by Sega for the Dreamcast. It was the first game in the modern series to be featured on the Dreamcast, and was the spiritual successor to World Series Baseball for the Sega Genesis.[citation needed] It was released in July 2000 to coincide with the 2000 Major League Baseball All-Star Game in Atlanta.[citation needed]

World Series Baseball 2K1 featured a cutting-edge graphical presentation adapted from the NAOMI game Super Major League, and its visuals were well ahead of any other baseball game at the time. Unfortunately, a lack of features, shoddy audio presentation, and major gameplay flaws meant that WSB2K1 was not well received by critics despite its fantastic graphics. The game is notorious for its sometimes-unresponsive controls, as well as the fact that manual fielding—a staple of baseball games for a half-decade prior to WSB2K1's release—isn't even an option available to players.[citation needed]

After the debacle that was World Series Baseball 2K1, Sega decided to bring Visual Concepts (the developer behind the Dreamcast's far more successful NBA 2K and NFL 2K series) in for the next version of the game. The result was World Series Baseball 2K2, a game that was considered a major improvement over WSB2K1.

 E - Everyone

Genre(s): Sports

UID(s): MK-51055ESRB Rating: E - Everyone","World Series Baseball 2K1 is a sports video game developed by Wow Entertainment and published by Sega for the Dreamcast. It was the first game in the modern series to be featured on the Dreamcast, and was the spiritual successor to World Series Baseball for the Sega Genesis.[citation needed] It was released in July 2000 to coincide with the 2000 Major League Baseball All-Star Game in Atlanta.[citation needed]

World Series Baseball 2K1 featured a cutting-edge graphical presentation adapted from the NAOMI game Super Major League, and its visuals were well ahead of any other baseball game at the time. Unfortunately, a lack of features, shoddy audio presentation, and major gameplay flaws meant that WSB2K1 was not well received by critics despite its fantastic graphics. The game is notorious for its sometimes-unresponsive controls, as well as the fact that manual fielding—a staple of baseball games for a half-decade prior to WSB2K1's release—isn't even an option available to players.[citation needed]

After the debacle that was World Series Baseball 2K1, Sega decided to bring Visual Concepts (the developer behind the Dreamcast's far more successful NBA 2K and NFL 2K series) in for the next version of the game. The result was World Series Baseball 2K2, a game that was considered a major improvement over WSB2K1.

ESRB Rating: E - Everyone

Genre(s): Sports

UID(s): MK-51055"
"World Series Baseball 2K1 [Sega All Stars]","ワールドシリーズベースボール2K1","NTSC","United States of America","Sega Sports","WOW Entertainment","2001-01-01","2","Yes","Sports","E - Everyone","World Series Baseball 2K1 (ワールドシリーズベースボール2K1) is an entry in the World Series Baseball franchise. This one was released for the Sega Dreamcast. In 2001, a Sega All Stars variant of the game was released."
"World Series Baseball 2K2","","NTSC-U","","Sega","Visual Concepts","2001-08-01","2","No","Sports","E - Everyone","World Series Baseball 2K2, or World Series Baseball as it is known for Xbox, is a sports game developed by Visual Concepts and published by Sega for the Dreamcast and Xbox. It is the first game in the modern series to be featured on the Xbox and the first title in the series developed by Visual Concepts. It is the successor to the World Series Baseball series for the Sega Genesis, Sega Saturn, and Sega Dreamcast. It was released in 2001 to coincide with the beginning of the 2002 baseball season.

World Series Baseball consists of many game modes and features. The game modes are Play Now, Season, Franchise, and Create-A-Player. Jason Giambi is on the cover of the game.

Some new features updated from the Dreamcast version is in-depth trading and a 15- and 60-day Disabled List. In the new franchise mode there is a Management Draft, Rookie Draft, and a Free Agent Signing Period. Create-A-Player is also highly updated from the last version."
"Worms Armageddon","","NTSC-U","","MicroProse Software, Inc.","Team17 Software Limited","1999-11-30","2","No","Strategy","E - Everyone","Like the previous Worms installments, the game is an artillery variant. The player give an artillery piece a shot angle and shot power, and try to hit the opponent, taking into account wind effects. The player and the opponent exchange these shots in a turn-based fashion. The game puts the player in command of a team of up to eight worms, which can move around the landscape (one at a time), using many types of weapons to try to dispatch the enemy, from bazookas to mini-guns to exploding sheep. In some situations, the worms can also jump, swing by rope, and descend with a parachute."
"Worms Pinball","","NTSC","","Infogrames","Team17 Software Limited","2000-09-19","4","No","Party | Unofficial","E - Everyone","Worms Pinball consists of two tables based on other computer games by the same developer:
World Rally (based on the anime racing game World Rally Fever: Born on the Road
Worms (after the popular series of invertebrate combat games)
Each table has most of the features found on modern pinball games including multiball, a ""video"" display, bumping, up-table flippers, and challenge modes. The tables do however lack some configuration options expected by pinball fans (most notably: balls per game, playfield angle and replay score)."
"Worms World Party","","NTSC-U","United States of America","Titus Interactive, S.A..","Team17 Software Limited","2001-05-31","4","Yes","Strategy","E - Everyone","Worms World Party is an artillery game, which is a type of Turn-based strategy game. Like its predecessors, Worms World Party involves controlling a team of worms and using a collection of weaponry to eliminate the opposing team(s). The worms can walk and jump around and use tools such as the ninja rope and parachute to move to otherwise unreachable locations. The worms have an arsenal of dozens of weapons, ranging from longbows to bazookas and from fireball to Holy Hand Grenades. There are also an array of special weapons, such as Armageddon (meteor shower) or the end-all, be-all Concrete Donkey. Some of these weapons are present in the worms' initial arsenal while others can be collected from randomly appearing crates during the game. For some weapons, such as grenades, holding the launching key longer shoots them further. The landscape can be deformed with any weapon, forcing the players to adapt to changing environments. Also, in addition to the nature-made obstacles, the maps may contain land mines which explode when a worm comes close to one, and barrels which explode when shot, spreading out some burning napalm. These often lead to fancy combinations where, for example, a worm is first hit with a grenade and is then thrown against a mine which sets off another worm, which hits a third worm who slips into the water."
"WWF Attitude","","NTSC-U","","Acclaim Entertainment, Inc.","Acclaim","1999-11-11","4","No","Fighting | Sports","T - Teen","WWF Attitude from Acclaim is the ultimate in wrestling titles for the Dreamcast. Just like its PSX counterpart, the Dreamcast version allows the ultimate wrestling fan to have a plethora of options to choose from to suit his particular wrestling mood. The 128-bit experience is, in itself, amazing. Team that up with good gameplay and a multitude of options makes WWF Attitude for the DC a forerunner in the wrestling ring!"
"WWF Royal Rumble","","NTSC-U","","THQ","Yuke's Co. Ltd.","2000-08-01","4","No","Sports","T - Teen","Immerse yourself in the chaos of a ""Royal Rumble"" match with up to 9 Superstars in the ring at one time. Better watch your back, because in this type of match there are no allegiances or friendships."
"Xeno Crisis","","Other","","","Bitmap Bureau","2020-06-16","2","Yes","Action | Shooter | Unofficial","Not Rated","Xeno Crisis is a new top-down arena shooter for up to 2 players that is best described as Smash TV meets Aliens! Run and gun your way through thousands of enemies spread over 6 areas as you attempt to discover the cause of the alien menace."
"Xenocider","","PAL","United Kingdom of Great Britain and Northern Ireland","","","2022-04-01","1","No","Shooter","E - Everyone","Blast through corrupted worlds in this HD remaster of a cult classic! Xenocider is a third-person rail shooter inspired by arcade classics and presented in nostalgic 32-bit style!"
"Xploder: The Ultimate Cheat System","","Region Not Set","","","","2003-01-01","1","No","Utility","Not Rated","No overview is currently available for this title, please feel free to add one."
"Xtreme Sports","","NTSC-U","","Infogrames","Innerloop","2000-11-27","2","No","Sports","E - Everyone","No overview is currently available for this title, please feel free to add one."
"Xump: The Final Run","","Region Not Set","","Retroguru","Retroguru","2014-07-19","","No","Puzzle","","Xump: The Final Run is a simple multi-platform puzzler by Retroguru. Initially released by Psilocybin Development in 2005 the game has been improved in almost every aspect you can imagine. New graphics, new levels, new music, new options, new everything...

Help Holger to clean up deserted space fields. As this is a very dangerous task for a human being a headbot named Xump will be the one who has to suffer.

Your main task is to clean all dissolving tiles on several single-screen levels by simply stepping on them, one by one. Few fields are secured with mines and need a double tap. Mines can be blown up when passing by or disarmed by Xump when staying on this specific field for a short moment. Certainly the mission sounds easier than it will be."
"Yeah Yeah Beebiss II","","PAL","United Kingdom of Great Britain and Northern Ireland","","","2022-02-01","2","No","Platform","E - Everyone","Yeah Yeah Beebiss II is the sequel to a game considered as lost media. As Kyonshi Hui and Jiangshi Bo, it is your quest to banish all evil in all 100 levels - 10 original stages, including the boss -- a mutated mass of pure evil."
"Yu Suzuki Gameworks vol. 1","","NTSC-J","Japan","Sega","Aspect Co. Ltd.","2001-12-01","2","No","Action | Racing | Shooter | Flight Simulator","Not Rated","Yu Suzuki Game Works Vol. 1 (鈴木裕ゲームワークス Vol. 1) is a compilation of games designed by Yu Suzuki in the 1980s. It was released exclusively in Japan for the Sega Dreamcast in 2002, and came with a guide book. No second volume was ever released.

Game Selection: 
    Space Harrier
    Hang On
    Afterburner II
    Out Run
    Power Drift"
"Zero Gunner 2","","NTSC-J","","Psikyo","Psikyo","2001-05-15","2","Yes","Shooter","E - Everyone","In the near future, scientists working for the powerful Asian conglomerate known as Igem have discovered a new energy source. Refusing to share their technique with the rest of the world, Igem eventually developed a weather control machine named ONI, which they intend to use for the purpose of global domination. A squadron of ace helicopter pilots, called Zero Gunner, is assembled to destroy ONI - but Igem fights back with everything they've got...

Zero Gunner 2 is a top-down shooter. All backdrops and vehicles in this game are modelled in 3D, though the gameplay mostly follows the conventions of 2D shooters. Since your craft is a helicopter, a ""target and spin"" feature has been added, whereby you can both rotate your craft to attack an enemy more efficiently, or alternatively lock on a particular point in space and rotate around it while still firing. These actions are not automatically executed, and are controlled by the player; in order to succeed, mastering this feature is imperative.

The usual power-ups and boss enemy battles are included in the game, along with a selection of helicopters to choose from."
"Zia & the Goddesses of Magic","","Region Not Set","","","OrionSoft","2016-09-01","1","No","Adventure | Role-Playing","E - Everyone","Zia and the goddesses of magic is a 16bits styled RPG with a unique battle system! In a world where magic is Queen, people lived happily and safely under the protection of the ten guardian goddesses. Out of the unknown came a powerful demon who brought trouble upon the world, and all the goddesses got captured and locked away. Zia is a little girl who lives in a village in the mountains with her parents. When she was younger, she discovered a spell book and started to practice magic. An old wise man came and told Zia about the existence of several spell books spread around the world. During her journey, Zia will discover the trapped goddesses. Now is your chance to help her rescue the goddesses from the evil creatures by casting magic spells!"
"Zia and the Goddesses of Magic","","PAL","United Kingdom of Great Britain and Northern Ireland","","","2015-01-01","1","No","Role-Playing","E - Everyone","No overview is currently available for this title, please feel free to add one."
"Zombie Revenge","","PAL","","Sega","DataEast","2000-06-09","2","No","Action | Fighting","M - Mature 17+","A top secret government plan to use undead soldiers has gone horribly wrong. Just before it was ready to be put into operation, someone unknown interfered. Now a year later the city is the home for the undead. Three agents, Stick Breitling, Linda Rotta and Rikiya Busujima, who have come together from various paths of fate, now join together to do battle against the army of the undead and rid the streets of the zombie scum!"
"Zusar Vasar","","NTSC-J","","Real Vision","Real Vision","2000-07-27","2","No","Racing","Not Rated","Zusar Vasar (ズサーヴァサー) is a Sega Dreamcast racing game released exclusively in Japan.

In Zusar Vasar, players control ""chariots"" pulled by mechanical animals either on land, water or in the air while racing against five other players. Two modes are available: a standard ""championship"" mode in which you simply race around a track, and a ""battle"" mode which adds weapons into the mix.

On the land and water races, R accelerates and L breaks, with the analogue stick turning the chariot. In the air, the controls are altered, with L and R now controlling the left and right movements. There is otherwise little to distinguish the three types of races - water races apply some very basic water physics to the race (though the result is far simpler than games such as Hydro Thunder) and there is no up or down movement when flying.

A split-screen two-player mode is also supported."
