title,alternate_titles,region,country,publisher,developer,release_date,players,coop,genre,esrb_rating,description
"240p TestSuite Sega Mega-CD","240p TestSuite Sega-CD US | 240p TestSuite Sega Mega-CD EU | 240p TestSuite Sega Mega-CD JP","Other","","","","2011-01-01","1","No","Utility | Unofficial","Not Rated","240p Test Suite
===============================================================================
For full documentation and source code, please visit:
http://junkerhq.net/xrgb/index.php/240p_test_suite
===============================================================================

The 240p test suite is a homebrew software suite for video game consoles 
developed to help in the evaluation of upscalers, upscan converters and 
line doublers.

It has tests designed with the processing of 240p signals in mind, although
when possible it includes other video modes and specific tests for them. 
These have been tested with video processors on real hardware and a variety
of displays, including CRTs and Arcade monitors via RGB.

As a secondary target, the suite aims to provide tools for calibrating colors,
black and white levels for specific console outputs and setups. 

This is free software, with full source code available under the GPL.


Sega CD/Mega CD:
----------------
This version has the exact same specs as the Genesis one, but you only
need a CD-R to run it. The program is fully loaded to the system RAM after
startup."
"3 Ninjas Kick Back","","Region Not Set","","Sony","Malibu Interactive","1994-06-01","2","No","Platform","E - Everyone","You must help an old samurai to retrieve a dagger he once got as an award for his achievements in martial arts. The dagger was stolen by somebody who envied the old warrior - now he cannot give this prize to the warriors of the next generation. Choose one of the three young ninjas to help the old man!

This is a traditional platform game based on the movie 3 Ninjas Kick Back. Each one of the three ninjas has unique weapons and abilities. All three of them can run, duck, crawl, climb, jump, and hang on trees, ropes, etc. You'll encounter many obstacles and enemies, both regular and boss-like, which you'll have to overcome and defeat."
"3 Ninjas Kick Back / Hook","","Region Not Set","","Sony","Malibu Interactive","1994-02-01","2","No","Action | Adventure","","3 Ninjas Kick Back

In this action-packed adventure, you become any one of the 3 Ninjas as you skateboard, hang glide and kick your way through forests, Japanese gardens and into a whole lotta trouble. And that's when the fun begins.

FEATURES
- Wild first-person skateboarding and hang gliding levels.
- Grandfather Mori provides encouragement and tips throughout the game.
- Interact with various items throughout your quest and use them to your benefit.
- Over 12 huge action-packed areas with dozens of secret rooms to discover.

Dangerous skateboarding levels in first-person perspective.
Incredible hang gliding sequences so real your knuckles will turn white.
Each level packed with stunning graphics and awesome bosses!

Hook

You've just boarded Hook's Ship. Your blood's pumping and a chill races down your spine. You're about to do battle with the most famous pirate of them all. As Peter Pan, this is the adventure of your life and it's jam-packed with fights and incredible flying scenes that take you through twelve intense levels and ends with your deadly duel against Hook himself.

FEATURES
- Brilliant action, game play and graphics of the classic 16-bit game.
- Spellbinding audio narrative.
- CD-quality music from the film soundtrack.

Flying's your greatest power, but keep your eye on the flight meter
Here's your chance... you've got him where you want him
Incredible digitized scenes from the blockbuster motion picture"
"A-Rank Thunder Tanjouhen","","Region Not Set","","Riot","Telenet Japan","1993-06-25","","No","Adventure","","A-Rank Thunder Tanjouhen (Aランクサンダー 誕生編?) is a adventure game released in 1993 on Mega-CD. The game was developed by Riot and released by Telenet. The game's cover art was created by Yasushi Nirasawa, in his position as a model-builder for Hobby Japan magazine."
"A/X-101","AX-101","NTSC-J","","Absolute Entertainment","Micronet Co. Ltd.","1994-03-25","1","No","Shooter","Not Rated","In the future date of 2500, mankind has reached its zenith in space travel and peace. However, after making contact with alien life for the first time, Earth is soon attacked and nearly conquered by a war-driven alien race called the Gurzons. The Earth's Defense Force discover the Gurzon's enemy resides on the distant alien planet Prism, who made contact with Earth as a warning against the oncoming Gurzon invasion. Further investigation leads to the discovery of a computer upgrade system located on Prism called the A/X-101, a weapon program that promises to liberate Earth from the Gurzon's grip. Earth Defense sends four of its best fighter pilots - Bob, Kelly, Chris and their Captain (the player) - to travel to Prism, retrieve the A/X-101 and use it against all of the Gurzon's planetary bases.

The game is an on-rails shooter, with gameplay seen from a first-person cockpit perspective. The player's ship moves automatically through pre-rendered space and planetary environments and only the targeting crosshair can be moved freely. Laser Cannons and Fusion Warheads are available to hit the numerous enemies. Lasers have unlimited ammunition but need a few moments time to recharge. The warheads function as smart bombs and clear the screen of enemies, but are available only in limited supply. They are restocked when reaching a certain score. The ship's energy shield functions as a life bar.

Between the shooting levels, there are transitional cutscenes, pre-rendered in the same way as the actual gameplay."
"Advanced Dungeons & Dragons: Eye of the Beholder","","Region Not Set","","Sega","Westwood Studios, Inc.","1994-06-29","1","No","Role-Playing","Not Rated","Eye of the Beholder is a dungeon crawler RPG with a first-person perspective based on the 2nd Edition AD&D rules. The starting party consists of four characters and up to two NPCs can join later. Combat and magic happen in real time. Fight over a dozen different monster varieties and cast over 40 spells. A point-and-click interface makes exploring, fighting, spellcasting and handling objects easy."
"After Armageddon Gaiden: Majuu Toushouden Eclipse","","Region Not Set","","Sega","Micro Design | 																Pandora Box","2016-11-11","1","No","Role-Playing","","After Armageddon Gaiden: Majuu Toushouden Eclipse (アフターハルマゲドン外伝 魔獣闘将伝エクリプス) is an RPG for the Sega Mega-CD"
"After Burner III","","NTSC-U","United States of America","Sega","CRI","1992-04-17","1","No","Shooter | Vehicle Simulation","E - Everyone","You're strapped into the Navy's fiercest jet fighter-the F-14 Tomcat. Kick in the afterburner to outrun deadly cannon fire ""hot on your six."" Pull up hard...lock and launch! Roll 360 degrees to blow desert tank patrols, radio towers, and missile sites into oblivion."
"AH-3 Thunderstrike","Thunderhawk","Region Not Set","","Core Design Ltd.","Core Design Ltd.","1993-11-01","1","No","Shooter | Flight Simulator","Not Rated","AH-3 Thunderstrike is a helicopter sim/shooter. You will pilot the AH-3 over 10 operations all over the world. Each operation is composed of several missions, such as destroying tanks, or destroying bridges, or escorting trucks, and so on.

Thunderstrike's graphics consist of scaled sprites arranged to create a 3D environment. It makes use of the Sega CD's scaling and rotation hardware to create this effect with a smooth frame rate."
"Aisle Lord","","Region Not Set","","Telenet Japan Co., Ltd.","Wolf Team","1992-05-29","1","No","Role-Playing","","Aisle Lord (アイルロード) is a Sega Mega-CD dungeon RPG released exclusively in Japan."
"Alshark","","Region Not Set","","Sandstorm Productions","Polydor","1993-11-26","1","No","Role-Playing","","Alshark (アルシャーク) is an RPG released for Japanese Sega Mega-CDs."
"Android Assault: The Revenge of Bari-Arm","","Region Not Set","","Human Entertainment, Inc.","Human Entertainment, Inc.","1994-01-01","1","No","Shooter","E - Everyone","In Android Assault an alien species called the Xias have targeted human beings for extermination. They have assembled a massive fleet that has crushed any opposing ship that has been sent their way and has started to attacking colonies stationed on nearby planets with a collision course to Earth and it is up to the player to stop them.

The gameplay is a side-scrolling shooter, similar to R-Type, where the player takes control of a space fighter that can morph into a cyborg called Bari-Arm and has an arsenal of weaponry to take down enemy ships including the Thundercracker, Burning Wave and the Chase Cannon along with picking up health and power-ups left behind by destroyed enemies."
"Anett Futatabi","アネット再び","Region Not Set","","Wolf Team","Wolf Team","1993-03-30","1","No","Action | Fighting","","After being rescued from certain sacrifice by Earnest Evans, Annet travels across Europe and encounters a group that wants a pendant in her possession. After being ambushed by them she escapes and begins a quest to protect the world from destruction."
"Arcus 1-2-3","Arcus I-II-III","Region Not Set","","Wolf Team","Wolf Team","1993-07-23","1","No","Role-Playing","Not Rated","Arcus I-II-III (アークス I・II・III) is a first-person dungeon RPG released exclusively for the Sega Mega-CD Japan. It combines the first three games in Wolf Team's Arcus series; Arcus, Arcus II: Silent Symphony and Arcus III, originally released for Japanese computers between 1988 and 1991."
"Arslan Senki","","Region Not Set","","Sega","Sega","1993-11-19","1","No","Role-Playing","","Arslan Senki (アルスラーン戦記) is a tactical RPG for the Sega Mega-CD. It is based upon the Arslan Senki novels and anime, and was only released in Japan."
"Bakuden Unbalance Zone","","Region Not Set","","Sony Music Entertainment","Sony Music Entertainment","1994-04-22","1","No","Adventure","","Bakuden Unbalance Zone (爆伝アンバランスゾーン) is an adventure game for the Sega Mega-CD. It was only released in Japan."
"Batman Returns","","NTSC","United States of America","Sega of America, Inc.","Malibu Interactive","1993-05-19","1","No","Action | Racing | Platform","E - Everyone","Batman Returns on the Sega CD is an enhanced version of the Genesis adaptation of the movie. It includes the entirety of the original platform game, but adds all-new driving levels.

The game can be played in three ways: either as only the platform game, only the racing game, or a combination of both. Each option features a unique ending sequence.

For every of the original version's five platform levels, there is a related driving section in which the player controls either the Batmobile or the Batskiboat. Both in perspective and gameplay, these sections are reminiscent of arcade titles like OutRun. Seen from above and behind, the player's vehicle must reach checkpoints before a timer runs out, receiving bonus points for any surplus seconds. The CD system's hardware is used for sprite scaling and other tricks, achieving a 3D effect.

The game being based on an action-filled movie, there's not only driving but also shooting: both the car and the boat are armed with machine guns and heat-seeking missiles (with limited ammunition). Besides the roads being full of enemies in general, each level also ends in a boss fight against a big (and usually heavily armed) vehicle.

The game features CD-based audio tracks, replacing those from the original."
"Battle Fantasy","","Region Not Set","","Extreme Entertainment Group | 																Micronet Co. Ltd.","Micronet Co. Ltd.","1994-04-15","2","No","Action","","Battle Fantasy (バトル　ファンタジー) in Japan is a Sega Mega-CD fighting game."
"Battle Frenzy","","Region Not Set","","Good Deal Games","The Kremlin","1995-06-01","1","No","Shooter","Not Rated","Bloodshot (Battle Frenzy) is a video game developed by Jim Blackler for Domark and published by Acclaim in 1994 for the Sega Mega Drive/Genesis console in Europe. A North American release was planned, and reviewed in gaming magazines, but was not released. The game was re-released the same year for both the Mega Drive and the Sega CD in Europe.

Superbly smooth 3D graphics and frantic one or two player split screen action as you can through an alien troop carrier containing a deadly cargo of pre-programmed killing machines. Your weapons include the surgically inserted ""Battle Frenzy Chip"" which gives you super strength, lightning reflexes and an insatiable desire to kill; a condition known as 'Bloodshot'. Your partner had better watch his back..."
"BattleCorps","","Region Not Set","","Core Design Ltd.","Core Design Ltd.","1994-04-01","1","No","Action","E - Everyone","Battlecorps is a giant-mech game that takes place on a mining planet known as Mandlebrot's World. The colony supercomputer has been infected with a virus, and now the planet's giant machines are turning against the people who created them. You must pilot your bipedal attack machine through 12 missions to reboot the computer.

The graphics in this game use scaled and rotated sprites to achieve a 3D environment. The effect is similar to other Core Design games for the Sega CD."
"Battletech: Gray Death Legion","","Region Not Set","","Absolute Entertainment","","","","No","Shooter","","Battletech: Gray Death Legion is an unreleased mech shooter game for the Sega Mega-CD and Sega Saturn set to be published by Absolute Entertainment, and based on FASA's Battletech universe. The game uses a first-person perspective for the action, and is similar to Absolute's RDF: Global Conflict, also on Mega-CD. Nothing is known about the Saturn version other than being mentioned on some magazines of the time, but it's likely it would've played similarly.

The game was put on indefinite hold in late 1995 due to the poor state of Absolute's finances.

Sometime in the 2000s, a prototype of the Mega-CD version was found, which was later given a commercial unlicensed release by Good Deal Games."
"BC Racers","","Region Not Set","","Time Warner Interactive, Inc.","Core Design Ltd.","1994-12-01","2","Yes","Racing","","Millionaire playboy caveman Millstone Rockerfella arranges a wild 'n' wacky BC bike race, the winner of which receives the ULTIMATE BOULDERDASH BIKE. 

Cool 'n' crazy Cliff Ace has had his sunglasses set on a boulderdash bike since he was knee-high to a baby diplodocus, so he signs up for the race - taking his cave-babe Roxy along for the ride! Join them as they speed n' smash their way on a dino-powered dirtbike through 32 howlin' heats in a madcap, 3D cartoon race against a hardrock host of rocky racers!"
"Bill Walsh College Football","","NTSC","United States of America","EA Sports | 																Electronic Arts | 																Electronic Arts Sports","EA | 																Electronic Arts | 																High Score Productions","1993-12-01","4","Yes","Sports","E - Everyone","The game features 24 college football teams from the 1993 season and 24 of the all-time college teams since 1978. Play modes include exhibition, playoffs and all-time playoffs and the SNES version also has an eleven week season mode with the National Championship as the ultimate goal. 

The playbook consists of 56 offensive plays and 52 defensive plays. On offense, running backs can dive, spin and hurdle. Also, passing is dealt with by having the receivers in their own windowed boxes. When on defense, defenders can dive at the ball carrier, and raise hands to block kicks or intercept passes.

The game also features four weather conditions (fair, windy, rain and snow), and three different quarter lengths (20, 40 and 60 minutes)."
"BlackHole Assault","","Region Not Set","","Micronet Co. Ltd.","Micronet Co. Ltd.","1992-10-23","2","No","Fighting","E - Everyone","According to Blackhole Assault, the 22nd century sees earth technology advance to the point where exploration of the immediate solar system is not only possible, but necessary due to resource constraints. Humans are attempting to harvest the resources of the entire solar system but have met with trouble from alien invaders. It is up to a small force of humans who recognize and understand the threat to confront the aliens head on.

The weapon of choice in this game is the Cybernetic Anthropomorphized Machine, or C.A.M. The C.A.M. is a large robot that fights 1-on-1 against alien robots. All of the gameplay in Blackhole Assault revolves around single-round, 1-on-1 robot fighting action. There are 10 backdrops against which to beat up robots, including various planets and moons around the solar system.

The game has 4 different modes. The main story mode is Operation BHA. The exhibition mode allows players to customize matches down to the robots each player will use and the backdrop to play on. The exhibition mode can be configured to allow one or even both fighters to be controlled by the computer. Further, the game has tournament and league modes."
"Bloodshot","Battle Frenzy","Region Not Set","","Sega","Acclaim","1994-01-01","1","No","Shooter","","Bloodshot, known as Battle Frenzy in Germany, is a Sega Mega Drive and Sega Mega-CD game developed by Domark. It is notable for being a 3D first person shooter - one of the few available for the Sega Mega Drive and the only game of this genre for the Sega Mega-CD.

The game takes up most of the screen, with much smaller borders than similar games such as Zero Tolerance, a very impressive technical achievement. A two player splitscreen mode is also available. However, the game also suffers from slowdown and some of the texture data of the Mega Drive version looks corrupted but this was fixed with the Mega-CD version."
"Bouncers","","Region Not Set","","Sega","Dynamix, Inc.","1994-01-01","2","No","Sports","E - Everyone","Arcade basketball game where YOU are the ball. You can't jump high enough on your own to go through the hoop, so you must bounce off other players. Supports up to four simultaneous players.

There are eight characters to choose from, powerups (and powerdowns) that affect your speed and jumping ability.

Games can turn into fighting matches of sorts, as players can kick each other to get their opponent in the air. With practice, you can learn to shoot three pointers and slam dunk yourself into the basket."
"Bram Stoker's Dracula","","Region Not Set","","Sony Imagesoft","Psygnosis Limited","1994-06-10","1","No","Action | Fighting | Horror","T - Teen","Bram Stoker's Dracula sucks you into a terrifying world of evil. And there's only one way to survive. Kill the Prince of Darkness! But it won't be easy. From deep in the cold, dark dungeons of Castle Dracula to the brutal Transylvanian countryside, you'll be in a constant fight for your life. As the sun sets, the evil Prince of Darkness rises and attacks as a bat, a vicious wolf, even an old man. With every multiple level - each divided into day and night - you're plunged deeper into the ultimate interactive experience, as Dracula rises in search of blood... yours! Incredibly realistic 3D graphics, digitized footage from the actual movie, CD sound, and characters based on real actors, turn this game into the ultimate interactive horror movie for your Sega CD."
"Brutal: Paws of Fury","","Region Not Set","","GameTek, Inc.","GameTek, Inc.","1993-01-01","2","No","Fighting","","Brutal: Paws of Fury is a standard one-on-one beat 'em up across a variety of levels, with mostly outdoor terrain. You can choose of the many characters. Throughout the game, your character travels across Dalai Llama's island, fighting a series of duels before getting to the final showdown."
"Bubble Bobble: Lost Cave","","Other","","PlayAround","Playaround","1970-01-01","1","No","Action | Adventure","T - Teen","Using levels from various home, console and hand-held incarnations of the original Bubble Bobble arcade game, the authors of this romhack have created a brand new game based on the original arcade machine.

As the original, Bubble Bobble: Lost Cave is a platform game, with each level being a single screen. The enemies must be cleared from a level to go to the next one. The player can jump and collect items for points (such as fruit) and blow bubbles. These bubbles can be used as platforms to leap on, or to trap enemies. Enemies trapped in a bubble must be popped by jumping into them, turning them into fruit that can be collected for points."
"Bug Blasters: The Exterminators","","Region Not Set","","Good Deal Games | 																Stargate Productions","Good Deal Games | 																Stargate Productions","2016-01-06","1","No","Adventure","","Bug Blasters: The Exterminators is an Action game, developed by Stargate and published by Good Deal Games, which was released in Europe in 2000."
"Burai: Hachigyoku no Yuushi Densetsu","","Region Not Set","","Sega","Pandora Box | 																Riverhillsoft","1992-09-11","1","No","Role-Playing","Not Rated","Burai: Hachigyoku no Yuushi Densetsu (ブライ八玉の勇士伝説) is an RPG for the Sega Mega-CD. It was only released in Japan."
"Burning Fists: Force Striker","","Region Not Set","","Good Deal Games","Sega","2006-07-26","2","No","Fighting","","Burning Fist (also known as Force Striker in its early alpha build) is a cancelled fighting game that was in development in 1994 by Sega of Japan for the Mega CD. As we can read at Sega Base, both the Force Striker alpha and the Burning Fists beta were leaked rom a former SoJ employee and sold on eBay some years ago. Burning Fist was never officially released, but in 2006 those alpha / beta builds were re-sold to Good Deal Games."
"Cadillacs and Dinosaurs: The Second Cataclysm","","NTSC","United States of America","Rocket Science Games, Inc.","Rocket Science Games","1994-12-01","2","No","Action | Shooter","T - Teen","A third-person driving and shooting game, based on the comic series Xenozoic Tales by Mark Shultz. The game is a rail-shooter, similar to Rocket Science's earliest game Loadstar.

You find yourself in the so-called Xenozoic Age - after a cataclysm in 2020 A.D., mankind was forced to hide beneath the surface. Once it could come out again, it found the world terribly changed, with dinosaurs roaming freely once again. A mysterious mutant-like race, called the Grith, believe the cataclysm was caused by the upsetting of the natural balance. Now, the leader of the restored City in the Sea, Scharnhorst, is using old technology and disrupting the balance again. The Girth chose you, Jack Tenrec, and your partner Hannah Dundee, to rid the world of Scharnhorst. And you get to do it in a red '53 Cadillac with mounted machine guns.

While you're at the task, you must battle hungry, mean dinosaurs, but also be careful not to upset the balance of nature. Also, try not to upset your volcanic-energy fueled caddy by hitting too much obstacles along the way.

Graphics are a mix of 3D objects and environments and comic-like 2D sprites, but captures much of the original comic book's style."
"Capcom No Quiz: Tonosama No Yabou","","Region Not Set","","Sims Co., Ltd.","Capcom | 																SIMS Co., Ltd.","1992-12-25","2","No","Puzzle","","Quiz Tonosama no Yabou is a 1991 arcade quiz game by Capcom. SIMS ported it to the Sega Mega-CD in 1992, calling it Capcom no Quiz Tonosama no Yabou (カプコンのクイズ殿様の野望). No version was released outside Japan."
"Captain Tsubasa","","Region Not Set","","Tecmo","Tecmo","1994-09-30","2","No","Role-Playing | Sports","","Captain Tsubasa (キャプテン翼) is a football game for the Sega Mega-CD based on the Captain Tsubasa manga and anime series."
"Championship Soccer '94","Sensible Soccer","Region Not Set","","Sega","Sensible Software","1994-01-01","2","No","Sports","E - Everyone","Sensible Soccer (known in the US as Championship Soccer '94) is a soccer (football) game similar to the Kick Off series. The graphical view is from a distance overhead, making the players small on screen, but allowing player to view around half the pitch.

This version of Sensible Soccer is based upon the Amiga/Atari ST Sensible Soccer 92/93, an update to the ""real"" Sensible Soccer which was released exclusively for these computers."
"Chuck Rock","","Region Not Set","","Virgin Games, Ltd.","Core Design Ltd.","1992-01-01","1","No","Platform","E - Everyone","Chuck Rock is your typical average cave man. He likes to spend his Sunday afternoons watching football and drinking beer. Unfortunately, his peaceful existence is interrupted one day when his wife, Ophelia Rock, is kidnapped by the village wierdo, Gary Gritter. So, Chuck is rather upset about this whole situation and you have to help him make things right.

The game is a side-scrolling platformer. Chuck fights of a variety of dinosaurs using his belly-buster attack and a jump kick. Occasionally he has to pick up and throw rocks to defeat enemies and allow him to jump to greater heights."
"Chuck Rock II: Son of Chuck","","Region Not Set","","Virgin Games, Ltd.","Core Design Ltd.","1993-01-01","1","No","Action | Puzzle","E - Everyone","The story in this Chuck Rock game takes up a little while after the end of the first game. As you may remember, Chuck Rock had to rescue his girl, Ophelia from the bad dude Gary Gritter. Well, he was successful in his efforts, and now Chuck and Ophelia are married. Eventually, they have a son, named Junior. Chuck works in a factory, where he develops great skill at carving automobiles out of stone. A rival manufacturer becomes jealous of Chuck's abilities and kidnaps him. Now it is up to Junior to rescue his dad!

The gameplay in this sequel is similar to the first game, but with some minor differences since you are playing as Junior, rather than Chuck. This is a side-scrolling platform game with occasional rock-moving puzzles thrown in. Unlike Chuck, Junior carries a club that gives his attacks further reach."
"Citizen X","","Region Not Set","","Good Deal Games","","","","No","Fighting","","OUR WORST FEARS HAVE COME TRUE!!

An elite terrorist organization lead by a madman has vowed to destroy the world as we know it. Saving the world 
might not have been in your weekend plans but things change.

You are the only one left to take on a task which literally fell into your lap. A dying government agent begs you to continue her failed mission while handing you a hi-tech watch connected to the command center now giving you orders.

Diseased sewer rats, psychotic circus clowns, mafia hitmen, and cannibalistic martial arts masters are just a few of the obstacles in your way. Let's not forget, you will still need to find the antidote to save the human race from biowarfare extinction!

Oh yeah, one more important thing
-- you only have 15 minutes...

Citizen X is an unreleased Sega Mega-CD game developed by Digital Pictures. It was a side-scrolling action game paired with many full motion video cutscenes set for release in 1993.

Though the game was not officially released, a mostly-finished prototype emerged and was distributed commercially by Good Deal Games in 2002."
"Cliffhanger","","Region Not Set","","Sony Imagesoft","Malibu Interactive","1993-12-04","1","No","Action | Fighting","T - Teen","CLIFFHANGER challenges you to brave thundering avalanches, icy cliffs and the head-spinning heights of the Rocky Mountains while combatting a vicious group of well-armed, extremely dangerous fugitives. Based on the white-knuckle, action-adventure movie starring Sylvester Stallone, you'll hang on for dear life through seven exciting levels requiring all your strength and skill just to survive. Experience the excitement of incredible hand-to-hand action and armed combat. The adventure isn't over until you find $100 million in stolen loot, defeat the fugitives, and reunite with your friends."
"Cobra Command","","Region Not Set","","Renovation Products, Inc.","Data East Corporation","1992-11-01","","No","Action","","Cobra Command is an arcade conversion of a helicopter shooting game from Data East. It is an ""on rails"" style shooter with the player controlling only the aiming of the shooting but not the direction of the helicopter.

Your job is to shoot down the enemies as you are flown through footage of New York streets, the Statue of Liberty, the Atlantic Ocean, Italy, the Grand Canyon and finally, the treacherous corners and return fire of the enemy's stronghold on Easter Island."
"Compton's Interactive Encyclopedia","","Region Not Set","","Sega","The Learning Company","1994-01-01","","No","","","Compton's Interactive Encyclopedia is a 1994 software program developed by The Learning Company for the Mega-CD; it was only released in North America, both as a stand-alone product and as a pack-in with the X'eye.

CIE is, of course, an multimedia encyclopedia licensed from the Compton's series of print encyclopedias, sporting a comparatively impressive 34,000 subjects, 5,000 pictures, and 30 video articles from the American Library Accociation."
"Corpse Killer","","Region Not Set","","Digital Pictures, Inc.","Digital Pictures","1994-01-01","1","No","Shooter","M - Mature 17+","Corpse Killer is a full-motion-video (FMV) shoot-'em up. It seems the evil genius Dr. Hellman has found a way to raise the dead and created an island of zombies. The player is an elite special forces soldier who has been parachuted onto the island; it is up to them to shoot their way through the undead hordes and stop Dr. Hellman.

The game is played from a first-person perspective. Various zombies pop up in front of a video background and the player must shoot them down either by moving a mouse cursor on screen or by using a light gun."
"Cosmic Fantasy Stories","","Region Not Set","","Telenet Japan Co., Ltd.","Riot","1992-03-27","1","No","Role-Playing","","Cosmic Fantasy Stories (コズミックファンタジーストーリーズ) is a Sega Mega-CD RPG released exclusively in Japan"
"Crime Patrol","","Region Not Set","","American Laser Games, Inc.","American Laser Games, Inc.","1994-01-01","2","No","Shooter","M - Mature 17+","Crime Patrol puts the player in the shoes of a police officer, who starts as a Rookie and has to work his way up to become a member of SWAT and eventually the Delta Force team. To do that, he has to complete missions, which involve taking down criminals in a variety of locations. Beginning with smaller-scale criminals (such as shoplifters), the hero will later have to face gangsters, drug lords, and eventually terrorists. For each set of missions, the player characters is being teamed up with another police officer. The gameplay is quite similar to any other of the large live-action laser-gun games found in the arcades - all the player has to do is take the gun (or the mouse in the computer version) and show those criminals who's the boss!"
"Cyborg 009","","Region Not Set","","Riot","Telenet Japan","1993-07-30","1","No","Action","","Cyborg 009 (サイボーグ００９) is a Sega Mega-CD action game released exclusively in Japan."
"Daihoushinden","","Region Not Set","","Victor Entertainment","Flashback","1995-02-24","1","No","Role-Playing","","Daihoushinden (大封神伝) is a Sega Mega-CD RPG released exclusively in Japan."
"Dark Wizard","","NTSC-U","United States of America","Sega of America, Inc.","Sega CS R&D 2","1994-03-01","1","No","Role-Playing | Strategy","T - Teen","These are epic times for the people of Cheshire. The kingdom of Quentin is the last stronghold in all of Cheshire against the forces of darkness. But Quentin's king has been killed in battle. Cheshire desperately needs a successor to come forward and lead the warriors of light against the forces of darkness and, eventually, against the Dark Wizard himself. If you fail, darkness will rule Cheshire - forever!"
"Dark Wizard: Yomigaerishi Yami no Madoushi","ダークウィザード 蘇りし闇の魔導士","NTSC-J","Japan","Sega","Sega","1993-11-12","1","No","Role-Playing | Strategy","Not Rated","These are epic times for the people of Cheshire. The kingdom of Quentin is the last stronghold in all of Cheshire against the forces of darkness. But Quentin's king has been killed in battle. Cheshire desperately needs a successor to come forward and lead the warriors of light against the forces of darkness and, eventually, against the Dark Wizard himself. If you fail, darkness will rule Cheshire - forever! 

The gameplay takes place on a hex-map, and features turn-based tactical battle scenes. The player controls one of four playable characters, each with their own attributes, abilities, and available units. The aim of the game is to use magic and recruitable armies to take control of the fictional kingdom of Cheshire from the treacherous wizard Velonese."
"Death Bringer","","Region Not Set","","Telenet Japan Co., Ltd.","Opera House | 																Riot","1992-04-17","1","No","Role-Playing","","Death Bringer (デスブリンガー) is an RPG for the Sega Mega-CD. It was only released in Japan."
"Demolition Man","","Region Not Set","","Acclaim Entertainment, Inc.","Alexandria","1995-11-15","1","No","Action | Platform","T - Teen","Two men enter the future. bringing with them the values of a brutal past. One cop. One criminal. One mission: destroy the other man first! You're John Spartan, freshly dethawed from the San Angeles Cryo-Prison. Armed with shotguns, magnum handguns and grenades, hunt Simon Phoenix through 10 explosive Levels from the ravaged Wasteland to the Hall of Violence!

Be WeII.
DEMOLITION MAN...

-Control DEMOLITION MAN John Spartan in the futuristic action adventure based on the Warner bros/John Silver (Die Hard and Lethal Weapon I and II) hit movie.

-Multiple player perspectives including side-scrolling and top-down view.

-10 explosive levels including an infra-red chase through the subterranean Wasteland.

-Shoot enemies from all angles with a stash of grenades, shotguns and the magnum handgun.

-Track down Simon Phoenix and his escaped cryo-cons on the hazardous city streets and decidedly dangerous Wastelands of San Angeles."
"Detonator Orgun","","Region Not Set","","Hot-B Co., Ltd.","Hot-B","1992-07-31","1","No","Adventure","","Fleeing from his own race, Orgun—an alien being with superhuman abilities and unearthly weapons—travels to Earth to find an answer to his origin. There, he bonds with a young man named Tomoru to defend Earth against the Evoluders, who seek nothing but destruction of other civilizations."
"Devastator","デバステイター","Region Not Set","","Wolf Team","Wolf Team","1993-05-28","1","No","Action","","Ryo begins working for a company called Yaesu as a replacement for his friend Masato. During a test ride with a new machine, however, he is somehow thrown into another dimension. After being rescued there by a group of mecha pilots from vile creatures named Devastators, he learns that nefarious people are working on a connection between that and his own dimension, and sets out to stop them."
"Double Switch","","NTSC-U","","Sega","Digital Pictures","1993-01-01","1","No","Adventure | Horror","Not Rated","Double Switch is a ""trap-'em-up"" game very similar to Night Trap in gameplay and visual presentation. The player has to manipulate cameras to avoid or set traps, affecting the course of the storyline which is represented by live action movie sequences."
"Dracula Unleashed","","Region Not Set","","Sega","ICOM Simulations, Inc.","1993-01-01","1","No","Action","","In Dracula Unleashed it is the year 1899, ten years after the destruction of count Dracula chronicled in Bram Stoker's novel. You take the role of Alexander Morris, the younger brother of Texan Quincey Morris who died defeating Dracula. Alexander has come to London to investigate the circumstances of his brother's death, but became sidetracked when he fell in love with and proposed to a local girl named Annisette.

Now, the dawn of a new millennium approaches and an evil force is stalking the streets of London, draining victims of their blood and transforming innocent women into bloodthirsty vampiresses. With the aide of your brother's old friends, the survivors of Dracula's evil, you must uncover the identity of this new vampire and prevent him from transforming Annisette into his queen of the night. Do not fail her, or she will personally rip your throat out."
"Dragon's Lair","","NTSC-U","","Taito Corporation","Advanced Microcomputer Systems","1994-06-19","1","No","Adventure","Not Rated","Dragon's Lair features the hero, Dirk the Daring, attempting to rescue Princess Daphne from the evil dragon Singe, who has locked Daphne in a wizard's castle. The screen shows animated scenes, and the player executes an action by selecting a direction or pressing the sword button with correct timing. The comedy of the game stemmed not only from the bizarre looking creatures and death scenes, but also the fact that while Dirk was a skilled knight, he was somewhat clumsy in his efforts, as well as being a reluctant hero, prone to shrieking and reacting in horror to the various dangers he encounters."
"Dune","","Region Not Set","","Sega","Cryo Interactive Entertainment","1993-01-01","","No","Strategy","T - Teen","Based on the legendary Frank Herbert novel of the same name and visually inspired by the 1984 David Lynch movie, Dune is a strategy-adventure hybrid where the player takes the role of young Paul Atreides, the son of Duke Leto. The Emperor Shaddam Corrino IV has given the Atreides House the rights to manage the extraction of the most precious substance in the entire universe - the Melange, commonly known as Spice in the desolate desert planet Arrakis (Dune), the only place in the universe capable of producing the substance. While everything indicates the offer is a trap orchestrated by their enemies the Harkonnen, the Atreides family agrees on moving, as he who controls the spice, controls the universe."
"Dungeon Explorer","","Region Not Set","","Sega","Hudson Entertainment, Inc.","1994-01-01","4","Yes","Action | Role-Playing","E - Everyone","Dungeon Explorer is an action role-playing game. It supports up to four players with a choice of six different character classes: monk, knight, elf, mage, beast and ninja. The game starts in the area surrounding a save point. This area functions as a central hub to access all the six dungeons. If a character leaves it, the food counter starts decreasing. If it reaches zero, the life points start diminishing until the character dies. Food can be found as potions or pots around the mazes. Returning the character to the save point area replenishes all the counters and cures all conditions (like poisoning and confusion). The gold collected in the game can be spent on equipment upgrades at the weapons shop. The tavern allows the player to switch characters."
"Dungeon Master II: Skullkeep","","Region Not Set","","JVC Musical Industries, Inc.","FTL Games","1994-01-01","1","No","Role-Playing","E - Everyone","The game fuses real-time battles with puzzle solving and travelling, although the game now auto-maps. Rain and magic usage effects are incorporated into the engine. The first part of the game is spent above ground, visiting villages with shops and temples, and trawling through forests."
"Dynamic Country Club: 3D Golf Simulation","","Region Not Set","","Sega","Sega AM3 R&D Division","1993-07-06","2","No","Sports","","Dynamic Country Club (ダイナミックカントリークラブ) is a 1991 arcade golf game by Sega released on Sega System 24 hardware. Both floppy disk-based and ROM board-based versions of the game exist. The game presents itself in a pseudo-3D setting a la T&E Soft golf games like Pebble Beach Golf Links where the screen slowly redraws itself at certain intervals in your swing.

A game with the same name for the Sega Mega-CD was produced, but only released in Japan. Whether or not this is the same game is unknown."
"Earnest Evans","アーネスト・エバンス","Region Not Set","","Wolf Team","Wolf Team","1991-12-20","1","No","Action | Platform","","In the 1930's, famed archaeologist Earnest Evans unearthed his greatest challenge: three ancient idols that together could bring an end to life on Earth. The idols were scattered at random throughout the world by the god of the winds, Hastur, before its power was crushed. Yet Evans was injured before he could complete the search.

Fifty years pass and now its up to Dr. Evans' grandson Earnest to save the world."
"Earthworm Jim: Special Edition","","NTSC","United States of America","Interplay | 																Interplay Entertainment Corp. | 																Playmates Interactive Entertainment, Inc.","Shiny Entertainment, Inc.","1995-04-01","1","No","Action | Shooter | Platform","E - Everyone","Earthworm Jim: Special Edition is an enhanced version of the original Earthworm Jim for the SEGA CD and also ported to Windows. Many years later it was released for a number of mobile platforms.

New to the SEGA CD edition is a CD audio soundtrack, bigger levels, more secrets, more weapons, reworked animations and additional enemies.

The iPhone version has been made easier as the character is controlled through a virtual control pad setup, accessed through the touch screen. Jim starts with ten lives and aiming is done automatically. There are also some small changes in the levels and the main character's voice has been re-recorded.

The Nintendo DSi version also features the same level changes and re-recorded voice. In addition to this, it also has bonuses based around face tracking challenges where you copy Jim's facial expressions in the DSi's camera."
"Ecco the Dolphin","","NTSC","United States of America","Sega of America, Inc.","Novotrade International","1993-07-03","1","No","Action | Adventure","E - Everyone","Travel through time along with Ecco the Dolphin, in the only game that could call itself a ""dolphin simulator"". Indeed, you can do pretty much everything a typical dolphin does, including eating fish, surfacing in order to breathe, using your biological sonar and of course, jumping out of the water to amaze your friends.

The storyline is actually deeper that one may think by looking at the box illustration. As Ecco, you are the only dolphin who managed to escape from a giant whirlpool which sucked down your entire pod. The five shining stars on your forehead show that you are the chosen one to save them. But that task will be not be an easy one, as you will have to travel through time and space with the Atlantean time machine, and meet the mystical Asterite in order to defeat the Vortex Queen.

The main part of the gameplay in Ecco the Dolphin relies on exploring various aquatic levels. They are usually nonlinear, with submerged caverns and tunnels branching out from the main bodies of water. The navigation is impeded by islands that must be hopped over, volcanoes that spit hot lava, powerful currents, deadly spikes, and dangerous predators such as octopi and giant eels. The sonar ability has multiple functions: you can communicate with friendly animals, map out the nearby area (echolocation), activate glyphs, and eventually defeat enemies. Activating glyphs is necessary because they can unlock unexplored parts of the current level, including the exit that leads to the next area; some of them can even bestow the gift of invincibility on Ecco for a limited time.

You must keep an eye on the life and breath meters. Dolphins can't stay underwater for a long period of time and must return to the surface for air. However, the cavern systems may hide the occasional pocket of air as well. Every time you are hit by spikes, lava, or an enemy, Ecco loses health, and once it reaches zero you will have to replay the level from the beginning. The life meter can be replenished by eating fish or by finding healing clams, called the Shelled Ones, and communicating with them. It's possible to avoid most enemies, but Ecco can kill troublesome creatures using the death sonar or by charging them head-on."
"Ecco the Dolphin [Not For Resale]","","NTSC","United States of America","Sega of America, Inc.","Novotrade International","1993-07-03","1","No","Action | Adventure","E - Everyone","This is the Not for Resale variant of Ecco the Dolphin for the Sega CD."
"Ecco The Dolphin CD","","NTSC-J","Japan","Sega","Novotrade International","1995-02-24","1","No","Adventure | Life Simulation","Not Rated","No overview is currently available for this title, please feel free to add one."
"Ecco: The Tides of Time","","NTSC","United States of America","Sega of America, Inc.","Novotrade International","1994-11-15","1","No","Action | Adventure","E - Everyone","The follow-up to Ecco the Dolphin, in which Ecco successfully destroyed the Vortex. Unfortunately, it turns out that the Vortex Queen followed it to the Earth and eventually destroyed the Asterite. All the world's oceans are threatened, and actually already doomed.

In order to restore the Asterite and finally defeat the Vortex Queen, Ecco will have to confront once again the tides of time, which have split into two possible futures, the regular one and the dark one dominated by the Vortex Queen.

Ecco: The Tides of Time features even better graphics than its predecessor, and introduces a new gameplay mode in which the camera follows the dolphin from behind instead of from the side."
"Egawa Suguru no Super League CD","","Region Not Set","","Sega","Sega","1993-08-06","2","No","Sports","","Egawa Suguru no Super League CD (江川卓のスーパーリーグＣＤ) is a baseball game released as part of the Super League and a sequel to Pro Yakyuu Super League CD (?)."
"ESPN Baseball Tonight","","Region Not Set","","Sony","Park Place Productions","1993-01-01","2","No","Sports","","ESPN Baseball Tonight is a baseball game with both exhibition and playoff modes. Other modes included are both practice (both pitching and batting) and Home Run Derby modes. The game contains 28 real MLB teams but no actual players. Gameplay options include being able to turn errors on or off and to have assisted fielding on or off."
"ESPN National Hockey Night","","Region Not Set","","Sony","Park Place Productions","1994-01-01","4","No","Sports","","ESPN National Hockey Night was one of the many hockey games released back in the day. This one featured all the NHL teams for its time, but lacked an official players license."
"ESPN NBA HangTime '95","","Region Not Set","","Sony Imagesoft","Sony Imagesoft","1994-01-01","2","No","Sports","","NBA HAngtime '95 takes it to the hoop with the ultimate in 2-on-2 half-court action. Choose from 81 of the hottest players in the NBA from all 27 teams. Special button combos let you unleash awesome player moves - two handed power dunks by Hakeem Olajuwon, reverse dunks by Chris Webber, spin moves by Scottie Pippen and more! Then for something completely different, play ESPN 2-on-2 World Tour mode with streetball players from around the world. NBA Hangtime '95, Everything Else is Just Practice."
"ESPN Sunday Night NFL","","Region Not Set","","Sony","Ringler Studios","1993-01-01","2","No","Sports","","ESPN Sunday Night NFL was one of the many football games released back in the day. It features all 28 official NFL teams and their respective logos, but doesn't feature a license from the NFLPA, so there are no actual players names in the game."
"Eternal Champions: Challenge from the Dark Side","","Region Not Set","","Sega","SEGA Interactive Development Division","1994-01-01","2","No","Fighting","M - Mature 17+","From various time periods of past, present and future, nine fighters killed in an unjust manner find themselves given a second chance for life. An alien being, known only as the Eternal Champion, brings back the fighters into a competition for one reason: to find one among them worthy of being resurrected, giving them a chance to avert their death and tip the balance between good and evil.

The fighters range from different eras of Earth's History: Larcen, the cat burglar. Jetta, the circus acrobat. Blade, the futuristic bounty hunter. Midknight, the vampiric bio-chemist. Rax, the cyborg. Shadow, the corporate assassin. Slash, the neanderthal. Trident, a Atlantean warrior. And Xavier, a warlock and alchemist."
"F1 Circus CD","","Region Not Set","","Nihon Bussan Co., Ltd.","Nichibutsu","1994-03-08","2","No","Racing","","F1 Circus CD (Ｆ１サーカスＣＤ) is a formula one racing game released for the Sega Mega-CD exclusively in Japan. It is the sequel to F1 Circus MD."
"Fahrenheit","","Region Not Set","","Sega","Sega","1995-01-01","1","No","Action","T - Teen","Fahrenheit is an interactive movie that puts players into the flame-resistant suit of a firefighter. You are the new guy in the firehouse. Last week, you saved three lives. But now, you're on a new squad, and have to prove yourself to them.

Like most interactive movies, Fahrenheit is played entirely while watching a digitized video. At certain critical points in the video, players must press certain directions on the control pad or action buttons in order to progress in the game. Fahrenheit takes this a step further by providing several buildings in which the player has the ability to move from room to room in in a non-linear fashion. As players move from room to room, they have to locate victims and neutralize fire hazards."
"Fatal Fury Special","","Region Not Set","","JVC Musical Industries, Inc.","SNK","1993-01-01","2","No","Fighting","","Fatal Fury Special is an improved version of SNK's 2D one-on-one fighter Fatal Fury 2. It's a conversion of the 1993 arcade game of the same name. The objective is still to win the tournament by defeating all other fighters including end boss Wolfgang Krauser. 
Fatal Fury Special still features the series' trademark pseudo-3D movement along two planes."
"FIFA International Soccer","FIFA International Soccer: Championship Edition","NTSC","United States of America","EA Sports","","1994-01-01","4","No","Sports","E - Everyone","Based on international teams (with fictional player names), their abilities in each skill area rated out of 10 to give the player an overall impression of how good they are. The options available follow the standard set: fouls and offsides can be toggled on and off, the match length can be set, and if the timer operates continuously, or only while the ball is in play. Gameplay privileges quick runs, short passes and blistering shots outside the penalty box, and set pieces are controlled by moving a box into the target area for the ball, and then passed, lobbed or kicked directly. On the tactical side, formations can be selected, with 5 different strategies also available (although not all of these combinations make sense) as can the team Coverage - the areas which defenders, midfielders and strikers cover.

FIFA International Soccer: Championship Edition, known in-game and in North America simply as FIFA International Soccer is a Sega Mega-CD football game released as part of Electronic Arts' FIFA series. Despite its potentially confusing title, the game is an upgrade over the original FIFA International Soccer released for the Sega Mega Drive, with sixteen new teams, a CD soundtrack (and crowd chants), updated intros and a licensing deal with Adidas and its Predator boot, leading to new in-game moves (such as the ability to curve shots similar to Sensible Soccer). More modes were added and the computer AI was improved, and the overall pace of play is much quicker than the prior iteration."
"Final Fight CD","","NTSC-U","United States of America","Sega of America, Inc.","A-Wave","1993-06-28","2","Yes","Action | Fighting","T - Teen","Final Fight punches its way onto Sega CD.

When the Mad Gear Gang is around, you know laws are being broken. Enter the good guys, Haggar, Cody and Guy, with killer roundhouse kicks, back fists, uppercuts and body slams. All raging to the coolest CD quality tunes. When the going gets tough, grab a pipe, knife or sword, and take a slice out of crime!

* 6 brutal levels of street fighting head trauma and shattered rib cages!
* Choose from 3 characters for 1 or 2 player bone-busting action!
* Arcade-quality music and sound effects."
"Flashback: The Quest for Identity","","Region Not Set","","U.S. Gold Ltd.","Delphine Software International","1992-12-02","1","No","Adventure","M - Mature 17+","You've lost your mind! You're trapped on a distant planet inhabited by aliens plotting to overtake the Earth. The only problem is - you don't even know who you are! To stop the alien attack, you must discover your true identity and fight your way back through the galaxy to warn Earth!"
"Flink","","Region Not Set","","Vic Tokai","Psygnosis Limited","1994-11-11","1","No","Platform","E - Everyone","Disaster strikes Imagica Island and Wicked Wainwright's taken over! He's kidnapped the four island leaders, separated them, and has them under the watchful eyes of the Demon Guardians. Excited by his newfound control, he's gone absolutely crazy! He's casting dark clouds of smoke across the land, bringing unpleasant weather and much sadness to the people of Imagica. In a huge panic, the islanders appoint Flink, an apprentice wizard, to challenge Wicked Wainwright and to force the Demon Guardians to release the island leaders. Locate the leaders, bring their powers together, and help make Flink the full-fledged wizard he's always wanted to be!"
"Formula One World Championship: Beyond the Limit","","Region Not Set","","Sega","Fuji Television Network","1994-04-24","","No","Racing","","Beyond the Limit is a racing sim based on Formula One circa 1993. It features real-life cars, tracks, and drivers from the world of F1.

The graphics in Beyond the Limit are created from scaled and rotated sprites that create a 3D effect. It also features a lot of full-screen video clips taken from Fuji TV's coverage of actual races."
"Frog Feast","","Region Not Set","","OlderGames","","2005-08-20","1","No","Action","Not Rated","Frog Feast is an unlicensed/homebrew game by former RasterSoft programmer Charles Doty (though he continues to use the RasterSoft name). The history of its release is as of yet unclear (but its initial release is known to be 20 August 2005), but it is available as a purchase for many consoles and arcade systems, including the Sega Mega-CD, Dreamcast and the Sega System C2 arcade board. As with games like Doom, Doty has also made the source code available under a mostly-free license, though you will need a purchased copy of the game for the graphics and audio.

A Sega Mega Drive version was also available at one point, but seems to have been removed (presumably in favor of the Mega CD version).

The Dreamcast version has the dubious honour of being the most likely candidate for ""Rarest Dreamcast Game Ever,"" with only about 20 copies estimated to be in circulation. However, the game was not professionally pressed and instead burnt to a CD-R on an ad-hoc basis, with a number of copies being released with bugs or faults. The nature of this production method makes it difficult to determine whether a copy is indeed a genuine edition released by Doty or simply a bootleg made by one of the original purchasers. However, this doesn't stop the game from selling for stupidly high prices, in spite of the fact that the game is generally regarded as not being very good."
"Funky Horror Band","","Region Not Set","","Sega","Sega","1991-12-20","1","No","Role-Playing","","Funky Horror Band (ファンキーホラーバンド) is an RPG for the Sega Mega-CD. It was only released in Japan."
"Gambler Jiko Chuushinha 2 Gekitou! Tokyo Mahjong Land Hen","","Region Not Set","","Game Arts Co., Ltd.","Game Arts","1992-12-18","2","No","Puzzle","","Gambler Jiko Chuushinha 2: Gekitou! Tokyo Mahjong Land Hen (ぎゅわんぶらあ自己中心派2 激闘! 東京マージャンランド編) is a Sega Mega-CD sequel to Gambler Jiko Chuushinha."
"Game no Kanzume Vol. 1","","Region Not Set","","Sega","Sega","1994-03-18","2","No","Action | Adventure | Role-Playing | Puzzle | Strategy | Racing | Shooter | Fighting | Platform","","Game no Kanzume Vol. 1 (ゲームのかんづめ ＶＯＬ.１) is a compilation of Sega Meganet games, released exclusively in Japan for the Sega Mega-CD. It was released alongside a Vol.2 and was followed by Game no Kanzume Otokuyou.

This compilation was partially translated by M.I.J.E.T. in that only the Phantasy Star II Text Adventures were translated.

Games Included
Flicky
Hyper Marbles
Paddle Fighter
Phantasy Star II: Amia's Adventure
Phantasy Star II: Huey's Adventure
Phantasy Star II: Shilka's Adventure
Phantasy Star II: Yushis's Adventure
Pyramid Magic
Pyramid Magic II
Pyramid Magic III
Pyramid Magic Special"
"Game no Kanzume Vol. 2","","Region Not Set","","Sega","Sega","1994-03-18","2","No","Action | Role-Playing | Puzzle | Racing | Shooter | Fighting | Sports | Sandbox | Platform | Stealth","","Game no Kanzume Vol. 2 (ゲームのかんづめ ＶＯＬ.２) is a compilation of Sega Meganet games, released exclusively in Japan for the Sega Mega-CD. It was released alongside a Vol.1 and was followed by Game no Kanzume Otokuyou.

This compilation was partially translated by M.I.J.E.T. in that only the Phantasy Star II Text Adventures and Fatal Labyrinth were translated.

Games Included
16t
Aworg: Hero in the Sky
Fatal Labyrinth
Ikasuze! Koi no Doki Doki Penguin Land MD
Medal City
Phantasy Star II: Anne's Adventure
Phantasy Star II: Kinds's Adventure
Phantasy Star II: Nei's Adventure
Phantasy Star II: Rudger's Adventure
Putter Golf
Robot Battler
Teddy Boy Blues"
"Genei Toshi - Illusion City","","Region Not Set","","Aisystem Tokyo | 																Micro Cabin Co.","Micro Cabin Co.","1993-05-28","1","No","Role-Playing","","Genei Toshi (幻影都市) is an RPG for Japanese computers, later ported to the Sega Mega-CD. It was only released in Japan."
"Genghis Khan II: Clan of the Gray Wolf","Aoki Ookami to Shiroki Mejika: Genchou Hishi","NTSC-J","","Koei Co., Ltd.","Koei","1993-09-24","2","No","Strategy","Not Rated","Unleash Mongol Hordes!

In an age of conflict, you have been chosen to rule. Military strength, as well as political artistry must be used to build an empire that spans the continents. Legendary sages and warriors will be your companions - or your bitter foes!

Lead your knights, samurai and elephants across the blazing sands of Arabia, through the Burmese jungle and into the grassy hills of the British Isles. Cross the Silk Road with Marco Polo and debate policy with Thomas Aquinas. Give the order to attack from the safety of your fortress or march to war at the head of your legions. Be careful to groom a successor and your great dynasty will live on. Soon all will bow before your might!

- Conquer Mongolia or the entire world
- Play Genghis Khan, King John, Philip II or any of 12 other world-class rulers
- Choose from 16 historical military units, including knights, samurai and war elephants"
"Ground Zero Texas [Limited Run Games]","","NTSC","United States of America","Limited Run Games","Digital Pictures","2021-10-20","1","No","Action | Shooter","Not Rated","The chopper kicks up dust as it sets down. Through the haze of dirt and grit you make out El Cadron, a shabby little Texas border town. It looks quiet enough. But folks have been disappearing. And as a tactical expert, you soon discover it's crawling with aliens disguised as humans. Welcome to Ground Zero Texas. Armed with four BattleCams outfitted with a particle beam to stun the aliens (you can't kill them with traditional guns), and a RoverCam used to search out the Reticulan weapon stash, you're in for a sci-fi, wild west gun fest."
"Ground Zero: Texas","","Region Not Set","","Sega","Digital Pictures","1993-01-01","1","No","Action | Shooter","T - Teen","Space aliens are infiltrating the U.S. from a sleepy little town on the Texas/Mexico border, snatching bodies and paving the way for a greater invasion. Those they abduct return as Pod People-like drones, normal in appearance until they reveal themselves. The government's response is you - a technician driving custom-built gun cameras mounted around the town. Similar to Night Trap or Double Switch, you must monitor the town for alien activity, and respond to protect the lives of the citizens and your agents."
"Ground Zero: Texas - Nuclear Edition - Premium Edition","","NTSC-U","United States of America","Limited Run Games | 																Sega","Digital Pictures | 																Screaming Villains","2021-01-22","1","No","Action | Shooter","T - Teen","The Ground Zero: Texas - Nuclear Edition (SCD) Premium Edition includes:
Ground Zero: Texas - Nuclear Edition (Sega CD)
Premium Foil Collector's Box
Full Game Script
Original Soundtrack
Mini License Plate
Ground Zero Texas Decal
Reversible 18"" x 24"" Poster"
"Heart of the Alien: Out of this World Parts I And II","","Region Not Set","","Virgin Games, Ltd.","Delphine Software International","1994-01-01","1","No","Puzzle","E - Everyone","Enter the award-winning sci fi universe of Out of This World. A cool blue world where the past and future coexist. Where electric torture chambers are manned by primitive humanoids. And the merciful turn merciless just to survive. Imagine an alien prison. Where every passage you enter is one you may never exit. Every creature lives to try and take your life. And the further you run the closer you get to the sadist they call The Warden."
"Heavy Nova","","Region Not Set","","Micronet Co. Ltd.","Micronet Co. Ltd.","1991-12-12","1","No","Action","","Heavy Nova (ヘビーノバ) is a 1991 action game for the Sharp X68000 by Micronet. It was ported to the Sega Mega-CD as one of the system's two launch titles (the other being Wolf Team's Sol-Feace); the Mega-CD port was not released outside Japan. Micronet subsequently ported it to the Sega Mega Drive for an American release in 1992.

You play as a giant mech beating up other mechs of various sizes. A punches and B kicks. Up rockets up for as long as the button is held; you will eventually come back down."
"Heimdall","","Region Not Set","","JVC Musical Industries, Inc.","Core Design Ltd.","1994-01-01","1","No","Role-Playing","","You play as Heimdall, a demi-god based in Norse mythology. Heimdall's job is to protect the entrance to Asgard, the home of the gods, from all evil, including the terrible Ragnarok, when all the evil forces come together to try and destroy the gods and ultimately everything.

Unfortunately Ragnarok is on its way and if that wasn't bad enough, Loki, god of mischief, has hidden Thor's hammer, Odin's sword and Frey's spear in three worlds. You, as the newly mortalized Heimdall, must visit each of these worlds to collect the god's weapons.

The first is Midgard (or Earth), the second is Utgard (the world of the giants) and the third is Asgard itself, the home of the gods. Each world has around 15 islands and each island has countless rooms."
"Hook","","Region Not Set","","Sony Imagesoft","Core Design Ltd.","1992-04-01","1","No","Action | Adventure","E - Everyone","PETER PAN has now grown up, far away from NEVERLAND, but his old enemy CAPTAIN HOOK has not forgotten, and schemes his revenge. Kidnapping Peter's children, he lures our hero back to the island of PIRATES and ""LOST BOYS"" for a final confrontation. With the help of TINKERBELL, the faithful fairy, you take on the role of PETER PAN in this magic adventure fraught with danger and excitement!"
"Hot hits / Rock paintings","","Region Not Set","","","","1992-01-01","1","No","Music","Not Rated","No overview is currently available for this title, please feel free to add one."
"INXS: Make My Video","","Region Not Set","","Sega","Digital Pictures","1992-10-15","","No","Music","","Make My Video: INXS is a video game based on real-time editing of music video footage. The setup is that a pair of female friends is hanging around a bar and monopolizing the pool table. The game explores the duo's interpersonal interactions with other patrons at the bar: There's the Fly, an aloof cool guy; Ted and Gomez, braindead surfer dudes trying to pick up the ladies, and who are thinly-veiled parodies of Bill & Ted; Poindexter, the nerd who is also trying to work up the courage to talk to the women; and Flo and Tiger, a pair of leather-clad tough chicks whose interest is beating the main subjects of the game so that they can control the bar music and play their Megadeth videotape. Each person or pair has own their ideas about what an ideal INXS video should or should not contain. The specifications normally come in the form of a set of pictures they either do or don't want to see, and perhaps some effects. The game features three INXS videos from which to choose: ""Heaven Sent"", ""Not Enough Time"", and ""Baby Don’t Cry""."
"Iron Helix","","Region Not Set","","Spectrum Holobyte, Inc.","Drew Pictures","1992-01-01","1","No","Adventure","T - Teen","A rogue navy ship, Jeremiah Obrian, threatens to start a war. A virus has wiped out its crew, but the threat of it firing its Iron Helix doomsday weapon is still there. You must remotely pilot an unarmed science robot to explore the ship and work out how to shut the weapon down.

The game uses interactive quarter-screen footage to display the ship's interiors. The main challenge is that an automated security device is chasing you down, and must be avoided and ultimately destroyed. A delay between your commands and the robot's receipt of them forces you to pay close attention to the security drone and plan several steps ahead.

As you explore the ship, you will find data ports, which can be jacked into to gain information or to open doorways. To access most of these, you will need to find and collect a DNA sample from a member of staff whose role gave him/her access."
"Ishii Hisaichi no Daiseikai","","Region Not Set","","Sega","G-Sat | 																Sega","1994-01-28","","No","Construction and Management Simulation | Puzzle","","Ishii Hisaichi no Daiseikai (いしいひさいちの大政界) is a simulation game for the Sega Mega-CD. It was only released in Japan."
"Jaguar XJ220","","Region Not Set","","JVC Musical Industries, Inc.","Core Design Ltd.","1993-01-01","2","No","Racing","E - Everyone","Jaguar XJ220 is a view from behind racer. There are 32 tracks all over the world, with varying road conditions and animated weather conditions such as rain and fog in England, snow in Switzerland, and tumbleweed crossing the street in Egypt. You race your Jaguar in a constructor grand prix, with opponents running for Porsche, Ferrari and other famous makers. Between races, you must mend the damage your car has sustained, which eats up your prize money."
"Jangou World Cup","","Region Not Set","","Victor Interactive Software, Inc.","Victor Interactive Software, Inc.","1993-08-27","","No","Sports","","Jangou World Cup is a Miscellaneous game, developed and published by Victor Interactive Software, which was released in Japan in 1993."
"Jeopardy!","","Region Not Set","","","","1994-01-01","","No","","E - Everyone","Jeopardy! is an American quiz show featuring trivia in history, literature, the arts, pop culture, science, sports, geography, wordplay, and more. The show has a unique answer-and-question format in which contestants are presented with clues in the form of answers, and must phrase their responses in question form."
"Joe Montana's NFL Football","","Region Not Set","","Sega","Malibu Interactive","1993-01-01","2","No","Sports","","This enhanced version of the Joe Montana series features 3D models and even full-motion video of Joe Montana himself. It sports a full NFL license with all 28 teams of the time with their respective nicknames and logos, along with 10 of the all-time greatest Super Bowl teams including '85 Bears, the '72 Dolphins, just to name a few, that the player can compete against if they win the biggest game of the year."
"Jurassic Park","","NTSC","United States of America","Sega | 																Sega of America, Inc.","Sega","1993-12-01","1","No","Adventure","E - Everyone","This is the Sega CD game based on the 1993 Steven Spielberg movie based on the book by Michael Crichton. This game differs greatly from other Jurassic Park games. It is a point-and-click adventure game, with a strong emphasis on action sequences which require split-second timing.

The story takes place after the events of the movie/book. You are sent back to Jurassic Park to retrieve dinosaur eggs from around the park and put them in an incubator. You only have 12 hours to retrieve one egg from every species of dino in the park. Unfortunately, shortly before arriving at the park, your helicopter crashes!"
"Kamen Rider ZO","The Masked Rider: Kamen Rider ZO","NTSC-J","Japan","Toei Video","Toei Animation","1994-05-13","1","No","Action","Not Rated","The Masked Rider is a Japanese super hero, a man who has become genetically altered to be a man/grasshopper who rides a motorcycle.

This FMV game adapts scenes from the movie Masked Rider ZO, and creates a Dragon's Lair style experience. The game centers around 10 battles of the film's 3 main characters.

The player watches the video and hits the correct direction or button at the right time to achieve success. The visual cues of the movie suggest the correct buttons. For example, when the Masked Rider punches, the player should press the Punch button. If he dodges left on screen, the player should press the left direction pad. Correct timing hits the enemy harder, lowering their health bar. Failure reduces the players health."
"Keio Flying Squadron","Keiōyūgekitai","NTSC-J","Japan","Victor Entertainment","Victor Entertainment","1993-08-06","1","No","Shooter","Not Rated","Keio Flying Squadron (慶応遊撃隊けいおうゆうげきたい, Keiōyūgekitai) is a scrolling shooter video game for the Sega/Mega CD. It was developed by Victor Entertainment and first published in Japan in 1993, and later in Europe and North America in 1994. A sequel, Keio Flying Squadron 2, was released in 1996."
"Kids on Site","","Region Not Set","","Sega","Digital Pictures","1994-01-01","1","No","Construction and Management Simulation","","Remember the days as a kid when you were fascinated with these big machines on the building site? With this game you have the opportunity to try them out! You can use either the excavator, bulldozer, steamroller or wrecking ball. The handling couldn't be easier, there are just three buttons to press: left, right and use.

With each machine you get a simple task, e.g. carry three shovels of dirt on a truck. But the fun thing is that you aren't restricted to this and can just screw around. Why wreck an old house when the pit latrine is so much more tempting? The whole game is presented in full motion video - the reactions are very humorous and with a fair share of slapstick. To improve the long time motivation there are even multiple videos for every action, e.g. the first time you break a road block with the the excavator you drive on a highway, the second time into a canyon, the third time onto a rollercoaster and so on..."
"Kris Kross: Make My Video","","Region Not Set","","Sony","Digital Pictures","1992-01-01","","No","Music","","Make My Video: Kris Kross is a video game based on real-time editing of music video footage. The setup is that a radio DJ is taking calls from listeners who want to see custom videos for their favorite Kris Kross videos. The specifications normally come in the form of a set of pictures they either do or don't want to see, and perhaps some effects. The game has three Kris Kross videos from which to choose: ""Jump"", ""Warm It Up"", and ""I Missed The Bus"".

After receiving the video specifications, the player enters the video editing console in the EditChallenge mode. From this console, the player can view and select between 3 video streams that are playing. The selected stream will be edited into the final video. One stream is the original video while the other 2 feature assorted random footage that nonetheless often carries images that happened to have been specified in the video request. The video editing console also allows the player to apply a variety of real-time filters, such as mosaic and blur filters, RGB color filters, strobe and motion filters, lyric subtitles, among others."
"Lethal Enforcers","","Region Not Set","","Konami","Konami","1993-01-01","2","Yes","Shooter","M - Mature 17+","Pick up your pistol and be the cop you need to be in order to rid the streets of the criminals out to make your day hell. Aim wisely and quickly, otherwise your lives will be lost quickly in this 1st person arcade shooter, cleaning up the streets. The higher the difficulty level, the more crimes there will be to eliminate, but watch out for the other weapons that can help you along the way.

Go straight into the mayhem, practice in the targeting range or have a friend back you up in two player mode. Use a gun accessory or play with the gamepad."
"Lethal Enforcers [Gun Bundle]","","Region Not Set","","","","1994-01-01","2","Yes","Shooter","M - Mature 17+","No overview is currently available for this title, please feel free to add one."
"Lethal Enforcers II: Gun Fighters","Lethal Enforcers II: The Western","NTSC","","Konami","Konami","1994-11-24","1","No","Shooter","Not Rated","In this sequel to Lethal Enforcers you are the sheriff of a town set in the old Wild West. Using the control pad or Konami's own Justifier lightgun, you'll be taking out outlaws who are robbing banks and kidnapping innocents. You have the opportunity to upgrade and keep you gun, as long as you don't shoot the people you are trying to save.

The action is usually shown on a single screen with enemies ""popping out"" from various sections. If you do not shoot them in time they will either shoot or throw various weapons at you. You will lose energy if they hit you or you hit an innocent civilian."
"Links: The Challenge of Golf","","Region Not Set","","Virgin Games, Ltd.","Access Software, Inc.","1994-01-01","4","No","Sports","E - Everyone","Links: The Challenge of Golf is a golf simulation that tries to implement realistic aspects of golf in a video game format."
"Loadstar: The Legend of Tully Bodine","","Region Not Set","","Rocket Science Games, Inc.","Rocket Science Games","1994-01-01","1","No","Action","","Loadstar is a rail-shooter concerned with shooting enemies while navigating your ship, much like Sewer Shark. You're actually on rails in this game, as you travel in a truck/train called Loadstar along a magnetic rail network covering the moon. Shifting the cursor to the edge of the screen changes to a different track when available, with incorrect turns either killing you instantly or moving you off-course from the level end. Direction indicators and distant landmarks help keep you driving in the right direction, while accidents, track closures, and robot cops work to keep you from it. Your weapons ""tag"" enemies and force them to explode, or can tag incoming shots and deflect them with a separate shield button."
"Lodoss Jima Senki: Eiyuu Sensou","","Region Not Set","","Sega","Humming Bird Soft | 																Sega","1994-12-20","1","No","Role-Playing","","Lodoss-tou Senki: Eiyuu Sensou (ロードス島戦記~英雄戦争~) is an RPG for the Sega Mega-CD. It was only released in Japan."
"Lords of Thunder","","Region Not Set","","Sega","Hudson Entertainment, Inc.","1995-01-01","2","No","Action | Shooter","","In the once peaceful land of Mistral, legend holds of a brave knight named Drak who has sealed an evil god named Deoric beneath the six continents of the land. However, peace never lasts. The Garuda Empire has invaded the lands of Mistral, and the six Dark Generals, led by Sornbul, have conquered the continents. Sornbul's ambition is nothing less than to resurrect Deoric and plunge the land into chaos.

Duran, descendant of Drak, is the only one who can stop the Garuda Empire's mad plan, and with the power of Drak's mystic armors, he heads off to stop Sornbul at any cost."
"Lunar: Eternal Blue","","Region Not Set","","Working Designs","Game Arts","1995-09-15","1","No","Role-Playing","","Come back to the enchanting world of Lunar! Join Hiro and Ruby 1,000 years after the first adventure, as they work to unlock the secrets of the Blue Spire and the strange young girl they found within it! But be careful! Forces are at work trying to revive the evil Zophar and immerse Lunar in darkness forever! Journey to distant lands in search of the Goddess Althena, who may be the only one powerful enough to stop Zophar. Along the way, you'll meet exciting new characters, fight fully animated monsters, traverse snow-covered peaks, and crawl through slimy dungeons as you work towards the terrifying climax!"
"Lunar: The Silver Star","","NTSC-U","United States of America","Working Designs","Game Arts | 																Studio Alex, Ltd.","1993-12-10","1","No","Role-Playing","T - Teen","Welcome to the world of Lunar, where dragons yet live and magic is valued above all else. Join Alex, the young adventurer as he begins a quest with his friends to save their land from the crushing advances of the Magic Emperor. Explore dungeons, fight terrifying monsters, and gather information from the locals as you advance toward the explosive confrontation with the Magic Emperor himself! Exciting, menu-driven combat will keep you challenged until the last. And thanks to the storage power of the CD, Lunar contains awesome animation sequences that'll get you involved in the story -- fast! Get ready for the ride of your life..."
"Lunar: The Silver Star - Runa Za Shirubā Sutā (JPN)","ルナ ザ・シルバースタ | Lunar: The Silver Star","Region Not Set","","","GameArts","1992-06-26","1","No","Role-Playing","E - Everyone","Lunar: The Silver Star (ルナ ザ・シルバースター, Runa Za Shirubā Sutā) is a role-playing video game developed by Game Arts and Studio Alex for the Sega/Mega-CD, originally published by Game Arts and released in Japan in 1992. After a successful release, the game was translated and localized by Working Designs for release in North America the following year.

Designed as a ""different kind of RPG"",[1] Lunar: The Silver Star made use of the up-and-coming CD-ROM format by featuring high quality audio, full motion video, and voice acting to narrate a fantasy story set in a magical world. The game centers on the exploits of Alex, a young boy from a small town who dreams of one day becoming a great hero like his idol, Dragonmaster Dyne. When a childish adventure later turns to discovering an ancient dragon, Alex and his friends must journey across the world to gather the necessary power to become the next Dragonmaster, and save the world in the process.

Lunar: The Silver Star was critically and commercially successful, becoming the number one selling Mega-CD title in Japan and the second highest-selling Mega-CD title of all time. As the first game in the Lunar series, it set the standard for other follow-up titles including the direct sequel Lunar: Eternal Blue in 1994. Since the game's original release, three enhanced remakes have been produced for various systems: Lunar: Silver Star Story Complete in 1996, Lunar Legend in 2002, and Lunar: Silver Star Harmony in 2009."
"Mad Dog II: The Lost Gold","","Region Not Set","","American Laser Games, Inc.","American Laser Games, Inc.","1994-01-01","2","No","Shooter","T - Teen","The sequel to American Laser Game's original Mad Dog McCree, with pretty much the same gameplay and motion capture graphics. This PC conversion seems to have been tweaked a bit to be more stable than the original Mad Dog. There's also somewhat limited replay value as you can choose from 3 different guides for 3 different routes through the game."
"Mad Dog McCree","","Region Not Set","","American Laser Games, Inc.","American Laser Games, Inc.","1993-01-01","2","No","Action","T - Teen","Mag Dog McCree and his gang have kidnapped the Mayor and his daughter, and its up to you to rescue them. You must blast through bars and bank robberies to take the gang out and save everything you regard as good and true. Where the game differs from other Operation Wolf-influenced shoot-'em-ups is in the use of live video, with real people appearing on the screen before you shoot them down. You have unlimited continues with which to reach the end, so the actors will have their screen deaths seen by as many people as they would had they starred in a film."
"Mahou no Shoujo: Silky Lip","","Region Not Set","","Telenet Japan Co., Ltd.","Riot","1992-06-19","1","No","Adventure","","Mahou no Shoujo: Silky Lip (魔法の少女シルキーリップ) is an adventure game for the Sega Mega-CD. It was only released in Japan."
"Mansion of Hidden Souls","Yumemi Mystery Mansion | Yumemi Yakata no Monogatari","NTSC","United States of America","Sega","Vic Tokai","1993-12-09","1","No","Adventure","E - Everyone","Mansion of Hidden Souls is an adventure game created entirely with full-motion video. It takes place in a pre-rendered mansion that the player explores from a first-person perspective. As they wander from room to room, the action unfolds via video sequences.

The player takes on the role of Jonathan, a boy whose sister has wandered into the spooky mansion. When she entered the mansion, she disappeared! What's more, the mansion is full of talking butterflies. The player must search the whole mansion to unlock its secrets and find Jonathan's sister."
"Marko's Magic Football","","Region Not Set","","Domark Group Ltd.","Domark Software | 																The Cartoon Mavericks","1994-06-12","1","No","Action","","Welcome to the world of Marko, a world of cartoon madness. Experience the addictive blend of football skills and platform action that combine to make a superb gameplaying experience. Add the most incredible graphics ever to be seen and the result is Marko's Magic Football. It's just like playing a cartoon."
"Marky Mark and the Funky Bunch: Make My Video","","Region Not Set","","Sega","Digital Pictures","1992-01-01","1","No","Music","","Make My Video: Marky Mark and the Funky Bunch is a video game based on real-time editing of music video footage. The setup is that a brother and sister pair is arguing about what would make the best Marky Mark video. Since they can not agree, they enlist help from some other people: A boxer and his trainer, a trio of teenage girls, the members of a garage band, and their parents. Each group has their ideas about what an ideal Marky Mark video should or should not contain. The specifications normally come in the form of a set of pictures they either do or don't want to see, and perhaps some effects. The game has three Marky Mark videos from which to choose: ""Good Vibrations"", ""I Need Money"", and ""You Gotta Believe""."
"Mary Shelley's Frankenstein","","Region Not Set","","Sony Imagesoft","Bits Studios","1994-12-31","","No","Action","T - Teen","MARY SHELLEY'S FRANKENSTEIN: Three game play views - isometric, forced isometric and side views - offer enhanced 3D environment. Six huge levels of action, from the cholera-infested streets of Ingolstadt to the freezing ice fields of the Arctic. Fantastic assortment of bosses including outlaws, landlords and wolves"
"Mary Shelley's Frankenstein / Bram Stoker's Dracula Double Deal","","Region Not Set","","Sony Imagesoft","Sony Imagesoft","1994-03-04","1","No","Horror","M - Mature 17+","A special two-pack release of the action-platformer games in the vein of Castlevania, based on the movie retelling of Mary Shelley's and Bram Stoker's classic novels. The Sega CD versions featured improved levels of graphic detail in the cut-scenes and gameplay sequences."
"Mega Schwarzschild","","Region Not Set","","Sega","Kogado Studio","1993-06-25","1","No","Adventure | Role-Playing","","Mega Schwarzschild (メガシュヴァルツシルト) is a Sega Mega-CD simulation game released exclusively in Japan."
"MegaRace","","Region Not Set","","The Software Toolworks, Inc.","Cryo Interactive Entertainment","1994-01-01","","No","Racing","T - Teen","Virtual Television has given us a chance to do the things that we can't make real in everyday life: Race through 14 great tracks in 5 different environments in a totally virtual place where you can kill each other quite easily with sidekicks or guns. In every track you will see some symbols that can make your car speed up, slow up or even blow up, like your mega-host Lance Boyle says, ""Who knows; who cares!"" Everything you see in MegaRace is virtual and no one really dies there. So have fun!"
"Mickey Mania: The Timeless Adventures of Mickey Mouse","","NTSC-U","United States of America","Disney Software | 																Sony Imagesoft","Psygnosis | 																Traveller's Tales Ltd.","1994-11-01","1","No","Platform","E - Everyone","Mickey has friends wherever he goes. Not here. No Goofy! No Minnie! No mercy! This is Mickey Mouse like you've never seen him before. Faster, tougher and smarter than ever. In 26 action-packed levels, Mickey takes on a ton of bosses from six of his coolest animated classics. From Steamboat Willie, The Mad Doctor and Moose Hunters to Lonesome Ghosts, Mickey and the Beanstalk and The Prince and the Pauper, this is Mickey on the adventure of a lifetime. Mickey Mania. This mouse roars!"
"Microcosm","","Region Not Set","","Psygnosis Limited","Psygnosis Limited","1993-01-01","1","No","Action","","Microcosm is a 3D action shooter, similar to Descent, that takes place entirely within the human body. The concept was inspired by the 1966 movie Fantastic Voyage. The player pilots his way through various parts of the anatomy, blasting virii and enemy ships, while gaining power-ups and faster, stronger craft. The goal of the game is to eventually reach the brain to stop Grey M, the entity that controls Korsby's body.

Microcosm makes heavy use of full-motion video and features high-resolution fractal graphics (to simulate the walls of veins and arteries), digital music and sound effects."
"Microcosm (PAL)","","Region Not Set","","Psygnosis Limited","Psygnosis","1993-01-01","1","No","Shooter","Not Rated","Microcosm is a 3D rail shooter video game developed and published by Psygnosis in 1993. It was originally developed for the FM Towns, and also ported for the Sega Mega-CD, Amiga CD32, 3DO, and MS-DOS. Microcosm featured realistic FMV animation, with the graphics being rendered on Silicon Graphics workstations. The game is either in first person or third person view depending on the gaming system."
"Midnight Raiders","","Region Not Set","","Sega","Stargate Productions","1994-04-01","1","No","Shooter","T - Teen","A FMV rail shooter placing you in the helmet of rookie chopper gunner ""Joker."" Terrorists have kidnapped a German biochemist and taken him to a Middle Eastern oil refinery, where he is forced to work on a lethal toxin. Joker and crew must fly to the refinery, shooting down enemy tanks and helicopters, then Joker must rappel down to the refinery and rescue the chemist on foot.

The helicopter sections follow a pattern similar to Tomcat Alley, showing brief clips of the cast in the cockpit, followed by a ""nose camera"" shot of an enemy approaching. During this shot, you have the ability to move a set of crosshairs over the enemy and press the ""fire"" button. If you're on target, you are rewarded with military archival footage of helicopters shooting rockets, and close up footage of models exploding.

The on-foot sections follow an identical pattern, though with hand-held cameras placing you in the ""eyes"" of Joker, and black-clad guards taking the place of helicopters. Otherwise, the idea of having a few seconds to react and aim crosshairs is the same. The plot is expanded through occasional cutscenes in both the helicopter and foot sections."
"Might and Magic III: Isles of Terra","","Region Not Set","","","","1993-11-26","1","Yes","Role-Playing","Not Rated","No overview is currently available for this title, please feel free to add one."
"Mighty Mighty Missile","","Region Not Set","","Good Deal Games","Good Deal Games","","","No","Puzzle","","It's a game of Cat n' Mouse!!

Evacuate your mice to safety by loading them into your missile 
before rival pilots detour your vermin friends and sneak Intergalactic cool cats on board!

Brain-twisting Puzzles and 
Extreme Gameplay Action.!!"
"Mighty Morphin Power Rangers","","Region Not Set","","Sega","Saban","1995-01-01","1","No","Action","E - Everyone","This take on the Power Rangers franchise is different from the many other Power Ranger games as it features FMV with real video of the actual TV show. The footage is spliced from nine different episodes and the gameplay is reminiscent of games such as Dragon's Lair and Space Ace where the player must press a button at a certain time to avoid being punched, kicked, avoid a trap, etc. Failure to miss pressing a button will continue to play the footage, but cause the player to loose a life. After a certain set of lives are lost, the game will be over."
"Mortal Kombat","","NTSC","United States of America","Arena Entertainment","Acclaim | 																Acclaim Entertainment | 																Acclaim Entertainment, Inc. | 																Midway Manufacturing Co. | 																Probe Entertainment | 																Probe Software","1994-04-01","2","No","Action | Fighting","M - Mature 17+","Five hundred years ago, an ancient and well respected Shaolin fighting tournament, held every 50 years, was corrupted by an evil and elderly sorcerer by the name of Shang Tsung. Shang was accompanied by Prince Goro, a warrior of the Shokan race (a four-armed half-human / half-dragon). Knowing that if ten tournaments in a row were won by the Outworld champion, the Earth Realm would be conquered by evil and fall into darkness, Shang entered Goro in the tournament and had him defeat the great Kung Lao. Goro has been reigning supreme as the undefeated fighting champion for five hundred years now. As the last tournament required draws near, Raiden, Thunder God and protector of the Earth Realm, enacts a plan to tip the scales in the humans' favor, Seven fighters step into the arena on Shang Tsung's mysterious island: Shaolin warrior Liu Kang, Special Forces operative Sonya Blade, the mercenary thug Kano, fame-seeking actor Johnny Cage, the ice-wielding Lin Kuei warrior Sub-Zero and his undead adversary Scorpion, and Raiden himself.

Mortal Kombat is a side-scrolling fighting game. Fighting is set as one-on-one combat, allowing each player to perform a variety of punches, kicks, and special moves in order to defeat their opponent. When the opponent faces their second round loss, the winner can perform a finishing move called a ""Fatality"" on the loser. The Fatality is a move unique to each fighter that graphically kills the loser in a blood-soaked finale.

Mortal Kombat began its life as a 2-player arcade title. It is notable for its use of digitized actors to represent the game's fighters, as well as its use of copious amounts of blood during gameplay."
"My Paint: The Animated Paint Program","","Region Not Set","","","WayForward Technologies","1993-01-01","1","No","Action","E - Everyone","My Paint, the world's first animated paint program gives you the power to push your creativity to new heights! It's a full featured paint program you not only see, but hear! Freehand draw your own masterpiece or choose from any of the over 200 built-in drawings. Everything from Planes, Trains and Automobiles to Velociraptors, Bats and Panthers are included. Use any of the many patterns like dinosaur skins, moving water, stripes, dots, or the cool animated stickers to bring your drawings to life!"
"NBA Jam","","Region Not Set","","Acclaim Entertainment, Inc.","Midway","1994-01-01","4","No","Sports","","NBA Jam is a two-on-two basketball game You can play any NBA team, and you can play as players like Barkley, Starks, Pippen, and Grant. Each human player controls a single player, so choose your squad wisely to take team-mate skill into account. The game is action-oriented, and players can perform unrealistic slam-dunks. Full performance statistics are automatically recorded. The play clock and 3-point line apply, but other rules are largely overlooked."
"NFL Football Trivia Challenge","","Region Not Set","","Capitol Disc Interactive Corporation","Capitol Disc Interactive","1993-01-01","2","No","Puzzle","","NFL Football Trivia Challenge is a trivia game with an National Football League license. Either player can pick his favourite team to play with. TV commentators Pat Summerall and Tom Bookshier describe various situations in play accompanied by 1200 images and 300 Full Motion Video clips. 1500 multiple choice questions are waiting to be answered in the game. For each correct answer the player gains yardage in the game and increases his chances of scoring a point. The player with most points after 60 questions wins the game. There are three different difficulty levels to play at."
"NFL's Greatest: San Francisco vs. Dallas 1978-1993","","Region Not Set","","","Park Place Productions","1993-01-01","2","No","Sports","","Top stars for the Cowboys and 49ers from the 70's, 80's, and 90's in one game. Staubach, Dorsett, ""Too Tall"" Jones, Aikman, Irvin, Smith - take the field against Montana, Lott, Clark, Rice, Watters, Young - just to name a few! You choose the quarterback, you call the plays - then watch the action unfold in full color TruVideo! Imagine Tony Dorsett and Troy Aikman in the same backfield, or Steve Young hitting Dwight Clark with a TD pass, or ""Too Tall"" Jones chasing down Young - it can happen! 15 years of real football footage from the NFL Films Library and the latest Sega CD sound and technology make your dream game come to life!"
"NHL '94","","NTSC","United States of America","EA Sports | 																Electronic Arts | 																Electronic Arts Sports","EA Canada | 																Electronic Arts Canada | 																High Score Productions","1993-08-01","4","Yes","Sports","E - Everyone","After establishing themselves in the virtual rinks, EA combined both NHL and NHLPA licenses in NHL '94, allowing them to feature all 26 real teams (including both expansion teams) and players of the new NHL season for the first time in the series.

Aside from the licenses, the gameplay for this edition sees for the first time the inclusion of the devastating one-timer shot, but to keep forwards (literally) in check, defenders also feature harder body checks, with new animations. For an additional challenge, players can also choose to control the goalkeeper manually. A popular feature in previous editions, fighting is completely removed from the game. Game modes include exhibition games (or ""regular season"" in-game), playoffs (best of one or best of seven) and an all new shoot-out mode. The main options remain basically the same couple since the establishment of the series - period length (5, 10 or 20 minutes), line changes (off, manual or the new automatic mode) and penalties. (off, on, on but no offsides).

While there are some minor differences between platforms (Genesis features record keeping for users and the MegaCD version has more stat screens, CD quality audio backdrops and the usual highlight clips here and there), only the PC version released at the same time features complete season action."
"Night Striker","","Region Not Set","","Taito Corporation","Aisystem Tokyo | 																Taito Corporation","1993-05-28","1","No","Shooter","","Night Striker (ナイトストライカー) is an arcade game developed by Taito. It is a futuristic on-the-rails shooter which plays similarly to Sega's Space Harrier, though has you pilot a hover vehicle instead.

The game was brought to the Sega Mega-CD in 1993, where graphically it was downscaled for the weaker hardware. It was also brought to the Sega Saturn as Night Striker S (ナイトストライカーＳ) in 1996 - essentially the same game, but with an extra ""Saturn Mode"" and a few small enhancements. No versions have ever left Japan."
"Night Trap","","NTSC","United States of America","Sega","Digital Pictures","1992-07-01","1","No","Puzzle | Horror","M - Mature 17+","Five girls go to a party to a nice house on a lakeside. Five girls disappear without a trace... Now another five girls go there, in order to spend the vacation with the Martins, the owners of the house, in particular with the lovely Ms. Martin. This time, you should not let them die a gruesome death! Because ""nice people"" can sometimes turn out to be... yes, that's right - vampires. The whole house is full of traps, that are intended to catch the poor innocent girls, so that the vampires can suck their blood... ugh. Luckily, the brave adventurer is there in order to cease to be hunted and to become a hunter instead! Set the traps so that they will capture the villains themselves, using precise timing and good organization."
"Night Trap (red paper box)","","NTSC","United States of America","Sega","Sega","1992-10-15","1","No","Puzzle | Horror","M - Mature 17+","No overview is currently available for this title, please feel free to add one."
"Night Trap (SCD) Premium Edition [Limited Run]","","NTSC","","Limited Run Games | 																Sega","Digital Pictures | 																Screaming Villains","2020-09-01","1","No","Puzzle | Horror","M - Mature 17+","Night Trap on physical disc for the Sega CD and Sega CD 32X.

The Night Trap (SCD) Premium Collector's Edition includes:

Night Trap for both Sega CD and Sega CD 32X on four discs.
Premium Foil Collector's Box
Original Soundtrack on Physical CD
Reversible 18"" x 24"" Poster
Commemorative Metal Coin
Enamel Pin
Night Trap re-edited as a movie (Blu-ray format)"
"Nobunaga no Yabou: Haouden","","Region Not Set","","Koei Co., Ltd.","Koei","1994-02-25","1","No","Strategy","","Nobunaga no Yabou: Haouden (信長の野望 覇王伝) is a Sega Mega Drive and Sega Mega-CD strategy game by Koei released exclusively in Japan. It is compatible with the Sega Mouse."
"Nostalgia 1907","","Region Not Set","","Sur de Wave","Takeru","1991-12-14","1","No","Adventure","","Nostalgia 1907 (ノスタルジア1907) is a Sega Mega-CD adventure game released exclusively in Japan."
"Note! - Color Mechanica","","Other","","","","2013-12-27","1","No","Music | Unofficial","E - Everyone","This disc is an interactive Sega CD rendition of Note!'s chiptune album Color Mechanica. It features glitchy visuals and a sci-fi setting. Presented as a set of interactive light shows, the player is able to control the visuals and overlay extra sounds. With a second controller, two players can interact with the light show at once. In addition, it contains an FMV music video for the track Bearmode Transmission and a variety of extra hidden features."
"Novastorm","","Region Not Set","","Psygnosis Limited","Psygnosis Limited","1994-01-01","1","No","Action | Shooter","T - Teen","A behind-the-view perspective of a shooter's dream: Blast enemies against a cinematic backdrop. Kill the computer-controlled fighters before they take over the world!

Unlike first-generation interactive movies with action, Novastorm has hooks into the environment; if you move into the path of a pre-rendered obstacle and it ""hits"" you, you take damage, etc."
"Panic!","","Region Not Set","","Data East Corporation","Office 1","1994-01-01","1","No","Puzzle","T - Teen","A virus has infected the world's computer network, which effects all electronical devices on the earth. However, a special program called ""Panic!"" is designed to counter the effects of the virus and restore the network back to working order. You play Slap the Boy and his sidekick, Stick the Dog(they're not actions, it's their names) who set out to restore the network back to working order."
"Penn & Teller's Smoke and Mirrors","Penn & Teller's Smoke and Mirrors (US)","Region Not Set","","Absolute Entertainment","Absolute Entertainment","1995-04-01","1","No","Puzzle","E - Everyone","Penn & Teller's Smoke and Mirrors is a Simulation game, developed and published by Absolute Entertainment, which was cancelled before it was released."
"Pitfall: The Mayan Adventure","","Region Not Set","","Activision","Activision","1994-10-15","1","No","Adventure","T - Teen","The legendary PITFALL! is back! Twelve years later, the classic returns with ground-breaking gameplay that'll rattle your nerves and leave you in a cold sweat... Join Harry Jr., son of Pitfall Harry, as he tracks an evil Mayan warrior spirit, to rescue his kidnapped father... Run, swing, skate and bungee through deep, dark rainforests, raging waterfalls and Mayan temple ruins that reek of lethal enemies and deadly traps... until you face the master of evil - Zakelua. Adventure so real, you'll feel the sweat!"
"Popful Mail","","NTSC-U","United States of America","Working Designs","Falcom | 																Sega","1995-02-23","1","No","Action | Adventure | Platform","E - Everyone","Kazyr, Necros, Ulgar. Ghosts from the past that nearly once destroyed Popful Mail's world. Now, the Black Seal is about to be broken so they can return to wreak havoc on the world once again. Three ragtag adventurers become the only hope of stopping the second coming of Evil. Play as Mail, tomboy bounty-hunter wannabe who's handy with a blade, Tatt, the ultra-polite apprentice magician with a deadly staff, or Gaw, a winged blue blob with breath of fire, as you search for the manicial Muttonhead, who holds all the answers. During your quest, change characters at any time! You'll need to, because Nuts Cracker and the minions of Evil will stop at nothing to end your party before it starts! And, thanks to the storage power of CD, Popful Mail comes alive with over 2.5 hours of spoken dialogue and 20 minutes of heart-pounding animation. Face it, your butt's gonna be glued to the couch till the credits roll!"
"Power Factory Featuring C+C Music Factory","","Region Not Set","","Sony","Digital Pictures","1992-01-01","1","No","Music","","The first of Digital Pictures' ""Make My Video"" line has you ""editing"" three of C + C Music Factory's most famous songs - ""Gonna Make You Sweat,"" ""Things That Make You Go Hmm..."" and ""Here We Go Let's Rock & Roll.""

The plot puts you inside the music factory of the game's name, where two linemen sweat and toil under the oppressive thumb of a wheelchair-bound corporate executive. Video discs literally roll down an assembly line while C + C record their sounds behind three closed doors. You are asked to help out in editing these videos, appease the corporate masters, and lift the burden from everyone."
"Power Monger","","Region Not Set","","Electronic Arts","Bullfrog Productions","1994-01-01","1","No","Strategy","T - Teen","Powermonger takes the basic design and concepts of Bullfrog's previous game Populous, and places it in a war context. The game cast the player as a dispossessed warlord plundering his way through 195 territories on the way to world conquest. Several other leaders have the same goal.

The gameworld is now made up of polygons, so the view can be rotated and moved with greater freedom than Populous. Trade, diplomacy, inventions, and scorched earth invasions all play a key role in how the player progressed through the game. Two-player games via modem links are available on computer versions."
"Prince of Persia","","Region Not Set","","Sega","Broderbund Software","1992-04-28","1","No","Platform","RP - Rating Pending","The Grand Vizier Jaffar has thrown you into a dark dungeon and plans to marry the girl of your dreams in an hour. You're not going to let that happen are you? Try to escape from the dungeon, take out Jaffar's guards, find your way through the Sultan's palace and defeat Jaffar himself. Now go, you've got 60 minutes!

Prince of Persia is a 2D platformer with run and jump gameplay. Your hero must avoid deadly traps, solve some simple puzzles and engage in sword fights with the guards. The player has an infinite amount of lives, but has to restart at the beginning of a level each time he dies, and must complete the game within an hour. An especially noteworthy aspect of the game is the very fluent animation of your character."
"Prize Fighter","","Region Not Set","","Sega","Digital Pictures","1994-01-01","1","No","Fighting","T - Teen","Prize Fighter is a FMV boxing game which puts the player in the body of a boxer known as ""The Kid"" and must face off against four opponents: Honeyboy Fernandez, Mega Joe Falco, Rex Hawkins, and, the ultimate challenge, Nuke ""The Duke"" Johnson, over the course of two CDs."
"Pro Yakyuu Super League CD","","Region Not Set","","Sega","Sega","1992-10-30","2","No","Sports","","Pro Yakyuu Super League CD (プロ野球スーパーリーグＣＤ) is a baseball game released as part of the Super League series for the Sega Mega-CD exclusively in Japan."
"Psychic Detective Series Vol. 3: Aya","","Region Not Set","","DataWest","DataWest","1993-01-03","1","No","Adventure","","Psychic Detective Series Vol. 3: Aya (サイキック・ディテクティブ・シリーズ 3 アヤ) is an adventure game for the Sega Mega-CD. It was only released in Japan."
"Psychic Detective Series Vol. 4: Orgel","","Region Not Set","","DataWest","DataWest","1993-12-10","1","No","Adventure","","Psychic Detective Series Vol. 4: Orgel (サイキック・ディテクティブ・シリーズ 4 オルゴール) is an adventure game for the Sega Mega-CD. It was only released in Japan."
"Puggsy","","Region Not Set","","Psygnosis Limited","Traveller's Tales Ltd.","1993-01-01","1","No","Action | Puzzle | Platform","E - Everyone","Puggsy is a platform game with a combination of action and puzzle-solving elements. You control the the creature Puggsy, who has crash landed on an alien planet and had his spaceship stolen. Your goal is find the spaceship so you can get off the planet and return home. To do this, you will need to make your way from the start to the exit of numerous levels which take place in a variety of environments. Throughout each level are a variety of objects which you can pick up; on many of the levels you will need to figure out how to use the objects available to you in order to reach the exit. Some objects can be used (like a gun or keys), and objects may be thrown, moved around and stacked. Of course, each level will also have a variety of bad guys wandering about which will cost Puggsy one of his lives if he's caught. On your quest there will also be six evil guardians which will need to be defeated before you get your spaceship back!"
"Quiz Scramble Special","","Region Not Set","","Sega","Sega","1992-05-29","2","No","Puzzle","","Quiz Scramble Special (クイズスクランブルスペシャル) is a Sega Mega-CD quiz game released exclusively in Japan."
"Racing Aces","","Region Not Set","","Sega","Hammond & Leyland","1993-01-01","","No","Racing","E - Everyone","Racing Aces puts you behind the stick of World War 1, World War 2, and modern day fighting aircraft. Each competition is a dogfight as much as a race, and you will have to gun down your enemies to win. The tracks are littered with power up balloons to give you extra weapons and speed."
"Radical Rex","","Region Not Set","","Activision","Beam Software","1994-01-01","2","No","Action","","Radical Rex is a fire-breathing Tyrannosaurus on a skateboard who has to save the dinosaur race under the spell of an evil creature. The game consists of 10 levels set in the prehistoric age. Radical Rex can use a skateboard or glide down hills, jump, kick and breath fire. Tougher enemies need multiple hits and when burnt Rex needs to kick them once more to destroy them or use his scream (hits everything on the screen). While playing Rex collects eggs, health, power-ups for his fire breath and scream refills. Checkpoints are shown as torches that need to be charged with fire. After each level, there is a Bomberman-like sequence to earn an extra continue. Enemies include flies, turtles, toads and all kinds of dinosaurs."
"Ranma ½: Byakuran Aika","らんま½ ~白蘭愛歌~ | Ranma Nibun no Ichi: Byakuran Aika | Ranma ½: White Orchid Serenade","Region Not Set","","Masaya","NCS Corporation","1993-04-23","1","No","Adventure","T - Teen","This is the only Ranma game on this platform and was only released in Japan.
It features an original story centering on a new character, Arisa Nanjo. After Ranma Saotome's friends go missing, it is up to him to track them down.
The game is a video novel which involves the player, acting as Ranma, selecting from a series of choices, such as what to do or say to someone. The results are then played out in an animated sequence. It uses a Rock-Paper-Scissors-style battle system.
The characters are voiced by the original cast from the Anime series."
"RDF Global Conflict","","Region Not Set","","Absolute Entertainment","Imagineering Inc.","1994-01-01","1","No","Action | Shooter","","RDF (Rapid Deployment Force) is a first-person 3D tank shooter with the player going up against a plethora of enemies including other tanks, missile launchers, helicopters among many others. The player can use either their 120mm cannon or their laser-guided missiles in a variety of locations that including the Eastern European countryside to the Alaskan Tundra. The story is told through FMV clips"
"Revenge of the Ninja","Ninja Hayate","Region Not Set","","Renovation Products, Inc.","Taito Corporation","1993-01-01","1","No","Action","","The story takes place in Japan, you play as Hayate, a young up and coming ninja warrior out to stop the evil of Lougi and his army of ghouls and goblins. You are out to avenge your father's death as well as the emperor and rescue your girlfriend from the clutches of evil and bring an end to the terror visited upon your lands.

Some of the villians you face are Marco Killmore (a half man, half eagle samurai warrior), Zallen (a disgraced samurai warrior out to destroy Hayate), Vengor (a stone shiva-type character), Desfal (a medusa-like woman), Destroyer MPK (a possessed collection of samurai armor) and of course the evil samurai knight himself, Lougi."
"Revengers of Vengeance","Battle Fantasy","Region Not Set","","Extreme Entertainment Group","Micronet Co. Ltd.","1994-01-01","2","No","Action | Role-Playing","","Revengers of Vengeance is a combination of RPG, vertical shooter, and fighting game with a fantasy/anime style. There are ten available characters, each with their own animated backstory and fighting techniques. You must choose a hero and guide their stats to create a formidable fighter capable of taking down the Devil King and freeing the land."
"Rise of the Dragon","Rise of the Dragon: A Blade Hunter Mystery","Region Not Set","","Sega","Dynamix, Inc.","1993-01-01","1","No","Adventure","M - Mature 17+","Rise of the Dragon is a futuristic first-person adventure game. The game's visuals are reminiscent of a comic book, with digitized photos of actors and hand-painted backgrounds. Unlike most other adventure games of the time, it relies less on inventory puzzles and more on specific choices made by the player. The game has an internal clock and requires the player to plan the protagonist's moves ahead in order to be in the right place at the right time. Dialogues with multiple choices are utilized as a gameplay tool; a wrong choice will often lead to a premature end of the adventure."
"Road Avenger","Road Blaster FX","Region Not Set","","Wolf Team","Data East Corporation","1993-03-05","1","No","Action | Racing","T - Teen","Action that reaches out and grabs you! Wipe S.C.U.M. (Secret Criminal Underground Movement) off the highway. Smash through a hotel lobby, spin off a bridge at high speed, and tear up the beach on the tail of perpetrators. Shift into high gear for the ultimate hot pursuit. So much fun it should be illegal!"
"Road Avenger (PAL)","","Region Not Set","","Data East Corporation","Data East Corp.","1993-01-01","1","No","Action","RP - Rating Pending","Road Avenger (Road Blaster in Japan) is an interactive movie video game developed by Data East featuring animation by Toei Animation, originally released exclusively in Japan as a laserdisc-based arcade game in 1985. The player assumes the role of a vigilante who must avenge the death of his wife by pursuing the biker gang responsible for her death in a modified sports car. The game would later be ported to a variety of home formats such as the MSX and Sharp X1 (VHDpc format), Mega CD, LaserActive (in Mega-LD format), PlayStation and Sega Saturn (in a compilation with Thunder Storm). The Mega CD and Mega-LD versions were released in the west under titles of Road Avenger and Road Prosecutor respectively."
"Road Rash","","NTSC","United States of America","Electronic Arts","Monkey Do Productions | 																New Level Software","1995-04-01","1","No","Action | Racing","E - Everyone","Road Rash for Sega CD is another title in the series, this time it's an attempt to mate the classic gameplay of Genesis Road Rash games with full-motion video and avant-garde rock soundtrack.

This game was released the same time with the famous 3DO Road Rash. And it borrowed a lot of content from the Panasonic 3DO version: all the FMV videos, CD-quality soundtrack and overall menu design. The quality of FMV and music is inferior to 3DO version given the limitations of Sega CD hardware. Graphically and gameplay-wise the game is a continuation of Road Rash II for Sega Genesis.

There are five race tracks that grow longer with each level; the tracks are named after those in the 3DO version: The City, Sierra Nevada, Peninsula, Napa Valley and Pacific Highway. Aside from the names the tracks themselves are completely different and represent the classic Sega Genesis Road Rash gameplay, slightly enhanced with more objects added on the roadsides."
"Robo Aleste","","NTSC-U","United States of America","Tengen","Compile","1993-08-15","1","No","Action | Shooter","E - Everyone","Pilot your massive mecha Aleste in the name of the Oda clan and seek revenge against the evil Chugoku Army for their atrocities!  Robo Aleste is another title in the Aleste series by famed shoot-'em-up developer Compile where players must collect power-ups to defeat countless waves of enemies and large bosses."
"Samurai Shodown","","Region Not Set","","JVC Musical Industries, Inc.","SNK","1993-01-01","2","No","Action | Fighting","T - Teen","In early Japan, a man named Shiro Tokisada Amakusa preaches a heretic religion. Little does anyone know that Amakusa is really a servant of the evil Ambrosia, who took over Amakusa's body. Ambrosia wishes to shroud the world in darkness. Now, choose between 12 warriors (and 3 bonus characters) to fight for the honor of destroying Amakusa, and fulfilling a mission."
"San Goku Shi III","Romance of the Three Kingdoms III: Dragon of Destiny","NTSC-J","","Koei Co., Ltd.","Koei","1992-11-08","1","No","Strategy","Not Rated","Sangokushi III (三國志III), known as Romance of the Three Kingdoms III: Dragon of Destiny in the west, is the third game in Koei's Sangokushi franchise, a part of their Historical Simulation Series and a sequel to Romance of the Three Kingdoms II. It was first released in 1992 on various home computers and was ported to a variety of other platforms, including to the Sega Mega Drive in 1992 and Sega Mega-CD in 1993."
"Sega Classics Arcade Collection 4-in-1","Sega Classics Arcade Collection 4-in-1","Region Not Set","","Sega","Sega","1992-10-15","","No","Action | Puzzle","","Sega Classics Arcade Collection is a compilation of four (or five) Sega Mega Drive games for the Sega Mega-CD. It was a pack-in game bundled with launch Mega CDs in the United Kingdom and North America, and was released separately in other regions.

Two variants of Sega Classics Arcade Collection exist; an earlier version seen in North America and Japan, which contains Golden Axe, Streets of Rage, Columns and The Revenge of Shinobi, and a later version seen in Europe and later North American bundles, which throws in Super Monaco GP. In North America the older ""4-in-1"" variant came in the same box as Sherlock Holmes: Consulting Detective Vol. I, while the later ""5-in-1"" one came with Ecco the Dolphin.

Each game is mostly identical to their Mega Drive counterparts, though have minor changes thanks to the Mega CD's enhancements. All digitised speech samples have been replaced with higher quality audio, the first level in Golden Axe uses different instruments and Super Monaco GP has extra drums. The Revenge of Shinobi is based on a later version than its cartridge counterparts, altering some of the bosses which infringe copyrights. For unknown reasons, Golden Axe is only a one-player game in this compilation.

Despite being the Mega CD's selling point, only two games have an updated CD soundtrack (Golden Axe in the form of music recorded from its arcade board, and Columns which has a new title theme). This means only a small fraction of the disc is used."
"Sega Classics Arcade Collection 5-in-1","","Region Not Set","","Sega","","1994-01-01","","No","","M - Mature 17+","Sega Classics Arcade Collection is a compilation of four (or five) Sega Mega Drive games for the Sega Mega-CD. It was a pack-in game bundled with launch Mega CDs in the United Kingdom and North America, and was released separately in other regions.

 Two variants of Sega Classics Arcade Collection exist; an earlier version seen in North America and Japan, which contains Golden Axe, Streets of Rage, Columns and The Revenge of Shinobi, and a later version seen in Europe and later North American bundles, which throws in Super Monaco GP. In North America the older ""4-in-1"" variant came in the same box as Sherlock Holmes: Consulting Detective Vol. I, while the later ""5-in-1"" one came with Ecco the Dolphin.

 Each game is mostly identical to their Mega Drive counterparts, though have minor changes thanks to the Mega CD's enhancements. All digitised speech samples have been replaced with higher quality audio, the first level in Golden Axe uses different instruments and Super Monaco GP has extra drums. The Revenge of Shinobi is based on a later version than its cartridge counterparts, altering some of the bosses which infringe copyrights. For unknown reasons, Golden Axe is only a one-player game in this compilation.

 Despite being the Mega CD's selling point, only two games have an updated CD soundtrack (Golden Axe in the form of music recorded from its arcade board, and Columns which has a new title theme). This means only a small fraction of the disc is used. 

Games:
Columns
Golden Axe
Revenge of Shinobi
Streets of Rage
Super Monaco GP"
"Seima Densetsu 3X3 Eyes","","Region Not Set","","Sega","Arc SystemWorks | 																Sega","1993-07-23","1","No","Role-Playing","Not Rated","Seima Densetsu 3x3 Eyes (聖魔伝説 サザンアイズ) is an RPG for the Sega Mega-CD based upon the 3×3 Eyes anime and manga. It was only released in Japan."
"Seirei Shinseiki Fhey Area","","Region Not Set","","Wolf Team","Wolf Team","1992-02-18","1","No","Role-Playing","","Seirei Shinseiki Fhey Area (精霊新世紀フェイエリア) is an RPG for the Sega Mega-CD. It was only released in Japan"
"Sengoku Denshou","","Region Not Set","","Sammy Corporation","SNK","1993-12-28","1","No","Action","","Sengoku Denshou (戦国伝承) is a beat-'em-up released for the Sega Mega-CD exclusively in Japan."
"Sensible Soccer","Championship Soccer '94","PAL","","Sony Imagesoft","Sensible Software","1994-07-01","2","No","Sports","Not Rated","No overview is currently available for this title, please feel free to add one."
"Sewer Shark","","NTSC","United States of America","Sony Imagesoft","Digital Pictures","1992-11-01","1","No","Action | Shooter","E - Everyone","In the future, maybe in the year 2000, people will be forced to move underground and live in tunnels. Unfortunately, these tunnels are infested with mutated rat/alligator creatures known as ""ratigators."" You are the pilot of a Sewer Shark, a craft designed to navigate the Sewers and rid them of ratigators. It's a dangerous job, but if you clear out enough vermin you can win a one-way trip to Solar City and sunny beaches.

Sewer Shark is an FMV-based shooter, and one of the first games released for the Sega CD. You move a crosshair around the screen and shoot targets. Occasionally, you can also choose to change directions at fixed points."
"Shadow of the Beast II","Beast II","Region Not Set","","Psygnosis Limited","Reflections Interactive","1994-06-07","1","No","Action","M - Mature 17+","Combining non-stop battle action with perplexing puzzle solving, Shadow of the Beast II thrusts you into a dark and mysterious world where wits and combat-hardened game playing skills are your only defense. Take the action to the limit as you fight a relentless onslaught of monsters and ogres. Bashing them into submission, you make your way through a labyrinth of adventure and enter final confrontation with the Beast Mage!"
"Shadowrun","","Region Not Set","","Compile","Compile","1996-02-23","1","No","","","Shadowrun (シャドウラン?) is a cyberpunk interactive fiction role-playing video game for the Sega Mega-CD adapted from the Japanese version of the pen and paper RPG Shadowrun by FASA (which was created by Group SNE). It was developed by Japanese company Compile[3] and released on February 23, 1996 in Japan only as both the last Mega-CD game released in Japan and the last game released anywhere on the Mega-CD/Sega CD.

The game has a cartoonish manga-based visual style; it is loosely based on a contemporary Japanese manga series which was based on the Shadowrun franchise. Unlike the other Shadowrun video games which are set in Seattle and surrounding areas, this game is set entirely in Japan. In the fictional Shadowrun setting, Japan maintains a practice of exiling all orcs and trolls; thus there are no characters of those races in this game. Setting it apart is the combat system, turn-based rather than action-based, and six-sided dice appear rolling on the screen to determine the results of combat—the conflict resolution system used in the Shadowrun table-top game."
"Sherlock Holmes: Consulting Detective","","Region Not Set","","Sega","ICOM Simulations, Inc.","1992-01-01","","No","Adventure","","Sherlock Holmes: Consulting Detective can be described as a hybrid of adventure game and simulation. Gameplay process involves traveling to various locations in London, interrogating suspects, gathering clues, checking out the newspapers, and eventually presenting all the evidence to the judge; if the latter finds the circumstances incriminating, he will accept the results of the investigation, and the case will be considered solved. Though the basic gameplay is rather typical for adventure games, the amount of real detective work and the focus of the game on purely case-related actions rather than exploration and manipulation of items makes it comparable to a simulation of a criminal investigation."
"Sherlock Holmes: Consulting Detective / Sega Classics: Arcade Collection","","Region Not Set","","Sega","ICOM Simulations, Inc. | 																SEGA Games","1992-10-15","2","Yes","Action | Adventure | Puzzle","Not Rated","Test your powers of deductive reasoning, with limited help from Holmes and Dr. Watson, on three puzzling cases!

Sega Classics: Arcade Collection 4-in-1 is a Miscellaneous game, developed and published by Sega, which was released in 1992."
"Sherlock Holmes: Consulting Detective Vol. II","","Region Not Set","","ICOM Simulations, Inc.","ICOM Simulations, Inc.","1993-01-01","","No","Adventure","","The same structure brings a familiar look, inviting to channel all attention to the task of solving mysteries: your intelligence, skills and patience are required to find clues by listening to people, observing details, or even reading the London Times - but don't let yourself be misguided by a wrong hint."
"Shin Megami Tensei","","Region Not Set","","Sims Co., Ltd.","Atlus | 																SIMS Co., Ltd.","1994-02-25","1","No","Action | Role-Playing | Horror","M - Mature 17+","Shin Megami Tensei (真・女神転生) is a 1992 game for the Super Famicom by Atlus ported to the Sega Mega-CD by SIMS. The Mega CD version was only released in Japan."
"Shining Force CD","","NTSC-J","Japan","Sega","Sega","1994-07-22","1","No","Role-Playing","Not Rated","No overview is currently available for this title, please feel free to add one."
"Silpheed","","NTSC","","Game Arts Co., Ltd.","Game Arts","1993-07-07","1","No","Action | Shooter","E - Everyone","Fight back against Xacalite's terrorist forces and reclaim Earth's mother computer in your SA-77 Silpheed starfighter!  A remake of the 1986 Japanese PC game, Silpheed is a shoot-'em-up that combines polygonal graphics with creative use of the Sega CD's FMV capabilities to provide excellent visuals and gameplay."
"Sim Earth: The Living Planet","","Region Not Set","","Sega","Game Arts | 																Maxis","1993-03-12","1","No","Life Simulation","","SimEarth (シムアース) is a simulation game originally developed by Maxis which was ported to the Sega Mega-CD by Game Arts and Sega. Unusually, despite it being an American invention, the Mega CD version of the game was a Japanese exclusive."
"Slam City with Scottie Pippen","","Region Not Set","","Digital Pictures, Inc.","Digital Pictures","1994-08-01","","No","Action | Sports","","Slam City with Scottie Pippen is a Full-Motion-Video basketball game. It uses proprietary technology to allow switching from one scene to another without lag, which allows for smoother interactive video.
The game features a total of 13 characters, 5 of which the player has an option to play against, all of which are played by real actors."
"Snatcher","","NTSC-U","United States of America","Konami","Konami","1994-12-06","1","No","Adventure","T - Teen","A.D. 2047. Neo Kobe City, Japan, a place of madness and decadence... A mysterious Bio-roid life form has appeared. Its true nature and purpose are unknown. Is it some country's secret weapon, or an alien from another world? They slay their victims and take their place, earning them the nickname ""SNATCHERS."" A new police division - J.U.N.K.E.R.s - has been formed. They are trained specifically to combat the SNATCHERS. The fate of mankind hangs in the balance. The war between the SNATCHERS and J.U.N.K.E.R.s has begun!"
"Sol-Feace","","Region Not Set","","Wolf Team","Wolf Team","1991-12-12","1","No","Shooter","","Sol-Feace is a typical 2D shooter with weapon powerups. The game features six levels: Sirius, Enemy Arsenal, ArtifiStar, Pluto Base, Almathea, and Final Battle."
"Sol-Feace / Cobra Command","","Region Not Set","","Wolf Team","Wolf Team","1993-04-19","1","No","Shooter","E - Everyone","These two games were released in one standard Mega-CD box: a double Jewel Case, pack-in the PAL MEGA-CD Unit box.

Cobra Command is a Full Motion Video Rail-Shooter in first person perspective. As a Cobra pilot you have to shoot down your enemies and avoid collisions with buildings.

Sol-Feace is a classic side-view Shoot'em Up."
"Sonic CD","","PAL","","Sega","Sega","1993-10-01","1","No","Platform","E - Everyone","Sonic the Hedgehog CD is a 1993 platform game for the Mega CD. The story follows Sonic the Hedgehog as he attempts to save an extraterrestrial body, Little Planet, from Doctor Robotnik. As a Sonic the Hedgehog series platformer, Sonic runs and jumps through several themed levels while collecting rings and defeating robots. Sonic CD is distinguished from other Sonic games by its time travel feature, a key aspect to the story and gameplay. By traveling through time, players can access different versions of stages, featuring alternative layouts, music, and graphics.

The Mega CD's flagship game, Sonic CD was conceived as an enhanced port of Sonic the Hedgehog 2, but was reworked after lackluster sales of Sonic 2 in Japan. Sonic co-creator Naoto Ohshima directed and Sega developers designed the game to show off the technical capabilities of the Mega CD. The game features the debuts of Amy Rose and Metal Sonic, and includes animated cutscenes produced by Toei Animation. Two soundtracks were composed for the game: the original score was composed by Naofumi Hataya and Masafumi Ogata, while the North American score was composed by members of Sega Technical Institute.

Sonic CD is often called one of the best games in the Sonic series and the platform game genre. Reviewers praised its exceptional size, music, and the time travel feature, although some also believed the game did not use the Mega CD's capabilities to its fullest. It sold over 1.5 million copies, making it the Mega CD's bestseller."
"Sonic CD [Not for Resale]","","NTSC","United States of America","Sega","Sonic Team","1993-09-23","1","No","Action | Adventure | Platform","E - Everyone","Sonic the Hedgehog and his self-proclaimed girlfriend Amy Rose travel to Never Lake, only to discover the legendary Little Planet there, tied in chains and covered by metal. It appears that Sonic's archenemy, Dr. Eggman, is using the powers of the planet in order to manipulate the fabric of time. He created Sonic's evil counterpart, Metal Sonic, who kidnaps Amy and disappears. Now the brave hedgehog must explore the Little Planet, collect seven jewels capable of altering the passage of time, free Amy, and defeat Metal Sonic along with his master. 

Sonic CD is a fast-paced side-scrolling platform action game, similar in gameplay to other installments of the series. Sonic uses his patented spin attacks to destroy the doctor's minions, and collects various items, such as protective rings, shields, and speed shoes. His special attacks include the Spin Dash and the Super Peel Out. A stand-out gameplay feature of this installment is Sonic's ability to travel to past and future versions of the stages he traverses. Depending on the player's action in the past version of a level, the future versions (which contain obligatory boss enemies) will change from ""bad"" to ""good"", having more or less enemies and obstacles, respectively. 

Time Stones can be collected by completing special stages, in which Sonic has to shoot UFOs within an allotted time limit. The game's ""good"" ending can be achieved either by collecting all the seven Time Stones, or by turning all future level versions into ""good"". The game has features that take advantage of the CD format such as CD audio, video clips, and more levels (over fifty in total)."
"Sonic the Hedgehog Megamix","Sonic Megamix","Other","","SonicRetro","Team Megamix","2008-08-13","1","No","Platform | Unofficial","Not Rated","Sonic the Hedgehog Megamix (commonly shortened to Sonic Megamix) is a work-in-progress multiperson disassembly modification of the original Sonic the Hedgehog videogame for the Sega Mega Drive / Genesis, developed by Team Megamix and more recently moved to the Sega Mega-CD. The game features the ability to play as one of five different characters: Sonic the Hedgehog, Mighty the Armadillo, Shadow the Hedgehog, Miles ""Tails"" Prower, and Knuckles the Echidna. It is an extensive reworking of the original game, featuring new art, music, abilities, layouts, and other things."
"SoulStar","","Region Not Set","","Core Design Ltd.","Core Design Ltd.","1994-12-21","2","No","Action","","Soulstar for the Sega CD/Mega CD is a 3D shoot-'em up that combines several different types of gameplay into one game. Some levels in this game are on a fixed path, similar to Space Harrier or Star Fox. Other levels allow your space craft to hover freely around a 3D environment, and in other levels your craft transforms into a walker robot for close-up attacks."
"Soulstar (PAL)","","Region Not Set","","Core Design Ltd.","CORE Design Limited","1994-04-01","2","Yes","Shooter","Not Rated","Soulstar is a hybrid rail shooter/third-person shooter video game developed and originally published by Core Design for the Mega CD in Europe on April 1994, then in North America by Time Warner Interactive on September 1994, and later in Japan by Victor Entertainment on December 22 of the same year as well."
"Space Ace","","Region Not Set","","ReadySoft Incorporated","ReadySoft Incorporated","1994-01-01","1","No","Action","E - Everyone","You're playing Dexter, a guy fighting the evil madman Borf who has kidnapped your girlfriend Kimberly and is now threatening the world with his dreaded weapon, the ""Infanto Ray"" which turns adults into small children."
"Star Strike","","Region Not Set","","Good Deal Games","Good Deal Games","2000-01-01","1","No","Adventure","","Star Strike is an Action game, developed and published by Good Deal Games, which was released in 2000.

Launching from repair bay 28 of the Galatea, you guide your Blue Fighter Wing through the Launch Ring at lightspeed, entering enemy territory, sector Delta Five Niner! Your mission: Rescue the Orange Wing Center which was captured alive, before the enemy ingests his brain -- A brain which they consider to not only be an excellent source of protein, but also, once consumed, transfers all knowledge to the species - Including military secrets, vital to the survival of all mankind! 
Can you rescue your comrad & Destroy the opposing Protoid Forces?"
"Star Wars Chess","The Software Toolworks' Star Wars Chess","Region Not Set","","Mindscape, Inc.","The Software Toolworks","1993-01-01","2","No","Strategy","T - Teen","Star Wars Chess is a chess game where the pieces are characters from the Star Wars universe. When pieces are taken, an animated battle is shown, much like in Battle Chess."
"Star Wars: Rebel Assault","","Region Not Set","","LucasArts Entertainment Company LLC","LucasArts Entertainment Company LLC","1993-01-01","1","No","Action | Shooter","E - Everyone","The game follows the adventures of a young pilot known as Rookie One, a farmer from Tatooine in the style of Luke Skywalker. The game largely takes place during the events of Episode IV: A New Hope, however the sequences on Hoth from The Empire Strikes Back are included.
The game begins with Rookie One's training (you), followed by an attack on the Star Destroyer Devastator, after its capture of the Tantive IV in the events of the film. The story then leads the player to sequences to defend the Rebel Base on Hoth from the attack shown in the Empire Strikes Back, and finally ends in the assault on the Death Star of the film, with the player taking the place of Luke Skywalker in destroying the battle station."
"Star Wars: Rebel Assault (SCD) Premium Edition","","Region Not Set","","LucasArts Entertainment Company LLC","","2020-02-28","1","No","Shooter","E - Everyone","Star Wars: Rebel Assault on physical disc for the Sega CD. Compatible in the NTSC region. Limited to 2,500 copies available worldwide. There is no purchase limit on this item. 
 

Each Star Wars: Rebel Assault Premium Edition comes with: 

• Premium, individually numbered, foil-stamped rigid book style box. The cover of the box opens gatefold style to reveal the interior contents.
• Game Manual 
• 3 Art Cards
• Reversible 18"" by 24"" Poster
• Commemorative Coin
• Retro Case Enamel Coin"
"Star Wars: Rebel Assault Classic Edition","","Region Not Set","","Limited Run Games","LucasArts Entertainment Company LLC","1970-01-01","1","No","Shooter","Not Rated","Star Wars: Rebel Assault on physical disc for the Sega CD. Compatible in the NTSC region. Limited to 2,500 copies available worldwide."
"StarBlade","","Region Not Set","","Namco","Techno Soft","1994-01-01","1","No","Action","Not Rated","Sitting in the gunner position of a ""GeoSword"" fightercraft, you must shoot your way through the enemy armada and bring the fight to their base planet, Redeye. Altogether you'll have around 10 missions to get through before the galaxy is safe and your wingmen will help you along the way. And during those missions, you'll be expected to shoot out the sides of huge enemy battlecruisers, travel inside of enemy carriers and travel through the canyons of Redeye to deliver your payload."
"Stellar-Fire","","Region Not Set","","Dynamix, Inc.","Infinite Laser Dog","1993-01-01","1","No","Action","E - Everyone","The dreaded Draxon race has been at it again, pushing the human race around, working to either enslave all 10 billion humans or wipe them out completely. As the last surviving pilot sent on a mission to thwart the Draxons' plans, all hope rests on you. Invade each of the fortified moons orbiting the Draxons' homeworld of Arctaurus and then aim for the mother planet itself."
"Super Strike Trilogy","","Region Not Set","","EA Games","EA","2017-07-13","1","No","Shooter","","Super Strike Trilogy is an unreleased game compilation for the Sega Mega-CD. Super Strike Trilogy was shown at E3 1995 and was intended to incorporate upgraded versions of Electronic Arts' initial three Strike games, Desert Strike, Jungle Strike and Urban Strike.So now for the first time you can play the game that never was.Please remember that this game was never officially finished and will contain bugs.Many thanks to HeadCrab for making this happen."
"Supreme Warrior","","Region Not Set","","Digital Pictures, Inc.","Digital Pictures","1994-01-01","1","No","Action","M - Mature 17+","Supreme Warrior is a full-motion video fighting game. The game, or interactive movie, is set in China hundreds of years ago. You are tasked with protecting half of a magical mask. The wearer of the mask will be granted untold power. Unfortunately, the villanous Wang Tu has the other half of the mask, and wants your half badly. So, you must fight off Wang Tu's minions, and eventually Fang Tu himself."
"Surgical Strike","","Region Not Set","","Sega","The Code Monkeys Ltd.","1993-11-16","","","Action","T - Teen","The elite Special Forces unit, The Surgical Strike Team, have been called into action. High-tech urban guerrillas are attacking innocent people but once they're done with their carnage they fade back into the landscape. In a very delicate way, the Team must find these hidden enemies and get rid of them without harming innocent citizens. Inside your hovercraft, you can charge at the violent creatures, turn 180 degrees to watch your own back and explore new uncharted areas. You have a choice of weaponry choose the 30MM Gatling gun or the laser-guided rockets. AWACs C-130's hover above and give you pointers, plus on-board mapping allows you to zero in on hidden emplacements."
"Switch","スイッチ | Panic","NTSC-J","Japan","Sega","Sega AM7 R&D Division","1993-04-23","1","No","Adventure | Puzzle","Not Rated","Stay calm and cool and you might save the world. Reality is turned upside down and only the right combination of switches and buttons will replace chaos with order. Choose the wrong switch and WATCH OUT - the unexpected can be expected! What better way for Data East to enter the CD market than with this totally original, unique and hilarious adult puzzle game for the Sega CD system. No guns, no kicks, and no pressure. Just use your wits and watch what happens!"
"Syndicate","","Region Not Set","","Domark Software | 																Electronic Arts","Bullfrog Productions","1995-01-12","1","No","Role-Playing | Life Simulation","","Syndicate is an isometric strategy game developed by Bullfrog Productions. It was released among other systems for the Sega Mega Drive and Sega Mega-CD. Its sequel, Syndicate Wars, was due to be released on the Sega Saturn but was cancelled."
"Tenbu Mega CD Special","","Region Not Set","","Wolf Team","Wolf Team","1992-12-25","1","No","Strategy","","Tenbu Mega CD Special (天舞メガＣＤスペシャル) is a Sega Mega-CD simulation game released exclusively in Japan."
"Tenka Fubu Eiyuutachi no Houkou","","Region Not Set","","Game Arts Co., Ltd.","Game Arts","1991-12-28","1","No","Strategy","","Tenka Fubu: Eiyuutachi no Houkou (天下布武 英雄たちの咆哮) is a simulation game for the Sega Mega-CD."
"The Adventures of Batman & Robin","Adventures of Batman & Robin, The","NTSC","United States of America","Sega | 																Sega of America, Inc.","Clockwork Tortoise","1995-07-01","1","No","Action | Racing | Shooter","E - Everyone","In The Adventures of Batman & Robin, Robin and Commissioner Gordon have both gone missing. The Dark Knight suspects that one or more of the usual suspects might be involved, including Poison Ivy, Riddler, and The Joker. He sets out in his trusty Batmobile to set the situation right. Much of the game consists of 3D driving action behind the wheel of the Batmobile. There are also levels in which the Caped Crusader must stage an aerial assault using the Batwing. In between levels, the player is treated to a series of cutscenes which comprise nearly an entire exclusive episode of Batman: The Animated Series, upon which the game is based."
"The Adventures of Willy Beamish","","Region Not Set","","Sega","Dynamix, Inc.","1993-02-02","1","No","Adventure","","Willy Beamish is a kid who likes to goof off and have fun. Naturally all the grown-ups get in the way by making him go to school, making him clean his room, etc. But now that's school's out for the summer, Willy is determined to have a good time and maybe even have his pet frog win the frog jumping contest. However Willy has a habit of getting into trouble, and naturally that means it will be a challenge to get out of it."
"The Amazing Spider-Man vs. The Kingpin","","NTSC","United States of America","Sega | 																Sega of America, Inc.","Sega of America","1993-09-01","1","No","Action | Platform","E - Everyone","The Kingpin is at it again, and Spider-Man has just 24 hours to find the keys to defuse a bomb primed to wipe out New York City. Worse, the Kingpin has convinced the citizens that Spider-Man is the bomb's mastermind, and they're now out for his radioactive spider blood.

To clear Spider-Man's name, the player must guide him through multiple levels and familiar super-villains in search of the bomb's keys - all while the 24-hour time limit mercilessly counts down. At Spidey's disposal are a range of hand-to-hand combat moves, plus web tricks including stunning web shots, web swings, and a web shield. Players can even form combos of web strikes and Spidey fists. And in a fairly uncommon platform maneuver, Spidey can stick to and crawl along any surface; including up walls and across ceilings.

The Amazing Spider-Man vs. The Kingpin for the Sega CD takes the idea and basic gameplay from the Genesis version, but makes some significant changes. There are new levels, new bosses, and an expanded set of combat moves. The player now has the freedom to select the next level or boss to tackle from a map screen. Graphics have also been redrawn and expanded from the Genesis release. However, the player can no longer rest and heal at Peter Parker's apartment, or take photographs of enemies for cash; both prominent features of the Genesis version.

Animated cutscenes with voices are new to this version, as well as a new CD soundtrack. The player can also find and collect digital versions of classic Spider-Man comics, making further use of the multimedia storage space. A password system has also been added to save the player's progress."
"The Colors of Modern Rock","","Other","","WB Games","","1993-01-01","1","No","Music","Not Rated","Demo disc: The best new rock comes alive in Virtual VCR"
"The Lawnmower Man","","Region Not Set","","Time Warner Interactive, Inc.","The Sales Curve Ltd.","1994-04-03","1","No","Action","T - Teen","Based on the 1992 feature film, The Lawnmower Man is a collection of minigames based on the revolutionary virtual reality sequences seen in the movie. The plot parallels the central conflict - the player controls Dr. Angelo (Pierce Brosnan) as he heads into cyberspace to confront the psychotic digital god Jobe (Jeff Fahey) he has created.

As the ruler of his digital domain, Jobe shifts and manipulates the virtual world into a series of challenges to test the player. These range from digital IQ tests, chase sequences requiring precision timing for jumping and ducking, and a tunnel flight as one of the virtual jets from the movie. Characters from the movie are also digitized by Jobe into willing henchmen, and must be defeated by the player in a series of quick time events."
"The Masked Rider: Kamen Rider ZO","","NTSC-U","","Sega","Toei Animation","1994-01-01","1","No","Action","T - Teen","The Masked Rider is a Japanese super hero, a man who has become genetically altered to be a man/grasshopper who rides a motorcycle.

This FMV game adapts scenes from the movie Masked Rider ZO, and creates a Dragon's Lair style experience. The game centers around 10 battles of the film's 3 main characters.

The player watches the video and hits the correct direction or button at the right time to achieve success. The visual cues of the movie suggest the correct buttons. For example, when the Masked Rider punches, the player should press the Punch button. If he dodges left on screen, the player should press the left direction pad. Correct timing hits the enemy harder, lowering their health bar. Failure reduces the players health."
"The Ninja Warriors","The NinjaWarriors","Region Not Set","","Taito Corporation","Aisystem Tokyo | 																Taito Corporation","1993-03-12","2","No","Action","","The Ninja Warriors (ニンジャウォーリアーズ) is a beat-'em-up originally developed by Taito for the arcades. It was brought to the Sega Mega-CD in 1993 exclusively for Japan. To emulate the three-screen setup of the original arcade game (3 288x224 screens arranged in a horizontal line like with the Darius games), porters Aisystem Tokyo simply capped the screen resolution in software, resulting in the entire game running in a small window.

Playable characters are two androids called Kunoichi (female ninja, red color) and Ninja (male ninja, blue color). Both characters play identically.

As indicated by the boxart, one of the game's main selling points was the soundtrack composed by Taito's inhouse band Zuntata. The game includes both the arcade versions's soundtrack as well as remixed tracks. An exclusive Zuntata mode was also included, which is bascially a movie scene that explains the game's backstory. Members of Zuntata served as actors.

To this day, this is the most faithful port of The Ninja Warriors."
"The San Diego Zoo Presents: The Animals!","","Region Not Set","","Sega","The Software Toolworks","1993-08-01","1","No","","","Breakthrough video-with-sound technology in The Animals! lets you see and hear over 200 exotic mammals, birds, and reptiles in over 60 minutes of video clips. Using movies, sounds and stories, The Animals! also brings you the most complete and up-to-date information about our animal neighbors from experts at the world-renowned San Diego Zoo. If you love animals, you'll love The Animals! It's fun and easy for children and adults to explore the vast resources of The Animals! Clicking on the habitat map takes you instantly to the animals that live in one of the earth's major climate zones including: tropical forests, deserts, savannas, or tundra. Climb aboard the multimedia tour bus for a narrated tour of Animals in Disguise, Fact or Fable, and Jaws, Claws and Creature Features. In the Storybook Theater, you'll hear fascinating animal stories such as Raising Gordy Gorilla, Protecting Endangered Species, and Wild Safari."
"The Secret of Monkey Island","","Region Not Set","","JVC Musical Industries, Inc.","LucasArts Entertainment Company LLC","1992-01-01","","No","Adventure | Puzzle","","The Secret of Monkey Island is an adventure game that utilizes the command verb-based SCUMM interface first introduced in Maniac Mansion: the player constructs commands for Guybrush by selecting an appropriate verb and then combining it with an object or an inventory item. Objects that can be interacted with are highlighted when the player places a cursor over them. The game is the first LucasArts adventure in which it is impossible to get irrevocably stuck; like in Loom, the player character also cannot die. The branching dialogue system, where the player chooses between several available responses during conversations, allows the player to talk to characters in different ways without fearing a wrong choice, and is often used as a humorous device."
"The Secret Of Monkey Island (SCD) Premium Edition [Limited Run]","The Secret Of Monkey Island (SCD) Premium Edition","NTSC","","Limited Run Games","LucasArts Entertainment Company LLC","2020-08-01","1","No","Adventure | Puzzle","E10+ - Everyone 10+","The Secret of Monkey Island on physical disc for the Sega CD. Compatible in the NTSC region. Limited to 2,000 copies available worldwide. There is no purchase limit on this item.

Each The Secret Of Monkey Island Premium Edition comes with: 

The Secret Of Monkey Island disc playable on your retro Sega CD console system.
Individually numbered, premium book-style rigid box with silver foil stamping and certificate of authenticity.

• Game Manual
• 3 Art Cards
• Reversible 18"" by 24"" Poster
• Commemorative Coin
• Retro Case Enamel Pin
• ""Ask Me About Loom"" Button"
"The Secret Of Monkey Island Classic Edition","","Region Not Set","","LucasArts Entertainment Company LLC","","2020-02-28","1","No","Adventure | Puzzle","E - Everyone","The Secret of Monkey Island on physical disc for the Sega CD. Compatible in the NTSC region. Limited to 2,500 copies available worldwide."
"The Smurfs","","Region Not Set","","Infogrames Entertainment","Infogrames","1995-05-05","1","No","Action","","Gargamel has just perfected a terrible plot to kidnap ALL the Smurfs. Four of them have disappeared already. You will have to brave the Angry Smurfs and Buzz flies before smurfing the mountain riding on a sledge, travel on the back of a stork and finally challenge the infamous Gargamel!"
"The Space Adventure","","Region Not Set","","Hudson Entertainment, Inc.","Hudson Entertainment, Inc.","1994-01-01","1","No","Adventure","M - Mature 17+","While waiting in a bar for his partner, Cobra encounters a beautiful bounty hunter named Jane. Very soon he realizes that the bounty Jane has been hunting for is his own head, for which the Galaxy Patrol has put quite a reward. But everything changes when Crystal Boy, the head of the Pirate Guild and Cobra's archenemy, appears on the scene. Jane's father had apparently hidden a great treasure, encoding its location in tattoos on the backs of his triplet daughters. Crystal Boy wants this treasure, and is going after Jane and her sisters. Cobra and Jane decide to join forces in order to find Jane's sisters and to undermine Crystal Boy's plans."
"The Terminator","","NTSC","","Virgin Games, Ltd.","Virgin Interactive Entertainment","1993-03-08","1","No","Action","T - Teen","Just like the movie, you assume the role of Kyle Reese, a traveller from the future who returns to modern-day L.A. to protect the life of Sarah Conner - the beautiful woman who holds the key to the survival of the human race. Your mission: Outwit and outmaneuver a brutal killing machine known as the Terminator. He's big, he's bad and he's virtually unstoppable - let's hope you're smarter! Featuring 10 huge main levels pumped up with hardcore weaponry and heavy-hitting adversaries."
"Theme Park","","Region Not Set","","Domark Software | 																Electronic Arts","Bullfrog Productions","1995-05-02","1","No","Strategy | Life Simulation","","Theme Park (テーマパーク) is a management simulator developed by Bullfrog Productions and published by Electronic Arts in 1994. It was released for a variety of systems, including the Sega Mega Drive, Sega Mega-CD, Sega Saturn in the following year.

Theme Park was the first successful theme park simulator, and would go on to inspire other Theme games and the RollerCoaster Tycoon series. Players are given a plot of land and are tasked with buying (and creating) rides, as well as organising the general layout of the park, staff and attempting to keep visitors happy without going bankrupt.

From a Sega perspective the game is fairly interesting - the game was technically released twice in Japan, first as regular Theme Park seen here, and again as Shin Theme Park, a localised variant. The game was originally designed with a mouse in mind, but none of the Sega ports are compatible with their respective mouse add ons, whether that be the Sega Mouse or Shuttle Mouse.

Theme Park would later see a true sequel in the form of the fully 3D Theme Park World (known as Sim Theme Park in North America) in 1999."
"Third World War","","Region Not Set","","Micronet Co. Ltd.","Micronet Co. Ltd.","1994-01-01","1","No","Strategy","","Third World War is a ""hypothetical/what if"" wargame with a twist. Set sometime in the late 20th century, when conflicts all over the world have erupted, and world peace is but a thing of the past.

As the leader of one of 16 nations, your ultimate goal is none other than world domination. To accomplish this you have a multitude of options ranging from raw military might, diplomacy, foreign or domestic investment policy, aiding terrorists or revolutionaries, to media manipulation. In other words, it's just like the real world."
"Thunderhawk","","Region Not Set","","JVC Musical Industries, Inc.","Core Design Ltd.","1993-01-01","","No","Action","","Thunderhawk or AH-3 Thunderstrike, is a helicopter sim/shooter. You will pilot the AH-3 over 10 operations all over the world. Each operation is composed of several missions, such as destroying tanks, or destroying bridges, or escorting trucks, and so on.
Thunderhawk graphics consist of scaled sprites arranged to create a 3D environment. It makes use of the Sega CD's scaling and rotation hardware to create this effect with a smooth frame rate."
"Time Cop","","Region Not Set","","","JVC","1995-08-02","","No","Action","","Timecop is a side-scrolling action video game produced by Cryo Interactive for the Super Nintendo Entertainment System in 1995.[1] It is based on the 1994 film of the same title and takes place after the events of the film. Despite the use of digitized actors to portray the characters in the game, an actor other than Jean-Claude Van Damme was used to pose as protagonist Max Walker. Levels range from locales in the past (e.g., New York City during the 1920s, the European front of World War II), the present day, and a dystopian Los Angeles of the distant future.

Although the game was only released for the Super NES, a version was also developed for the Sega CD, with a short demo being distributed in May 1995 alongside the European Sega Pro magazine.[5] Despite being fully completed by the developer, JVC pulled off the Sega CD version publishing and it remained unreleased. In 2007, a complete version of the game was eventually released on the Internet by the Sega CD version coder."
"Time Gal","","NTSC-J","","Taito Corporation","Taito Corporation","1992-11-13","1","No","Adventure","E - Everyone","Time Gal[a] is an interactive movie video game developed and published by Taito and Toei Company, and originally released in Japan for the arcades in 1985. It is an action game which uses full motion video (FMV) to display the on-screen action. The player must correctly choose the on-screen character's actions to progress the story. The pre-recorded animation for the game was produced by Toei Animation.

The game is set in a fictional future where time travel is possible. The protagonist, Reika, travels to different time periods in search of a criminal, Luda, from her time. After successfully tracking down Luda, Reika prevents his plans to alter the past.

Time Gal was inspired by the success of earlier laserdisc video games, most notably the 1983 title Dragon's Lair, which also used pre-recorded animation. The game was later ported to the Sega CD for a worldwide release, and also to the LaserActive in Japan. The home console versions received a mixed reception."
"TimeCop (Prototype)","","Region Not Set","","","Cryo Interactive Entertainment","2011-02-28","1","No","Action","","It's the battle of the century: you and Kleindast in a manhunt through time. You win, the madman is history, you lose, he destroys it. Strap on your time-control bracelet and embark on the greatest adventure of all time – in a game loaded with all the toe-curling thrills of the big screen blockbuster. As time enforcement officer, Maxwalker, it's up to you to wage war through the ages. Mobsters in 1920 Wall Street. Soldiers in World War II Germany. Street punks in 2117 L.A.... not even time is on your side as you do everything to crush Kleindast – and save history as we know it. The moment has come. Let the time duel begin!"
"Tomcat Alley","","Region Not Set","","Sega","The Code Monkeys Ltd.","1994-01-01","","No","Action | Flight Simulator","T - Teen","Tomcat Alley is one of the last of Sega's TruVideo games for the SegaCD, featuring you and your F-14 Tomcat doing what you do best - dogfighting Russian Migs!

This time, a renegade Soviet commander is threatening the United States with chemical weapons from his base in the Mexican desert, and its up to you and your wingmen to fine-tune your air-to-air combat strategies to make the entire western hemisphere safe again!

Tomcat Alley was one of Sega's last TruVideo games, featuring what is called ""Active Matrix"" software, which allows for many different outcomes to any given situation. This means only one thing - much more interaction and variation than previous FMV (Full Motion Video) games!"
"Trivial Pursuit","","Region Not Set","","Parker Brothers","Western Technologies Inc.","1993-01-01","4","No","Puzzle","T - Teen","This is the first multimedia version of the classic Parker Brothers board game. It uses photos, animations, videos & voice clips to pose over 2000 questions and answers to Trivial Pursuit questions.

In the Classic Game, up to 6 players roll an on-screen die and move their 'pie-dish' marker around the spoke-and-wheel game board, just like the board game. The square you land on is color coded to one of six trivia categories: People & Places, Sports & Leisure, History, Arts & Entertainment, Science & Nature, and Wild Card. Answering the trivia question correctly lets you take another turn.

Further, if you are on the 'prize' square at the end of each spoke (1 spoke end for each category color), the correct answer grants you a colored pie piece in your pie-dish marker for that category. Once you have all 6 pie pieces in your dish, you need to head back to the hub for a final random question to win the game."
"Ultraverse Prime","","Region Not Set","","Sony","Psygnosis Limited","1994-01-01","1","No","Action | Adventure","","Players control the superhero Prime, a thirteen year-old boy called Kevin Green that has the power to transform into a superhero adult version of himself. Prime can punch, kick and jump, and combine these into some new moves and combos. The player as well as the enemies can also occasionally find weapons or objects to pick up and throw. Some stages are much faster as Prime flies at a fast speed and needs to punch obstacles and enemies out of the air."
"Ultraverse Prime / Microcosm","","Region Not Set","","","Malibu Interactive | 																Psygnosis Limited","1994-06-12","1","No","Action | Fighting","T - Teen","ULTRAVERSE PRIME It's Prime time, and that means the hottest action in the Ultraverse is coming to your home! Malibu Comic's superhero Prime was once just a teenager named Kevin. But after a secret experiment, he discovered he possessed extraodinary powers. Now he's out to rescue his friend Kelly. That means dishing out all the non-stop, no-holds-barred action his fans have come to expect... HIGHLIGHTS -Varied game play takes the player on a side-scrolling adventure through a myriad of challenging worlds. -Includes special fighting moves for the player to master and use against an awesome array of brutal enemies, including rocket-powered henchmen and missiles. MICROCOSM Microcosm plunges you into a dazzling world of super-realistic computer generated graphics set deep within the body of Cybertech's President: Tiron Korsby. You are the elite Cybertech agent chosen to pilot the latest hi-tech micro-submersibles on a desperate mission to find and destroy the deadly brain manipulation droid threatening Korsby's life."
"Urusei Yatsura: Dear My Friends","うる星やつら デア マイ フレンズ | うる星やつら Dear My Friends","Region Not Set","","Game Arts Co., Ltd.","Game Arts","1994-04-15","1","No","Adventure","T - Teen","This adventure game was released only in Japan and is based on Rumiko Takashi's Urusei Yatsura series."
"Vay","Vay: Ryuusei no Yoroi","Region Not Set","","Working Designs","SIMS Co., Ltd.","1994-04-14","1","No","Role-Playing","M - Mature 17+","It came from space more than a millenium before. Two-tons of advanced technology, programmed only for destruction. The five mightiest wizards of the land joined forces and drew away the power of the battle machine, dividing the power into 5 orbs and sealing the armor away from humanity. Now, the Danek Empire has partially duplicated the fearsome mechanized technology, creating a deadly army of metal warriors programmed for world domination. The only hope for salvation is to find the legendary orbs and restore power to the armor that nearly destroyed the planet more than 1000 years before. Join Sandor as he begins a quest that will take him from the depths of Magmal Isle to the terrifying heights of Draktyr. 

Fight over 100 types of monsters, explore towns, and enjoy exciting CD animation scenes as you pursue the orbs that will activate the legendary armor of Vay. But, will the armor save your world, or destroy it forever?"
"Warau Salesman","笑ゥせぇるすまん","Region Not Set","","Sega","Compile | 																Sega","1993-09-17","1","No","Adventure","T - Teen","It's a point-and-click adventure game released only in Japan tying into a media series by Fujiko Fujio A."
"Wheel of Fortune","","Region Not Set","","Sony Imagesoft","Sony Imagesoft","1994-01-01","","No","Puzzle","","One of the many Wheel of Fortunes versions released, the SEGA CD version has 6,000 different puzzles with full motion video of Vanna White herself, however Pat Sajak does make an appearance in the game. The gameplay was as same as other games, using a power meter to spin the wheel, pick letters to fill in puzzles and solve them in order to make it to the bonus round for a chance to win either big money."
"Who Shot Johnny Rock?","","Region Not Set","","American Laser Games, Inc.","American Laser Games, Inc.","1994-01-01","","No","Action","","Another live-actor arcade shooter by American Laser Games (makers of Mad Dog McCree and Crime Patrol), Who Shot Johnny Rock is set in the classic 1920's style gangster era.

As the title suggests, you're supposed to find out who shot singer Johnny Rock (or at least who hired the guys who shot him) and put them behind bars."
"Wild Woody","","NTSC-U","","Sega","Sega","1995-09-01","1","No","Action | Puzzle","E - Everyone","An adventurer named Dusty returns home with an enchanted Totem Pole. Due to an assortment of rare events, the spirits of the Totem have been freed and they have created a bizarre parallel universe that can devour the world. Lowman, the ""head"" of the Totem, needs some ""muscle"" as he calls it, to bring them back. He finds a pencil on the desk and makes it come to life. The pencil tells Lowman to call him Woody, WILLLLLLLLD Woody. Lowman explains what has happened with his Totem brothers and now Woody goes into the parallel universe, dimension by dimension, and rounds up Lowman's Totem brothers.

In this game, you destroy your enemies by jumping on top of them and Woody can also wipe them out with his eraser. You can erase certain walls to get through them and you can also erase boxes that most of the time teleport if you press down. Other boxes contain items. You also can sketch things and they will come to life, but you can only do this twice because Woody shrinks very quickly from doing this. There are also power-ups that make you grow again."
"Wing Commander","","NTSC-U","United States of America","Origin Systems","Game Arts | 																Origin Systems","1994-03-01","1","No","Action","T - Teen","Wing Commander is a space combat simulator interspersed with shipboard dialogs. Onboard the ship, you can save/load game, visit the bar to get the latest gossip, or go on to the next mission briefing, and the 3D space combat part.

The 3D space combat has you sitting in the cockpit, where you control the craft like roll, turn, up/down, afterburner, as well as fire guns and launch missiles. There are four different crafts on the Confed side, each with different flight characteristics and armament. You will have a wingman on each mission, and you should keep the wingman alive as the wingman will help you if you issue the right orders. You can also taunt the enemy. You'll be fighting several different types of enemy fighters and capital ships, and even combat a few Kilrathi aces."
"Winning Post","","Region Not Set","","Koei Co., Ltd.","Koei","1993-09-17","1","No","Role-Playing | Life Simulation","","Winning Post (ウイニングポスト) is a Sega Mega-CD horse racing game released exclusively in Japan. It is the first in the Winning Post series."
"Wirehead","","Region Not Set","","Sega","The Code Monkeys Ltd.","1995-01-01","1","No","Adventure","T - Teen","Wirehead has the player controlling Ned Hubbard, a man with a wireless controller implanted in his brain, via the joypad.

The bad guys are chasing after Ned for his ""mind implant"", and of course, the only way to get it is to open his head. Reminiscent of Dragon's Lair, a path opens up, and the player has to choose the right direction, otherwise Ned will be killed."
"Wolfchild","","Region Not Set","","JVC Musical Industries, Inc.","Core Design Ltd.","1993-01-01","1","No","Action","","The world's most renowned biogenetic scientist has been kidnapped and brainwashed into creating an army of bloodthirsty mutant warriors.

Suddenly the fate of all mankind rests in the hands of his youngest son... and a top-secret mutating experiment known as ""Project Wolfchild.""

-10 freaky levels filled with mind-blowing mazes, brain twisting puzzles and against all-odds combat action.

-CD-quality graphics and a rockin' stereo soundtrack

-Grusome cast of unrelenting schitzoid mutants, each with the power to destroy

-Fully animated introduction sequence"
"Wonder Dog","","Other","Japan","JVC Musical Industries, Inc.","Core Design Ltd.","1992-01-01","1","No","Platform","Not Rated","Cartoon-quality animation brings to life Wonder Dog's narrow escape from the invading Pitbully Space Armada on his home planet of K-9. In Bunny Hop Meadow you'll take of mangy mutts, rascally rabbits and dizzy ducks as your long journey back to free K-9 begins.

Climb in the ring with boxers in Dogsville and wailing alley cats in the Scrapyard-or maybe you'll even find a hidden zone or two...or three."
"Wondermega Collection","","Region Not Set","","Victor Interactive Software, Inc.","JVC","1992-01-04","2","No","Action","","Wondermega Collection (ワンダーメガ　コレクション) is a sample disc bundled with Japanese Wondermega consoles. It contains four CD+G karaoke songs and Battle Fighter, Flicky, Pyramid Magic and Quiz Scramble as playable games."
"World Cup USA 94","","Region Not Set","","U.S. Gold Ltd.","Tiertex Design Studios","1993-01-01","4","No","Sports","","World Cup USA 94 is a top-down football (soccer) game recreating the namesake tournament. Beside the 24 teams who qualified for the actual World Cup, other significant footballing nations like England, France and Denmark can be drafted in. Tackling is difficult and passing is easy, making for a flowing end-to-end style of play. The presentation of the menus is largely icon-based, with the official mascot featured prominently."
"WWF Rage in the Cage","","NTSC","United States of America","Arena Entertainment","Sculptured Software | 																Sculptured Software, Inc.","1993-11-01","2","Yes","Action | Sports","E - Everyone","WWF Rage in the Cage lets players choose from thirty WWF Superstars including The Undertaker, Yokozuna, Bret Hart, Bam Bam Bigelow, Shawn Michaels, Razor Ramon among many more. Each superstar has his own strengths and weaknesses as well as a personalized finisher such as the Tombstone for the Undertaker, Sweet Chin Music for Shawn Michaels, etc., along with the standard suplexes, body slams, and other moves.

There are many game modes to choose from, including a regular single-falls match, tag team, six-man tag team, battle royal, and the game's dreaded namesake, the Steel Cage. The main gameplay is reminiscent of WWF Royal Rumble, using the same engine, but featuring enhanced audio and graphics."
"Yumimi Mix","","Region Not Set","","Game Arts Co., Ltd.","Game Arts","1993-01-29","1","No","Adventure","","Yumimi Mix (ゆみみみっくす) is an adventure game for the Sega Mega-CD. It was only released in Japan, and was re-released on the Sega Saturn as Yumimi Mix Remix."
