title,alternate_titles,region,country,publisher,developer,release_date,players,coop,genre,esrb_rating,description
"2Tax Gold","","Region Not Set","","Human Entertainment, Inc.","Atelier Double | 																Office Crescendo","1997-01-17","1","No","Puzzle","E - Everyone","2Tax Gold (ニタックスゴールド) is a quiz game for the Sega Saturn."
"3 Free - Virtua Fighter 2, Virtua Cop, Daytona USA","","Region Not Set","","Sega","Sega","1996-11-27","2","Yes","Action | Racing | Shooter | Fighting","T - Teen","3 Free Games With Purchase of Sega Saturn, for lack of a better name, is a compilation released for the Sega Saturn in North America. It was only available for consumers purchasing a Sega Saturn console in the winter of 1996 (1996-11-27 - 1996-12-31), and was designed primarily to boost slowing Saturn sales. Included in 3 Free Games are CD sleeve versions of Virtua Fighter 2, Virtua Cop and Daytona USA."
"3D Baseball","3D Baseball: The Majors","Region Not Set","","Crystal Dynamics, Inc.","Crystal Dynamics, Inc.","1996-11-30","2","No","Sports","E - Everyone","Crystal Dynamics presents the most realistic baseball video game ever published. Real Motion Control 3D technology serves up incredibly life-like 3D polygonal models that bit, pitch, and hit like real players."
"3D Lemmings","","Region Not Set","","Psygnosis Limited","Clockwork Games | 																Perfect Entertainment","1996-07-05","1","No","Puzzle","E - Everyone","There is no actual narrative to the game. The only introduction is a movie. It shows a completely flat (2D) lemming popping out of a computer's floppy drive, and finding a ""3D"" button to press, which makes him 3-dimensional. After that, the PC blows up and the (now 3D) lemmings inside it escape. Other movies play after completing each set of 20 levels, but are not connected by a storyline."
"3x3 Eyes: Kyuusei Koushu S","","Region Not Set","","Nihon Create","Minamimachi Bugyousho","1996-04-19","1","No","Adventure","E - Everyone","Yakumo receives a message from his friend, the Buddhist monk Naparvha, saying that a curse has fallen upon a village in China. A young girl was killed under mysterious circumstances, and two monks fell asleep and cannot wake up. Yakumo visits the village and begins the investigation, aided by Yue Hua, the sister of the dead girl."
"6 Inch My Darling","","Region Not Set","","KID Corp.","KID Corp.","1998-12-23","1","Yes","Adventure","E - Everyone","You play a high school student living with your parents and younger sister. On your way back from school, you stumble across a mysterious wooden box containing a strange figurine and an old letter. Thus your adventure begins...

Basically, this is a dating game, where you get to chaperone one of three 6-inch tall fairies from another world as they go about exploring your world (and sometimes making quite a mess while they're at it). Depending on how you do, you unlock various scenes/events throughout the game and maybe get a happy ending with the girl of your dreams. Along the way, you'll also be juggling your unsuspecting family and friends, including a real life female classmate who might turn out to be a love interest as well if you play your cards right."
"Actua Golf","VR Golf 97","Region Not Set","","Interplay Entertainment Corp.","Gremlin","1996-12-20","4","No","Sports","E - Everyone","Actua Golf is a golf simulation with full 3D terrain and characters. It comes with two courses to play at (country and tropical), customizable characters and multi-view shot tracking and action replays.

Actua Golf uses similar game controls as older golf titles did. With a swing meter, where you have to time correctly to hit the ball right."
"Actua Soccer: Club Edition","VR Soccer | Actua Soccer","Region Not Set","","Gremlin Interactive Ltd.","Gremlin Interactive Ltd.","1996-11-30","2","No","Sports","E - Everyone","Actua Soccer Club Edition is a re-edition of Actua Soccer, released with the 20 teams of the English Premiership instead of international competitions. New commentary was recorded and some Premiership historical data was included. All remaining aspects of the game were unchanged or just tweaked.

The rest of the game is well known to fans of the genre - it was the first fully polygonal football game on the market, which allowed an unprecedented graphical realism and (technically) unlimited camera angles."
"Advanced V.G.","Advanced Variable Geo | アドヴァンスト ヴァリアブル・ジオ","Region Not Set","","TGL","TGL","1997-03-14","2","No","Fighting","M - Mature 17+","Set in a near-future version of Japan, a martial arts tournament is created to determine the country's strongest woman. The tournaments are sponsored by a number of family restaurants, who in exchange for their sponsorship, are given promotion in the form of having a tournament entry work as a waitress. As a result of the popularity of the tournaments, the restaurants experience a boom in patronage.

The winner of the tournament is awarded the title ""Virgin Goddess"", as well as a large cash prize of ten billion yen, and a house erected anywhere on the planet they should choose. However, when a given waitress is defeated, they are required to publicly strip themselves of their clothing, in order to teach the so-called ""true"" shame of defeat. In spite of such humiliation, the tournaments often draw many competitors, each placing their pride and their dreams on the line as they battle for the top.

An updated version of the original Variable Geo game for the NEC PC9800 which adds three new playable characters, a storyline which features Yuka as the main character, and includes a pair of ""True"" bosses, the genetically engineered ""Hybrid"" warriors K-1 and K-2."
"Advanced World War Sennen Teikoku no Koubou: Last of the Millennium","アドバンスド ワールド ウォー 千年帝国の興亡","NTSC-J","Japan","Sega","Sega CS2","1997-03-20","4","Yes","Strategy","E - Everyone","Advanced World War Sennen Teikoku no Koubou: Last of the Millennium is a Sega Saturn strategy video game released on March 20, 1997."
"AI Igo","","NTSC-J","","ASCII Something Good","ISCO","1997-07-11","2","No","Strategy","E - Everyone","AI Igo (ＡＩ囲碁) is a table game for the Sega Saturn based upon the board game Go."
"Ai Iijima: Good Island Cafe","","NTSC-J","Japan","Inner Brain","Inner Brain","1996-09-27","1","No","Puzzle","Not Rated","Ai Iijima: Good Island Cafe (飯島愛・グッドアイランドカフェ) is a Sega Saturn music video creation program developed and published by Inner Brain. Starring Japanese media personality Ai Iijima, it was released exclusively in Japan in September 1996. Is full of footage of Ai performing her fine repertoire and in-depth interviews."
"AI Shougi","","NTSC-J","Japan","Softbank Corp. | 																Something Good","Something Good","1995-08-25","1","No","Strategy","E - Everyone","AI Shougi (ＡＩ将棋) is a Board - Shogi game, published by ASCII, which was released in Japan in 1995 for the Sega Saturn."
"AI Shougi 2","","NTSC-J","Japan","ASCII Something Good","ASCII Something Good","1998-06-11","2","No","Strategy","E - Everyone","AI Shogi 2 (AI将棋2) is a 1998 shogi game by ASCII Something Good for the Sega Saturn and the sequel to AI Shogi."
"Air Management '96","Aerobiz 3 | エアーマネジメント'96 | Air Management 3 | Aerobiz 2000","Region Not Set","","Koei Co., Ltd.","KOEI Co., Ltd.","1996-03-26","4","No","Construction and Management Simulation | Strategy","E - Everyone","Air Management '96 is a sequel/remake to the other games in the Air Management series. Like previous titles, the game is an airline management simulation however graphics and interface have been updated to 3D. Players take control of an airline as it's CEO, and must first select the name, tail logo and home airport of their airline. The game is turn-based between each airline. Each airline has four ""board members"" who can be assigned to perform various tasks, which take varying length to accomplish. These tasks include buying aircraft, bidding for slots at an airport, buying facilities at an airport and marketing a PR campaign in a region. Once the player has purchased aircraft, they must further make planning of the route between two airports with available slots. Once a route is setup, the player is able to manage how many planes fly the route daily and the number of passengers they carry, as well as ticket price.

The game is played over one of two scenarios, each representing a different era. The game is over when any airline reaches the target money amount."
"Airs Adventure","エアーズアドベンチャー","Region Not Set","","Game Studio","Game Studio | 																General Support","1996-12-20","1","No","Role-Playing","E - Everyone","Henry Chaser Vincent, the hero who lost his parents at an early age and was taken over by his uncle. I ran away from home at the age of 10 and had an exciting adventure. Because of its beauty, the ladies may be captivated. After he left, the lady was a little lonely, and the husband was regretted that his wife was taken. At 16, he made a bet and won. However, it was suspected that he was turning his hand behind the scenes, and he was sentenced to beheaded. In the eyes of the public, he said: ""My neck is thin, don't spoil it."" And the ax is swung up, ""Please wait!"" The voice is from the king's daughter, Princess Korin. Henry saves her life at her expense. At the time of parting, Korin said, ""I feel like I can meet him again..."". In this way, Henry's new adventure began."
"Akumajou Dracula X","Castlevania: Symphony of the Night | Akumajou Dracula X: Gekka no Yasoukyoku","NTSC-J","Japan","Konami","Konami","1998-06-25","1","No","Action | Adventure | Role-Playing | Horror","Not Rated","Castlevania: Symphony of the Night begins during the ending of the previous game in the series, Castlevania: Rondo of Blood, where Richter Belmont confronts and defeats Count Dracula. Four years later, in 1796, Richter goes missing and Dracula's castle reappears. Alucard arrives at the castle to destroy it, meeting Maria Renard, who once fought alongside Richter and is searching for him. Alucard meets Richter, who claims to be the new lord of the castle. Convinced that Richter is under somebody else's control, Maria urges Alucard not to hurt him, Alucard confronts Richter and learns that he plans to resurrect Dracula so the two can fight for an eternity.

In this version, Maria Renard is both a fully playable character as well as a boss fight, and Richter is available to play at the start of the game. When playing the game as Alucard, a ""third hand"" is available, but only for usable items and not weaponry. Alucard can use exclusive items, such as the Godspeed Boots, which grant him the ability to run like Richter. New areas, the Cursed Prison and the Underground Garden, which include new bosses, can be visited. The port also contains remixes of songs from previous Castlevania games. However, loading is more frequent and takes longer in the Saturn version than in other versions. Because the Saturn has limited hardware transparency support, transparency effects such as the mists and the waterfall were replaced with dithering effects, though partial translucency does exist in a few areas such as with Saturn exclusive enemies and one of the final boss fights. Rather than taking advantage of the Saturn's increased resolution, the graphics were stretched to fill the screen, causing some sprites to be distorted. The overall quality of the Saturn port's video is said, according to Igarashi, to be lower than the PlayStation version because it is a simple port handled by another team and was not programmed to take advantage of the Saturn's 2D capabilities. Igarashi overall expressed disappointment with the Saturn version."
"Albert Odyssey Gaiden: Legend of Eldean","Albert Odyssey - Legend of Eldean | アルバートオデッセイ　外伝　～レジェンド　オブ　エルディーン～","Region Not Set","","SUNSOFT","Sunsoft","1996-08-09","1","No","Role-Playing","E - Everyone","The game follows the adventure of Pike, a young boy whose family was murdered by a horde of monsters while still an infant and is raised by a family of winged humanoids known as Harpies. Ten years later, his adoptive sister is turned to stone by an evil mage. Together with Cirrus, a talking sword housing the spirit of one of the legendary Eldean siblings, Pike travels the world to search for a cure and discovers a plot by a group of evil magicians to turn the world's races against each other and revive the ancient god Vlag. Together with the help of friends he meets along his journey, Pike must prevent evil's resurrection."
"Albert Odyssey Gaiden: Legend of Eldean (Saturn Collection)","アルバートオデッセイ　外伝　～レジェンド　オブ　エルディーン～　（サタコレ）","Region Not Set","","SUNSOFT","Sunsoft","1997-06-20","1","No","Role-Playing","E - Everyone","The game follows the adventure of Pike, a young boy whose family was murdered by a horde of monsters while still an infant, and is raised by a family of winged humanoids known as Harpies. Ten years later, his adoptive sister is turned to stone by an evil mage. Together with Cirrus, a talking sword housing the spirit of one of the legendary Eldean siblings, Pike travels the world to search for a cure, and discovers a plot by a group of evil magicians to turn the world's races against each other and revive the ancient god Vlag. Together with the help of friends he meets along his journey, Pike must prevent the evil's resurrection."
"Albert Odyssey: Legend of Eldean","Albert Odyssey Gaiden ~Legend of Eldean~ | アルバートオデッセイ　外伝　～レジェンド　オブ　エルディーン～","Region Not Set","","Working Designs","Sunsoft","1997-07-24","1","No","Role-Playing","E - Everyone","The game follows the adventure of Pike, a young boy whose family was murdered by a horde of monsters while still an infant, and is raised by a family of winged humanoids known as Harpies. Ten years later, his adoptive sister is turned to stone by an evil mage. Together with Cirrus, a talking sword housing the spirit of one of the legendary Eldean siblings, Pike travels the world to search for a cure, and discovers a plot by a group of evil magicians to turn the world's races against each other and revive the ancient god Vlag. Together with the help of friends he meets along his journey, Pike must prevent the evil's resurrection."
"Album Club: Mune Kyun Saint Paulia Jogakuin","アルバム倶楽部 胸キュン セントポーリア女学院","NTSC-J","Japan","Societa Daikanyama","Societa Daikanyama","1997-07-11","1","No","Adventure","M - Mature 17+","Album Club: Mune Kyun Saint Paulia Jogakuin is a compilation of mini games released for Sega Saturn in 1997, in the game you are a robot in a school and must shoot and take pictures of the girls in their respective school clubs in the visual novel style, you browse by the hub with the robot chatting with the girls and is challenged by the mini-games if they win, videos with the theme of the club will be unlocked in the process."
"Alien Trilogy","","NTSC-U","","Acclaim Entertainment, Inc.","Fox Interactive | 																Probe Entertainment","1996-08-13","1","No","Action | Shooter","M - Mature 17+","Every now and then a game spawned from film hits the mark, and Alien Trilogy captures the gruesome essence of one of Hollywood's best high-tension thriller/action offerings. Simply put, this is an excellent video game and to date it's perhaps the best Doom-clone to bloody the consoles.

From the colony of LV-426 to the Alien spaceship (which brought the plague to the infested prison colony), all of the 30-some levels pay tribute to the films. Whimpering people are encrusted in the Alien-ified walls (who explode when you shoot them, or spurt chestbursters to punish the loitering Colonial Marine), towering Alien Queens that attack with relentless abandon, sleeping tanks (inspired by the films), and eggs that lazily slip open when a hurting Marine can least afford it.

Alien Trilogy also delivers the arsenal Colonial Marines will die to get their hands on. Ranging from a Beretta to a steadicam-mounted smart rifle, Acclaim provides enough firepower for the experienced Marine to show every Alien Queen who's boss. The weapons also enjoy their trademark sounds from the films, including the high-pitched jam of the pulse rifle. Like the films, Alien Trilogy employs incredible savvy in how it uses sound. There's just you and the dark, moody music, the pulse-quickening hum of the motion tracker, and two sets of jaws at every turn."
"All Japan Pro Wrestling Featuring Virtua","全日本プロレス　ＦＥＡＴＵＲＩＮＧ　ＶＩＲＴＵＡ","Region Not Set","","Sega","Scarab | 																Sega AM1 R&D Division","1997-10-23","2","No","Fighting | Sports","E - Everyone","25 years of All Japan Pro Wrestling comes to Sega Saturn, and now the warriors of Virtua Fighter has taken to the ring to challenge the champions of the world! 12 wrestlers compete to showcase their skills and win the Triple Crown. 3 modes of play allows friends go head-to-head and compete in the ultimate battle of spirits!"
"All-Star Baseball '97 Featuring Frank Thomas","","Region Not Set","","Acclaim Entertainment, Inc.","Iguana Entertainment","1997-05-29","2","No","Sports","E - Everyone","The All-Star Baseball baseball video game series was developed and published by Acclaim Entertainment. The series began in 1997 with the release of All-Star Baseball '97 Featuring Frank Thomas, the successor to Frank Thomas Big Hurt Baseball. New York Yankees play-by-play announcers John Sterling and Michael Kay were the announcers for 1998-2000 editions of the game. The final release in the series (due to the bankruptcy of Acclaim) is All-Star Baseball 2005.

Within the individual games, there are several different modes of play, such as exhibition, managing an existing Major League Baseball team or creating a team. Many North American cities are available for ""expansion,"" in addition to Mexico City and Puerto Rico.

Most of the games feature Derek Jeter on the cover."
"Alone in the Dark: Jack is Back","Alone in the Dark: One-Eyed Jack's Revenge | Alone In The Dark 2","PAL","United Kingdom of Great Britain and Northern Ireland","Infogrames","Infogrames","1996-05-03","1","No","Adventure | Horror","T - Teen","The original game's horror theme has been significantly de-emphasized in the sequel. While there are some supernatural goings-on (Voodoo black magic), the main villains are gangsters and pirates. While the enemies are revealed to be possessed by evil spirits, and are green and zombie-like in appearance, they are far from the shambling walking corpses of the first game, and walk, talk, and behave much like ordinary people, arming themselves with Tommy Guns and shouting at the player. The game world is larger than that of the original, encompassing not only the mansion, but also the surrounding gardens as well as a pirate ship hidden in caverns beneath the house.
 
Although much of the game is spent playing as Carnby, the player will occasionally take control of Grace Saunders. Grace, a child, cannot fight and is instantly captured if the gangsters spot her, so instead she must sneak around and defeat the gangsters by turning common household objects into booby traps."
"Alone in the Dark: One-Eyed Jack's Revenge","Alone in the Dark: Jack is Back | Alone In The Dark 2","Region Not Set","","i-Motion","In Utero | 																Infogrames","1996-02-23","1","No","Adventure | Puzzle | Horror","T - Teen","The original game's horror theme has been significantly de-emphasized in the sequel. While there are some supernatural goings-on (Voodoo black magic), the main villains are gangsters and pirates. While the enemies are revealed to be possessed by evil spirits, and are green and zombie-like in appearance, they are far from the shambling walking corpses of the first game, and walk, talk, and behave much like ordinary people, arming themselves with Tommy Guns and shouting at the player. The game world is larger than that of the original, encompassing not only the mansion, but also the surrounding gardens as well as a pirate ship hidden in caverns beneath the house.
 
Although much of the game is spent playing as Carnby, the player will occasionally take control of Grace Saunders. Grace, a child, cannot fight and is instantly captured if the gangsters spot her, so instead she must sneak around and defeat the gangsters by turning common household objects into booby traps."
"Amagi Shien","","NTSC-J","Japan","SUNSOFT","Clip House","1997-02-14","1","No","Adventure","M - Mature 17+","Amagi Shien (天城紫苑) is an adventure game developed by Success for the Sega Saturn. The game partially consists of live action footage."
"America Oudan Ultra Quiz","","NTSC-J","Japan","Victor Entertainment","Pegasus Japan","1995-10-27","4","No","Quiz","E - Everyone","America Oudan Ultra Quiz (アメリカ横断ウルトラクイズ) is a quiz game for the Sega Saturn. The questions are about America but the questions are in Japanese."
"AMOK","","Region Not Set","","Scavenger, Inc. | 																Sega","Lemon","1997-01-17","2","No","Shooter","T - Teen","The object of this arcade-type game is to meet a series of objectives, and to do so in such a way that each side will blame the other. The game has a linear structure, based on levels that present tasks of increasing difficulty, and all sorts of hazards and targets are encountered. These include military bases, power generators, land mines, infantry, tanks, submarines -- even sharks and huge, aggressive birds. Infantry elements are poorly armored, so they can be killed by being run over. In one mission, the only way that the player will be able to get enough time to escape is to open with a surprise attack, slowing pursuit by destroying a parking facility full of unattended troop transport vehicles. Power-ups are scattered throughout the levels. The Slambird carries a variety of explosive devices and line-of-sight weapons. Some of the explosive weapons can bounce in a parabolic trajectory, and in addition there are two laser cannons that can fire rapidly an unlimited number of times. These cannons are useful in case no other weapons remain, and they can be used to create complex ripple fire, which can be used to cover an area that is surprisingly wide. When underwater, propellers are used, while torpedoes are automatically used instead of missiles."
"Andretti Racing","","Region Not Set","","Electronic Arts","High Score Productions | 																Press Start Inc. | 																Stormfront Studios","1996-12-20","2","No","Racing","E - Everyone","Andretti Racing is a Formula One Racing game, developed by Press Start Inc. and published by Electronic Arts, which was released in 1996."
"AnEarth Fantasy Stories: First Volume","","Region Not Set","","Media Works Inc.","Hudson | 																Media Works","1997-03-28","1","No","Role-Playing","E - Everyone","AnEarth Fantasy Stories: The First Volume (エイナスファンタジーストーリーズ ザ・ファーストボリューム) is an RPG for the Sega Saturn. It is based on an earlier PC Engine CD game by Hudson Soft."
"Angel Graffiti S: Anata e no Profile","エンジェルグラフィティ ～あなたへのプロフィール～","Region Not Set","","Coconuts Japan Entertainment Co., Ltd.","Astrovision","1997-07-25","1","No","Life Simulation","E - Everyone","The player character is a high-school sophomore student, whose name, nickname, birth date and blood type is decided by the player at the beginning of the game. One day, while walking through the park, you notice a beautiful girl, but don't really manage to make a good impression on her and she soon goes away. The next day, your homeroom teacher announces you have a new student joining your class ... her name is Misuzu Amano ... the girl you met a day ago in the park. Your luck didn't completely run out as now you will have plenty of time to try and make an impression on her and possibly make her fall in love with you. But she is not the only girl in school that caught your eyes, so you will have to decide who is your person of interest and who you will try to woo. Luckily for you, you are not alone on your quest, you will have a help from heaven itself, an angel by the name Eve, who will often give you advice on girls' feelings."
"Angel Paradise Vol. 1: Sakaki Yuko: Koi no Yokan in Hollywood","","NTSC-J","Japan","Sammy Corporation","Scarab","1996-04-19","1","No","Puzzle","E - Everyone","Angel Paradise Vol. 1: Sakaki Yuko: Koi no Yokan in Hollywood (エンジェルパラダイスVol.1 坂木優子 恋の予感 in Hollywood) is a moving puzzle game for the Sega Saturn."
"Angel Paradise Vol. 2: Eshinu Kimika","","NTSC-J","Japan","Sammy Corporation","Scarab","1996-09-13","1","No","Puzzle","Not Rated","Angel Paradise Vol. 2: Eshinu Kimika is a moving puzzle game by Sammy. The puzzle is a video. You have to match moving puzzle pieces together in order to see the video."
"Angelique Duet","","NTSC-J","Japan","Koei Co., Ltd.","KOEI Co., Ltd.","1998-07-30","1","No","Life Simulation","E - Everyone","Angelique is a series of ""neo-romance"" games by Koei from Ruby Party with character designs by shoujo manga artist Yura Kairi and music by Kuzuu Chinatsu. The gimmick is that it the games are by women for women. To find out more about Angelique and Koei, click here.

You play a teenage girl named Angelique who has been chosen by Queen Angelique (all the Queens seem to be named Angelique) and her aide Dia as one of two candidates from the Royal Smorny Girls Academy to become the next Queen. You are transported to the Flying City to begin your final examination.

Each of you is given a land to populate. Whoever finishes populating their land first wins and becomes the next Queen. You do this with the help of nine Guardians who use their powers to make your people happy, or to devastate your rivals. Along the way, you become friends with the Guardians and can fall in love. If you choose love, you forfeit your chance to become Queen, but you live happily ever after.

Angelique Duet allows the player to choose the usual heroine, Angelique Limoges, or her rival Rosalia de Catargena, as the main character. The game was released in 1998 for the Playstation & Saturn consoles and in 2006 for the Nintendo DS.

A remake of the Super Famicom Angelique was released recently for PS and SS. This one features the ability to play as Rosalia, new date events, new graphics, and new animation. It also comes with nine bookmarks of the Guardians, and stickers with the SD characters. Simultaneously the ""Premium Box"" version was released which comes with a music box that plays the Love-Love Ending (LLED) song ""Love Ballad"", and a special comic, in addition to the bookmarks and stickers.

  Manufacturer's description:

Angelique and was elected to the queen candidates, exam simulation training will love the planet, while rival Rosalia and the help of a male patron Saint of 9 people. Can enjoy the romance with our patron Saint, or whether they choose to love and to choose the way of the Queen has become a player soon.

The big change is that this work was made possible play rivals in the work falls on a remake of ""Angelique Special"", in previous work could not, in Rosalia. In addition to that, and now you can go to the location adds a number of special events, different from usual, so that you can see the ending of a particular scene or add features at any time in the album.

Graphics, audio, animation, etc. are all renewed, significant improvements have been subjected to. In the real thrill of this game I enjoyed many times in a multi-ending, that are provided and ending with our Holy Guardian that are provided to each ending did not get and ending, nine become queen, Ending variety."
"Angelique Special","アンジェリーク","Region Not Set","","Koei Co., Ltd.","KOEI Co., Ltd.","1996-03-29","1","No","Life Simulation","E - Everyone","The universe is ruled by a queen, all planets are in their balance... but now, the power of the queen is weakening, and the universe is under the danger of destruction... a new queen is needed...

One day, Angelique Limoges, saw something in the sky... someone riding on a horse in the sky. None of her friends saw it... she is the only one who saw it, the chosen one--- the candidate of the Queen. Another candidate was Rosalia-De-Catargena. Both of them come to the Holy Land, where the Queen lives..."
"Angelique Special 2","アンジェリークSpecial 2","Region Not Set","","Koei Co., Ltd.","KOEI Co., Ltd.","1997-04-04","1","No","Life Simulation","E - Everyone","Second installment in the series. Angelique Collet, a girl who lives in the cosmos that the heroine of the first game now rules, is chosen as a queen candidate for a new cosmos. The count of male characters increases to include the nine Guardians, as well as three Tutors and three Collaborators."
"Another Memories","アナザー・メモリーズ","Region Not Set","","Starlight Marry Corporation","Starlight Marry","1998-07-02","1","No","Adventure","E - Everyone","The main character spends two years enrolling in the Madou Academy in the fantasy world. A game that deepens exchanges with classmates and seniors and juniors at the academy until graduation. Since it uses pastel graphics, the game screen has a different atmosphere from ordinary anime-like color game screens."
"Aqua-World: Umi Monogatari","","Region Not Set","","Masudaya","Mizuki","1996-07-12","1","No","Construction and Management Simulation | Life Simulation","E - Everyone","No overview is currently available for this title, please feel free to add one."
"Aquazone Desktop Life","","Region Not Set","","9003","9003","1996-07-12","1","No","Construction and Management Simulation | Life Simulation","E - Everyone","No overview is currently available for this title, please feel free to add one."
"AquaZone Option Disk Series 1: Angel Fish","","Region Not Set","","","9003","1996-12-06","1","No","Utility","Not Rated","No overview is currently available for this title, please feel free to add one."
"AquaZone Option Disk Series 2: Black Molly","","Region Not Set","","","9003","1996-12-06","1","No","Utility","Not Rated","No overview is currently available for this title, please feel free to add one."
"AquaZone Option Disk Series 3: Blue Emperor","","Region Not Set","","","9003","1996-12-06","1","No","Utility","Not Rated","No overview is currently available for this title, please feel free to add one."
"AquaZone Option Disk Series 4: Clown Loach","","Region Not Set","","","9003","1996-12-06","1","No","Utility","Not Rated","No overview is currently available for this title, please feel free to add one."
"AquaZone Option Disk Series 5: False Rummy","","Region Not Set","","","9003","1996-12-06","1","No","Utility","Not Rated","No overview is currently available for this title, please feel free to add one."
"Arcana Strikes","","Region Not Set","","Takara","Red Company | 																Takara","1997-12-11","1","No","Strategy","E - Everyone","No overview is currently available for this title, please feel free to add one."
"Area 51","","Region Not Set","","Midway Games","Mesa Logic | 																Perfect Entertainment | 																Tantalus","1996-11-20","2","No","Shooter","M - Mature 17+","The plot of the game involves the player (Peterson) taking part in a STAAR (Strategic Tactical Advanced Alien Response) military incursion to prevent aliens, known as the Kronn, and alien-created zombies from taking over the Area 51 military facility.

This game takes the player through several sections of the facility, including a warehouse and underground tunnels. The player is tasked, along with fellow STAAR members, to penetrate Area 51 and activate the nuclear self-destruct sequence. The player must kill all of the genetically altered soldiers and aliens without harming any allied STAAR team members (at the cost of one life point), however if nothing but three STAAR team members are shot, the Kronn Hunter will be started, taking the role of a Hunter, sent by the Kronn to eliminate the rebels. None of the actual aliens will appear until the office level.
 
There are five types of different weaponry available to the player during the course of the game. While the player is only given a semi-automatic pistol in the beginning, weapon upgrades are available as targets throughout the game. The pistol can be upgraded to an automatic machine gun, a pump shotgun, and finally an automatic shotgun. The shotgun weaponry allows a greater field of error for targeting an enemy in able to kill it. Both the machine gun and automatic shotgun allow the player to keep the trigger pressed down to unleash rounds. If the player is hit by the enemy at any time, the weapon is downgraded back to the pistol. The player will also find grenades in crates and bonus rooms which, when used, destroys most on screen enemies at once. The player can hold a max of 9 grenades. In addition, yellow boxes and barrels marked with ""flammable"" warning symbols can be shot to cause fires or explosions that can harm enemies."
"Arthur to Astaroth no Nazo-Makai-Mura: Incredible Toons","アーサーとアスタロトの謎魔界村 インクレディブルトゥーンズ","Region Not Set","","Capcom","Capcom | 																Dynamix, Inc. | 																Magical Formation","1996-08-30","1","No","Puzzle","Not Rated","Prin-Prin is kidnapped by Astaroth, so the valiant knight Arthur has to save her. To save her, he has to overcome Astaroth's new incredible machine! Along the way, many of Arthur's familiar friends and foes show up to make the puzzles more challenging."
"Assault Rigs","アサルトリグス","Region Not Set","","Softbank Corp.","Perfect Entertainment | 																Psygnosis | 																The Wheelhaus","1997-09-11","1","No","Action | Shooter","Not Rated","In the future, physical sports will be replaced by a violent virtual contest, where a lot of gambling and corporate cash is involved.

Such is the setting for this action-packed game, where you act as a jockey for a virtual tank of massive firepower, called a Rig. Navigate through the maze-like arenas with jumps, elevators and movable blocks. Pick up power-ups to overcome other Rigs, or Gems to advance through more than 40 levels.

Graphics and ambiance are inspired, it seems, by Tron, and place the player in a ""wire framed"" virtual environment. The focus here, though, is not racing, but rather blowing your opponent to oblivion. For that purpose the game gives the player progressively more power and versatility. Mini guns, laser cannons and heat seeking missiles are pretty much standard gear, but it also has a couple of twists of its own: feed your guns bouncing or shattering ammo rounds for added firepower, or experiment with the fly-by-wire missiles, where you remote control it to your target of preference. Shields and turrets are also at your disposal."
"Assault Suit Leynos 2","重装機兵レイノス２ | Juusou Kihei Leynos 2","Region Not Set","","Masaya","NCS Corporation","1997-02-21","2","No","Action | Shooter","Not Rated","The colonies are waging war over the remaining fossil fuels and minerals left on earth, and a team of rebellious warriors go into battle to settle the score once and for all."
"Astal","Kisuishou Densetsu Astal","Region Not Set","","Sega","Sega","1995-09-27","2","Yes","Action | Platform","E - Everyone","Somewhere in the universe, The Goddess Antowas created a world from a single jewel. On this world, Quartilia, she created the sky, earth, and air. To inhabit this world, she created two humans - from a green jewel, a girl: Leda, who has the power to make things live on Quartilia. And from a red Jewel, a boy: Astal, whose purpose was to protect Leda. Content with her creation, Antowas slept.
While she slept, the evil Jerado tried to take over Quartilia. To ensure victory, Jerado created a warrior: Geist. Geist kidnapped Leda, and held her at the bottom of the ocean. In an effort to get her back, Astal tore Quartilia apart, awakening Antowas. As punishment, Antowas banished Astal to Quartilia's moon. Leda took pity on Astal, and gave him her jewel. Once Astal and Jerado were dealt with, Antowas went back to sleep.
However, Geist was still free, and Quartilia was not restored from the changes Jerado wrought. From his prison on the moon, Astal witnessed Geist kidnap Leda again. Consumed with the need to protect her, he freed himself and returned to Quartilia. Now Astal journeys in search of Leda through a Quartilia transformed by Jerado's dark design, along with a strange bird who for some reason just won't leave him alone..."
"Astra Super Stars","アストラスーパースターズ","Region Not Set","","SUNSOFT","Santaclaus | 																Sunsoft","1998-08-06","2","No","Fighting","E - Everyone","Astra Superstars is a 2D versus fighting arcade game illustrated and designed by SANTACLAUS, developed and published by Sunsoft, and distributed by Tecmo in Japan.  It is powered by the Sega Saturn-based ST-V (Sega Titan Video) arcade system. Astra Superstars is an airborne-based fighting game.

This version features the same ""Story Mode"" and 1P VS. 2P modes from the arcade, it also features seven exclusive modes. ""1P VS. COM"", ""COM VS. COM"", ""Character Profile"", ""Option Mode"", and ""Illust Gallery"".  In ""Story Mode"", at the beginning of each battle, the player must converse with the opponent by selecting one of three sentences. Depending on which sentence is selected, the CPU-controlled opponent will either ""Heat Up"" (become hard), ""Cool Down"" (become easy) or stay neutral before fighting (no difficulty change). Depending on what is said, the player can encounter the Devil (based on bad judgment of character) or the Angel (based on good judgement of character) to fight before the final boss, though the Angel requires the player to judge their opponent well and not have any hiccups, or else the Devil will inevitably show up, should just one choice be bad."
"Asuka 120% Limited: Burning Fest. Limited","Asuka 120% Limited","Region Not Set","","Kodansha Ltd.","Fill-in-Cafe","1997-10-09","2","No","Action | Fighting","Not Rated","Every year, during the prestigious all-girls' school Ryouran Academy's culture festival, a fighting tournament is held, with representatives from each of the school's clubs duking it out to determine what the school's priorities for club funding will be for the next year. Naturally, the more athletically-inclined clubs tend to place higher than the culturally-inclined ones, with the Chemistry Club in particular suffering from a humiliating string of losses in the tournament prelims...

Enter one Asuka Honda, scouted in middle school by the current Chemistry Club president and subjected to a year's worth of Training from Hell in order to be the Chemistry Club's secret weapon. Making it past the prelims, Asuka enters into the final tournament, where she and a host of girls all vying to improve their club's standings will face off."
"Athlete Kings","DecAthlete for SegaNet | DecAthlete","Region Not Set","","Sega Sports","Sega","1996-01-01","2","No","Sports","E - Everyone","Athlete Kings is a conversion of the 1995 Sega coin-op Decathlete in which you get to compete in all 10 events involved in a Decathlon. The game is split into two modes. First is the Decathlon mode itself in which you can play through all 10 events in standard order. 

Points are awarded for your performance in each event and, when completed, you will be rewarded with your final decathlon score. There is also Arcade Mode which, unsurprisingly, is a straight port of the arcade game. 
In this you can select which of 5 events you want to play from day one but must achieve a qualifying mark on that event in order to progress. Once you've qualified from all five events you then move on to the next five in day 2."
"Atlantis: The Lost Tales","Atlantis : Secrets d'un monde oublié","Region Not Set","","Sega","Cryo Interactive Entertainment","1998-06-01","1","No","Adventure","E10+ - Everyone 10+","Travel in time and step into the world of Atlantis, a civilization rich in wonder and sophistication. Reigning over this island of peace and plenty is Queen Rhea who has mysteriously disappeared. Find the truth by entering the life of a young hero named Seth and solve the mysteries of this fascinating universe. Atlantis will immerse you with its award winning 3D graphics, puzzling gameplay and engaging story."
"Ayakashi Ninden Kunoichiban Plus","あやかし忍伝くの一番　プラス","Region Not Set","","Shoeisha Co., Ltd.","Shoeisha | 																Sugeeya | 																Zero System","1998-04-09","1","No","Life Simulation","E - Everyone","There is a world where shinobi (ninja and kunoichi) are recognized. The story centers around Kaede, who enters Princess Yuri School (Himeyuri Gakuen) and offers assistance to three girls for one year, who happen to be guardians. The top graduate is given a special privilege to become a freelance Shinobi. After entering, Kaede strives to serve a favorite person for one year."
"Ayrton Senna Personal Talk: Message for the future","","Region Not Set","","Sega","Sega","1995-04-28","1","No","Sports","E - Everyone","No overview is currently available for this title, please feel free to add one."
"Azel: Panzer Dragoon RPG","Panzer Dragoon Saga","Other","Japan","Sega","Sega CS1 | 																Team Andromeda","1998-01-29","1","No","Adventure | Role-Playing","T - Teen","Panzer Dragoon Saga, known in Japan as Azel: Panzer Dragoon RPG, is a 1998 role-playing video game developed by Team Andromeda and published by Sega for the Sega Saturn. The third in the Panzer Dragoon series, it replaced the games' rail shooter gameplay with RPG elements such as random encounters, semi-turn-based battles and free-roaming exploration. The player controls Edge, a young mercenary who rides a dragon and encounters a mysterious girl from a vanished civilization."
"BackGuiner: Yomigaeru Yuusha-tachi: Hishou-hen Uragiri no Senjou","バックガイナー　～よみがえる勇者たち～　飛翔編「うらぎりの戦場」","Region Not Set","","Ving","Ving","1998-10-01","1","No","Strategy","E - Everyone","At the beginning of the 21st century, although scientifically developed, daily life continues to be as peaceful as ever.
At that time, mysterious incidents such as the disappearance of humans and the appearance of monsters begin to occur here in Japan.
The cause was not generally known, and critics treated it in a funny way every day in the press.
However, in the shadow, the Metropolitan Police Department special police riot police (commonly known as special riot police) was formed to investigate and resolve this case independently, and was active by making full use of humanoid weapons.
One day, ""Shin"" and ""Natsumi"" who were attending school as usual encounter a traffic blockade of the riot police.
The usual quiet morning was disturbed by the news helicopters flying in the sky. What they saw there was a special police shell and a monster jumping out between the buildings.
In order to help ""Natsumi"" who was injured and stuck in the explosion of the news helicopter that was shot down, ""Shin"" boarded the abandoned shell ""Ribral""."
"BackGuiner: Yomigaeru Yuusha-tachi: Kakusei-hen Guiner Tensei","","Region Not Set","","Ving","Ving","1998-07-30","1","No","Life Simulation","Not Rated","No overview is currently available for this title, please feel free to add one."
"Baku Baku","Baku Baku Animal","PAL","United Kingdom of Great Britain and Northern Ireland","Sega","Sega AM3 R&D Division","1996-07-07","2","No","Puzzle","E - Everyone","You're the zookeeper in a crazy kingdom. But you'd better watch out - once you dive into the Baku Baku den, there's no turning back... To win, match each animal with its favorite food. Challenge computer characters or go head-to-head in 2-player mode. Beautiful 3D graphics and stunning colors bring puzzling to the next level. Variable game speed lets you go slow-mo or full throttle. Better be clever - surprises await true Baku masters..."
"Baku Baku Animal Sekai Shiikugakari Senshuken","","NTSC-J","Japan","Sega","Sega AM3 R&D Division","1995-11-10","2","Yes","Puzzle","E - Everyone","No overview is currently available for this title, please feel free to add one."
"Bakuretsu Hunter","","Region Not Set","","I'Max Corp.","I'Max","1996-04-26","1","No","Adventure","Not Rated","No overview is currently available for this title, please feel free to add one."
"Bakuretsu Hunter R","","Region Not Set","","King Records","Star Child","1997-08-08","2","No","Role-Playing","M - Mature 17+","No overview is currently available for this title, please feel free to add one."
"Bakushou!! All Yoshimoto Quiz Ou Ketteisen DX","","Region Not Set","","Yoshimoto Kogyo","Yoshimoto Kogyo","1995-12-01","4","No","Quiz","Not Rated","No overview is currently available for this title, please feel free to add one."
"Baldy Land","","Region Not Set","","Banpresto Co., Ltd.","Creative Edge Studios, Inc.","1998-11-26","1","No","Life Simulation","Not Rated","No overview is currently available for this title, please feel free to add one."
"Baroque","バロック","Region Not Set","","Entertainment Software Publishing | 																Sting","Sting Entertainment","1998-05-21","1","No","Role-Playing","Not Rated","From now on, that incident was a sign of a big heat wave. Even after 2000 AD, the premonition of the end of the century did not disappear. Bizarre incidents occur frequently. There are constant rumors that monsters called variants are killing people. The boys are enthusiastic about the non-existent heroine. Creepy new religions gain power. A variant killing unit is established. Life expectancy is terribly reduced. Abnormal crimes called baroque murder occur frequently. And a huge disaster struck the earth. A disaster that the survivors called a big heat wave. It was a disaster I had never experienced before. It was distorted, twisted, and crumbled. People are no longer people, and everything is distorted.
The world has collapsed.

What was the tower in the nerve tower . A tower that continues to distort, twist, and change due to large heat waves. People have rumored that the cause of the great heat wave is in this tower. The tower was called this way.
Nervous tower.
Many argued that this world could be healed if the nerve tower was managed. But no one was already approaching the nerve tower to save this distorted world.

How can I be forgiven? The hero loses his memory and continues to feel guilty. The man with wings says. Your sins are forgiven by healing the world. To heal sin, to heal the world, the hero goes to the nerve tower."
"Bases Loaded '96: Double Header","Moero!! Pro Yakyuu '95: Double Header","Region Not Set","","Jaleco Ltd.","Jaleco Ltd.","1995-11-22","2","No","Sports","E - Everyone","Bases Loaded '96: Double Header is a Baseball Sim game, developed and published by Jaleco Entertainment, which was released in 1995."
"Batman Forever: The Arcade Game","","Region Not Set","","Acclaim Entertainment, Inc.","Iguana Entertainment","1996-11-21","1","No","Action | Fighting","E - Everyone","It's a fight to the finish as Batman and Robin take on the dark side of Gotham City's underworld! Power-Up with devastating special moves and gadgets, then master the unique combo system which allows up to 400 hits! Batman Forever the Arcade Game - 100% computer-rendered street brawling arcade action!"
"Batsugun","","NTSC-J","Japan","Banpresto Co., Ltd.","Gazelle","1996-10-25","2","No","Shooter","Not Rated","Batsugun (バツグン Batsugun?) is a vertically scrolling shoot 'em up video game created by the now-defunct Japanese game developer Toaplan. The title translates to ""exceptional"" or ""extraordinary"".

Originally developed for the arcade, Batsugun was first released in 1993. A second edition named Batsugun Special Version was shown at the AOU (Arcade Operators Union) show in Japan but was never released as Toaplan slid into bankruptcy. After Toaplan's bankruptcy, the Special Version appeared on the secondhand market. The two revisions were released on the Sega Saturn in 1996 as a single package coded by Toaplan offshoot Gazelle.

Heralded by some as the first ""manic shooter"", Batsugun's development involved employees who would go on to form and work at Cave and continue to work in this subgenre. This includes the game's chief programmer Tsuneki Ikeda. Batsugun saw an evolution in the use of complex enemy wave and bullet patterns, and player firepower and hit-box.

The Special Edition featured a number of changes including a smaller hitbox, a shield protecting the player from one hit, more powerful bombs, new scoring items, and the addition of multiple game rounds or loops of increasing difficulty.

The Saturn releases are nearly the same but differ from the arcade versions in subtle ways, including rearranged music and lack of slowdown in some cases which can make the game more difficult."
"Battle Arena Toshinden Remix","闘神伝Ｓ | Toshinden S","Region Not Set","","Sega | 																Takara","Nextech | 																Takara | 																Tamsoft Corporation","1996-03-27","2","No","Action | Fighting","T - Teen","Be prepared to meet your maker! Anything goes in this 360-degree tournament fighter - upgraded for Sega Saturn. You've got to pulverize all 9 opponents - including the never-before-seen Kupeed - with a vast array of special combo moves and expert weapons skills! Losing means paying the ultimate price - your life! Includes a never-before-seen new character and tons of deadly new moves! If you are successful, even greater challenges await you as hidden challengers emerge to take you on!"
"Battle Arena: Toshinden URA","","Region Not Set","","Sega | 																Takara","Nextech | 																Tamsoft Corporation","1996-11-14","2","No","Action | Fighting","T - Teen","The Toshinden Tournament is over. Through the battles some of the fighters have uncovered much about the shadowy events surrounding their lives. But the others now head home with little more than a few bruises and unfulfilled dreams. None of them, however, are aware that a new battle is about to begin.

Throughout the world, martial arts experts are disappearing. Police from various nations are cooperating in an international manhunt to find the criminal responsible for the murders. Yet no motive has been established, and there is little evidence available. A wave of terror has struck the world, and now even the strongest and bravest of fighters are not safe.

The former contestants of the Toshinden Tournament find themselves in a world gone mad. It is not inconceivable that one of them is responsible for the current chaos. But who is behind the disappearances, and for what purpose? All of the fighters came to the Toshinden Tournament for different reasons, but they are all fighting for the same reason now: SURVIVAL."
"Battle Athletess Daiundoukai","バトルアスリーテス　大運動会","Region Not Set","","Increment P Corp.","AIC | 																Increment P","1996-12-13","1","No","Life Simulation","Not Rated","No overview is currently available for this title, please feel free to add one."
"Battle Garegga","","Region Not Set","","Electronic Arts","Eighting Co., Ltd. | 																Raizing","1998-02-26","2","No","Action | Shooter","Not Rated","Battle Garegga is an Action game, developed by Eighting/Raizing and published by Electronic Arts, which was released in Japan in 1998."
"Battle Monsters","","Region Not Set","","Acclaim Entertainment, Inc.","Scarab","1996-08-30","2","No","Fighting","T - Teen","There's a rumble in Hell... AND YOU'RE INVITED!

Twelve psychotic monsters fight fist-and-fang in the darkest, goriest head-to-head combat EVER!
In bone-chilling, interactive, multi-leveled environments, the beasts of the undead trade claw-fulls of sickening supermoves in their bid to rule the underworld.
Overflowing with GUTS, DROOL, and SLIME...
Battle Monsters is multi-hit, mid-air fighting bloodlust...

Feeling lucky, FREAK?"
"Battle Stations","","Region Not Set","","Electronic Arts","Realtime Associates","1997-05-21","2","No","Strategy","E - Everyone","Battlestations is a title where you take control of your own fleet, ranging from patrol boats and mine layers to battleships and aircraft carriers. You'll get to pick any of the ten missions right away, all of which have a different challenge to encounter, like protecting your base from troop transports, and a mission where you'll have to prevent poachers from killing whales. You'll also get to pick from five commanders to fight against, all of which have stereotypical strengths and weaknesses. Afterwards, you'll go right to the mission, where you'll be able to navigate your ship silhouettes on a 2D, radar-esque map."
"BattleSport","","Region Not Set","","Acclaim Entertainment, Inc.","Studio 3DO","1997-05-01","2","No","Sports","E - Everyone","BattleSport is a Futuristic Sports game, developed and published by Acclaim, which was released in 1997."
"Beach de Reach!","","Region Not Set","","Mainichi Communications","Natsu System","1998-08-20","1","No","Strategy | Board","Not Rated","No overview is currently available for this title, please feel free to add one."
"Big Ichigeki! Pachi-Slot Daikouryaku: Universal Museum","","NTSC-J","Japan","Ask Kodansha","Nihon Syscom","1996-06-14","1","No","Strategy","Not Rated","Big Ichigeki! Pachislot Daikouryaku ~Universal Museum~ (ビッグ一撃！パチスロ大攻略　ユニバーサル・ミュージアム) is a Board - Pachinko game, developed by Universal Sales Co., Ltd. / Nihon Syscom / Ask Kodansha and published by Ask Kodansha, which was released in Japan in 1996 for the Sega Saturn."
"Big Thanks Super Keirin: Dream With Keirin 50 Years","Super Keirin | ＢＩＧ　ＴＨＡＮＫＳ　ＳＵＰＥＲ　ＫＥＩＲＩＮ　スーパーケイリン","Region Not Set","","Vap Inc.","Aspect Co. Ltd.","1997-01-01","1","No","Sports | Vehicle Simulation","Not Rated","No overview is currently available for this title, please feel free to add one."
"Bishoujo Hanafuda Kikou Michinoku Hitou Koi Monogatari Special","","Region Not Set","","FOG","O-Two","1997-12-11","1","No","Adventure","M - Mature 17+","No overview is currently available for this title, please feel free to add one."
"Bishoujo Senshi Sailor Moon Super S: Various Emotion","美少女戦士セーラームーンSS Various Emotion | Sailor Moon SuperS: Various Emotion","Region Not Set","","Angel","Visual Sciences","1996-11-29","2","No","Fighting","E - Everyone","Various Emotion was ported based on the PlayStation ""True Battle for the Leading Role"", but some of the content is different. A new animation has been inserted into story mode. A transformation movie of Sailor Saturn, which did not exist in the main part of the animation, has been seen, and it was added as a planet mark even in the determined pose of the transformation bank scene of the three outer solar system warriors. In addition, one new technique has been added to Uranus, Neptune, Pluto, and Saturn."
"Bishoujo Variety Game: Rapyulus Panic","","Region Not Set","","BMG Victor | 																Shoeisha Co., Ltd.","Shoeisha","1996-04-26","1","No","Party","Not Rated","No overview is currently available for this title, please feel free to add one."
"Black Dawn","","NTSC","United States of America","Virgin Interactive Entertainment, Inc.","Black Ops Entertainment | 																Point of View, Inc.","1996-01-06","1","No","Shooter","T - Teen","Set in 1998, the player controls a helicopter ace recruited into a black ops counterterrorism strike force named Operation Black Dawn. The player pilots the agile AH-69 Mohawk, an advanced combat helicopter with a powerful arsenal of weaponry. The game consists of seven campaigns that take place in different areas, and each campaign has a number of different missions. In addition to search-and-destroy objectives, there are hostages that require saving. The game has drawn comparisons with Soviet Strike, another helicopter simulator released in the same year. However, Black Dawn resembles an arcade game rather than a typical simulator, not least because various power-ups are obtained from destroyed enemies."
"Black Fire","","Region Not Set","","Sega | 																Virgin Interactive Entertainment, Inc.","NovaLogic, Inc. | 																Sega Away Team","1995-12-22","1","No","Shooter","E - Everyone","In Black Fire, the player takes control of the most sophisticated helicopter on the planet taking on a very dangerous enemy. The player's helicopter is state of the art, but the enemy they are fighting has acquired alien technology and is using it to try and conquer the world and it is up to the player to use all the flying skill they have and try to stop them.

Black Fire is rendered in 3-D and has a 360 degree field to maneuver. The chopper is outfitted with missiles and machine guns and flies through 15 levels, destroying enemy targets and providing support to allied units with the story told through CGI cutscenes."
"Black/Matrix","","Region Not Set","","NEC Interchannel","Flight-Plan","1998-08-27","1","No","Life Simulation","Not Rated","No overview is currently available for this title, please feel free to add one."
"Blast Chamber","","Region Not Set","","Activision","Attention to Detail Limited","1996-12-20","4","No","Action","T - Teen","In the deathmatch of the future, your uniform is a time bomb. Sealed in the 3D rotating Blast Chamber, you strive to cheat death as walls become floors and floors become ceilings. Time counts down while you and up to three opponents scramble madly to control the one thing that can save you - the crystal. Extend your life or shorten your opponents' to avoid a fiery death. Want to play?"
"Blast Wind","","Region Not Set","","TecnoSoft","Tecnosoft","1997-01-17","2","No","Action | Shooter","Not Rated","Blast Wind (ブラストウインド) is a shoot-'em-up game released exclusively in Japan for the Sega Saturn in 1997."
"Blazing Dragons","","Region Not Set","","Crystal Dynamics, Inc.","The Illusions Gaming Company","1996-06-18","1","No","Adventure","E - Everyone","A video game based on the television series was created for the Sega Saturn and PlayStation consoles. In a twist on the legend of King Arthur, the player controls Flicker, who lives in Camelhot castle and is in love with Princess Flame, but is not eligible to ask for her hand in marriage because he is not a knight. However, the King has announced a dragon tournament, where the winner will not only win the princess but also become the new king.
 
As a young Flicker, the player must collect various objects and interact with an eccentric cast of dragon and human characters in order to solve puzzles. The player's overall quest is to become a dragon knight to compete in the grand tournament and win the heart of Princess Flame. However, the player discovers an evil human plot to take over the kingdom by kidnapping the princess.
 
As is the case with many other graphic adventure games, the player can never die in the game or reach a point in the game where a puzzle cannot be solved. The humour in the game is heavily influenced by the British comedy of Monty Python (the game starring former Monty Python actor Terry Jones) and thus includes plenty of mild sexual innuendos, and other shenanigans.
 
While the video game leaves open the possibility for a sequel, no sequel for the game was planned."
"Blazing Heroes","Mystaria: The Realms of Lore | Riglord Saga","Region Not Set","","Sega","Micro Cabin Co.","1995-11-01","1","No","Role-Playing | Strategy","E - Everyone","Mystaria, once a land of peace and serenity, is now embroiled in turmoil. The evil Lord Bane and his ruthless band of marauders have overtaken the four kingdoms that rule this land. Now you must rely on the special powers of a Prince, a Ninja, a Lion man and others to reclaim your kingdoms and regain control of this beautiful land you once called your own! Breathtaking 3D graphics plus changing views and perspectives pull you into the action. Characters learn special attacks with each battle - over 250 attacks in all! Use a vast array of spells in your quest to conquer the evil Lord Bane and over 50 monsters and enemies."
"Blood Factory","Loaded","NTSC-J","","Interplay","Gremlin Interactive Ltd.","1996-10-31","2","No","Action","Not Rated","Take on the psychotic persona of one of six chronically pissed-off homicidal mutants and blast out of the brutal planet RAULF so you can slash and splatter your way across a lawless and unforgiving 3D morphing galaxy. Radical terrain-morphing effects turn the laws of physics upside down. Blister the ground beneath your feet, create huge explosions, send shock waves of death, and more! Create awesome explosions with Sonic Blasts, Frag Missiles, Neutron Spheres and other unique and devastating weaponry!"
"Blue Breaker: Ken yorimo Hohoemi wo","ブルーブレイカー 〜剣よりも微笑みを〜","Region Not Set","","Human Entertainment, Inc.","HuneX | 																NEC Home Electronics | 																Success Corp.","1997-11-27","1","No","Role-Playing","E - Everyone","The world of Blue Breaker is called ""the path in the middle of empty sky"": floating islands connected with each other by bridges. It is the tradition of the people in this world that a fighter's full initiation can be completed only when he finds his true love and marries her. Such day has come now in the life a young warrior named Kain, the hero of the game. His father explains to him that besides the usual warrior's goal of defeating the evil Dark Lord, Kain also has to find the girl of his dreams. He introduces to him a young sorceress named Asha, who becomes his first companion. But on his journey Kain meets many other young women, and it won't be so easy to choose one to whom he can give his heart!

Labeled as Love Role-Playing, ""Blue Breaker"" is a genre-crossing game that combines traditional Japanese RPG with town and dungeon exploration, party-based combat, etc., with ""love adventure"", in which your behavior towards girls influences the story. ""Blue Breaker"" features branching story progressing: events appear depending on the progress you have made with your female companions. Your typical RPG activities will influence your relationship with the girls. For example, if you fight too much, the girls will be tired; if you give a girl too many orders in battle (you can set battle in auto mode and only interfere occasionally) she will be displeased, and so on. It is also important to form a party in which the girls will have as few internal conflicts with each other as possible."
"Blue Seed: Kushinada Hirokuden","","Region Not Set","","Sega","Sega CS1 | 																SIMS Co., Ltd.","1995-06-23","1","No","Role-Playing","M - Mature 17+","No overview is currently available for this title, please feel free to add one."
"Body Special 264: Girls in Motion Puzzle Vol. 2","","Region Not Set","","Yanoman Corporation","Japan Media Programming","1996-08-02","2","No","Puzzle","M - Mature 17+","No overview is currently available for this title, please feel free to add one."
"Bokan to Ippatsu! Doronbo Kanpekihen","","Region Not Set","","Banpresto Co., Ltd.","","1997-09-25","1","No","Shooter","E - Everyone","Shmup"
"Bomberman Wars","","Region Not Set","","Hudson Entertainment, Inc.","Metro Corporation","1998-04-16","2","No","Role-Playing","Not Rated","Bomberman Wars is a video game in the Bomberman series released for the Sega Saturn and PlayStation on April 16, 1998. The main character is King Bomber who rules over his kingdom. The object of the game is to conquer all the pieces of the Bomber country. Eventually you fight the main villain, Bagular, and his four henchmen.

This is one of the earliest games in the Bomberman series to stray away from its party game roots and focus more on the single player component (though it did have a VS mode). It is the third Bomberman game for the Saturn, and the second for the PlayStation."
"Bootleg Sampler","","NTSC","","Sega","Sega","1995-05-11","1","No","Platform","T - Teen","Bootleg Sampler, despite its name, is an official Sega Saturn demo disc packaged with new consoles for a period in both North America and Europe. Like later demo discs, it features a number of playable demos and movie clips."
"Bottom of the 9th","","Region Not Set","","Konami","Konami","1996-10-18","2","No","Sports","E - Everyone","Bottom of the 9th is a baseball game by Konami for the Sega Saturn, PlayStation and the Nintendo 64. It is a heavily updated version of Konami's 1989 arcade game Bottom of the Ninth [1]. It was originally released for the Sega Saturn."
"Bouken Katsugeki Monomono","","Region Not Set","","Shoeisha Co., Ltd.","Shoeisha","1997-07-24","1","No","Role-Playing","Not Rated","No overview is currently available for this title, please feel free to add one."
"Brain Dead 13","","Region Not Set","","Coconuts Japan Entertainment Co., Ltd. | 																ReadySoft Incorporated","ReadySoft Incorporated","1996-09-30","1","No","Action","E - Everyone","As Lance, the world's hippest computer repair guru, you're called to the mysterious castle of the disembodied brain, Dr. Nero Neurosis. You learn of the Doctor's master plan... There's no turning back now! Race through the evil playground of the demented Doctor's twisted castle and battle the ultimate mishaps of science: Moose, Vivi, and Fritz, the half-human half-pet of Dr. Neurosis."
"Break Point Tennis","Break Point","Region Not Set","","Ocean Software Ltd.","Enigma Variations Ltd | 																Ocean Software Ltd.","1996-11-21","4","Yes","Sports","E - Everyone","When the game is on the line, you need blistering service returns, ball hammering ground strokes and an impenetrable net game. You need Break Point Tennis. 8 Adrenaline charged players vie for international supremacy on grass, clay, asphalt and indoor surfaces."
"BreakThru!","","Region Not Set","","BMG Victor | 																Spectrum Holobyte, Inc.","Shoeisha | 																ZOO Corporation","1995-09-22","2","No","Puzzle","Not Rated","BreakThru! (ブレイクスルー?) is a tile-matching puzzle video game released for the Windows and DOS in 1994. It was created by the Japanese company Zoo Corporation and published by Spectrum HoloByte,[1] exclusively for the North American market.

The game would later be re-released on a number of different platforms. In the same year the game was ported for the Super NES[2] and the original Game Boy.[3] These two versions were developed by different companies and published by Spectrum HoloByte in North America.[2][3] A year later, Shoeisha ported/published the game in Japan for the Sega Saturn and PlayStation."
"Bubble Bobble also featuring Rainbow Islands","","Region Not Set","","Acclaim Entertainment, Inc. | 																Taito Corporation","Probe Entertainment | 																Taito Corporation","1996-09-03","2","No","Action | Platform","E - Everyone","In the game, each player controls one of the two Bubble Dragons, Bub and Bob. The player can move along platforms, as well as jump from one platform to that above, or to the side, in a similar way to most platform games. The player can also blow bubbles. These can trap enemies, who are defeated if the bubble is then burst by the player's spiny back. The bubbles also float for a time before bursting, and can be jumped on, allowing access to otherwise inaccessible areas. Players progress to the next level once all enemies on the current level are defeated. Enemies turn ""angry"" – becoming pink-colored and moving faster – if they are the last enemy remaining, escape from a bubble after being left too long, or a certain amount of time has been spent on the current level. After a further time limit expires, an additional invincible enemy appears for each player, actively chasing them using only vertical and horizontal movements. These do not need to be defeated to complete the level, but disappear once a player's life is lost. Contact with an enemy is deadly, resulting in the loss of a life."
"Bubble Symphony","","Region Not Set","","Ving","Taito Corporation | 																Ving","1997-11-27","2","No","Action | Platform","Not Rated","Bubble Symphony (バブルシンフォニー Baburu Shinfonī?), also known as Bubble Bobble II (バブルボブルII Baburu Boburu II?), is an arcade video game in the Bubble Bobble series developed by Taito in 1994.[2] While being a new Bubble Bobble for a new generation, in actuality it takes place after Parasol Stars."
"Bug Too!","","Region Not Set","","Sega","Realtime Associates, Inc.","1996-12-06","2","No","Action | Platform","E - Everyone","Bug Too! was a third person platform/adventure game, and has lots of console-style play mechanics. The player can play as Bug and/or his 2 new sidekicks, Maggot Dog and Super Fly. The player goes through several new 3D worlds, all of which are parodies of movies. The player must defeat the themed villains through all of the environments to make Bug's homeland safe once again."
"Bug!","","NTSC-J","Japan","Sega","Realtime Associates","1995-12-08","1","No","Platform","Not Rated","No overview is currently available for this title, please feel free to add one."
"Bug! Video Game Sampler","","NTSC-U","United States of America","Sega","Beam Software | 																Realtime Associates","1995-05-15","1","No","Platform","E - Everyone","Bug! is a platform video game developed by Realtime Associates and published by Sega originally for its console, the Sega Saturn. It was first released in North America, in 1995, just weeks after the Saturn's launch there; in Europe on September 15, 1995; and, in Japan, on December 8 the same year."
"Bulk Slash","","Region Not Set","","Hudson Entertainment, Inc.","CAProductions Co. Ltd.","1997-07-11","1","No","Action | Adventure | Shooter","Not Rated","After the great galactic war ends, the planet Blau and its citizens are oppressed and discriminated against by the victors. Former military chief Alois Gardona enacts a coup d'état, to bring Blau back to power, and so a coalition of planets is rallied to put a stop to them. As Chris Dori you are an S.D.F. pilot who must single-handedly win the war."
"Burning Rangers","","NTSC-U","United States of America","Sega of America, Inc.","Sonic Team","1998-06-03","1","No","Action | Shooter | Platform","E - Everyone","Burning Rangers is a 1998 Saturn video game developed by Sonic Team and released by Sega of America in the USA on June 3, 1998.

Sonic Team brings you the fire fighting heroes of the future... The Burning Rangers. In the life of a Burning Ranger, danger lurks around every corner, and you'll find there are many. Hazardous missions await you, the prime objective being to save the lives of helpless survivors. You will be assisted by an advanced voice navigation system, but the rest is up to you. You must think fast and act quickly if you are to save the day. Scorching graphics, intense gameplay, thrills without the kills... go for it!"
"Bust-A-Move 2: Arcade Edition","","Region Not Set","","Acclaim Entertainment, Inc. | 																Taito Corporation","Taito Corporation","1996-09-24","2","No","Puzzle","E - Everyone","Puzzle Bobble 2 is the first sequel to ""Puzzle Bobble"". It was entitled in Europe and North America as Bust-A-Move Again on the arcade and Bust-A-Move 2 on the home consoles. Released into the arcades in 1995, PlayStation, Sega Saturn, Nintendo 64 and PC conversions followed. The game was included in Taito Legends 2, but the US arcade version was included on US PS2 version instead. The game is a spin-off from Bubble Bobble.

The game builds on the original by adding a tournament style variation on the two player game for play against the computer and by adding a branching map to the one player game, allowing the player to periodically select one of two groups of five levels to play next, leading to different game endings. Some of the contestants in the new tournament mode are based on characters from Bubble Bobble, including variations on a Monsta and a Mighta.

Some versions of the game, including the PlayStation, feature time trial competitions in which a single player attempts to finish simple rounds quickly enough to beat previous time records or two players simultaneously attempt to beat the records and each other.

Completion of the single player game gives the player a code which can be entered to unlock 'Another World' for the single player game, which features subtle changes to the existing levels to increase their difficulty and changes to all backdrops to resemble levels from Bubble Bobble. The various enemies from Bubble Bobble also make an appearance in the background of the credits sequence."
"Bust-A-Move 3","Puzzle Bobble 3","Region Not Set","","Acclaim Entertainment, Inc. | 																Natsume | 																Sega | 																Taito Corporation","Taito Corporation","1997-12-11","2","No","Puzzle","E - Everyone","Link 3 or more colored bubbles by shooting an identical colored bubble. When they are joined together, they pop.

This game completely abandons the idea of previous titles that the playfield is being pushed down by some sort of mechanical device and instead attaches groups of bubbles to nodes that move downwards. When a node is no longer connected to any bubbles it will disappear and when all nodes in a level have vanished the level is complete. One result of this change that may appear strange to players of previous versions is that shooting a bubble to the top of the visible playfield without striking any bubbles causes it to bounce and start travelling back downwards. The player is not penalised if such bubbles again leave the playing field without attaching to anything (except for adding to the number of moves until the field is pushed down by one empty line)."
"Can Can Bunny Extra","きゃんきゃんバニー　エクストラ","Region Not Set","","KID Corp.","Cocktail Soft | 																Stack","1997-10-02","1","No","Life Simulation","M - Mature 17+","Looking at him, he ain't much. But Kenta scores with every girl he meets. Why, Well, he has a love-struck goddess who's decided to help him out. After the celestial sweetie takes a shine to him, she grants him the ability to seduce seven different women to find out which one is his true love, and in the end, it is a big surprise who his actual true love is."
"Can Can Bunny Premiere","きゃんきゃんバニー プルミエール","NTSC-J","Japan","KID Corp.","Cocktail Soft | 																Stack","1996-04-05","1","No","Adventure | Life Simulation","AO - Adult Only 18+","Can Can Bunny Premiere [ きゃんきゃんバニー プルミエール ] is an adult adventure game developed by Cocktail Soft & Stack and published by Kindle Imagine Develop (KID). The game is a port of the original PC release, and was released exclusively in Japan on the SEGA Saturn.

The player assumes the role of an ordinary Japanese young man who works in a restaurant. One day he comes home and finds seven strange creatures sitting at his table and discussing something you have no clue about. Before you decide to throw the uninvited guests out of your apartment, a beautiful green-haired woman appears. This is the goddess Swatty, and she has power over the Seven Lucky Gods, which the mysterious seven creatures turn out to be. Swatty feels pity for the lonely hero, and decides to help him to find a girlfriend. Can Can Bunny Premiere was the first game in the series to introduce Swatty, whom replaced the previous goddess Ariko.

This game was one of twenty-three Saturn releases to receive SEGA's Red X rating for nudity and sexual situations, although KID elected to use their own rating for the title - a circumstance SEGA allowed at the time as their ratings were optional.

This game received two print runs. The first, T-19701G, released on the 5th of April, 1996 for ¥5,974. The second, T-19704G and referred to by it's subtitle as (サンキューソフト) or ""Thank You Soft,"" was released on the 13th of December, 1996. The only changes between the two prints are the markings on the manual and separate artwork on the disc presses."
"Can Can Bunny Premiere 2","きゃんきゃんバニー　プルミエール２","Region Not Set","","KID Corp.","Cocktail Soft","1996-12-20","1","No","Adventure | Life Simulation","M - Mature 17+","You are one single lonely guy who wants a girlfriend. And when you went home a huge explosion occurred. Inside your room, you saw seven little midgets: the Japanese Gods of Luck. Along with them was a beautiful girl with green hair and she gave you something which she called the ""Star of Guidance"". The next day you ran into some cute girl, and mysteriously, the ""Star of Guidance"" glowed..."
"can can music bunny premiere","","Region Not Set","","Waka Manufacturing","KID Corp.","1996-04-05","1","No","Adventure","M - Mature 17+","No overview is currently available for this title, please feel free to add one."
"Capcom Generation 1","","Region Not Set","","Capcom","Capcom","1998-08-27","2","No","Action | Shooter","Not Rated","1942, 1943, 1943 Kai"
"Capcom Generation 2","","Region Not Set","","Capcom","Capcom","1998-09-23","2","No","Action | Platform","Not Rated","Ghosts'n Goblins, Ghouls'n Ghosts, Super Ghouls'n Ghosts."
"Capcom Generation: Dai 3 Shuu Koko ni Rekishi Hajimaru","","Region Not Set","","Capcom","Capcom","1998-10-15","2","No","Strategy","Not Rated","Exed Exes, Pirate Ship Higemaru, Son Son, Vulgus."
"Capcom Generation: Dai 4 Shuu Kokou no Eiyuu","","Region Not Set","","Capcom","Capcom","1998-11-12","3","No","Shooter","Not Rated","Commando, Mercs, Gun.Smoke."
"Capcom Generation: Dai 5 Shuu Kakutouka-tachi","","Region Not Set","","Capcom","Capcom","1998-12-03","2","No","Fighting","Not Rated","Street Fighter II: The World Warrior, Street Fighter II': Champion Edition, Street Fighter II: Hyper Fighting."
"Casper","","Region Not Set","","Interplay Entertainment Corp.","Funcom","1996-09-27","1","No","Action | Adventure","E - Everyone","Hey! You're not afraid of a challenge, are you? Of course not! You laugh in the face of fear... all three of them. Use your ghostly skills to solve complex puzzles, find secret passageways, hidden clues, and locate the lost pieces of the dismantled Lazarus Machine. Based on the hit movie, including some of the same great 3D animation, hilarious gags and original character voices, CASPER is a challenging adventure for you, your family and your friends! Just remember to choose your friends carefully!"
"Cat the Ripper: 13-ninme no Tanteishi","","Region Not Set","","Tonkin House","Tonkin House","1997-07-18","1","No","Adventure","Not Rated","No overview is currently available for this title, please feel free to add one."
"Center Ring Boxing","Victory Boxing | King of Boxing","Region Not Set","","JVC Musical Industries, Inc.","JVC","1996-01-01","1","No","Sports","E - Everyone","Your goal is to topple the Champ, a perfect fighter who was born to become the heavyweight champion of the world. But, you must defeat 30 Chumps to get to the Champ, and they won't go down without a fight. Work on your jabs, hooks, and uppercuts along with your blocking and footwork. Master the devastating multi-hit combos, and you just might have a shot at the Champ. But will you be good enough?"
"Chaos Control","","Region Not Set","","Infogrames Entertainment | 																Virgin Interactive Entertainment, Inc.","Infogrames","1995-12-29","1","No","Shooter","E10+ - Everyone 10+","No overview is currently available for this title, please feel free to add one."
"Chaos Control Remix","","NTSC-J","Japan","Virgin Interactive Entertainment, Inc.","Infogrames","1997-11-22","1","No","Action | Shooter","Not Rated","No overview is currently available for this title, please feel free to add one."
"Chaos Seed: Fuusui Kairouki","","Region Not Set","","Entertainment Software Publishing","Neverland","1996-03-16","1","No","Role-Playing","Not Rated","No overview is currently available for this title, please feel free to add one."
"Chibi Maruko-Chan no Taisen Pazurudama","","Region Not Set","","Konami","Konami","1995-12-15","2","No","Puzzle","Not Rated","No overview is currently available for this title, please feel free to add one."
"Chisato Moritaka: Watarasebashi/Lala Sunshine","","Region Not Set","","Oracion | 																Sega","Oracion | 																Sega","1997-09-11","1","No","Strategy","Not Rated","No overview is currently available for this title, please feel free to add one."
"Cho Aniki: Kyuukyoku Muteki Ginga Saikyou Otoko","","Region Not Set","","Masaya | 																Nippon Computer System","Pre Stage","1996-03-29","2","No","Action | Shooter","M - Mature 17+","Cho Aniki: Kyuukyoku Muteki Ginga Saikyou Otoko is an Action game, developed by Pre Stage and published by Nippon Computer System, which was released in Japan in 1996."
"Choro Q Park","","Region Not Set","","Takara","Nextech","1998-03-26","2","No","Racing","Not Rated","No overview is currently available for this title, please feel free to add one."
"Chou Aniki - Kyuukyoku... Otoko no Gyakushuu","超兄貴 ～究極…男の逆襲～ | Cho Aniki ~Ultimate... Man's Counterattack~","NTSC-J","Japan","Masaya","","1996-03-29","2","Yes","Shooter","E - Everyone","No overview is currently available for this title, please feel free to add one."
"Choujikuu Yousai Macross: Ai Oboete Imasu ka","The Super Dimension Fortress Macross: Do You Remember Love?","Region Not Set","","Bandai Visual","Big West | 																Emotion Digital Software | 																Scarab","1997-06-06","1","No","Action | Shooter","Not Rated","Choujikuu Yousai Macross: Ai Oboete Imasu ka (超時空要塞マクロス 愛・おぼえていますか) is a horizontally-scrolling shooter for the Sega Saturn released in Japan in 1997 that ties into the Macross franchise.

In the game, the player takes the control of main protagonist Hikaru Ichijyo, as he battles Zentradi units on each stage. The format of the game is a 2D side-scrolling shooter (much like the original Macross game for the Nintendo Family Computer). The player has two basic attacks: Gun Pod and missiles. In addition, the VF-1 Valkyrie unit controlled by the player can transform into Fighter, Gerwalk and Battroid modes during battle."
"Christmas Nights","","NTSC-J","Japan","Sega","Sonic Team","1996-11-22","1","No","Action | Adventure","Not Rated","Christmas NiGHTS into Dreams, also known as Christmas NiGHTS or Christmas NiGHTS Sampler, is a promotional sampler disc of NiGHTS into Dreams that was originally released during the 1996 holiday season for the Sega Saturn. The game follows the story of NiGHTS, Elliot and Claris trying to find the missing star from the Twin Seeds' Christmas tree.

This game was later bundled with the NiGHTS into Dreams HD remasters, where it appears as an unlockable."
"Christmas NiGHTS into Dreams","","NTSC-U","","Sega","Sonic Team","1996-12-12","1","No","Action | Platform","E - Everyone","The story of Christmas Nights follows Elliot and Claris during the holiday season following their adventures with Nights. Though they both enjoy the Christmas season, they feel as if something is missing. Finding that the Christmas Star that usually sits at the top of the Twin Seeds Christmas tree is missing, the pair head off to Nightopia to find it. There, they meet up with Nights again and re-explore Spring Valley, which has now been Christmas-ified due to the kids' dreams of the holiday season. The trio of heroes must now take down a revived Gillwing and retrieve the Christmas Star from his lair.
 
The game uses the Saturn's internal clock to change elements of the game according to the date and time. In November and January, the title screen label ""Nights: Limited Edition"" is changed to ""Winter Nights"", with the lush greenery of the environment being replaced by white snow. During December, ""Christmas Nights"" mode is activated, resulting in further Christmas-themed alterations, such as item boxes becoming Christmas presents, Nightopians dressing in elf costumes, and Christmas trees replacing Ideya captures. The background music is replaced by an instrumental version of ""Jingle Bells"", as well as there being a ""Christmas-like"" rendition of the boss theme. During the ""Winter Nights"" period, the weather in Spring Valley will change according to what hour it is. Other cosmetic changes are visible on New Year's Day, and loading the game on April Fool's Day results in Reala replacing Nights as the playable character."
"Christmas NiGHTS into Dreams [DEMO]","","NTSC-U","Brazil","Sega","Sonic Team","1996-12-12","1","No","Action | Platform","E - Everyone","The story of Christmas Nights follows Elliot and Claris during the holiday season following their adventures with Nights. Though they both enjoy the Christmas season, they feel as if something is missing. Finding that the Christmas Star that usually sits at the top of the Twin Seeds Christmas tree is missing, the pair head off to Nightopia to find it. There, they meet up with Nights again and re-explore Spring Valley, which has now been Christmas-ified due to the kids' dreams of the holiday season. The trio of heroes must now take down a revived Gillwing and retrieve the Christmas Star from his lair.
 
The game uses the Saturn's internal clock to change elements of the game according to the date and time. In November and January, the title screen label ""Nights: Limited Edition"" is changed to ""Winter Nights"", with the lush greenery of the environment being replaced by white snow. During December, ""Christmas Nights"" mode is activated, resulting in further Christmas-themed alterations, such as item boxes becoming Christmas presents, Nightopians dressing in elf costumes, and Christmas trees replacing Ideya captures. The background music is replaced by an instrumental version of ""Jingle Bells"", as well as there being a ""Christmas-like"" rendition of the boss theme. During the ""Winter Nights"" period, the weather in Spring Valley will change according to what hour it is. Other cosmetic changes are visible on New Year's Day, and loading the game on April Fool's Day results in Reala replacing Nights as the playable character."
"Cleopatra Fortune","","Region Not Set","","Taito Corporation","Natsume","1997-02-14","2","No","Puzzle","Not Rated","No overview is currently available for this title, please feel free to add one."
"ClockWerx","クロックワークス","Region Not Set","","Tokuma Shoten Publishing Co., Ltd.","Axes Art Amuse","1996-08-09","2","No","Puzzle","Not Rated","No overview is currently available for this title, please feel free to add one."
"Clockwork Knight","Clockwork Knight: Pepperouchau's Adventure","NTSC-U","Brazil","Sega","Sega AM7 R&D Division","1995-06-13","1","No","Platform","E10+ - Everyone 10+","Todas as noites, assim que o relógio bate meia-noite, todos os brinquedos despertam com o delicado canto de Chelsea, a princesa dos brinquedos de corda. Ela é a única que tem o poder de acordar Toyland de seu sono profundo. 
Só que em uma destas noites, de repente, Chelsea foi misteriosamente raptada por um estranho e diabólico vilão, que a carregou para um túnel escuro e triste... Todos sabem que sem a princesa, Toyland está fadada a um terrivel destino. Cabe a você, Sr. Tongara de Pepperouchau, a missão de traze-la de volta antes do dia amanhecer, caso contrário, os brinquedos dormirão para nunca mais acordar...

Em Toyland, um mundo constituido inteiramente por gráficos 3D, você acompanhará bem de perto desde trens elétricos até livros infantis num desafio eletrizante.

Definitivamente este não é um jogo para criancinhas... Você terá que usar e abusar de sua habilidade estratégica para encarar as dezenas de armadilhas espalhadas pela casa e ainda combater muitos inimigos!

Explore lugares escondidos então não se deixe intimidar por relógios, ovos, jatos de  torneira e muito mais. Mas tenh cuidado, o perigo está em toda parte!"
"Clockwork Knight 2","","NTSC-U","Brazil","Sega","Sega","1996-06-14","1","No","Adventure | Platform","E10+ - Everyone 10+","Clockwork Knight 2 usa uma jogabilidade idêntica à de seu antecessor, usando todos os mesmos itens e tendo quatro salas com três níveis cada, além de um chefe final.
 
No entanto, existem três pequenas adições:
 Quatro cartas de baralho estão espalhadas por cada nível. Girar todas as quatro cartas dá aos jogadores uma chave de ouro; coletar todas as 32 cartas do jogo gera um código secreto.
 Existem alguns níveis de rolagem forçada nos quais Pepper cavalga nas costas de seu corcel Barobaro. O ataque não é feito com a chave de Pepper nesses níveis, mas disparando a cabeça de Barobaro contra os inimigos.
 Um modo de jogo adicional chamado ""Bosses Galore"" permite ao jogador controlar Pepper ou Ginger na luta contra todos os chefes de ambos os jogos Clockwork Knight, um após o outro. Diz-se que se sair bem neste modo desbloqueia um minijogo."
"Clockwork Knight: Pepperouchou no Daibouken - Joukan","Clockwork Knight","NTSC-J","Japan","Sega","Sega","1994-12-09","11","No","Action","Not Rated","Clockwork Knight, known as Clockwork Knight: Pepperouchau no Daibouken Joukan (クロックワークナイト ペパルーチョの大冒険・上巻) in Japan, is a side-scrolling ""2.5D"" platform game, released as a launch title for the Sega Saturn in all major territories."
"Code R","コード・アール","NTSC-J","Japan","ESP Software | 																Quintet","Team Seven","1998-07-09","1","No","Adventure | Racing","Not Rated","Code R [ コード・アール ] is a cross-genre visual novel / racing game developed by Team Seven and produced by Quintet and Entertainment Software Publishing (ESP). The game was released in 1998 exclusively in Japan for the SEGA Saturn, and is often most referenced for it's Engrish tagline; ""What a hell are you gonna make?.""

The player assumes the role of a young man who engages both in street racing but also dives into relationships with various women. The racing segments have a mechanic where replays of race segments have crowd commentary and angles superimposed onto the player's run. Ultimately the game heavily imitates the Initial D franchise in many ways.

Quintet/ESP also released a 'Not for Sale' demo disc of the game."
"College Slam","","Region Not Set","","Acclaim Entertainment, Inc.","Iguana Entertainment","1996-02-01","4","Yes","Sports","E - Everyone","No overview is currently available for this title, please feel free to add one."
"Command & Conquer","","Region Not Set","","Sega | 																Virgin Interactive Entertainment, Inc. | 																Westwood Studios, Inc.","Westwood Studios, Inc.","1996-12-18","1","No","Strategy","T - Teen","Command & Conquer, sometimes known as Command & Conquer: Tiberian Dawn, is a 1995 real-time strategy video game developed by Westwood Studios and published by Virgin Interactive. Set in an alternate history of modern day, the game tells the story of a world war between two globalized factions: the Global Defense Initiative of the United Nations and a cult-like militant organization called the Brotherhood of Nod, led by the mysterious Kane. The groups compete for control of Tiberium, a mysterious substance that slowly spreads across the world.

Westwood first conceived Command & Conquer during the final stages of the development of Dune II, and it expands on ideas first explored in that title. Inspired by the events of the era, particularly the Gulf War, the team gave the game a modern warfare setting. The game contains live-action full motion video cutscenes, which star Westwood employees and a single professional actor, Joseph D. Kucan, who plays Kane.

Command & Conquer was a commercial and critical success, selling over three million copies and winning numerous awards. It has been cited as the title that defined and popularized the real-time strategy genre. The game was the first in the Command & Conquer series, which sold 30 million copies by 2009.[2] To mark the 12th anniversary of the franchise, Electronic Arts, the current publisher and owner of the series, released the game for free in 2007."
"Congo The Movie: The Lost City of Zinj","","Region Not Set","","Sega","Jumpin’ Jack Software | 																Sega Away Team","1996-03-07","1","No","Shooter","T - Teen","Congo the Movie: The Lost City of Zinj is a first-person shooter developed by Jumpin Jack and published by Sega for the Sega Saturn in 1996.

The game uses elements of the film Congo to tell a side story following the exploits of Butembo Kabalo (played by Steven Anthony Jones), the only survivor of the first Travicom expedition in search of diamonds in the Congo jungle.

The FMV segments were produced by A Commotion Pictures and use the TrueMotion S video codec.

The game was featured in Episode 13 of Broken Pixels."
"Contra: Legacy of War","","NTSC-U","United States of America","Konami","Appaloosa Interactive","1997-05-21","2","Yes","Action | Shooter","T - Teen","Contra: Legacy of War is a 3D action game produced by Konami and developed by Appaloosa Interactive that was originally released in 1996 for the PlayStation and Sega Saturn. It was the first of two Contra games that were externally developed by Appaloosa, followed by C: The Contra Adventure in 1998. The game marks the series' jump to three-dimensional graphics and controversial changes in gameplay. Legacy of War was released packaged with a pair of 3D anaglyph glasses, which the game supported. Legacy of War bears the distinction for being the first console game in the series to retain both the Contra title and human characters during its release in Europe and Australia (where the console series has been known as Probotector from the first NES game and up until Contra: Hard Corps). The game was scheduled to be released in Japan as well,[1] but was canceled."
"Corpse Killer: Graveyard Edition","","Region Not Set","","Digital Pictures, Inc.","Digital Pictures","1994-11-01","1","No","Action","M - Mature 17+","Corpse Killer is a game released for the Sega-CD, Sega-CD 32X, 3DO, Sega Saturn, Windows 95 and Macintosh computers that features live action full motion video in a format similar to other games developed by Digital Pictures. The quality of the full motion video on the Sega-CD version is less than that of the others. Also, after the release of the Sega-CD version, Digital Pictures created an option to have English subtitles during the full motion video as critics had complained that it was difficult to understand what the driver was saying in the Sega-CD and Sega 32X versions.

Footage from the game was later recycled for the 2003 film Game Over."
"Cotton 2","コットン 2 | Magical Night Dreams: Cotton 2","Region Not Set","","Success Corp.","Success Corp.","1997-12-04","1","No","Shooter","Not Rated","A direct sequel to the original Cotton and virtually an arcade-perfect port of the version for the Sega Titan Video arcade hardware.
This game marks the introduction of two new primary characters: Appli, a young princess, and her anthropomorphic hat, Needle.
Cotton 2 sees a return to traditional horizontal scrolling in the series, but it also stands out among shoot-'em-ups in general for its unique gameplay system. With a heavy incorporation of Newtonian physics, Cotton 2 ultimately mixes elements of 2D platformers with traditional shoot 'em up gameplay.
The first release of this game also included a mini-calendar for 1998 and a special edition included a Cotton themed teacup."
"Cotton Boomerang","コットン　ブーメラン | Magical Night Dreams: Cotton Boomerang","Region Not Set","","Success Corp.","Success Corp.","1998-10-08","1","No","Shooter","Not Rated","It's a horizontal shoot-'em-up released for the Sega Saturn and Sega Titan Video arcade hardware as a remixed version of Cotton 2, featuring more characters, recolored tiles, altered stage layouts, etc."
"Courier Crisis","","Region Not Set","","GT Interactive Software Corp.","New Level Software","1997-12-20","1","No","Action | Racing","E - Everyone","Courier Crisis is a game that simulates the life of a bicycle courier. As you peddle around a virtual city, you must pick up packages from grumpy customers, and then deliver them to other grumpy customers before a timer runs out.

The 3D city and the traffic in Courier Crisis are your biggest obstacles. You can pull off crazy jumps and huge tricks that help you dodge them. There are many different areas of the city in which you can do delivery runs, such as the wharf, China town, the slums, and the city center. In total, there are more than 250 missions to complete. As you complete missions, you earn money that you can use to buy better rides."
"Creature Shock (Special Edition)","Creature Shock","Region Not Set","","Data East Corporation","Argonaut Games | 																Interactive Studios","1996-01-19","1","No","Shooter","T - Teen","No overview is currently available for this title, please feel free to add one."
"CrimeWave","","NTSC-U","","Eidos Interactive | 																Virgin Interactive Entertainment, Inc.","Eidos Interactive","1997-03-10","2","No","Action | Racing | Shooter","Not Rated","Crimewave is a fast and frantic driving-based shoot-em-up. You will need first class driving and combat skills coupled with razor-sharp reflexes to enjoy features which include: Eight high-powered vehicles; Eight battle zones; A vast array of High destruction weaponry; Single player and split-screen action."
"Criticom","","Region Not Set","","Vic Tokai","Kronos Digital Entertainment | 																Point of View, Inc.","1996-02-28","2","No","Action | Fighting","T - Teen","No overview is currently available for this title, please feel free to add one."
"Croc: Legend of The Gobbos","","NTSC-U","","Fox Interactive | 																Media Quest","Argonaut Games","1997-11-24","1","No","Action | Platform","Not Rated","All is not well in Croc's world. His friends, the Gobbos, have been captured by the evil Baron Dante. It is your mission in this 3D platformer to search through 42 different levels to save all of your friends before it's too late."
"Cross Romance: Koi to Mahjong to Hanafuda","","Region Not Set","","","Nichibutsu","1997-10-09","1","No","Board","Not Rated","No overview is currently available for this title, please feel free to add one."
"Cross Tantei Monogatari: Motsureta 7Tsu no Labyrinth","","Region Not Set","","","WorkJam","1998-06-25","1","No","Adventure","Not Rated","No overview is currently available for this title, please feel free to add one."
"Crows: The Battle Action For SegaSaturn","","Region Not Set","","Athena Co., Ltd.","Athena Co., Ltd.","1997-12-18","2","No","Action | Adventure | Fighting","Not Rated","No overview is currently available for this title, please feel free to add one."
"Crusader: No Remorse","","Region Not Set","","Electronic Arts","Realtime Associates","1996-12-24","1","No","Action","M - Mature 17+","Crusader: No Remorse is an action game developed by Origin Systems and published by Electronic Arts. It was first released in 1995 for the PC DOS, with the Sony PlayStation and Sega Saturn ports following in 1997. Set in a dystopian world of 22nd century, the games center on an elite supersoldier that defects from the tyrannical world government, the World Economic Consortium (WEC), and joins the Resistance rebels.

Critically well-received, No Remorse was followed by the PC-only sequel Crusader: No Regret in 1996."
"Crypt Killer","","Region Not Set","","Konami","Konami Computer Entertainment Tokyo","1997-04-24","2","No","Shooter","T - Teen","No overview is currently available for this title, please feel free to add one."
"Cube Battler: Story of Anna","キューブバトラー　アンナ未来編","Region Not Set","","Yanoman Corporation","Yanoman","1997-05-23","2","No","Puzzle","E - Everyone","The next-generation experience game “Cube Butler” developed by Mochizuki Systems. The content was epoch-making, in which he entered cyberspace and played against his opponent, but the Mochizuki system went bankrupt due to a mysterious explosion. 

The development was taken over by Brain Bombers, which has financial difficulties. Thus, the professional gamer “Debugger Sho” belonging to the Brain Bombers, was doing test play on that day, but the test was interrupted due to the invasion of mysterious men. The Brain Bombers are said to have been put under pressure from the major gaming company Shine Angels to transfer its housing and development data. The “Cube Butler” sold by Shine Angels at a later date quickly gained popularity, and a national tournament with a prize of 1 million gold was to be held. Debugger Sho went to the tournament venue with an invitation to regain his pride and to rebuild the Brain Bombers with the prize money."
"Cube Battler: Story of Shou","Cube Battler: Debugger Shou-hen | Debugger Shou-hen | Cube Battler - Story of Shou","Region Not Set","","Yanoman Corporation","Yanoman","1997-02-28","2","No","Puzzle","Not Rated","A Puzzle game in which the the cubes of the title must be arranged to fit the anime background. The anime activity adds to the in game excitement and overall presentation. It was followed by Cube Battler: Anna Mirai-hen."
"Cubic Gallery","","Region Not Set","","","We Net","1996-05-17","1","No","Adventure","Not Rated","No overview is currently available for this title, please feel free to add one."
"Culdcept","","Region Not Set","","Omiya Soft","OmiyaSoft","1997-10-30","4","No","Strategy","Not Rated","No overview is currently available for this title, please feel free to add one."
"Cyber Doll","","Region Not Set","","I'Max Corp.","Be Top","1996-08-09","1","No","Role-Playing","M - Mature 17+","In year 1999, the ancient prophecy of Nostradamus was fulfilled: humanity was attacked by a terrible disease. It was called Muscular Loosening Disease, or MLD. Before soon, the humans were on the verge of extinction. Under the supervision of the US president, scientists initiated the Human Machiners Project - human body parts were replaced or strengthened by artificial ones, that could resist MLD. But the result was that such humans lost their true nature and became immortal...

Years have passed. In 2039, the futuristic megapolis Zero City is threatened by mutant members of a mysterious organization, who call themselves ""Dark Visitor"". You, the hero of the game, join the combat unit Debugger, and are assigned to a mission of locating and exterminating the Dark Visitor. Your personal motive is revenge: your family was killed by monsters when you were a child...

Cyber Doll is a futuristic RPG. You fight randomly appearing enemies in turn-based combat, that is viewed from a platform perspective. You have separate hit points for your body parts, and so do your enemies. You have a wide variety of weapons, including small guns that can target one body part of the enemy, and machine guns that cause damage to the entire body. Targeting body parts adds to combat strategy: for example, if the HP of enemy legs is depleted, he won't be able to move and to attack you in close range."
"Cyber Speedway","","Region Not Set","","Sega","Nextech","1995-05-26","2","No","Racing","E - Everyone","Cyber Speedway (Gran Chaser in Japan) is a 1995 racing video game developed by NexTech and published by Sega for the Sega Saturn.

It is a spiritual sequel to 1993 computer game CyberRace, as both games have a similar theme, and vehicles designed by Syd Mead"
"Cyberbots: Fullmetal Madness","","Region Not Set","","Capcom","Capcom","1997-03-28","2","No","Fighting","Not Rated","Cyberbots: Fullmetal Madness, released in Japan as simply Cyberbots (Japanese: サイバーボッツ?), is a fighting game developed and published by Capcom in 1995. It is a spin-off of the beat'em up game Armored Warriors. Cyberbots was ported to the Sega Saturn and the PlayStation. The game only saw limited distribution in arcades outside of Japan. With the exception of the untranslated PlayStation Network release, none of the console ports were released overseas."
"Cyberia","","Region Not Set","","Interplay","Xatrix Entertainment","1996-02-16","1","No","Action | Adventure","T - Teen","Cyberia is a science fiction action adventure video game originally released for MS-DOS in January 1994, and released two years later on the PlayStation, Sega Saturn, and 3DO consoles. A sequel, Cyberia 2: Resurrection, was released in 1995 for both DOS and Windows 9x formats."
"D","D no Shokutaku","Region Not Set","","Acclaim Entertainment, Inc.","Warp Inc.","1996-03-05","1","No","Adventure | Puzzle | Horror","T - Teen","D is a dark adventure game that explores the twisted designs of a madman and involves the supernatural, D is set at the L.A. National Hospital. Players take on the role of the daughter of a doctor who went mad and embarked on a murderous rampage, and it's up to them to find out why. Inside the hospital all is dark, and fear surrounds the player at every turn, because there's no way to know what's lurking in the shadows. The girl must face this waking nightmare in the hopes of ending the madness, but the forces arrayed against her are powerful, and might not just claim her life, but her soul as well.

Players walk through the hospital, which is fully rendered with 3D graphics, and must search for the clues that explain the cause behind the horrific events that have taken place. Puzzles and conundrums can be found aplenty, and solving them is not only important to completing the game, it's also a matter of life and death for their character. Gruesome scenes can be found in abundance, as can violent and scary encounters, so be forwarned that D is not for the faint of heart.''D'' is a horror/adventure released for Playstation, Sega Saturn, and the computer. It was released back in 1995 and was very misunderstood for it's genre because after a few weeks it hit the shelves, it became a clunker. Obviously this game wasn't FOR everybody, but people who appreciate it's genre which is a horror/adventure video game movie."
"D no Shokutaku","","NTSC-J","Japan","Acclaim Japan","Acclaim Entertainment","1995-07-28","1","No","Horror","T - Teen","T-8101G"
"D-Xhird","ディ・サード","NTSC-J","Japan","Takara","Nextech | 																Takara","1997-05-30","2","No","Action | Fighting","Not Rated","D-Xhird is 3D arcade, weapon-based 1vs 1 fighting game, similar to Battle Arena Toshinden. The player can choose 1 from 10 initially playable characters (+4 unlockable heroes), each with own weapon (for example, Sabrina uses stun baton, Lucifer uses scythe, Karen has 2 chakrams). Game is based on 3d arenas - players can strafe and be thrown out from ring. Gameplay is typical - player must beat opponent to go to next opponent."
"Daibouken: St. Elmo's no Kiseki","大冒険　セントエルモスの奇跡","Region Not Set","","Pai","Soft Office","1996-04-19","1","No","Role-Playing","Not Rated","No overview is currently available for this title, please feel free to add one."
"Daikoukai Jidai II","","Region Not Set","","Koei Co., Ltd.","Koei","1997-03-28","1","No","Role-Playing","Not Rated","No overview is currently available for this title, please feel free to add one."
"Daina Airan","だいなあいらん","Region Not Set","","Game Arts Co., Ltd.","Game Arts","1996-12-27","1","No","Adventure","E - Everyone","No overview is currently available for this title, please feel free to add one."
"Daisenryaku Strong Style","","Region Not Set","","Oz Club","SystemSoft","1997-06-27","1","No","Strategy","E - Everyone","No overview is currently available for this title, please feel free to add one."
"Daisuki","","Region Not Set","","GAGA Communications Inc.","Gaga Communications","1997-07-04","1","No","Adventure","Not Rated","No overview is currently available for this title, please feel free to add one."
"Daitoride","","Region Not Set","","Metro Corporation","","1996-06-28","2","No","Puzzle","Not Rated","No overview is currently available for this title, please feel free to add one."
"Darius Gaiden","","Region Not Set","","Acclaim Entertainment, Inc. | 																Taito Corporation","Aisystem Tokyo | 																Taito Corporation","1995-12-15","2","No","Shooter","E - Everyone","Take command of your Silverhawk fighters once again as you battle to take back the planet Darius from the evil forces that had overpowered it."
"Darius II","","Region Not Set","","Taito Corporation","I.T.L | 																Taito Corporation","1996-06-07","2","No","Shooter","Not Rated","Released in Japan and Europe in 1996."
"Dark Hunter: (Jou) Ijigen Gakuen","","NTSC-J","Japan","Koei Co., Ltd.","Koei","1997-04-04","1","No","Education","Not Rated","No overview is currently available for this title, please feel free to add one."
"Dark Legend","Outlaws of the Lost Dynasty | 水滸演武 | Suiko Enbu","Region Not Set","","Data East Corporation","Data East Corporation","1995-10-01","2","No","Fighting","T - Teen","Select between a group of 11 fighters and clash against each other using your specific moves and attacks. Additionally, each character fights with his own unique weapon, but depending on how much you block your weapon can break and you must finish the fight barehanded and using a different moveset and generally faster (but less powerful) attacks."
"Dark Savior","","PAL","","Sega","Climax Entertainment","1997-07-20","1","No","Adventure | Puzzle | Fighting | Platform","Not Rated","Put on your thinking caps and prepare to face fierce enemies! Assume the role of Garian, a sword-wielding warrior in search of his escaped prisoner, Bilan. Discover hidden treasures as you explore amazing 3D environments while navigating through a series of mind-melting puzzles!"
"Dark Seed","","Region Not Set","","Cyberdreams, Inc. | 																GAGA Communications Inc.","Cyberdreams","1995-07-07","1","No","Adventure | Horror","M - Mature 17+","Darkseed is based upon the fantastic artwork of swiss surrealist H.R. Giger, the inspiration for such blockbusters as Alien, Alien 3 and Poltergeist II. Giger has revolutionised the look of Science Fiction forever with his unique ""biomechanical"" style which depicts the synthesis of technology and biology as they might evolve without the influence of man.
Challenge your mind... You are Mike Dawson, a Science Fiction writer who just purchased an old victorian house. As you explore your new home, you soon discover that you have bought more than you bargain for.
Control the fate of two worlds... The world as we know it and the dark world of an ancient and dying civilisation. Unlock the secret of a sinister plot and discover the dark passage to their world... A place more terrifying than your darkest nightmare.
Time is running out... You are on a collision course with destiny and only you have the ability to save yourself and the world from a cruel and inhuman fate. Every decision may be your last, so choose wisely... All of humanity is depending on you."
"Dark Seed II","","Region Not Set","","Bandai Visual","Cyberdreams","1997-08-29","1","No","Adventure","Not Rated","No overview is currently available for this title, please feel free to add one."
"Darklight Conflict","","NTSC-U","United States of America","Electronic Arts","Rage Software","1997-07-01","1","No","Strategy | Flight Simulator","E10+ - Everyone 10+","Darklight Conflict is a space combat simulator video game developed by Rage Software and published by Electronic Arts in 1997 for PCs running MS-DOS or versions of Microsoft Windows before Windows 2000, and the Sega Saturn and Sony PlayStation game consoles. In this game, you play the part of a contemporary human fighter pilot abducted by the alien Repton species during your aerial battle, and biologically modified to become a starfighter pilot for them in their war against the Evil Ovon race.

In the game itself, you would usually pilot one of three different starfighters, each with different strengths and weaknesses, along with occasionally piloting a captured enemy ship, or controlling a gun turret on your Mothership (The ""War Drum""). The missions are quite varied, ranging from simple combat missions to missions where you need to defend your mothership, destroy an enemy Ovon mothership, clear an asteroid field, or retrieve an object with a tractor beam. Your ship moves between mission areas via ""hyperspace portals"", passing through a hyper-space environment, resembling that seen in 2001: A Space Odyssey. Often during hyperspace transit, varying streams of energy are encountered - yellow energy replenishing the energy which fuels the ship, while blue energy drains it, reducing the ship's effectiveness.

After you complete the four campaigns and destroy the Ovon home-world for the Reptons, they reward you by sending their best pilots to kill you in an honorable way (after all, they don't need a human in their society and war history). You manage to escape and jump to Earth, where centuries have passed since you were gone. Your ship is greeted by the Earth Defense Fleet, which destroys all Repton ships in hot pursuit."
"Daytona USA","","PAL","United Kingdom of Great Britain and Northern Ireland","Sega","Sega AM2 R&D Division","1995-07-08","2","No","Racing","E - Everyone","Sega's premier stock car racing game comes to the Dreamcast with DAYTONA USA. All of the cars and tracks from every game in the DAYTONA series are included, resulting in the most complete DAYTONA racer ever seen. There are a number of playing modes as well. Take on the challenges of competing in a Single Race, try to beat your friends in the Two-Player mode, or for the ultimate challenge you can race through the Championship mode and unlock hidden items. In every mode, you can customize your vehicle including its looks, handling, speed, and many other options. Now you can race stock cars with people from around the world from the comfort of your living room with DAYTONA USA."
"Daytona USA (JP)","","NTSC-J","Japan","Sega","Sega AM7 R&D Division","1995-04-01","2","No","Racing","Not Rated","No overview is currently available for this title, please feel free to add one."
"Daytona USA [Not For Resale]","","NTSC","","Sega","Sega AM2 R&D Division","1995-05-11","2","Yes","Racing","E - Everyone","Inspired by the popularity of NASCAR in the U.S., Daytona USA was developed by Sega AM2 after a meeting of the heads of Sega's regional offices. The game was suggested by Tom Petit, president of Sega Enterprises USA. Sega mandated that the game had to be of a better quality than its competition, Namco's Ridge Racer. Satellite imagery and photography were used to map the Daytona International Speedway, coupled with visual effects of texture filtering, a 60-frames-per second frame rate, and four different camera perspectives. This version was made however for a bundle."
"Daytona USA C.C.E. Net Link Edition","","Region Not Set","","Sega","Sega","1997-01-24","2","No","Racing","E - Everyone","The NetLink version of Daytona USA: CCE is in fact the rarest North American Sega Saturn game. It was available only through Sega's online store, and making it even more rare is its almost total lack of distinguishability from the regular version of Daytona USA: CCE: the only notable differences are the additions of a black-and-white NetLink booklet with the standard booklet and a small NetLink logo on the game disc."
"Daytona USA Circuit Edition","","NTSC-J","Japan","","","1996-01-24","1","No","Racing","Not Rated","No overview is currently available for this title, please feel free to add one."
"Daytona USA: Championship Circuit Edition","","NTSC-U","United States of America","Sega of America, Inc.","Sega CS2","1996-11-22","2","No","Racing","E - Everyone","Daytona USA: Championship Circuit Edition drives home the excitement of speedway racing more than ever before! Slick new full-screen graphics and two brand new extra circuits await as you select any one of eight turbo-charged cars to race in. Split-screen 2-player mode and a host of options including ghost car ensure that Daytona USA Championship Circuit Edition will set the pace in the race to the finish line."
"Dead or Alive","デッド オア アライブ","NTSC-J","Japan","Tecmo","Team Ninja","1997-10-09","2","No","Fighting","Not Rated","The first Dead or Alive title on hitting a home system! Highest resolution mode, 8 characters plus one secret, tons of options, nice gameplay and... you know... those female ""movements"", aheeemm. Dead or alive is one of the best fighting titles for your Saturn. Play it for yourself!"
"Deadalus","Robotica","NTSC-J","","Sega","Genki Co., Ltd. | 																Micronet Co. Ltd. | 																Sega","1995-03-24","1","No","Action | Shooter","T - Teen","Robotica was the first, first-person shooter for the platform and a first generation game for the console. It is somewhat similar to Space Hulk, only that the player takes the role of a machine that rebels against the robots to save mankind. The weapons include a punch, Vulcan gun, Missiles, and Lasers. The main environment is made up of various hallways. The player runs through the various stages collecting keys, using computers, and triggering lights. The enemies are relatively basic but are dangerous in numbers.

The game is set in 2877, 800 years after the world's peacekeeping unions have collapsed. They are replaced with World Silent Security Service, a global world order to maintain the security on earth and in space. However, over time the role of the order is questioned, and the Reformist Faction rebel group sends three pilots in Laocorn assault robots to the WSSS' space station Daedalus in earth's orbit. Two are immediately destroyed, but the player gets to control the remaining robot."
"Death Crimson","","Region Not Set","","Ecole Software","Ecole","1996-08-09","1","No","Shooter","Not Rated","No overview is currently available for this title, please feel free to add one."
"Death Tank","Death Tank Orginal | Death Tank Classic | Death Tank Standalone | Death Tank Saturn | Powerslave | Exhumed","NTSC","United States of America","BMG Interactive Entertainment | 																Playmates Interactive Entertainment, Inc.","Lobotomy Software","1996-12-31","6","No","Strategy | Vehicle Simulation","M - Mature 17+","Death Tank is a 2D real time multiplayer game that was bundled as a bonus game in the Sega Saturn version of Powerslave (AKA Exhumed in Europe). It can be unlocked by collecting all 26 Team Dolls hidden throughout the Powerslave.

Each player controls a single ""tank"" which is represented by a different colored parallelogram in a 2-6 player free for all deathmatch game. The tanks are dropped at random onto the map screen – a solid yellow terrain with a purple sky. You can move your tank slowly side to side across a simple line landscape, which contains all manner of varying dips and hills that somewhat limit your movement.

Players can stretch out the arrows extending from their tanks in different directions to add distance and aim their shots. Each tank has a standard shot which reloads every 2-3 seconds. Each shot transforms into a beautifully pixelated arching parabola that showers your opponents like a rain of death from above. The longer the match goes on, the more the terrain lowers and flattens. By destroying enemy tanks, you'll earn money you can spend on additional weapons and upgrades between rounds."
"Death Tank Zwei","Death Tank | Duke Nukem 3D","NTSC","United States of America","3D Realms Entertainment","Lobotomy Software","1997-10-29","7","No","Strategy | Vehicle Simulation","M - Mature 17+","Death Tank Zwei is a 2D real time multiplayer game that was bundled as a bonus game in the Sega Saturn version of Duke Nukem 3D. It can be unlocked in two ways: 1. Destroy every toilet in Duke Nukem 3D (including the secret level, Urea 51) 2. Have a Quake or Powerslave saved game on your system when you start up Duke Nukem 3D. It's a 2-7 player free for all deathmatch game.

Each player controls a single ""tank"" which is represented by a different colored parallelogram with an arrow extending outwards. The tanks are dropped at random onto the map screen – a solid yellow terrain with a purple sky. You can move your tank slowly side to side across a simple line landscape, which contains all manner of varying dips and hills that somewhat limit your movement.

The objective is to destroy all other tanks. Players can extend their arrows in different directions to add distance and aim their shots. Each tank has a standard shot which reloads every 2-3 seconds. Each shot transforms into a beautifully pixelated arching parabola that showers your opponents like a rain of death from above. The longer the match goes on, the more the terrain lowers and flattens until it eventually becomes a single plain.

By destroying enemy tanks, you'll earn money you can spend on additional weapons and upgrades between rounds (the number of rounds can be set from 5 to 200). These weapons include things such as nukes, rolling mines, missiles, machine guns and a devastating cluster bomb called Death's Head."
"Death Throttle: Kakuzetsu Toshi Kara no Dasshutsu","","Region Not Set","","Media Quest","","1996-07-12","1","No","Shooter | Vehicle Simulation","Not Rated","No overview is currently available for this title, please feel free to add one."
"DeathMask","","Region Not Set","","Vantan International","Electric Dreams Software","1996-02-16","1","No","Adventure","Not Rated","No overview is currently available for this title, please feel free to add one."
"DecAthlete","Athlete Kings","Region Not Set","","Sega","Sega","1996-07-12","1","No","Sports","E - Everyone","No overview is currently available for this title, please feel free to add one."
"Decathlete Sega Saturn Collection","","NTSC-J","Japan","","","1996-07-12","2","No","Sports","Not Rated","No overview is currently available for this title, please feel free to add one."
"Deep Fear","","NTSC-J","Japan","Sega","Sega AM7 R&D Division","1998-07-16","1","No","Horror","Not Rated","No overview is currently available for this title, please feel free to add one."
"Defcon 5","","Region Not Set","","Data East Corporation | 																GT Interactive Software Corp. | 																Multisoft","Millennium Interactive Ltd","1996-06-07","1","No","Adventure | Shooter","E10+ - Everyone 10+","In Defcon 5, space aliens attack colony MRP-6F and turn a once peaceful evening of engineering into a battle for survival.

In the far future, conflict is at an all-time low and outdated defence bases are being vacated and replaced with automated software. You play as an cyberneer engineer sent to update one such base. Just after uploading the automating code, the base is suddenly invaded by unknown assailants from the air and ground. You must rely on your wits and the defence software to fend them off.

The main game takes place in a first-person view inside the complex. Trams connect the maze-like living areas to a handful of manned turrets outside. You must shuttle between shooting down waves of fighters in the turrets, and scouring the base levels for card keys during the down time."
"Dejig: AquaWorld","","Region Not Set","","","Masudaya","1997-04-25","1","No","Puzzle","Not Rated","No overview is currently available for this title, please feel free to add one."
"Dejig: Lassen Art Collection","","Region Not Set","","","Masudaya","1997-12-04","1","No","Puzzle","Not Rated","No overview is currently available for this title, please feel free to add one."
"Dejig: Thomas McKnight Art Collection","","Region Not Set","","","Masudaya","1997-12-04","1","No","Puzzle","Not Rated","No overview is currently available for this title, please feel free to add one."
"Dejig: Tin Toy","","Region Not Set","","","Masudaya","1997-04-25","1","No","Puzzle","Not Rated","No overview is currently available for this title, please feel free to add one."
"Deka Yonku ~Tough The Truck~","","NTSC-J","Japan","","","1997-05-02","2","No","Racing","Not Rated","No overview is currently available for this title, please feel free to add one."
"Delisoba Deluxe","","Region Not Set","","TBS (Tokyo Broadcasting System)","CAVE Co., Ltd.","1996-01-01","1","Yes","Racing","Not Rated","No overview is currently available for this title, please feel free to add one."
"Denpa Shounenteki Game","","Region Not Set","","Hudson Entertainment, Inc.","Hudson","1998-03-05","1","No","Board","Not Rated","No overview is currently available for this title, please feel free to add one."
"Densetsu no Ogre Battle: The March of the Black Queen","","Region Not Set","","Riverhill Software Inc.","Riverhillsoft","1996-01-01","1","No","Role-Playing","Not Rated","Densetsu no Ogre Battle (伝説のオウガバトル) is a 1993 strategy RPG by Quest for the SNES and the first game in their Ogre Battle series. It was ported to the Sega Saturn by Riverhillsoft in 1996. While the original SNES version and an eventual PlayStation port were released outside Japan, this port was not. One sequel, Tactics Ogre, would be ported to Saturn a month later."
"Densha de Go! EX","","Region Not Set","","Taito Corporation","Taito Corporation","1998-10-01","1","No","Vehicle Simulation","Not Rated","No overview is currently available for this title, please feel free to add one."
"Derby Analyst","","Region Not Set","","Media Entertainment","Media Entertainment","1998-05-30","1","No","Sports","Not Rated","No overview is currently available for this title, please feel free to add one."
"Derby Stallion","","Region Not Set","","ASCII Entertainment Software, Inc.","Bits Laboratory","1998-03-25","1","No","Sports","Not Rated","No overview is currently available for this title, please feel free to add one."
"Deron Dero Dero","Dero~n Dero Dero","Region Not Set","","Tecmo","Tecmo","1996-01-26","2","No","Puzzle","Not Rated","Dero~n Dero Dero (でろーんでろでろ) is a 1995 arcade game by Tecmo ported to the Sega Saturn in 1996. Other ports were released overseas as Tecmo Stackers, as was a planned North American release for November 1996.

The game plays similarly to other falling-block puzzle games in the vein of Puyo Puyo, except that after each clear, the remaining blocks ""reach out"" (stretch to the left, down, and to the right), finding other blocks of the same color to hook up to."
"Desire","DESIRE 背徳の螺旋","Region Not Set","","C's Ware | 																Imadio","C's Ware","1997-09-11","1","No","Adventure","M - Mature 17+","In the southern ocean on a remote island is a huge research institute called ""Desire"". An institute built by the large, world renowned financial group, Grandchester Foundation. It's rumored they are involved in military-related research, but what it is exactly is kept a carefully guarded secret. For this reason, a journalist for SNT (Social News Time Network), Albert Macdgul (or Al for short) visits ""Desire"" in order to collect information for a story. He's one of the rare few who have been granted access to ""Desire"". So it's in high spirits that he sets forth to complete his story. While at ""Desire"" he meets a girl named Tina, who is suffering from memory loss. She is destined to change his fate forever. Murder, bomb threats, mysteries shadowing her existence... How far will the chaos go? On the other hand, Makoto Izumi, technical manager at ""Desire"", finds out how dangerous their research is, and asks her boss, Dr. Stella, to stop all the experiments. Then she finds out that someone on the outside is going to interfere with the research..."
"Destruction Derby","","NTSC-J","Japan","","Reflections Interactive","1996-09-20","1","No","Racing","Not Rated","No overview is currently available for this title, please feel free to add one."
"Detana TwinBee Yahho! Deluxe Pack","","Region Not Set","","Konami","Konami Computer Entertainment Tokyo","1995-09-29","2","No","Shooter","Not Rated","No overview is currently available for this title, please feel free to add one."
"Devil Summoner: Soul Hackers - Akuma Zensho Dainishuu","Akuma Zensho Dainishuu","Region Not Set","","Atlus Co., Ltd.","Atlus","1997-12-23","1","No","Utility","Not Rated","Akuma Zensho Dainishuu is a Miscellaneous game, developed and published by Atlus, which was released in Japan in 1997. It is probably a book of all the demons/devils in Soul Hacker."
"Dezaemon 2","","Region Not Set","","Athena Co., Ltd.","Athena Co., Ltd.","1997-10-09","2","No","Shooter","Not Rated","No overview is currently available for this title, please feel free to add one."
"Die Hard Arcade","","Region Not Set","","Sega","Fox Interactive | 																Sega AM1 R&D Division | 																Sega Technical Institute","1997-03-18","2","No","Action | Shooter | Fighting","T - Teen","They've got the president's daughter, trained killers, and heavy artillery. The odds aren't in your favor. Your mission is to wax hordes of maniacal cut throats, dodge endless gunfire, and personally see to it that the young Missie Herrington is returned to daddy. It's another million-to-one shot, McClane, YIPPEE-KI-YAY! Relentless in-your-face game design, direct from the arcade. Over 1,000 different moves. Furious pace will keep you bug-eyed, blistered and begging for more. Over 15 different weapons to grab - assault rifles, furniture, robot parts, gasoline, anything you can get your hands on! Need back-up? Grab a buddy and double-team 'em in 2-player mode."
"Die Hard Trilogy","","Region Not Set","","Fox Interactive | 																Sega","Probe Entertainment","1997-01-21","1","No","Action","M - Mature 17+","Die Hard Trilogy is a video game based on the first three installments of the Die Hard series of action movies. Die Hard Trilogy features three games in one, each based on a movie installment and featuring a different genre and game play style respectively. The game was well received and would eventually become a Sony Greatest Hits game. The disc has audio tracks that can be played on a standard CD player. Die Hard Trilogy also inspired a sequel entitled Die Hard Trilogy 2: Viva Las Vegas. The sequel retained the three different playing styles, but featured a spin-off storyline that was not connected to the movie series."
"Digital Ange: Dennou Tenshi SS","","Region Not Set","","Tokuma Shoten Publishing Co., Ltd.","Koga Game Factory","1997-06-20","1","No","Adventure","Not Rated","No overview is currently available for this title, please feel free to add one."
"Digital Dance Mix: Namie Amuro","","Region Not Set","","Sega","Sega AM2 R&D Division","1997-01-10","1","No","Music","Not Rated","No overview is currently available for this title, please feel free to add one."
"Digital Monster Ver. S: Digimon Tamers","","Region Not Set","","Bandai Co., Ltd.","Bandai Co., Ltd. | 																Tose","1998-09-23","1","No","Strategy","Not Rated","No overview is currently available for this title, please feel free to add one."
"Digital Pinball: Last Gladiators","","NTSC-J","Japan","Kaze Co., Ltd.","KAZe Co., Ltd.","1995-12-01","2","No","Action","Not Rated","No overview is currently available for this title, please feel free to add one."
"Digital Pinball: Necronomicon","","Region Not Set","","Kaze Co., Ltd.","KAZe Co., Ltd.","1996-11-15","1","No","Action","Not Rated","Digital Pinball: Necronomicon is a pinball video game created for the Sega Saturn by KaZe in 1996. Only released in Japan, this high-resolution 2D game draws much of its graphical and audio inspiration from the metafictional Necronomicon."
"Discworld","","Region Not Set","","Media Entertainment | 																Psygnosis Limited","Perfect Entertainment","1996-08-15","1","No","Adventure","Not Rated","Discworld, also known as Discworld: The Trouble With Dragons during its development, is a point-and-click adventure game developed by Teeny Weeny Games and Perfect 10 Productions in mid-1995."
"Discworld II: Missing Presumed...!?","Discworld II: Mortality Bytes!","Region Not Set","","Sega","Perfect Entertainment","1997-08-28","1","No","Adventure","Not Rated","Discworld II: Missing Presumed...!? (Discworld II: Mortality Bytes! in North America) is the second point-and-click adventure game based on Terry Pratchett's series of fantasy novels set on the mythical Discworld. The game was developed and produced in 1996 by Perfect Entertainment for the PC, and ported in 1997 for the PlayStation and Sega Saturn. It was published by Psygnosis for the PC and PlayStation, and by Sega for the Saturn (only in Europe)."
"DJ Wars","","Region Not Set","","Spike Co., Ltd.","Exit","1997-12-18","2","No","Life Simulation","Not Rated","No overview is currently available for this title, please feel free to add one."
"DoDonPachi","","Region Not Set","","Atlus Co., Ltd.","CAVE Co., Ltd.","1997-09-18","2","No","Action | Shooter","Not Rated","No overview is currently available for this title, please feel free to add one."
"DonPachi","","Region Not Set","","Atlus Co., Ltd.","CAVE Co., Ltd.","1996-04-26","2","No","Action | Shooter","Not Rated","Released in Japan"
"Doom","","PAL","United Kingdom of Great Britain and Northern Ireland","id Software","id Software","1997-06-05","1","Yes","Shooter | Horror","M - Mature 17+","Doom (typeset as DOOM in official documents)[1] is a 1993 science fiction horror-themed first-person shooter (FPS) video game by id Software. It is considered one of the most significant and influential titles in the video game industry, for having ushered in the popularity of the first-person shooter genre. The original game was divided into three nine-level episodes and was distributed via shareware and mail order. The Ultimate Doom, an updated release of the original game featuring a fourth episode, was released in 1995 and sold at retail.

In Doom, players assume the role of an unnamed space marine, who became popularly known as ""Doomguy"", fighting his way through hordes of invading demons from Hell.[2] With one third of the game, nine levels, distributed as shareware, Doom was played by an estimated 15–20 million people[3] within two years of its release, popularizing the mode of gameplay and spawning a gaming subculture. In addition to popularizing the FPS genre, it pioneered immersive 3D graphics, networked multiplayer gaming, and support for customized additions and modifications via packaged files in a data archive known as ""WADs"". As a sign of its effect on the industry, first-person shooter games from the genre's boom in the 1990s, helped in no small part by the game's release, became known simply as ""Doom clones"". Its graphic violence, as well as satanic imagery, made Doom the subject of controversy.

The Doom franchise was later continued with the follow-up Doom II: Hell on Earth (1994) and numerous expansion packs, including Master Levels for Doom II (1995), and Final Doom (1996). Originally released for PC DOS, the games have later been ported to numerous other platforms. Once the game's source code was released in 1997, it spawned even more adaptations, as fans further ported the code to countless devices. The series started to lose mainstream appeal as the technology of the Doom game engine was surpassed in the mid-1990s, although fans have continued making WADs, speedruns, and modifications to the original. The franchise again received popular attention in 2004 with the release of Doom 3, a retelling of the original game using new technology, and an associated 2005 Doom motion picture. Doom 4 was announced as in production in 2008 and was later retitled simply as Doom."
"Doraemon: Nobita to Fukkatsu no Hoshi","","Region Not Set","","Epoch Co., Ltd.","Sakata SAS","1996-03-15","1","No","Action","Not Rated","No overview is currently available for this title, please feel free to add one."
"Double Switch","","Region Not Set","","Digital Pictures, Inc.","Digital Pictures","1995-11-01","1","No","Action | Adventure","T - Teen","Double Switch is an adventure interactive movie video game released for Sega Mega-CD, Sega Saturn and PC. The game is produced by Digital Pictures and has a similar ""trap-em-up"" format to Space Panic, Heiankyo Alien, and their earlier game, Night Trap."
"Doukoku Shoshite: Final Edition","","Region Not Set","","Data East Corporation","","1998-08-06","1","No","Adventure","T - Teen","No overview is currently available for this title, please feel free to add one."
"Doukoku Soshite...","","Region Not Set","","Data East Corporation","Sakata SAS","1998-02-26","1","No","Adventure","E - Everyone","No overview is currently available for this title, please feel free to add one."
"Doukyuusei ~if~","同級生　〜ｉｆ〜","NTSC-J","Japan","NEC Interchannel","Elf","1996-09-08","1","No","Adventure","Not Rated","Doukyuusei ~if~ (同級生　〜ｉｆ〜) is an Adventure - Dating game, developed by Elf / Flight-Plan Inc. and published by NEC Interchannel, Ltd., which was released in Japan in 1996 for the Sega Saturn."
"Doukyuusei 2","","NTSC-J","Japan","NEC Avenue, Ltd.","Elf","1997-07-11","1","No","Adventure","M - Mature 17+","Doukyuusei 2 (同級生２) is an Adventure - Dating game, developed by Elf / Flight-Plan Inc. and published by NEC Interchannel, Ltd., which was released in Japan in 1997 for the Sega Saturn"
"Dragon Ball Z: Idainaru","","NTSC-J","Japan","Bandai Co., Ltd.","Tose","1996-01-01","1","No","Action | Adventure","Not Rated","No overview is currently available for this title, please feel free to add one."
"Dragon Ball Z: Idainaru Dragon Ball Densetsu","Dragon Ball Z: Legend | ドラゴンボールZ 偉大なるドラゴンボール伝説","NTSC-J","Japan","Bandai Co., Ltd.","Tose Co., Ltd.","1996-05-31","2","No","Fighting","Not Rated","Dragon Ball Z: The Legend, known as Dragon Ball Z: Idainaru Dragon Ball Densetsu (ドラゴンボールZ 偉大なるドラゴンボール伝説 Doragon Bōru Zetto Idainaru Doragon Bōru Densetsu?, Dragon Ball Z: The Greatest Dragon Ball Legend) in Japan, is a fighting game produced and released by Bandai on May 31, 1996 in Japan, released for the Sega Saturn and PlayStation.[1] Greatest Hits versions were released on June 20, 1997 for the Saturn and June 27, 1997 for the PlayStation. In Europe, only the Sega Saturn version was released in France and Spain on January 1, 1996,[1] with the French edition retaining the original Japanese name and the Spanish edition being re-addressed as Dragon Ball Z: The Legend."
"Dragon Ball Z: Shin Butouden","Dragon Ball Z - Shin Butöden | ドラゴンボールZ 真武闘伝","Region Not Set","","Bandai Co., Ltd.","Tose Co., Ltd.","1995-11-17","2","No","Fighting","Not Rated","It is the fourth and final installment in the Butouden series. It features 27 playable characters, their sprites being those used in the earlier game ""Dragon Ball Z - Ultimate Battle 22"" for the Sony PlayStation. Also, the game's introduction is made with scenes recycled from the introduction of Ultimate Battle 22."
"Dragon Force","","NTSC","United States of America","Working Designs","J-Force | 																Sega CS1","1996-12-12","1","No","Role-Playing | Strategy","E10+ - Everyone 10+","Step forth brave warrior. The destiny of the world of Legendra lies solely in your hands. Play as one of eight warlords, each with a unique storyline, to conquer the evil forces of Madruk in this incredible role playing/strategy game."
"Dragon Force II: Kamisarishi Daichi ni","ドラゴンフォースⅡ　神去りし大地に","Region Not Set","","Sega","ALU | 																Chime | 																Sega","1998-04-02","1","No","Role-Playing | Strategy","Not Rated","Set 500 years after the first game, Dragon Force II follows a slate of monarchs who must band together to defeat a new threat looming over Legendra. Along the way, they learn the value of friendship and unravel the mystery of what happened to the original Dragon Force after Madruk's defeat."
"Dragon Master Silk","ドラゴンマスターシルク セガサターン","Region Not Set","","Datam Polystar","Gimmick House","1998-03-27","1","No","Role-Playing","E - Everyone","The plot of this semi-comical RPG is rather simple: an angelic creature named Silk must defeat the Prince of Darkness, who rules his own dungeon full of claustrophobic corridors and monsters. Aided by her lovely companions Ao, Aka, and Ki (which means blue, red, and yellow in Japanese), Silk must deal with the evil Prince and his minions.

Dragon Master Silk is a dungeon crawler with Japanese-style turn-based combat. The entire game is viewed from a first-person perspective. The largest bulk of the game involves navigating 3D dungeons and fighting regular enemies and bosses. The game maintains a distinct comical style, evident in graphics and character design."
"DragonHeart: Fire & Steel","","Region Not Set","","Acclaim Entertainment, Inc.","Funcom","1996-12-26","1","No","Action","T - Teen","Dragonheart: Fire and Steel was released to the public in 1996, and is a 2D side scrolling beat 'em up based off of the movie of the same name. Players take on the role of a retired knight who must return to action and remain true to the oaths he took long ago. An evil prince's tyranny threatens the land, and the knight (who was a former dragonslayer) can only defeat this scheming noble with the help of a friend who just happens to be the last surviving dragon on Earth."
"Dream Generation: Koi Ka? Shigoto Ka!?","","Region Not Set","","NCS Corporation","Reindeer","1998-07-30","1","No","Strategy","Not Rated","No overview is currently available for this title, please feel free to add one."
"Dream Square Hinagata Akiko","","NTSC-J","Japan","","Video System Co., Ltd.","1997-02-14","1","No","Utility","Not Rated","No overview is currently available for this title, please feel free to add one."
"Drift King: Shutokou Battle '97","","Region Not Set","","Imagineer Co., Ltd.","Genki","1997-02-28","1","No","Racing","Not Rated","No overview is currently available for this title, please feel free to add one."
"Druid: Yami e no Tsuisekisha","","Region Not Set","","Koei Co., Ltd.","Synthetic Dimensions","1998-07-02","1","No","Role-Playing","Not Rated","No overview is currently available for this title, please feel free to add one."
"Duke Nukem 3D","","Region Not Set","","GT Interactive Software Corp. | 																Sega","3D Realms Entertainment | 																Lobotomy Software","1997-08-01","2","No","Shooter","M - Mature 17+","As a first-person shooter, the gameplay of Duke Nukem 3D involves moving through levels presented from the protagonist's point of view, shooting enemies on the way. The environment of Duke Nukem 3D is highly destructible and interactive; most props can be destroyed by the player."
"Dungeon Master Nexus","","Region Not Set","","Victor Entertainment","Victor Entertainment","1998-03-26","1","No","Role-Playing","E - Everyone","No overview is currently available for this title, please feel free to add one."
"Dungeons & Dragons Collection","ダンジョンズ＆ドラゴンズ コレクション","NTSC-J","Japan","Capcom","Capcom","1999-03-04","1","Yes","Action | Role-Playing","E - Everyone","Dungeons & Dragons Collection (ダンジョンズ＆ドラゴンズ コレクション) is a 1999 game for the Sega Saturn. It combines ports of two Capcom arcade beat-'em-ups.

Shadow over Mystara requires the use of a 4MB RAM cartridge while Tower of Doom doesn't, as it's an older conversion which had been planned to be released as a stand-alone product in 1996.

A North American release was planned, and featured at E3 1997[3] (alongside an also unreleased PlayStation version), but was cancelled."
"Dungeons & Dragons: Shadow over Mystara","","Region Not Set","","","","1999-03-04","","No","","","Released in Japan together with Dungeons & Dragons: Tower of Doom in the Dungeons & Dragons Collection."
"Dungeons & Dragons: Tower of Doom","","Region Not Set","","","","1999-03-04","","No","","","No overview is currently available for this title, please feel free to add one."
"DX Jinsei Game","","Region Not Set","","Takara","Takara","1995-12-15","4","No","Strategy","Not Rated","No overview is currently available for this title, please feel free to add one."
"Dynamite Deka","Die Hard Arcade","Region Not Set","","Sega","Fox Interactive | 																Sega AM1 R&D Division | 																Sega Technical Institute","1997-01-24","2","No","Action | Fighting","T - Teen","No overview is currently available for this title, please feel free to add one."
"E'tude Prologue","","Region Not Set","","Takuyo","Takuyo","1998-11-26","1","No","Adventure","Not Rated","No overview is currently available for this title, please feel free to add one."
"Earthworm Jim 2","","Region Not Set","","","","1996-01-01","","No","","","Earthworm Jim returns in a madcap chase across the galaxy saving cows and thwarting lawyers all the way. Whip, run, jump and Snot swing your way through 10 of the most outrageous and untraditional levels anywhere. Returning favorite characters include; Princess What's-Her-Name, Psy-Crow, Peter Puppy, Bob the Goldfish, and several new villains as well!"
"Eberouge","","NTSC-J","Japan","Takara","Japan Media Programming","1997-05-30","1","No","Strategy","Not Rated","No overview is currently available for this title, please feel free to add one."
"Eberouge Special: Koi to Mahou no Gakuen Seikatsu","","Region Not Set","","Takara","Japan Media Programming","1998-06-11","1","No","Life Simulation","Not Rated","No overview is currently available for this title, please feel free to add one."
"Eisei Meijin","","Region Not Set","","Konami","Konami","1998-09-29","1","No","Board","Not Rated","No overview is currently available for this title, please feel free to add one."
"Eisei Meijin II","","Region Not Set","","Konami","Konami","1998-12-20","1","No","Board","Not Rated","No overview is currently available for this title, please feel free to add one."
"Eiyuu Shigan: Gal Act Heroism","","Region Not Set","","Micro Cabin Co.","Micro Cabin Co.","1998-04-16","1","No","Role-Playing","Not Rated","No overview is currently available for this title, please feel free to add one."
"Elevator Action Returns","","Region Not Set","","Taito Corporation","Taito Corporation","1997-01-01","2","No","Action | Shooter | Platform","","Elevator Action Returns, released as Elevator Action II in North America, is a side-scrolling action game by Taito Corporation originally released for the arcades in 1994 as a sequel to the 1983 arcade game Elevator Action. Elevator Action Returns retains the elevator-based gimmick from the original, but expands and improves on the gameplay system and replaces the spy motif with a new scenario involving a paramilitary team fighting against a terrorist group. The mostly well-received game was ported to the Sega Saturn and released only in Japan as Elevator Action² Returns in 1997, and later included in Taito Legends 2 compilation release for the PlayStation 2, Windows and Xbox in 2006."
"Elf o Karu Monotachi","","Region Not Set","","Altron Corporation","Altron","1997-04-25","1","No","Adventure","Not Rated","No overview is currently available for this title, please feel free to add one."
"Elf o Karu Monotachi II","エルフを狩るモノたちⅡ","Region Not Set","","Altron Corporation","Altron","1998-07-16","1","No","Adventure","AO - Adult Only 18+","No overview is currently available for this title, please feel free to add one."
"Elf o Karu Monotachi: Hanafuda-Hen","","Region Not Set","","Altron Corporation","Use","1997-09-04","1","No","Board","Not Rated","No overview is currently available for this title, please feel free to add one."
"Elf Wo Karu Monotachi (Those Who Hunt Elves)(Japan)","","Region Not Set","","Altron Corporation","Altron","1997-04-25","1","No","Adventure","M - Mature 17+","No overview is currently available for this title, please feel free to add one."
"EMIT Vol. 1: Toki no Maigo","","Region Not Set","","Koei Co., Ltd.","Koei","1995-03-25","1","No","Education","Not Rated","No overview is currently available for this title, please feel free to add one."
"EMIT Vol. 2: Meigake no Tabi","","Region Not Set","","Koei Co., Ltd.","Koei","1995-04-01","1","No","Education","Not Rated","No overview is currently available for this title, please feel free to add one."
"EMIT Vol. 3: Watashi ni Sayonara o","","Region Not Set","","Koei Co., Ltd.","Koei","1995-04-01","1","No","Adventure","Not Rated","No overview is currently available for this title, please feel free to add one."
"Enemy Zero","","Region Not Set","","Sega","Warp Inc.","1997-10-31","1","No","","T - Teen","It begins with the high-pitched sound of danger and ends with the victim's final breath.
An invisible force is slaughtering your entire crew on a ship stranded in deep space. Suddenly all conventional combat skills are worthless as you face your greatest challenge: a silent enemy so brutal, you never see it coming. Plus it's 100 times more deadly than any 3 dimensional foe you've ever met face-to-face."
"Eternal Melody","","Region Not Set","","Media Works Inc.","Media Works","1996-10-04","1","No","Life Simulation","Not Rated","No overview is currently available for this title, please feel free to add one."
"Étude Prologue: Yureugoku Kokoro no Katachi","","NTSC-J","Japan","","Takuyo","1998-11-26","1","No","Adventure","Not Rated","No overview is currently available for this title, please feel free to add one."
"EVE: Burst Error","イブ・バースト・エラー","NTSC-J","Japan","Imagineer Co., Ltd.","C's Ware","1997-01-24","1","No","Adventure","Not Rated","A Bizarre Serial Murder Mystery. There's A Serial Killer Close By. A Prohibited Psychothriller. The Multi-Sight System Reveals Surprising Truth!

In this game there are two heroes, Kojiroh and Marina, who are each called to solve their own cases. This game allows you to switch characters at any time to solve the mysteries these heroes encounter. This ""Multi-Sight Adventure"" allows you to view what's happening behind-the-scenes from the other character's perspective, bump into each other, and sometimes even help each other out. Together, they come closer and closer to the shocking truth through their combined actions and skills of deduction."
"EVE: Burst Error [Premium Pack]","","NTSC-J","Japan","C's Ware","Imagineer","1997-08-29","1","No","Adventure","M - Mature 17+","Eve Burst Error (イヴ・バーストエラー) is a 1997 adventure game by C's ware for the Sega Saturn. It was a visual novel created by a team consisting of Hiryoki Kanno and Ryu Umemoto; they previously created Desire, and later joined Elf, where they created Kono Yo no Hate de Koi wo Utau Shoujo Yu-No."
"EVE: The Lost One","","Region Not Set","","Imadio","C's Ware","1998-03-12","1","No","Adventure","","Follow the female detective called Kyoko, and the mysterious Snake, as they try to solve a complex mystery full of betrayals and political intrigues.

Kyoko is an agent who investigates a murder case. She is much more talkative; she makes much more comments, meets more people, her thinking is less enigmatic, her motives clear.

On the other hand Snake is much more mysterious. It's not possible to know know his true identity, his goal is unknown, and it's impossible to tell whose side he is on."
"Exhumed","Powerslave","PAL","","Playmates Interactive Entertainment, Inc.","Lobotomy Software","1996-10-31","1","No","Action | Shooter | Horror","M - Mature 17+","Destination: The ancient Egyptian city of Karnak. Alien forces possessing horrifying powers have sealed off the once thriving community from all outside contact. As a covert operations specialist, you have been trained for all forms of contingencies. Nothing can prepare you, however, for the nightmare you are about to enter. Twenty+ levels of non-stop gameplay through an ancient Egyptian city and the tomb of the pharaoh Ramses. Real-time fully 3D rendered gameplay allows you to move between multiple floors within a single level. Cross bridges, crawl through tunnels, and swim through underwater grottos."
"F-1 Live Information","F1 Challenge","NTSC-J","Japan","Sega Sports","Sega","1995-11-02","1","No","Racing","E - Everyone","No overview is currently available for this title, please feel free to add one."
"F1 Challenge","","Region Not Set","","","","1996-01-01","","No","Racing | Sports","E - Everyone","F1 Challenge (F-1 ライブ インフォメーション F-1 Live Information?) is an officially licensed Formula One game developed by Bell Corporation and produced by Sega for the Sega Saturn. The game contains only three of the many Formula One Circuits, Hockenheim, Monte Carlo and the Suzuka Circuit while having another three based on the fictional Neo City containing three different configurations.[1]

While containing a full license (The license is granted by FOCA, not the FIA) of the 1995 Formula One racing season with thirteen teams and twenty-six drivers, the game only allows the player to play as five drivers: Michael Schumacher (Benetton), Damon Hill (Williams), Jean Alesi(Ferrari), Ukyo Katayama (Tyrrell), and Mika Häkkinen (McLaren). The other teams and drivers are in the game and the cars are correctly modeled but are unselectable."
"Falcom Classics","","Region Not Set","","Nihon Falcom Corp.","Victor Interactive Software, Inc.","1997-11-06","1","No","Role-Playing","Not Rated","This compilation contains three classic Nihon Falcom games redone for the Saturn:

    Dragon Slayer,
    Xanadu,
    Ys: The Vanished Omens. 

All games feature newly remade graphics and music, as well as new features to counter the age of the gameplay mechanics in some games (like the addition of a dash button for Ys). 

The Limited Edition of Falcom Classics comes with an extra 'Special Disc'. This disc contains a voice drama of Ys, and a tour of the Falcom store in Japan by one of the voice actresses of the game."
"Falcom Classics II","","Region Not Set","","Nihon Falcom Corp.","Victor Interactive Software, Inc.","1998-10-29","1","No","Adventure | Role-Playing","Not Rated","This is the second compilation of classic Nihon Falcom games redone for the Saturn. It contains remakes of:

    Asteka II
    Ys II

As before, all games feature newly remade graphics and music, as well as new gameplay features to counter the age of the gameplay mechanics in the games.

The Limited Edition of Falcom Classics II includes an audio cd featuring music from the two games on the main disc."
"FantaStep","","Region Not Set","","Jaleco Ltd.","Jaleco Ltd.","1997-04-25","1","No","Adventure","Not Rated","No overview is currently available for this title, please feel free to add one."
"Fantastic Pinball Kyutenkai","Kyuutenkai: Fantastic Pinball","Region Not Set","","TecnoSoft","Techno Soft","1995-08-25","1","No","","","Fantastic Pinball plays very similar to the Alien Crush/Devil's Crush series of pinball games. This game also offers living bumpers, wandering enemies, and bonus rounds that take place outside of the main table. 

The character art and background designs are of an anime style.

You can select from three different characters before the plunger is pulled. They each have their own attributes that affect how the game is played. The pinball can also be powered up, allowing it to hit enemies and obstacles for greater damage."
"Farland Saga","","Region Not Set","","TGL","Pixel","1998-01-29","1","No","Strategy","Not Rated","No overview is currently available for this title, please feel free to add one."
"Farland Saga: Toki no Michishirube","","Region Not Set","","TGL","TGL","1998-12-03","1","No","Role-Playing","Not Rated","No overview is currently available for this title, please feel free to add one."
"Farland Story: Habou no Mai","","Region Not Set","","TGL","TGL","1997-03-28","1","No","Strategy","Not Rated","No overview is currently available for this title, please feel free to add one."
"Father Christmas","","Region Not Set","","GAGA Communications Inc.","Gaga Communications","1995-12-08","1","No","Adventure","Not Rated","No overview is currently available for this title, please feel free to add one."
"FEDA Remake! The Emblem of Justice","","NTSC-J","","Yanoman Corporation","Max Entertainment","1996-05-24","1","No","Role-Playing | Strategy","Not Rated","Feda: Emblem of Justice is a tactical role playing game developed by Max Entertainment and was released in 1994. The game centers around two soldiers forced to fight against the now-corrupted empire they used to serve."
"Feng-Shui Sensei","風水先生 | Fuusui Sensei","Region Not Set","","","","1996-11-15","1","No","Construction and Management Simulation","E - Everyone","An urban development simulation, become an apprentice Feng Shui and follow Feng Shui's Law by laying roads and installing buildings according to Feng Shui's law."
"FIFA Soccer 96","FIFA 1996 | FIFA 96","PAL","United Kingdom of Great Britain and Northern Ireland","EA Sports","Extended Play Productions","1995-11-05","2","No","Sports","E - Everyone","FIFA Soccer 96 (also known as FIFA 96: Virtual Soccer Stadium) is a video game developed by Extended Play Productions and released by EA Sports in 1995. It was released for the Mega Drive/Genesis, Sega Saturn, Sega 32X, Sega Game Gear, PlayStation, Super Nintendo Entertainment System and DOS systems.

FIFA 96 is the third entry in the FIFA Series, its tagline being Next Generation Soccer. It was the first in the series to feature real-time 3D graphics on the Sega Saturn, PlayStation, 32X, and DOS versions, using technology called ""Virtual Stadium"". The SNES and Mega Drive editions used the FIFA '95 engine. It is also the first in the series to present players with real player names and positions, with ranking, transfer and team customisation tools."
"FIFA Soccer 97","FIFA 97 | FIFA 1997","NTSC-U","United States of America","","","1997-01-01","2","No","Sports","E - Everyone","FIFA 97 (also known as FIFA Soccer 97) is a video game developed by EA Canada and published by Electronic Arts based on the game of football (soccer). It was released for the PC on June 24, 1996 and versions for PlayStation, SNES, Mega Drive and Sega Saturn followed.

FIFA 97 was the fourth game in the FIFA Series and the second to use the Virtual Stadium engine. Unlike the first game to use the engine, FIFA 97 features polygonal players as opposed to the 2D sprites used in FIFA Soccer '96. The engine however received complaints for being sluggish in the PC and PlayStation versions.

David Ginola (then a Newcastle United player) graced the cover of the game in the European market. He also was used for motion capture for the polygonal models in the game. Bebeto (the Brazilian striker) was featured on the cover for the Americas and Asia-Pacific markets."
"FIFA: Road to World Cup 98","","Region Not Set","","","","1997-12-31","","No","Sports","E - Everyone","FIFA: Road to World Cup 98 (commonly abbreviated to FIFA 98) is an association football video game developed by EA Canada and published by Electronic Arts. It was the fifth game in the FIFA series and the second to be in 3D on the 32-bit machines. A number of different players were featured on the cover, including David Beckham in the UK, Roy Lassiter in the USA and Mexico, David Ginola on the French cover, Raúl on the Spanish cover, Paolo Maldini on the Italian and Andreas Möller on the German cover. FIFA 98 was the last FIFA game released for the Mega Drive in Europe.[citation needed]"
"Fighters History Dynamite","","Region Not Set","","Data East Corporation","Data East Corp.","1997-01-01","2","No","Fighting","E - Everyone","No overview is currently available for this title, please feel free to add one."
"Fighters Megamix","ファイターズ メガミックス","NTSC-J","Japan","","","1996-12-21","2","No","Fighting","Not Rated","Japanese version of Fighters Megamix."
"Fighting Illusion K-1 Grand Prix Shou","","Region Not Set","","Xing Entertainment","Daft","1997-01-31","1","No","Fighting | Sports","Not Rated","No overview is currently available for this title, please feel free to add one."
"Fighting Vipers","","NTSC-J","","Sega Studios","Sega","1996-08-30","2","No","Fighting","E - Everyone","No overview is currently available for this title, please feel free to add one."
"Final Fight Revenge","ファイナルファイトリベンジ","Region Not Set","","Capcom","Capcom","2000-03-30","2","No","Fighting","T - Teen","The Mad Gear gang is on the loose again! Take control of a total of 10 fighters and foil them, making Metro City safe from crime once again."
"Find Love 2: Rhapsody","","Region Not Set","","Daiki","Daiki","1998-11-26","1","No","Strategy","Not Rated","No overview is currently available for this title, please feel free to add one."
"Find Love 2: The Prologue","","Region Not Set","","Daiki","Daiki","1998-06-04","1","No","Life Simulation","Not Rated","No overview is currently available for this title, please feel free to add one."
"Fire Pro Gaiden: Blazing Tornado","ファイプロ外伝 ブレイジングトルネード | Fire Pro Wrestling: Blazing Tornado","NTSC-J","Japan","Human Entertainment, Inc.","Human","1995-08-25","2","No","Fighting | Sports","Not Rated","Fire Pro Gaiden: Blazing Tornado (ファイプロ外伝 ブレイジングトルネード) is an entry in Human's Fire Pro Wrestling series of wrestling games released for the Sega Saturn in 1995. It is a port of Human's arcade game Blazing Tornado, but while the arcade version was released internationally, this Sega Saturn port was exclusive to Japan."
"Fire ProWrestling S: 6Men Scramble","ファイヤープロレスリングS | Fire Pro Wrestling S: 6 Men Scramble","Region Not Set","","Human Entertainment, Inc.","Human","1996-12-27","4","No","Fighting | Sports","Not Rated","Fire Pro Wrestling S: 6 Man Scramble is the best Pro Wrestling game released in the video game arena. The incredible selection of wrestlers and shoot fighters makes the game interesting even after your 100th match. The RAM that the Saturn posesses allows for several animations for each wrestler. Step into the ring and make mayhem with 6 men scramble!"
"Firestorm Thunderhawk 2","","Region Not Set","","U.S. Gold Ltd.","Core Design Ltd.","1995-12-01","1","No","Shooter | Flight Simulator","E - Everyone","You're a combat pilot strapped into the cockpit of the meanest helicopter gunship on the planet. Dangerous missions await you, and failure is not an option. Fire up the Thunderstrike, and prepare for 360 degrees of furious carnage."
"Fishing Koushien","","Region Not Set","","King Records","A-Wave","1997-03-15","1","No","Sports","Not Rated","No overview is currently available for this title, please feel free to add one."
"Fishing Koushien II","","Region Not Set","","King Records","A-Wave","1997-05-30","1","No","Sports","Not Rated","No overview is currently available for this title, please feel free to add one."
"FIST","フィスト","Region Not Set","","Imageer","Genki","1996-11-22","2","No","Fighting","E - Everyone","When you play Fist you just can't stop that heart from pounding! It's a feeling you've never experienced before. A place you've never seen. A thrill like wandering through another dimension. And it's all full of a love that's different from the unbearable reality. Is this a dream or an illusion?  Warp speed to their world and find out right now!"
"Flash Sega Saturn Ochikazuki Hen","","NTSC-J","Japan","Sega","Sega","1996-01-01","1","No","Action","Not Rated","No overview is currently available for this title, please feel free to add one."
"Formula Karts (Special Edition)","","Region Not Set","","Sega","Manic Media Productions Ltd.","1997-11-01","1","No","Racing","Not Rated","High speed go-karting comes to the Saturn with 8 tracks from around the world. Formula Karts features arcade, championship, time attack and 2-player split screen modes as well as great driver AI (Artificial Intelligence) realistic animation and fast, furious karting action!"
"Frank Thomas Big Hurt Baseball","Big Hurt Baseball (JP)","Region Not Set","","","","1996-01-01","2","No","Sports","E - Everyone","Frank Thomas Big Hurt Baseball is a multiplatform baseball simulation game that was licensed by the Major League Baseball Players Association, featuring the likeness, motion captured movements, and ""Big Hurt"" branding of player Frank Thomas.

All the teams, statistics, and players are meant to simulate the 1995 Major League Baseball season.[3] Acclaim released a successor to the game also featuring Thomas and now featuring actual major league teams, All-Star Baseball '97 Featuring Frank Thomas."
"Frankenstein: Through the Eyes of the Monster","","Region Not Set","","","","1995-01-01","","No","","","European release"
"Free Talk Studio: Mari no Kimama na O-shaberi","","Region Not Set","","Media Entertainment","Media Entertainment","1997-05-09","1","No","Adventure","Not Rated","No overview is currently available for this title, please feel free to add one."
"Friends: Seishun no Kagayaki","","Region Not Set","","NEC Interchannel","FairyTale","1999-04-29","1","No","Adventure | Life Simulation","E - Everyone","No overview is currently available for this title, please feel free to add one."
"From TV Animation Slam Dunk: I Love Basketball","Slam Dunk: I Love Basketball | Slam Dunk","Region Not Set","","Bandai Co., Ltd.","Bandai Co., Ltd.","1995-08-11","2","Yes","Sports","E - Everyone","No overview is currently available for this title, please feel free to add one."
"Full Car Mini Yontou Super Factory","","Region Not Set","","MediaQuest","","1997-07-31","2","No","Racing","Not Rated","No overview is currently available for this title, please feel free to add one."
"Funky Fantasy","","Region Not Set","","Yoshimoto Kogyo","Tose","1996-12-13","1","No","Strategy","Not Rated","No overview is currently available for this title, please feel free to add one."
"Funky Head Boxers","","Region Not Set","","Yoshimoto Kogyo","Yoshimoto Kogyo","1997-01-10","2","No","Sports","Not Rated","No overview is currently available for this title, please feel free to add one."
"Funky Head Boxers Plus","","Region Not Set","","Yoshimoto Kogyo","Yoshimoto Kogyo","1997-05-02","1","No","Sports","Not Rated","No overview is currently available for this title, please feel free to add one."
"Fushigi no Kuni no Angelique","","Region Not Set","","Koei Co., Ltd.","Koei","1997-02-28","1","No","Board","Not Rated","No overview is currently available for this title, please feel free to add one."
"G Vector","","Region Not Set","","","","1997-10-16","1","No","Action | Shooter","E - Everyone","No overview is currently available for this title, please feel free to add one."
"Gaia Breeder","","Region Not Set","","Aspect Co. Ltd.","Aspect Co. Ltd.","1997-11-27","1","No","Strategy","Not Rated","No overview is currently available for this title, please feel free to add one."
"Gakkou no Kaidan","学校の怪談 | School Ghost Stories","Region Not Set","","Sega","Japan Media Programming","1995-07-14","1","No","Adventure | Horror","E - Everyone","In an elementary school, a girl named Mika disappears mysteriously after following the sound of laughter into the bathroom. She was known to have 2 golden rings that ""disappeared"" from her tray. The rumors of the school being haunted, strange things happening around 4:44 AM and the disappearance of children soon emerge, but Mika's older sister and her friends decide to go after Mika despite this. They soon find out that all the rumors are true, and now they not only have to find the girl but also save themselves from the malevolent ghosts that haunt the school building."
"Gakkou no Kowai Uwasa: Hanako-san ga Kita!!","","Region Not Set","","Capcom","Capcom","1995-08-11","1","No","Adventure","Not Rated","No overview is currently available for this title, please feel free to add one."
"Gal Jan","","NTSC-J","Japan","Warashi","Warashi","1996-08-09","1","No","Puzzle | Board","Not Rated","No overview is currently available for this title, please feel free to add one."
"Galactic Attack","Layer Section","Region Not Set","","Acclaim Entertainment, Inc.","Ving","1995-12-01","2","Yes","Shooter","E - Everyone","""This is more than intergalactic warfare. This is the future of mankind! Warp into battle from the outer reaches of the solar system to the inner bowels of hostile enemy planets. Thousands of turbocharged alien warships attack from every direction. Your only hope... lock-on lasers, explosive tracking missiles, lightning quick reflexes and a soft spot for the human race!"""
"Galaxy Fight","Galaxy Fight: Universal Warriors","Region Not Set","","SUNSOFT","Santaclaus","1996-07-03","2","Yes","Fighting","T - Teen","People have prayed to the gods, but the devil descends from the sky. Your mission is to defeat Felden Kryse, ruler of the underworld. The fantastic challenge ferociously unfolds on eight different planets. Screen image changes on-the-fly to zoom in and out based on how the battle unfolds. Use Dash to your utmost advantage, and speed through the field of infinity."
"Galaxy Fight: Universal Warriors","Galaxy Fight","NTSC-J","Japan","SUNSOFT","Santaclaus","1995-11-22","2","No","Action | Fighting","Not Rated","Galaxy Fight, or Galaxy Fight: Universal Warriors (ギャラクシーファイト ユニバーサル・ウォリアーズ) in Japan, is a fighting game by Sunsoft. Originally for Neo Geo arcade hardware, it was ported to the Sega Saturn and Sony PlayStation in 1995. The Saturn version is the only port of Galaxy Fight to be released in all three main regions of the world; Japan, North America and Europe.

Like many fighting games originally designed for the Neo Geo system, it makes heavy use of sprite scaling. It received a spiritual successor in Waku Waku 7, which was also released for Saturn."
"Gale Racer","Rad Mobile","Region Not Set","","Sega","Sega","1994-12-02","2","No","Racing","E - Everyone","No overview is currently available for this title, please feel free to add one."
"Gals Panic SS","","Region Not Set","","Kaneko Co., Ltd.","Kaneko","2017-09-27","2","No","Puzzle","Not Rated","Gals Panic SS (ギャルズパニックＳＳ) is a 1996 game for the Sega Saturn by Mainichi Communications in Kaneko's Gals Panic series of games. It is much less pornographic than other entries in the series (receiving the ""All Ages"" rating in Sega of Japan's internal rating system), but otherwise plays the same (a Qix clone where taking regions slowly reveals a suggestive picture of a girl)."
"Gambler Jiko Chuushinha: Tokyo Mahjong Land","","Region Not Set","","Game Arts Co., Ltd.","Game Arts","1996-10-18","","No","","","Gambler Jiko Chuushinha: Tokyo Mahjongland (ぎゅわんぶらあ自己中心派 トーキョー マージャンランド) is a mahjong game for the Sega Saturn."
"Game Basic for Sega Saturn","","NTSC-J","Japan","ASCII Corporation","Bits Laboratory","1998-06-25","1","No","Utility","Not Rated","Game Basic for Sega Saturn (ゲームベーシック フォー セガサターン) is a tool for Japanese Sega Saturn consumers which allows them to create their own video games."
"Game de Seishun","","Region Not Set","","KID Corp.","KID Corp.","1998-04-23","1","No","Board","Not Rated","No overview is currently available for this title, please feel free to add one."
"Game Nihonshi: Kakumeiji Oda Nobunaga","","Region Not Set","","Koei Co., Ltd.","Koei","1997-04-04","1","No","Strategy","Not Rated","No overview is currently available for this title, please feel free to add one."
"Game no Tatsujin","","Region Not Set","","SUNSOFT","Affect Co.,Ltd","1995-06-09","1","No","Board","Not Rated","No overview is currently available for this title, please feel free to add one."
"Game no Tatsujin 2","","NTSC-J","","SUNSOFT","Chat Noir","1996-03-15","1","No","Board","Not Rated","No overview is currently available for this title, please feel free to add one."
"Game no Tatsujin: The Shanghai","","Region Not Set","","SUNSOFT","Sunsoft","1995-10-13","1","No","Board","Not Rated","No overview is currently available for this title, please feel free to add one."
"Game Tengoku: The Game Paradise","","Region Not Set","","Jaleco Ltd.","","1997-06-06","","No","Shooter","","No overview is currently available for this title, please feel free to add one."
"Game-Ware Vol. 1","","Region Not Set","","General Entertainment","Scarab","1996-04-05","1","No","Utility","Not Rated","No overview is currently available for this title, please feel free to add one."
"Game-Ware Vol. 2","","Region Not Set","","General Entertainment","Scarab","1996-10-04","1","No","Utility","Not Rated","No overview is currently available for this title, please feel free to add one."
"Game-Ware Vol. 3","","Region Not Set","","General Entertainment","Scarab","1996-10-04","1","No","Utility","Not Rated","No overview is currently available for this title, please feel free to add one."
"Game-Ware Vol. 4","","Region Not Set","","General Entertainment","Scarab","1997-03-07","1","No","Utility","Not Rated","No overview is currently available for this title, please feel free to add one."
"Game-Ware Vol. 5","","Region Not Set","","General Entertainment","Scarab","1997-06-27","1","No","Utility","Not Rated","No overview is currently available for this title, please feel free to add one."
"Garou Densetsu 3: Road to the Final Victory","Fatal Fury 3","NTSC-J","Japan","KID Corp.","SNK","1996-06-26","2","No","Fighting","E - Everyone","Third installment of the great series of gaming Fatal Fury. This one we have classical ones but new like Blue Mary."
"Gegege no Kitarou: Gentou Kaikitan","","Region Not Set","","Bandai Co., Ltd.","Bandai Co., Ltd.","1996-12-27","1","No","Action | Adventure | Horror","Not Rated","Gegege no Kitarou: Gentou Kaikitan (ゲゲゲの鬼太郎 幻冬怪奇譚), is a Sega Saturn adventure game based on the Gegege no Kitarou (Kitaro of the Graveyard) manga series."
"Gekiretsu Pachinkazu","","Region Not Set","","BMG Interactive Entertainment","Planning Office Wada","1996-08-02","1","No","Board","Not Rated","No overview is currently available for this title, please feel free to add one."
"Gekirindan","Gekirindan:  Time Travel Shooting","Region Not Set","","Virgin Interactive Entertainment, Inc.","Japan Media Programming","1997-04-18","2","No","Shooter","","No overview is currently available for this title, please feel free to add one."
"Gekitotsu Koushien","","Region Not Set","","MAHOU","Mahou","1997-08-01","1","No","Sports","Not Rated","No overview is currently available for this title, please feel free to add one."
"Gekka no Kishi: Ouryusen","","Region Not Set","","Banpresto Co., Ltd.","","1996-11-22","1","No","Board","Not Rated","No overview is currently available for this title, please feel free to add one."
"Gekkamugentan Torico","Lunacy","Region Not Set","","Atlus Co., Ltd. | 																Sega","System Sacom","1996-06-28","1","No","Adventure","E - Everyone","No overview is currently available for this title, please feel free to add one."
"Genso Suikoden","","Region Not Set","","Konami","","1998-09-17","1","No","Role-Playing","Not Rated","No overview is currently available for this title, please feel free to add one."
"Gex","","Region Not Set","","Crystal Dynamics, Inc.","Beam Software","1996-01-01","1","No","Action | Platform","E - Everyone","GEX's mouth gets him in trouble, but it's his thrashing tail and suction cup paws that get him out. GEX has been sucked into the Media Dimension, the place where cheesy 70's movies go to retire. To escape he's gotta kill TVs in each world. Over 450 frames of smooth 3D animation and hand-rendered backgrounds! GEX jumps and sticks to everything while thrashin' secret levels in search of elusive remote controls."
"Ghen War","","NTSC","United States of America","Sega","Jumpin’ Jack Software","1995-09-01","1","No","Adventure | Shooter","E - Everyone","Ghen War (ゲン ウォー) is a first-person shooter video game for the Sega Saturn console. It was developed by American studio Jumpin' Jack Software and published by Sega in 1995. The game centers around a member of a mining crew, with an artificial powered exoskeleton resembling a power-loader. The crew, specifically the protagonist, must fight off a once-friendly alien race known as the Ghen, who suddenly turn on the humans."
"Ginga Eiyuu Densetsu","","Region Not Set","","Tokuma Shoten Publishing Co., Ltd.","Microvision","1996-11-29","1","No","Strategy","Not Rated","No overview is currently available for this title, please feel free to add one."
"Ginga Eiyuu Densetsu Plus","","Region Not Set","","Tokuma Shoten Publishing Co., Ltd.","Microvision","1997-10-23","1","No","Strategy","Not Rated","No overview is currently available for this title, please feel free to add one."
"Ginga Ojousama Densetsu Yuna 3: Lightning Angel","","Region Not Set","","Hudson Entertainment, Inc.","Hudson","1997-12-04","1","No","Strategy","Not Rated","No overview is currently available for this title, please feel free to add one."
"Ginga Ojousama Densetsu Yuna Remix","","Region Not Set","","Hudson Entertainment, Inc.","Red Entertainment","1996-12-27","1","No","Adventure","Not Rated","No overview is currently available for this title, please feel free to add one."
"Ginga Ojousama Densetsu Yuna: Mika Akitaka Illust Works","","Region Not Set","","Hudson Entertainment, Inc.","Hudson","1996-12-27","1","No","Utility","Not Rated","No overview is currently available for this title, please feel free to add one."
"Ginga Ojousama Densetsu Yuna: Mika Akitaka Illust Works 2","","Region Not Set","","Hudson Entertainment, Inc.","Hudson","1997-12-15","1","No","Utility","Not Rated","No overview is currently available for this title, please feel free to add one."
"Girl Doll Toy: Tamashii o Kudasai","Girl Doll Toy ～魂をください～","Region Not Set","","Xuse","Xuse","1998-12-28","1","No","Adventure","M - Mature 17+","Near future. Hero works in a laboratory developing human-like androids. He picks up an android that was fated to be disposed, upgraded her and named her Erika. At some point he starts to feel romantic emotions for her..."
"Go III Professional: Taikyoku Igo","","Region Not Set","","","","1997-08-01","1","No","Board","Not Rated","No overview is currently available for this title, please feel free to add one."
"Godzilla Rettoushinkan","Godzilla","Region Not Set","","Sega","Sega","1995-12-22","1","No","Strategy | Life Simulation","E10+ - Everyone 10+","Japanese Godzilla game. Your task is to play as the commander defending Japan from Godzilla attacks by using a typical selection of arsenal at your disposal. Have you got what it takes against the king of all monsters?"
"Goiken Muyou: Anarchy in the Nippon","御意見無用 Anarchy in the Nippon","Region Not Set","","KSS","KSS","1997-10-02","2","No","Fighting","","Goiken Muyou: Anarchy in the Nippon is a 3D fighting game in the vein of Virtua Fighter (it must be noted that this game was developed by ex-AM2, VF2 staff). Thus, similarly to VF series, there's no fireballs or other special attacks of that kind. But, unlike VF, there's no jump button, even if there's the possibility to jump over opponents for additional damage when they're on the ground. Also, a side-step dodge through the L and R buttons can be done, showing that the game also uses a 3D gameplay."
"Gokujou Parodius Da! Deluxe Pack","","Region Not Set","","Konami","Konami","1995-05-19","2","Yes","Shooter","","Two great arcade games crammed onto one CD! Shoot 'em ups don't come any weirder than Parodius - dodge through waves of killer penguins, neon rabbits and 50ft tall dancing girls. An intense experience for one or two players."
"Golden Axe: The Duel","","Region Not Set","","Sega","Sega","1996-06-27","2","","Fighting","T - Teen","Many years have passed since the last war with Death Adder. But, as memories of those dark times begin to fade, another war is beginning. Out of the mists of time, a magical axe is discovered. The legend of the axe is well known throughout the land, for it is told that this axe is the very one which Gillius Thunderhead used to slay Death Adder.

Over time, the powers of the axe have grown. It is said that the artifact can grant its owner anything his or her heart desires. Young and old, good and evil, many are drawn towards the power of the weapon. Thus begins the war of the Golden Axe."
"Golden Axe: The Duel (JPN)","","NTSC-J","Japan","Sega","Sega AM1 R&D Division","1995-09-29","2","No","Action | Fighting","Not Rated","Golden Axe: The Duel (ゴールデンアックス・ザ・デュエル) is an entry in the Golden Axe series of games, and was initially released for Sega Titan Video arcade hardware in 1995. It later saw a port to the Sega Saturn.

Unlike other Golden Axe games, Golden Axe: The Duel is a 2D versus fighter. It would also be the last Golden Axe game to be released in arcades (and it would be fourteen years until another Golden Axe game would be released - Golden Axe: Beast Rider)."
"Gotha","","Region Not Set","","Sega","Micronet Co. Ltd.","1995-01-27","1","No","Strategy","Not Rated","No overview is currently available for this title, please feel free to add one."
"Gradius Deluxe Pack","","Region Not Set","","Konami","Konami","1996-03-29","1","No","Shooter","","Gradius (グラディウス Guradiusu) is a 1985 horizontally scrolling shoot 'em up video game developed and published by Konami, originally released as a coin-operated arcade game in 1985. It was the first game in the Gradius series of shoot 'em ups. In Gradius, the player maneuvers a spacecraft known as the Vic Viper that must defend itself from the various alien enemies. The game features a power-up system called the ""power meter"", based upon collecting capsules to 'purchase' additional weapons."
"Gran Chaser","","Region Not Set","","Sega","Sega","1995-01-01","2","No","Racing","E - Everyone","A futuristic racing game similar to Wipeout."
"Grand Slam","","Region Not Set","","","","1996-01-01","","No","","E - Everyone","No overview is currently available for this title, please feel free to add one."
"Grandia","","Region Not Set","","ESP Software","Game Arts","1997-12-18","1","No","Role-Playing","E - Everyone","Justin wants to be an explorer like his father. In an effort to see the world, Justin and his friend, Sue, set out on an exciting adventure. Little do they know, this journey is only the beginning of a much longer quest to discover the secrets of an ancient race of people and to save the world from the maniacal plans of a ruthless military commander. You control Justin and his friends as they travel throughout the world. When you engage in combat, you will have to understand the unique attributes and abilities of each character to be successful. If you don't want to fight, you can avoid any battle, since all of the monsters are shown on the screen and can be avoided all together. With about 60 hours of gameplay, there is plenty to keep the player busy. Will Justin and his friends save the world? Discover the answer yourself in GRANDIA."
"Grandia Digital Museum","","Region Not Set","","Game Arts Co., Ltd.","Game Arts","1998-05-28","1","No","Utility","Not Rated","No overview is currently available for this title, please feel free to add one."
"Grandia: Prelude [Demo]","グランディア ～プレリュード～","NTSC-J","Japan","ESP Software","Game Arts","1997-04-01","1","No","Role-Playing","E - Everyone","Grandia: Prelude (グランディア ～プレリュード～) is a Japanese Sega Saturn demo disc for Grandia."
"Grandread","","Region Not Set","","Banpresto Co., Ltd.","C-Lab","1997-11-27","1","No","Strategy","Not Rated","No overview is currently available for this title, please feel free to add one."
"Greatest Nine '96","","Region Not Set","","Sega","Sega","","2","No","Sports","E - Everyone","No overview is currently available for this title, please feel free to add one."
"Grid Runner","Grid Run","Region Not Set","","Virgin Interactive Entertainment, Inc.","Radical Entertainment Inc.","1996-11-30","2","No","","E - Everyone","Grid Runner is a futuristic version of ""tag."" On offense, your objective is to capture the flags around the levels without being tagged or killed. On defense, your main objective is to tag the other player (either the computer or a friend in two-player mode) before he or she collects all the flags.

In each level you will find different colored balls that will help you defeat your enemies. For example, the green balls increase your speed, red increases your magic, and blue increases your agility. The more power-ups you collect, the more efficient you become. You can also use and collect magic points.

Collecting magic points allows you to do one of six things: build a temporary bridge, drop explosives behind you, slow down your opponent, fire a weapon (which can be upgraded or traded), temporarily boost your speed, or teleport out of danger."
"Groove On Fight: Gouketsuji Ichizoku 3","","Region Not Set","","Atlus Co., Ltd.","Atlus Co., Ltd.","1997-05-16","2","No","Fighting","","No overview is currently available for this title, please feel free to add one."
"GT 24","","Region Not Set","","Jaleco Ltd.","Natsume","1998-05-28","1","No","Racing","Not Rated","No overview is currently available for this title, please feel free to add one."
"Guardian Force","","Region Not Set","","Success Corp.","Success Corp.","1998-06-06","2","No","Shooter","","No overview is currently available for this title, please feel free to add one."
"Guardian Heroes","Gādian Hīrōzu (ガーディアン ヒーローズ)","Region Not Set","","Sega","Treasure","1996-01-26","6","Yes","Action | Role-Playing","T - Teen","Much more than just a beat 'em up, Guardian Heroes is the perfect blend of action and adventure. Hack, slash and burn through hordes of androids, zombie warriors and goblins as you select your route through over 30 gripping levels, or battle it out in frantic 6-player mode with over 45 characters to choose from!"
"Gun Frontier","Gun Frontier Arcade Gears","Region Not Set","","Xing Entertainment","GOO!","1997-09-25","2","No","Shooter","","No overview is currently available for this title, please feel free to add one."
"Gunbird","","Region Not Set","","Atlus Co., Ltd.","Psikyo","1995-12-15","1","No","","","Gunbird (ガンバード?) is a vertically scrolling shoot 'em up developed by Psikyo and released in Japanese arcades in 1994. The game has been re-released multiple times, including on the Sega Saturn, PlayStation, and Steam. When originally localized outside of Japan by XS Games, it was retitled Mobile Light Force. Gunbird was followed by a sequel, Gunbird 2, in 1998."
"GunBlaze S","","Region Not Set","","KID Corp.","KID Corp.","1998-01-29","1","No","Role-Playing","Not Rated","No overview is currently available for this title, please feel free to add one."
"Gungriffon","","Region Not Set","","","","1996-03-15","1","No","Action","Not Rated","Japan Release"
"Gungriffon II","","Region Not Set","","ESP Software","Game Arts","1998-04-23","","No","Action","","No overview is currently available for this title, please feel free to add one."
"Gussun Oyoyo-S","","Region Not Set","","Xing Entertainment","IREM | 																Xing Entertainment","1996-03-26","1","Yes","Action | Puzzle","Not Rated","No overview is currently available for this title, please feel free to add one."
"Habitat II","","NTSC-J","Japan","Sega","","1996-07-27","1","No","Platform","Not Rated","Habitat II (ハビタット２) is an Etc game, published by Sega Enterprises, Ltd., which was released in Japan in 1996 for the Sega Saturn."
"Hanagumi Taisen Columns","","NTSC-J","Japan","Sega","Red Company | 																Sega CS2","1997-03-28","2","Yes","Puzzle","E - Everyone","No overview is currently available for this title, please feel free to add one."
"Hang-On GP","Hang On GP '95 | Hang On GP '96","Region Not Set","","","","1996-01-01","","No","Racing","","Hang-On GP is a Racing game, developed by Genki and published by Sega, which was released in Japan in 1995"
"Hang-On GP 95","","NTSC-J","Japan","Sega","Genki | 																SEGA Games","1995-10-27","2","No","Racing","Not Rated","Hang-On GP '95 features three tracks: Albatross Cliff Reef, Great Crimson Wall, and New Dwells. Each track contains an additional route that becomes available after a high placing. This makes a total of six possible races.

Players can choose from among ten motorcycles to use during a race as well as an automatic or manual transmission for each. Players can also decide how the bike should control, highside or power slide.

Placing in the top three on any of the first three tracks will release the additional routes. When players place in the top three on the additional routes an endurance mode will be available. In endurance mode players attempt to complete as many laps as they can in 10 minutes."
"Hankou Shashin ~Shibarareta Shoujo-tachi no Mita Mono ha?~","犯行写真　縛られた少女たちの見たモノは？ | Crime photo - What did the tied up girls see?","Region Not Set","","Imagineer Co., Ltd.","Imagineer","1996-06-14","1","No","Adventure","AO - Adult Only 18+","An idol group known as Otomegumi is staying at the western-style boarding house in a spa resort in Izu, Japan. You, as a professional photographer, came along with your team, which includes, your editor, and your young assistant, to make a photo album of the idol group. As you arrive at the boarding house you meet with Otomegumi and some other suspicious-looking characters on the premises. Due to a sudden storm, you decide to wait it out and use that opportunity to get to know everyone a little better. The next morning, you and the idol group went to hot springs for some photo sessions. The photos are going fine and things were about to wrap up when the distressing rumors about someone being dead back at the boarding house have reached you. You all pack your things and head back to the boarding house. There, you find the owners of the boarding house, Kyousuke Nakagawa and his wife Reiko Nakagawa, standing in front of a room of none other than Seiji Tashiro who was a troublemaker from the moment you met him. A closer inspection, you soon realize it's murder as he appears to have been stabbed with a knife. But who would have a reason to kill him? Suspects... motives... opportunities... anyone could be the killer, and to top it all, you cannot call the police as the phone line appears to be dead. With the killer among you, what was to be a nice relaxing vacation is turning into a murder mystery that is far from being over.

The game plays like a straight visual novel consisting of text over the current background which is comprised of many photo stills to match the dialogue and emotion of the scene in question. Occasionally the player is presented with dialogue choices that may affect the current situation but there is no real branching in the main story, just different reactions by the people addressing you. Voice-acting is almost non-present and appears only in key dialogues between the player and the idols, and usually for no more than a single short sentence. In a photo session, the player can take a limited number of photos but does not control camera movement, instead, the camera moves up and down once and the player has the chance to take a photo or keep the movie to use on the next pose."
"Hansha de Spark!","","Region Not Set","","Sieg","Prism Studios","1997-12-24","1","No","Action","Not Rated","No overview is currently available for this title, please feel free to add one."
"Hardcore 4x4","TNN Motor Sports Hardcore 4X4","PAL","United Kingdom of Great Britain and Northern Ireland","Gremlin Interactive Ltd.","Gremlin Interactive Ltd.","1997-01-07","2","No","Racing","E - Everyone","Hardcore 4x4 (initially known as TNN Motorsports Hardcore 4X4 in the US and known as Deka Yonku ~Tough The Truck~ (デカ４駆　～タフ　ザ　トラック～?) in Japan) is a racing video game developed by Gremlin Interactive for the Sega Saturn, PlayStation and Microsoft Windows. It became available for download from PlayStation Store as a PSone Classic for play on the PlayStation 3 on January 10, 2008, in PAL regions.[4] The game utilizes 3D environments and truck models. The soundtrack features hard rock music."
"Harukaze Sentai V-Force","","Region Not Set","","Ving","Ving","1997-06-27","1","No","Strategy","Not Rated","No overview is currently available for this title, please feel free to add one."
"Hatrick Hero S","","Region Not Set","","Taito Corporation","Taito Corporation","1995-12-08","4","Yes","Sports","E - Everyone","This is a is Sport - Soccer game, published by TAITO, which was released in Japan in 1995 for the Sega Saturn."
"Hatsukoi Monogatari","","Region Not Set","","Tokuma Shoten Publishing Co., Ltd.","Axes Art Amuse","1998-10-01","1","No","Board","Not Rated","No overview is currently available for this title, please feel free to add one."
"Haunted Casino","","Region Not Set","","","","1996-09-27","1","No","Puzzle | Horror","Not Rated","An erotic casino table game with adventure elements."
"Heartbeat Scramble","","Region Not Set","","Imagineer Co., Ltd.","Japan Media Programming","1996-09-06","1","No","Adventure","Not Rated","No overview is currently available for this title, please feel free to add one."
"Heir of Zendor: The Legend and The Land","Gotha II: Tenkuu no Kishi","Region Not Set","","Koei Co., Ltd.","Micronet Co. Ltd.","1996-11-30","1","No","Strategy","Not Rated","After the great battles were fought, Terra Sancta was the only planet with ""liquid gold"" (water) remaining. One man penetrated the defense system of Terra Sancta to obtain the precious water, which he controls together with ""Five Kings"". Over the years,as the population grows, water becomes scarce and resentment towards the Kings grows. Soon the entire planet is engulfed in a war between rebels using guerrilla tactics against the Alliance of City States and the Kings. Become the prince of ZENDOR, commander of the ZEDORIAN Squadron of the Royal Alliance Expeditionary Forces and lead them on to victory!"
"Heisei Tensai Bakabon Susume! Bakabons","","Region Not Set","","General Entertainment","DiCE","1995-07-07","2","No","Puzzle","E - Everyone","No overview is currently available for this title, please feel free to add one."
"Heiwa Pachinko Sou Shingeki","","Region Not Set","","Naxat Soft","NAXAT Soft","1996-10-04","1","No","Board","Not Rated","No overview is currently available for this title, please feel free to add one."
"Herc's Adventures","","Region Not Set","","LucasArts Entertainment Company LLC","LucasArts Entertainment Company LLC","1997-07-31","","No","","E - Everyone","Ahhh...ancient Greece. A fertile land, full of wine, women, and some of the best gyros you'll ever taste. Thanks to Persephone, the Greek goddess of spring and fertility, Greece is a wonderful paradise. But now the lord of the Underworld, Hades, has gone and kidnapped Persephone, causing the land to slowly wither away! Zeus, the King of the Gods, needs help in saving her, so who do you call? None other than three of the greatest warriors in the land! You can choose from the big 'n' buff Herc, the super swift Atlanta, or the young and street-smart Jason, each of whom have their own weapons and strengths. The game's 40 levels include many further variations and pastiches of Greek mythology and legend. It's all up to you to rescue Persephone and give Hades a beatdown he'll never forget!"
"Hexen: Beyond Heretic","","Region Not Set","","GameBank Corp.","Atod AB","1997-04-30","1","No","Shooter","M - Mature 17+","While you were battling the evil forces of D'Sparil, the other Serpent Riders were busy sowing the seeds of destruction in other dimensions. One such dimension is the decaying world where Hexen takes place. A world littered with the mangled corpses of nonbelievers. Only three humans - a warrior, a mage and a cleric - have escaped the leader's vicious spell. Now these three brave souls have sworn to crush the evil regime that threatens to destroy the world forever."
"Hi-Octane: The Track Fights Back!","","Region Not Set","","EA Games","Bullfrog Productions","1995-01-01","2","No","Racing | Shooter","E - Everyone","No overview is currently available for this title, please feel free to add one."
"High School Terra Story","","Region Not Set","","KID Corp.","Success Corp.","1998-07-23","1","No","Life Simulation","Not Rated","No overview is currently available for this title, please feel free to add one."
"High Velocity: Mountain Racing Challenge","Touge King the Spirits","NTSC-U","","Atlus Co., Ltd.","Atlus Co., Ltd.","1996-01-01","2","No","Racing","E - Everyone","High Velocity – Mountain Racing Challenge is a racing game developed by Cave and published by Atlus for the Sega Saturn video game console. It focuses on one-on-one races staged on circuits made from Japanese mountain roads, featuring Japanese performance cars. It is the first in Atlus’ long running Touge series."
"Highway 2000","Wangan Dead Heat","Region Not Set","","Natsume","Genki","1996-01-01","1","No","Racing","E - Everyone","No overview is currently available for this title, please feel free to add one."
"Himitsu Sentai Metamor V","","Region Not Set","","","Feycraft","1998-04-23","1","No","Adventure","Not Rated","No overview is currently available for this title, please feel free to add one."
"Hissatsu Pachinko Collection","","Region Not Set","","SUNSOFT","Sunsoft","1996-01-09","1","No","Board","Not Rated","No overview is currently available for this title, please feel free to add one."
"Hissatsu!","必殺！","Region Not Set","","Bandai Visual","Emotion Digital Software","1996-06-28","1","No","Action | Platform","","No overview is currently available for this title, please feel free to add one."
"Hiyakuke no Omoide + Himekuri: Girls in Motion Puzzle Vol. 1","Hiyake no Omoide & Himekuri: Girls in Motion Puzzle Vol. 1","Region Not Set","","Yanoman Corporation","JAMP","1995-12-08","2","No","Puzzle","Not Rated","Hiyake no Omoide & Himekuri: Girls in Motion Puzzle Vol. 1 (日灼けの想い出＋姫くり) is a puzzle game developed by JAMP and published by Yanoman for the Sega Saturn. It was followed by Body Special 264: Girls in Motion Puzzle Vol. 2."
"Hokuto no Ken","Fist of the North Star","Region Not Set","","Banpresto Co., Ltd.","Banpresto","1995-12-22","1","No","Action","Not Rated","No overview is currently available for this title, please feel free to add one."
"Honkaku 4nin Uchi Geinoujin Taikyoku Mahjong: The Wareme de Pon","","Region Not Set","","Video System Co., Ltd.","Video System Co., Ltd.","1996-10-10","1","No","Board","Not Rated","No overview is currently available for this title, please feel free to add one."
"Honkaku Hanafuda","","Region Not Set","","Altron Corporation","Altron","1998-10-29","1","No","Board","Not Rated","No overview is currently available for this title, please feel free to add one."
"Honkaku Pro Mahjong Tetsuman Special","","Region Not Set","","Naxat Soft","Chat Noir","1998-08-23","1","No","Board","Not Rated","No overview is currently available for this title, please feel free to add one."
"Honkaku Shogi Shinan Wakamatsu Shougi Jyuku","","Region Not Set","","Sims Co., Ltd.","Biox","1998-01-29","1","No","Board","Not Rated","No overview is currently available for this title, please feel free to add one."
"Hop Step Idol","","Region Not Set","","Media Entertainment","","1997-12-04","1","No","Strategy","Not Rated","No overview is currently available for this title, please feel free to add one."
"Horror Tour","ホラーツアー","Region Not Set","","OCC","GOO!","1996-03-29","1","No","Adventure","E - Everyone","""Dare You Match Wits With the King of Demons?<

IN A MURKY CASTLE, IN A HIDDEN WOOD, A HOST OF DIABOLICAL MYSTERY AWAITS YOU.

Long ago, Rodvydel Castle fell into the evil grasp of Zeddas, who worked his foul spells upon the place to hide it from mortal eyes. Now you must walk these same haunted halls, trying to undo the harm this demon has wrought. Can you restore the castle? You must pit your own cunning against the fiend's treachery to unravel the sinister mysteries of this place.

But beware - the King of Demons keeps a warm place ready for those who would meddle in his affairs!

ABANDON HOPE, ALL YE WHO ENTER HERE!

EXPLORE the labyrinthine corridors of the woeful castle DISCOVER clues to the whereabouts of keys and other mystical items that can help you in your quest SOLVE the nefarious obstacles created by Zeddas to foil would-be heroes SEE this interactive tale of horror unfold before your eyes in QuickTime movies and fully-rendered 3D graphics HEAR the eerie CD-quality music and sound effects that set the mood for this haunting adventure. FEEL the dread only Zeddas can inspire!"""
"Houkago Renai Club","","Region Not Set","","KID Corp.","Libido","1998-01-15","1","No","Life Simulation","Not Rated","No overview is currently available for this title, please feel free to add one."
"Houma Hunter Lime Perfect Collection","","Region Not Set","","Asmik Ace Entertainment","Copya System Ltd.","1995-09-29","1","No","Adventure","Not Rated","No overview is currently available for this title, please feel free to add one."
"Hyper 3-D Pinball","Hyper 3D Pinball","Region Not Set","","Virgin Games, Ltd.","NMS Software","1996-10-31","1","No","Action","E - Everyone","Make like a giant from a cozy top-down view or get microscopic in a 3D earthquaking trip that sucks you in one end and shoots you out the other. Right down into a rocketing, head-rattlin' shotgun ride of pure screaming speed. Better learn the flipper mambo fast or it's game over. These balls and bumpers have got arcade smarts and they're not letting anything slide by without a fight. Hold on tight. This sensory freak-out's jumping with creepy graveyards, dark fantasy lands and rat-tat-tat gangsters in not four, not five, but six completely different table-shaking, electro-bumping, ramp-raging worlds!"
"Hyper 3D Taisen Battle: Gebockers","","Region Not Set","","Riverhill Software Inc.","","1996-02-23","2","No","Action","Not Rated","No overview is currently available for this title, please feel free to add one."
"Hyper Duel","","Region Not Set","","Technosoft Co., Ltd.","TechnoSoft","1996-11-22","2","Yes","Action | Shooter","Not Rated","Hyper Duel is an Action game, developed and published by TechnoSoft, which was released in Japan in 1996."
"Hyper Reverthion","","Region Not Set","","Technosoft Co., Ltd.","Techno Soft","1996-06-07","2","No","Action","Not Rated","No overview is currently available for this title, please feel free to add one."
"Hyper Securities S","","Region Not Set","","Pack-In-Video Co., Ltd","Pack-In-Video Co., Ltd","1997-02-07","1","No","Strategy","Not Rated","No overview is currently available for this title, please feel free to add one."
"Ide Yosuke Meijin no Shin Jissen Mahjong","","Region Not Set","","Capcom","Capcom","1996-06-28","1","No","Board","Not Rated","No overview is currently available for this title, please feel free to add one."
"Idol Janshi Suchie-Pai II","","NTSC-J","Japan","Jaleco Ltd.","Jaleco Ltd.","1996-04-26","1","No","Board","Not Rated","Idol Janshi Suchie-Pai II [ アイドル雀士 スーチーパイ II ](Aidoru Janshi Sūchī-Pai, lit. ""Idol Mahjong Player Suchie-Pai"") is the second game in Jaleco's Idol Janshi Suchie-Pai mahjong series, and released exclusively in Japan. Games in the Idol Janshi Suchie-Pai series have been published on a variety of systems including arcade, PC, and video game consoles. The SEGA Saturn game here is a port of the arcade original.

Along with being a two disc title, this game also includes a mini artbook featuring artwork from the game drawn by Kenichi Sonoda, the character designer for the Idol Janshi Suchie-Pai series.

This game received SEGA's Red X rating for Saturn, of which twenty-three Red X games on Saturn released at retail. Players should note this game contains nudity."
"Idol Janshi Suchie-Pai Mecha Genteiban","","Region Not Set","","Jaleco Ltd.","Jaleco Ltd.","1998-11-26","1","No","Board","Not Rated","No overview is currently available for this title, please feel free to add one."
"Idol Janshi Suchie-Pai Remix","","Region Not Set","","Jaleco Ltd.","Jaleco Ltd.","1995-09-29","1","No","Board","Not Rated","No overview is currently available for this title, please feel free to add one."
"Idol Janshi Suchie-Pai Secret Album","","Region Not Set","","Jaleco Ltd.","Jaleco Ltd.","1999-03-18","1","No","Utility","M - Mature 17+","No overview is currently available for this title, please feel free to add one."
"Idol Janshi Suchie-Pai Special","","Region Not Set","","Jaleco Ltd.","Jaleco Ltd.","1995-02-24","1","No","Board","M - Mature 17+","No overview is currently available for this title, please feel free to add one."
"Idol Mahjong Final Romance 2","","Region Not Set","","ASK Co. Ltd.","Video System Co., Ltd.","1995-08-11","1","No","Board","M - Mature 17+","No overview is currently available for this title, please feel free to add one."
"Idol Mahjong Final Romance 4","","Region Not Set","","Video System Co., Ltd.","Video System Co., Ltd.","1998-05-21","1","No","Board","M - Mature 17+","No overview is currently available for this title, please feel free to add one."
"Idol Mahjong Final Romance R","","Region Not Set","","ASK Co. Ltd.","Video System Co., Ltd.","1996-03-15","1","No","Board","M - Mature 17+","No overview is currently available for this title, please feel free to add one."
"Idol Mahjong Final Romance R Premium Package","Genteiban","NTSC-J","Japan","Ask Kodansha","ASK Kodansha","1996-01-01","1","No","Board","AO - Adult Only 18+","T-16705G"
"Image Fight & X-Multiply","","Region Not Set","","Xing Entertainment","Irem Corp.","1998-08-20","1","No","Action | Shooter","Not Rated","No overview is currently available for this title, please feel free to add one."
"Impact Racing","","Region Not Set","","Acclaim Entertainment, Inc.","Funcom Dublin Ltd.","1996-01-01","","No","Racing | Shooter","E - Everyone","Part automotive racing, part shooter, Impact Racing lets you choose from five different cars which vary in degrees of speed, power, engine size, payload, armor strength, and grip. While racing on any of the twelve tracks, your car is capable of destroying other vehicles in its path. Each of the five cars is equipped with an endless supply of laser beams.

During the race you can add to the arsenal by collecting heatseekers, mines, exploding firewalls, concussion missiles, and smart bombs. You can also pick up extra time and armor along the way. In order to progress through the game and race in bonus rounds, you must complete the courses and destroy a certain number of cars during an allotted time period."
"In the Hunt","Kaitei Daisensou","Region Not Set","","Kokopeli Digital Studios","Xing Entertainment","1996-01-01","1","No","Action | Shooter","Not Rated","In the Hunt is a horizontal scrolling shooter arcade game by Irem. It was released in 1993 and later ported to the Sega Saturn, the PlayStation and Windows 95 for the PC by Kokopeli. A Super NES version was in development, with a playable version appearing at a Consumer Electronics Show, but it was never completed.[1] The player takes the role of a submarine in underwater environments. There are a total of six levels in the game.

The game was developed by the team who would go on to create GunForce 2 for Irem and the Metal Slug series for SNK."
"Independence Day","","NTSC","","","","1997-01-01","1","No","Action","E - Everyone","Independence Day is a combat flight simulator video game based on the 1996 film of the same name. The game was developed by Radical Entertainment and published by Fox Interactive for Microsoft Windows, PlayStation and Sega Saturn."
"Initial D: Koudou Saisoku Densetsu","","NTSC-J","Japan","Kodansha Ltd.","Genki","1998-06-25","1","No","Racing","E - Everyone","Initial D: Koudou Saisoku Densetsu [ 頭文字Ｄ 公道最速伝説 ] is a racing game released in 1998 exclusively in Japan for the SEGA Saturn. The game was developed by Genki and published by Kodansha.

Part of the Initial D media franchise, this game's development pre-dated the release of the anime series, with the anime itself having initial broadcast a little over two months prior to the release of the Saturn title. As a result, the game pulls in material from the manga and takes many liberties with character and vehicle colors. Despite SEGA later licensing the franchise for their long-running Initial D arcade games, this would be the only console release that would appear on a SEGA console."
"Ippatsu Gyakuten Gambling King no Michi","","Region Not Set","","BMG Interactive Entertainment","Planning Office Wada","1996-07-05","1","No","Board","Not Rated","No overview is currently available for this title, please feel free to add one."
"Irem Arcade Classics","","Region Not Set","","I'Max Corp.","Irem Corp.","1996-04-26","2","No","Action | Sports","Not Rated","No overview is currently available for this title, please feel free to add one."
"Iron Man / X-O Manowar in Heavy Metal","","Region Not Set","","","","1996-10-09","","No","","","No overview is currently available for this title, please feel free to add one."
"Iron Storm","","Region Not Set","","Working Designs","SystemSoft Alpha","1996-04-01","1","No","Strategy","E10+ - Everyone 10+","Get ready to trip, and we're talking hard! We're putting over 500 weapons, troops, and artillery at your command. We're loading you up with prototype hardware, sporting weaponry never before seen. We're giving you a chance to experience the first realtime 3D rendered visuals of battles ripped right from the pages of history. And, we're handing you the keys to over 50 of the most crucial confrontations in the biggest war ever fought. We'll even let you pick the country to play (Germany, Japan, or America). But, once you've picked sides, we're cutting you loose. History is in your hands. Lives are at stake. Will you champion freedom, or blow it and screw up the world forever?"
"Iron Storm: Operation Files","Iron Storm - Operation Files | Iron Storm: Operation Files | ワールドアドバンスド大戦略 ～作戦ファイル～ | World Advanced Daisenryaku: Sakusen File","NTSC-J","Japan","Sega","SystemSoft","1996-03-15","2","No","Strategy","Not Rated","Iron Storm: Operation Files (English) (ワールドアドバンスド大戦略 ～作戦ファイル～) is a Strategy video game published by Sega Enterprises Limited and developed by SystemSoft released on 1996 for the SEGA Saturn.

This is the sequel/expansion to Iron Storm, originally only released in Japan under its original name World Advanced Daisenryaku: Sakusen File. It contains different campaigns, two new playable armies (UK and USSR), local multiplayer, and many skirmish maps. Further, the patch also corrects bugs present in the original game."
"Ishin no Arashi","","Region Not Set","","Koei Co., Ltd.","Koei","1997-09-28","1","No","Strategy","Not Rated","No overview is currently available for this title, please feel free to add one."
"Isto e Zico: Jiko no Kangaeru Soccer","","Region Not Set","","Mizuki","Mizuki","1996-03-22","1","No","Life Simulation | Sports","Not Rated","No overview is currently available for this title, please feel free to add one."
"J-Swat","","Region Not Set","","Banpresto Co., Ltd.","Japan Media Programming","1996-03-28","1","No","Shooter","Not Rated","No overview is currently available for this title, please feel free to add one."
"J.B. Harold: Blue Chicago Blues","","Region Not Set","","Riverhill Software Inc.","Riverhillsoft","1995-04-15","1","No","Adventure","M - Mature 17+","No overview is currently available for this title, please feel free to add one."
"J.League Go Go Goal!","","Region Not Set","","Tecmo","Tecmo","1997-05-30","1","No","Sports","Not Rated","No overview is currently available for this title, please feel free to add one."
"J.League Jikkyou Honoo no Striker","","Region Not Set","","Konami","Konami","1998-01-01","4","Yes","Sports","E - Everyone","No overview is currently available for this title, please feel free to add one."
"J.League Pro Soccer Club o Tsukurou!","","Region Not Set","","Sega","Sega AM6 R&D Division","1996-02-23","8","No","Sports","Not Rated","J.League Pro Soccer Club o Tsukurou! (Ｊリーグ プロサッカークラブをつくろう！ or J.LEAGUE プロサッカークラブをつくろう！) is a 1996 football management simulation by Sega for the Sega Saturn released exclusively in Japan. It is the first in Sega's Let's Make!!/Tsukurou series of management simulations."
"J.League Pro Soccer Club o Tsukurou! 2","","Region Not Set","","Sega","Sega","1997-11-20","1","No","Sports","E - Everyone","No overview is currently available for this title, please feel free to add one."
"J.League Victory Goal '97","Ｊリーグビクトリーゴール'９７","Region Not Set","","Sega","SIMS Co., Ltd.","1997-03-14","2","No","Sports","","J. League as you never experienced before. SEGA has delivered the exciting new entry in Victory Goal, with updated visual effects, commentary and improved controls! 17 teams of real players from the J. League are freely available to be picked, and the realism is uncanny. Victory Goal!"
"J.League Victory Goal '96","ビクトリーゴール'９６","Other","","Sega","Team Aquila","1996-03-29","2","No","Sports","Not Rated","Victory Goal '96 is a significant upgrade over last year's smash hit, sporting not only an updated player roster for the 1996 J. League season, but an entirely new 3D engine, with the players depicted as 3D models. Enjoy a great game with your friends!"
"Janshi Battle Cos-Player","","Region Not Set","","Daiki","Daiki","1997-04-18","1","No","Board","Not Rated","No overview is currently available for this title, please feel free to add one."
"Japan Super Bass Classic '96","","Region Not Set","","Naxat Soft","NAXAT Soft","1996-08-13","1","No","Sports","Not Rated","No overview is currently available for this title, please feel free to add one."
"Jewels of the Oracle","Oracle no Houseki: Jewels of the Oracle","Region Not Set","","SUNSOFT","ELOI Productions","1996-01-01","1","No","Adventure","Not Rated","No overview is currently available for this title, please feel free to add one."
"Jikkyou Oshaberi Parodius: Forever with Me","実況おしゃべりパロディウス ~forever with me~","Region Not Set","","Konami","Konami","1996-12-13","2","Yes","Action | Shooter","Not Rated","This game is the fourth game in the series of parody shooters produced by Konami and was released only in Japan. The gameplay is stylistically very similar to the Gradius series, but the graphics and music are intentionally absurd. The game, as its name would suggest (translated: ""Chatting Parodius Live""), contains a large amount of Japanese voice samples shouted out in a style similar to that of a game show host.

Unlike the previous titles, this game was not created originally as an Arcade game. Instead, it was originally released on the japanese Super Famicom and this port is an upgraded version of that one, featuring not only improved graphics and sound from the Super Famicom game, but some altered levels and bosses, including a cheat to replace ""Tokimeki People's Dance"" with an enhanced version, ""Days Of The Dream's Memories"". Also added were several ""Omake"" stages and an unlockable Dracula-kun and Kid Dracula as a playable character. In a two-player game, both players can now choose to play simultaneously instead of just alternately in the Super Famicom game.

This game was also released on the Sony PlayStation with little differences compared to this version."
"Jikkyou Powerful Pro Yakyuu '95 Kaimaku-ban","","Region Not Set","","Konami","Konami","1995-07-28","2","No","Sports","Not Rated","Jikkyou Powerful Pro Yakyuu '95 Kaimaku-ban (実況パワフルプロ野球'９５開幕版) is a baseball game for the Sega Saturn released as part of Konami's Jikkyou Powerful Pro Yakyuu series. It was only released in Japan."
"Jikkyou Powerful Pro Yakyuu S","","Region Not Set","","Konami","Konami","1997-12-04","1","No","Sports","Not Rated","No overview is currently available for this title, please feel free to add one."
"Jikuu Tantei DD: Dracula Detective - Maboroshi no Lorelei","","Region Not Set","","ASCII Entertainment Software, Inc.","System Sacom","1996-07-26","1","No","Action","Not Rated","No overview is currently available for this title, please feel free to add one."
"Jissen Mahjong","","Region Not Set","","Imagineer Co., Ltd.","Outback","1995-09-01","1","No","Board","Not Rated","No overview is currently available for this title, please feel free to add one."
"Jissen Pachi-Slot Hisshouhou! 3","","Region Not Set","","Sammy Corporation","Sammy Studios","1996-05-24","1","No","Board","Not Rated","No overview is currently available for this title, please feel free to add one."
"Jissen Pachi-Slot Hisshouhou! 4","","Region Not Set","","Sammy Corporation","Sammy Studios","1997-03-15","1","No","Board","Not Rated","No overview is currently available for this title, please feel free to add one."
"Jissen Pachi-Slot Hisshouhou! TWIN","","Region Not Set","","Sammy Corporation","Sammy Studios","1997-03-28","1","No","Board","Not Rated","No overview is currently available for this title, please feel free to add one."
"Jissen! Pachi-Slot Hisshouhou! Iron Hook","","Region Not Set","","Sammy Corporation","Sammy Studios","1996-02-20","1","No","Board","Not Rated","No overview is currently available for this title, please feel free to add one."
"Johnny Bazookatone","","NTSC-U","","","","1996-01-01","1","No","Platform","Not Rated","Johnny Bazookatone is a platforming video game developed by Arc Developments and published by U.S. Gold Ltd. for the 3DO, PlayStation, Sega Saturn and DOS computers in 1996. Some releases also came equipped with a music CD based on the game's musical score. The game follows the protagonist, Johnny Bazookatone, trapped in the year 2050 in Sin Sin Prison by El Diablo, lord of the underworld. His guitar, known as ""Anita"" is taken from him, and so Johnny must travel to reclaim it."
"Jonah Lomu Rugby","","Region Not Set","","Codemasters","Rage Software","1997-04-18","4","Yes","Sports","E - Everyone","No overview is currently available for this title, please feel free to add one."
"Joshi Takau no Houkago: Pukunpa","","Region Not Set","","Athena Co., Ltd.","Athena Co., Ltd.","1996-09-27","2","No","Puzzle","E - Everyone","Puzzle game similar to the Puyo Puyo formula. 

Clever twist on the puzzle formula in that the falling smiley blocks also sometimes contain two different coloured blocks adding an extra dimension to gameplay and making for some satisfying combo's. There are also stoney faced blocks that can't be destroyed so its best to concentrate and not to pay too much attention to what your character of an all girl cast is up to in the background, bikini clad or not."
"Junclassic C.C. & Rope Club","","Region Not Set","","T&E Soft, Inc.","T&E Soft","1997-12-18","1","No","Sports","Not Rated","No overview is currently available for this title, please feel free to add one."
"Jung Rhythm","","Region Not Set","","Altron Corporation","Altron","1998-01-15","1","No","Music","Not Rated","Jung Rhythm is one of the few music-based games on the Saturn.  Gameplay is similar to Space Channel 5, in that a music sequence is played and then the player is required to repeat that sequence.  In Jung Rhythm, the required buttons scroll across the bottom of the screen while the music is playing.  You merely press the displayed buttons at the correct time. 

 The graphics are made up of 3D models for the characters, and have a unique cartoon-style.  The graphics suit the style of game and are quite nice.  The music has a very quirky Japanese pop-style.  The songs are all quite catchy, and you will find yourself humming the tunes long after you have turned the game off.  The lyrics are all Japanese (with a few exceptions), but this doesn't take away from the gameplay.

 There are some negatives to the game.  Sometimes you will enter the button presses exactly, but still get booed.  And conversley, you will sometimes make a mistake, but still get a wow.  This doesn't happen enough to ruin the game, though.

 If you have a Saturn, and you want a solid music-based rhythm game, there are few choices.  Luckily, Jung Rhythm fills the gap nicely."
"Jungle Park: Saturn Shima","","Region Not Set","","BMG Interactive Entertainment","Digitalogue","1998-01-15","1","No","Adventure","Not Rated","No overview is currently available for this title, please feel free to add one."
"Kaitai Daisensou","","Region Not Set","","","","","","No","","","No overview is currently available for this title, please feel free to add one."
"Kaitei Daisensou","In The Hunt | 海底大戦争 | Kaitei Daisensō","NTSC-J","Japan","Irem Corp.","Irem Corp.","1995-01-01","2","No","Shooter","Not Rated","No overview is currently available for this title, please feel free to add one."
"Kaitou Saint Tail","","Region Not Set","","Tomy","Access","1997-07-25","1","No","Adventure","Not Rated","No overview is currently available for this title, please feel free to add one."
"Kakinoki Shogi","","Region Not Set","","ASCII Entertainment Software, Inc.","ASCII Entertainment","1995-04-14","1","No","Board","Not Rated","No overview is currently available for this title, please feel free to add one."
"Kakyuusei","","NTSC-J","Japan","Elf Co., Ltd.","Elf","1997-04-25","1","No","Adventure | Life Simulation","M - Mature 17+","Kakyuusei (下級生 = underclassmates) is a visual novel/dating sim produced by ELF, and is a spin-off to the company's well-known previous effort Dokyuusei. The SEGA Saturn release is a port of the title which originally released on the PC-98.

Kakyuusei stars Kentarou, whom is entering his final year of high school. Currently boarding with Yuuki Mizuho, one of the characters Kentarou can date, Kentarou hopes to use the money he made over summer break to make some memories during his final year of high school.

Similar to Dokyuusei, Kakyuusei requires the player to learn where particular characters will be at on particular times and days of the week. The in-game clock ticks for any movements by the player, with competent play-throughs requiring replays.

Kakyuusei would not only receive two distinctive anime series, but would also be followed up by a sequel titled Kakyuusei 2."
"Kamen Rider: Sakusen File 1","","Region Not Set","","Toei Animation","Access","1997-11-13","1","No","Utility","Not Rated","No overview is currently available for this title, please feel free to add one."
"Kanazawa Shogi","","Region Not Set","","SETA Corporation","SETA","1995-11-24","1","No","Board","Not Rated","No overview is currently available for this title, please feel free to add one."
"Kanzen Chuuki Pro Yakyuu: Greatest Nine","完全中継プロ野球　グレイテストナイン","Region Not Set","","Sega","Sega","1995-05-26","2","No","Sports","Not Rated","Kanzen Chuuki Pro Yakyuu: Greatest Nine is a baseball game, developed and published by Sega, which was released in Japan in 1995."
"Keio Flying Squadron 2","Keio Yugekitai","PAL","","JVC Musical Industries, Inc.","JVC","1997-01-01","1","No","Platform","E - Everyone","Keio Flying Squadron 2 was released in 1996 for the Sega Saturn in Japan, Europe, and Australia. The second installment of the series continues the story of Rami's adventures as the Keeper of the Secret Treasure (a sphere passed down through generations of Rami's family). Rami races Dr. Pon and a new rival Himiko Yamatai for an ancient treasure that can be unlocked with six spheres. Two of the stages retain the shoot-'em-up style of the first game, but the lesser dragons can be obtained as bonuses only.

Mainly the stages consist of sidescroling platformer stages. These scroll from right to left on the Japanese version and left to right on all other versions. Several bonuses can be collected including three weapons (Rami can also bounce on the heads of enemies to defeat them):
A large mallet, used only for hitting enemies
An umbrella, used to hit enemies, float and deflect overhead obstacles
A bow, used to shoot arrows at enemies.

Besides the platformer and shoot-'em-up stages, there is vertically scrolling special stages, an underwater stage and a rollercoaster stage, making the game a multi-genre platformer. Points spheres can be collected throughout the game. A reward system accessed from the main menu unlocked helpful hints and behind-the-scenes extras depending on the highest and lowest scores achieved through playing."
"Keio Yugekitai","Keio Flying Squadron 2","NTSC-J","Japan","Victor Entertainment","Victor Entertainment","1996-05-17","1","No","Platform","Not Rated","Keio Yugekitai is a 2D platform game, departing from the shoot 'em up-oriented style of its predecessor. The player once again controls Rami Nana-Hikari, a fourteen-year-old girl who is also the keeper of a secret treasure that unlocks valuable treasure. Dr. Pon and a new villain, Himiko Yamatai, are hunting for that treasure, and it is up to Rami to stop them.

Rami traverses side-scrolling levels, defeating enemies and overcoming obstacles with the three tools: a mallet (basic melee weapon), an umbrella (allows Rami to float and deflect projectiles), and a bow (long-ranged weapon). Rami also collects spheres that award the player with useful information and points. A few stages are vertically scrolling or return to the shoot 'em up roots of the series."
"Kekkon Zenya","","Region Not Set","","Shogakukan Productions Co., Ltd.","Bits Laboratory","1995-10-27","1","No","Adventure","Not Rated","No overview is currently available for this title, please feel free to add one."
"Kekkon: Marriage","","Region Not Set","","Shogakukan Productions Co., Ltd.","West One","1995-12-15","1","Yes","Strategy","E - Everyone","Kekkon: Marriage is a Strategy game, developed by West One and published by Shogakukan, which was released in Japan in 1995."
"Keriotosse!","","Region Not Set","","","Masudaya","1998-06-18","1","No","Action | Fighting","Not Rated","No overview is currently available for this title, please feel free to add one."
"Kidou Senkan Nadesico: The Blank of 3 Years","","NTSC-J","Japan","Sega","Scarab","1998-09-23","1","No","Adventure","Not Rated","Kidou Senkan Nadesico: The Blank of 3 Years is a visual novel that is a follow up to the anime, Kidou Senkan Nadesico. The game covers the events that occur in the story line between the end of the series and the movie."
"Kidou Senkan Nadesico: Yappari Ai ga Katsu?","","Region Not Set","","Sega","Sega","1997-05-02","1","Yes","Adventure","E - Everyone","No overview is currently available for this title, please feel free to add one."
"Kidou Senshi Gundam","Mobile Suit Gundam","Region Not Set","","Bandai Co., Ltd.","CRI","1995-12-22","1","No","Shooter","Not Rated","No overview is currently available for this title, please feel free to add one."
"Kidou Senshi Gundam Gaiden I - Senritsu no Blue","Mobile Suit Gundam Side Story I: Blue Terror | Blue Destiny I","NTSC-J","Japan","Bandai Co., Ltd.","BEC Co., Ltd.","1996-09-20","1","No","Shooter | Vehicle Simulation","Not Rated","No overview is currently available for this title, please feel free to add one."
"Kidou Senshi Gundam Gaiden I - Senritsu no Blue [Demo Disc]","機動戦士ガンダム 外伝 1 戦慄のブルー 体験版ディスク","NTSC-J","Japan","Bandai Co., Ltd.","BEC Co., Ltd.","1996-01-01","1","No","Action | Shooter","Not Rated","No overview is currently available for this title, please feel free to add one."
"Kidou Senshi Gundam Gaiden II - Ao wo Uketsugu Mono","Mobile Suit Gundam Side Story II: Heir to the Blue | Kidou Senshi Gundam Gaiden Vol. 2","NTSC-J","Japan","Bandai Co., Ltd.","BEC Co., Ltd.","1996-12-06","1","No","Shooter | Vehicle Simulation","Not Rated","No overview is currently available for this title, please feel free to add one."
"Kidou Senshi Gundam Gaiden Vol. 1","","Region Not Set","","Bandai Co., Ltd.","BEC Co., Ltd.","1996-09-20","1","No","Shooter","Not Rated","No overview is currently available for this title, please feel free to add one."
"Kidou Senshi Gundam Gaiden Vol. 3","Mobile Suit Gundam Side Story III: The Condemned | Kidou Senshi Gundam Gaiden III - Sabakareshi Mono","NTSC-J","Japan","Bandai Co., Ltd.","BEC Co., Ltd.","1997-03-07","1","No","Action | Shooter | Vehicle Simulation","Not Rated","No overview is currently available for this title, please feel free to add one."
"Kidou Senshi Gundam: Ghiren no Yabou","Kidou Senshi Gundam: Giren no Yabou","NTSC-J","Japan","","CRI","1998-04-09","1","No","Strategy","Not Rated","No overview is currently available for this title, please feel free to add one."
"Kidou Senshi Gundam: Ghiren no Yabou - Kouryaku Shireisho","Kidou Senshi Gundam: Giren no Yabou - Kouryaku Shireisho","NTSC-J","Japan","Bandai Co., Ltd.","","1998-10-08","1","No","Strategy","Not Rated","No overview is currently available for this title, please feel free to add one."
"Kidou Senshi Gundam: The Blue Destiny","Kidou Senshi Gundam Gaiden: The Blue Destiny","Region Not Set","","Bandai Co., Ltd.","Bandai Co., Ltd.","1997-08-29","1","No","Action","Not Rated","No overview is currently available for this title, please feel free to add one."
"Kidou Senshi Z-Gundam (Kouhen)","Mobile Suit Z Gundam","Region Not Set","","Bandai Co., Ltd.","Bandai Co., Ltd.","1997-09-25","1","No","Action","Not Rated","No overview is currently available for this title, please feel free to add one."
"Kidou Senshi Z-Gundam (Zenpen)","Kidou Senshi Z-Gundam","Region Not Set","","Bandai Co., Ltd.","Bandai Co., Ltd.","1997-09-25","2","No","Shooter","E - Everyone","No overview is currently available for this title, please feel free to add one."
"Kindaichi Shounen no Jikenbo: Hoshimitou Kanashimi no Hukushuuki","","Region Not Set","","Hudson Entertainment, Inc.","Metro","1998-01-15","1","No","Adventure","E - Everyone","No overview is currently available for this title, please feel free to add one."
"Kiss Yori...","","Region Not Set","","KID Corp.","KID Corp.","1999-03-18","1","No","Adventure","E - Everyone","No overview is currently available for this title, please feel free to add one."
"Kisuisyoudensetsu Asutaru","Astal | Kisuishou Densetsu Astal","NTSC-J","Japan","Sega","Sega","1995-04-28","1","No","Platform","Not Rated","Astal is a 2D side-scrolling platform game for the Sega Saturn. Astal was released early in the Sega Saturn's life and used hand-drawn graphics."
"Kiwamu II","Taikyoku Shogi: Kiwame II","Region Not Set","","","Log Corporation","1996-11-29","1","No","Board","E - Everyone","No overview is currently available for this title, please feel free to add one."
"Kochira Katsushikaku Kameari Kouenzen Hashutsujo: Nakagawa Land Dai Race! no Maki","","Region Not Set","","Bandai Co., Ltd.","Bandai Co., Ltd.","1997-08-29","1","No","Board","E - Everyone","No overview is currently available for this title, please feel free to add one."
"Koden Furyoujutsu: Hyaku Monogatari","","Region Not Set","","Hudson Entertainment, Inc.","Hudson","1997-08-08","1","No","Adventure","E - Everyone","No overview is currently available for this title, please feel free to add one."
"Koden Koureijutsu Hyaku Monogatari: Hontoni Atta Kowai Hanashi","Koden Koureijutsu Hyaku Monogatari","NTSC-J","","Hudson Entertainment, Inc.","Hudson","1997-09-08","1","No","Horror","M - Mature 17+","No overview is currently available for this title, please feel free to add one."
"Koi no Summer Fantasy in Miyasaki Shigaia","恋のサマーファンタジー　～ｉｎ　宮崎シーガイア～　奥菜　恵","Region Not Set","","Bandai Co., Ltd.","Bandai Co., Ltd.","1997-08-22","1","No","Life Simulation","E - Everyone","No overview is currently available for this title, please feel free to add one."
"Konami Antiques: MSX Collection Ultra Pack","","Region Not Set","","Konami","Konami Computer Entertainment Yokohama","1998-07-23","2","No","Action","","Konami Antiques: MSX Collection Ultra Pack is a Miscellaneous game, developed by KCE Yokohama and published by Konami, which was released in Japan in 1998."
"Kouryuu Sangoku Engi","皇龍三國演義","Region Not Set","","Xing Entertainment","","1996-12-06","1","No","Strategy","E - Everyone","No overview is currently available for this title, please feel free to add one."
"Koutetsu Reiiki: Steeldom","鋼鉄霊域　（スティールダム）","Region Not Set","","Technosoft Co., Ltd.","TechnoSoft","1996-09-06","2","No","Action | Shooter | Fighting","Not Rated","No overview is currently available for this title, please feel free to add one."
"Krazy Ivan","","Region Not Set","","Psygnosis Limited","Psygnosis Limited","1997-01-01","","No","","","You play Krazy Ivan, a Russian soldier with a crazy mission! So leap into your forty foot power suit and get ready to riot. Equipped with an outrageous armory of weapons ranging from 30MM guns to the ground breaking Tsunami earthquake generator, you'll be more than prepared for the craziest all-out blasting experience this side of the future!"
"Kumitate Battle: Kuttu Ketto","組み立てバトルくっつけっと","Region Not Set","","Technosoft Co., Ltd.","Techno Soft","1998-04-02","1","No","Strategy","E - Everyone","No overview is currently available for this title, please feel free to add one."
"Kunoichi Torimonochou","くのいち捕物帖","Region Not Set","","","Polestar","1998-02-05","1","No","Adventure","E - Everyone","No overview is currently available for this title, please feel free to add one."
"Kuro no Inoshou: The Literary Fragment","黒の断章","Region Not Set","","Oz Club","Oz Club","1997-08-08","1","No","Adventure","M - Mature 17+","The Literary Fragment is the first game in Abogado's mystery/horror/adult Detective Suzusaki series. The story focuses on Satoshi Suzusaki, a private investigator with a tragic past, which has left a permanent scar on his life and mental abilities. The case that opens the game's story is a horrifying death of an entire family in their house, at the dining table; circumstances lead to an assumption of either a ritual suicide or murder. Suzusaki, his lovely secretary Asuka, and his young friend, psychologist extraordinaire Kusanagi, have to do everything in their powers to solve the case, while the hero's mysterious past continuous to haunt him...

Though Suzusaki is the main hero of the game, the player sometimes controls and sees the events from Kusanagi's point of view. The gameplay is point-and-click adventure without puzzles. To interact with the object, the player is required simply to click on it. Sometimes, different ways of interactions open up, such as verb commands, dialogue choices, and decision-making."
"Kurubushi Kyoudai Gekijou 1st Maki Mahjong Hen","踝兄弟劇場第一巻　麻雀篇","Region Not Set","","Yumedia","Chat Noir","1996-06-28","1","No","Board","E - Everyone","No overview is currently available for this title, please feel free to add one."
"Kururin Pa!","くるりんＰＡ！","Region Not Set","","Sky Think Systems Co. Ltd.","Sky Think Systems","1996-02-23","2","No","Puzzle","E - Everyone","No overview is currently available for this title, please feel free to add one."
"Kuusou Kagaku Sekai Gulliver Boy","","Region Not Set","","Hudson Entertainment, Inc.","Hudson","1996-03-22","1","No","Role-Playing","E - Everyone","No overview is currently available for this title, please feel free to add one."
"Kyuukyoku Tiger II Plus","究極タイガーⅡプラス","Region Not Set","","Naxat Soft","NAXAT Soft","1997-12-18","2","No","Shooter","E - Everyone","No overview is currently available for this title, please feel free to add one."
"Langrisser III","","Region Not Set","","Masaya","NCS Corporation","1996-10-18","1","No","Strategy","Not Rated","This is a prequel to the two Langrisser games (the first one is known in the US as Warsong). The events of the third game occur thousand years before those described in the first ""Langrisser"". The story centers around the creation of a holy sword named Langrisser, and the first Descendants of Light, the only people who can wield it. The main character is the knight Diharuto, the ancestor of Leon (Elwin's rival in ""Langrisser II""). He must defeat the evil Boser, who is bound to the evil sword Alhazzard.

In Langrisser III, you don't control whole armies, but only their generals, whom you move around the battle field. Once two enemy generals meet each other, a 3D battle sequence occurs, during which the two armies fight; the outcome of the battle is decided only by the victory or defeat of the general. The game also features love simulation elements: depending on the main hero's responses to various female characters, you can raise their ""love level""."
"Langrisser IV","","Region Not Set","","NCS Corporation","NCS","1997-08-01","1","No","Role-Playing","E10+ - Everyone 10+","No overview is currently available for this title, please feel free to add one."
"Langrisser IV [Special Package]","","NTSC-J","Japan","Masaya","Career Soft | 																Masaya","1997-08-01","1","No","Role-Playing | Strategy","RP - Rating Pending","No overview is currently available for this title, please feel free to add one."
"Langrisser V: The End of Legend","","Region Not Set","","Masaya","Career Soft","1998-06-18","1","No","Strategy","Not Rated","The story of Langrisser V is closely connected to the one told in Langrisser IV - the two games form a kind of a sub-series within the Langrisser universe.

The game's plot revolves around Sigma, an artificial human created by the great warlock and scientist Gizarov. One say, Sigma is awakened from his sleep inside a storage crystal in one of Gizarov's labs by Lambda, a girl who was also created by the scientist. Apparently, a powerful lord named Rainforce has invaded Gizarov's laboratory with the intention of destroying it. Meanwhile, a powerful artificial human called Omega, another ""child"" of Gizarov, distracts Rainforce. The two heroes flee to Regenburg, a country under Gizarov's rule, only to find out that they will soon have to stop a greater evil endangering the world - a new leader of darkness, who is after the powerful evil sword Alhazard...

Langrisser V features classical Langrisser-style gameplay: you prepare your units before a battle, buy items etc., and in battle control various types of army units (archers, pikemen, etc.), together with the generals. The ""Judgment System"" from the previous game is back: your units can perform several moves per turn depending on their ""judgment level"". Like in Langrisser III, there is an element of ""love simulation"" in the game - at certain points you'll have to choose between various answers that will determine the further development of your relationship with the female party members."
"Langrisser: Dramatic Edition","ラングリッサー　ドラマティックエディション","Region Not Set","","Masaya","Career Soft | 																NCS Corporation","1998-02-26","1","No","Strategy","E - Everyone","Langrisser is a five-part video game series created by Masaya, the software division of Nippon Computer Systems created in the early 1990s. The development team working under Masaya is CareerSoft.

The games are set in a world where there are only two known mega-continents: El Sallia and Yeless. With the exception of the fourth and fifth installments, all games are set exclusively on El Sallia, although references are sometimes made to the other continent. The series maintains a fantasy Germanic setting, but draws on religious concepts like ditheism and sword worship for historical context.

Langrisser I & II is a remake compilation of the first 2 Langrisser games."
"Last Bronx","","NTSC-U","United States of America","Sega of America, Inc.","Sega AM3 R&D Division","1997-10-17","2","No","Fighting","T - Teen","The Ultimate Urban Brawl!

The most vicious of gang warriors are looking for blood in the streets of Tokyo. They're coming armed to the teeth with a body count in mind and if you lose this battle, you leave in a bag. The only rules are no rules, so get pumped and be prepared.

• 8 kick-butt street fighters with authentic martial arts weapons and over 45 combo moves.
• 8 different locations with actual scenery form Tokyo.
• Delivers smooth battle action with stunning graphics.
• 5 unique gameplay modes. Seriously enhanced from the kicking Sega coin-op game."
"Last Gladiators Digital Pinball","Digital Pinball | Digital Pinball: Last Gladiators","Region Not Set","","Kaze Co., Ltd. | 																Sega | 																Time Warner Interactive, Inc.","KAZe Co., Ltd.","1995-06-23","1","No","Action","E - Everyone","No more crowded arcades! No more token machines! No more smoke-filled bowling alleys! Digital Pinball is now in your hands... with all the fluid ball movement, realistic sounds and control you'd find in an arcade pinball machine. Cradle the ball on the flipper, fire at your target and nudge both sides of the machine as you rack up billions of points. Nail the right targets and experience multiple ball sessions with as many as five balls shooting up ramps, flying off bumpers or bearing down on your overwhelmed flippers. All this great pinball action is accompanied with ever-changing, hard-driving rock 'n' roll music recorded by professional studio musicians. So put your feet up, crank up the volume and let the flippers fly!"
"Layer Section","","Region Not Set","","","","1995-09-14","1","Yes","Shooter","E - Everyone","No overview is currently available for this title, please feel free to add one."
"Layer Section [Sega Saturn Collection]","","NTSC-J","Japan","Taito Corporation","Taito Corporation","1994-01-07","2","Yes","Shooter","Not Rated","Sega Saturn collection front cover version of Layer Section"
"Layer Section II","","Region Not Set","","MediaQuest","Tose","1997-10-30","2","No","Shooter","E - Everyone","You have 2 weapons at you disposal, a vulcan gun and a lock-on missile attack. You can also do 2 special attacks by using the lock-on system in a special way. The graphics are all in 3D, but the gameplay mechanics are in 2D. There are 7 stages, each ending with a giant end boss."
"Legend of K-1 Grand Prix '96","","Region Not Set","","Pony Canyon, Inc.","Pony Canyon","1997-04-18","1","No","Sports","E - Everyone","No overview is currently available for this title, please feel free to add one."
"Legend of K-1 The Best Collection","","Region Not Set","","Pony Canyon, Inc.","Pony Canyon","1997-01-24","1","No","Sports","E - Everyone","No overview is currently available for this title, please feel free to add one."
"LifeScape 2: Body Bionics","","Region Not Set","","MediaQuest","Scitron & Art","1997-08-08","1","No","Education","E - Everyone","No overview is currently available for this title, please feel free to add one."
"LifeScape: Seimei 40 Okunen Haruka na Tabi","","Region Not Set","","MediaQuest","Scitron & Art","1996-05-24","1","No","Education","E - Everyone","No overview is currently available for this title, please feel free to add one."
"Linda³: Kanzenban","リンダキューブ　完全版","Region Not Set","","ASCII Entertainment Software, Inc.","Alfa System","1998-06-18","1","No","Role-Playing","Not Rated","An asteroid is nearing the planet Neo Kenya. Scientists warn that the planet might be completely annihilated by it. In a most unexpected turn of events, a deity known as Anubis spoke to people and asked them to save the planet's animals before the asteroids hit it. Anubis sent the humans a huge ship - a magnified version of Noah's Ark - and demanded that one man and one woman should dedicate their time to saving the animals. A whole special team has been assigned to the project. Ken is one of the youngest members of the team, and he is sent on a grand mission to save the animals, together with his childhood sweetheart, the lovely Linda.

For the most part, the game looks, sounds, and plays exactly the same as the Playstation remake. However, the Saturn version comes with a few extras, in-game as well as in the packaging.
In addition to the new difficulty levels and mission objectives introduced in the Playstation remake, there are more statistics and battle objectives, which can be selected directly from the main menu and then set on the difficulty/mission selection screen. The game then keeps track of these battle records, similarly to the way it registers the number of captured animals and other mission objectives."
"Linkle Liver Story","","Region Not Set","","Sega","Nex Entertainment","1996-03-15","1","No","Action | Role-Playing","","Linkle Liver Story is an action-oriented RPG that takes place on a distant planet called Mamuuna whose inhabitants are humans with animal qualities. The story centers around the ""Mother Flower"" which gives life to all new beings on the planet when one day it disappears.

This is where the player takes control of a cat-girl character by the name of Kittchu, who is accompanied by a pink seed-pod that resembles a pig, traveling the planet from continent to continent in a tornado whirlwind, vanquishing enemies in an attempt to recover the ""Mother Flower"" and bring order back to the planet.

The gameplay is reminiscent of the earlier Zelda games, where the player uses various weapons to hack and slash enemies, likewise the players seed companion will charge at enemies from distance. To obtain weapons, the player must search for weapons seeds and using water left behind vanquished enemies to grow them. There are six different color coded seeds to be found which are powered up through four different levels which gives over 120 different weapons to be used. Likewise, health recovery items are acquired in the same manner, by using water to grow special trees that will produce fruit."
"Loaded","","PAL","","Gremlin Interactive Ltd.","Gremlin Interactive Ltd.","1996-07-01","2","No","Action","Not Rated","Take on the psychotic persona of one of six chronically pissed-off homicidal mutants and blast out of the brutal planet RAULF so you can slash and splatter your way across a lawless and unforgiving 3D morphing galaxy. Radical terrain-morphing effects turn the laws of physics upside down. Blister the ground beneath your feet, create huge explosions, send shock waves of death, and more! Create awesome explosions with Sonic Blasts, Frag Missiles, Neutron Spheres and other unique and devastating weaponry!"
"Lode Runner Extra","","Region Not Set","","","Presage Software, Inc","1997-01-10","1","No","Action | Platform","E - Everyone","No overview is currently available for this title, please feel free to add one."
"Lode Runner: The Legend Returns","","NTSC-J","Japan","","Presage Software, Inc","1996-03-08","1","No","Action | Platform","Not Rated","No overview is currently available for this title, please feel free to add one."
"Logic Puzzle Rainbow Town","","Region Not Set","","Human Entertainment, Inc.","Human Entertainment, Inc.","1996-02-23","1","No","Puzzle","E - Everyone","No overview is currently available for this title, please feel free to add one."
"Love POP 2 in 1 Suzume Jan Koi Shimasho","","Region Not Set","","Visco Corporation","Visco Corp","1998-07-30","1","No","Board","E - Everyone","No overview is currently available for this title, please feel free to add one."
"Lulu","","Region Not Set","","Sega","System Sacom","1996-11-06","1","No","Education","E - Everyone","No overview is currently available for this title, please feel free to add one."
"Lunacy","Torico | Gekkamugentan Torico","Region Not Set","","Sega","System Sacom","1997-05-31","1","No","Horror","E - Everyone","There exists a legendary city where your every wish is granted. But wishes have a price. Those who have walked into the magical city wear a special mark upon their foreheads -- and have no memory of who they once were.

The gateway to his mysterious realm lies in the City of Mists. You too wear the mark of a wishmaker. Your past is a blur but your future is set.

Now, you must discover how to keep the magical realm from destroying itself and your homeland as you try to regain your most previous possession -- your memory."
"Lunar 2: Eternal Blue","","Region Not Set","","Kadokawa Shoten | 																Working Designs","Game Arts | 																Japan Art Media","1998-07-23","1","No","Role-Playing","Not Rated","Lunar 2: Eternal Blue Complete is a retitled version of Lunar 2: Eternal Blue (ルナ２ エターナルブルー Runa Tsū Etānaru Burū?), a Japanese role-playing video game. It is the sequel to Lunar: Silver Star Story Complete. Originally released in 1998 for the Sega Saturn console in Japan, it was ported to the PlayStation in 1999 and translated for the North American market in 2000 by the US publisher Working Designs. Lunar 2: Eternal Blue Complete is a remake of Lunar: Eternal Blue, originally released for the Sega CD platform. This game is part of the Lunar series."
"Lunar: Silver Star Story","","Region Not Set","","Kadokawa Shoten","Game Arts","1996-10-25","1","No","Role-Playing","","Return to the world of LUNAR, in the completely reworked 32-bit version of the RPG classic. Journey back to a place where dragons yet live, and magic is valued above all else. Join Alex, the young adventurer, as he begins a quest with his friends to save their land from the crushing advance of the Magic Emperor. Explore Dungeons, fight terrifying monsters, and gather information from the locals as you advance toward the explosive encounter with the Magic Emperor himself! Exciting, menu-driven combat will keep you challanged until the last. And, thanks to the storage power of CD and the PlayStation's built-in movie player, LUNAR contains nearly an hour of incredible animation sequences that will get you involved in the story faster than you ever thought possible. Get ready for the ride of your life..."
"Lupin Sansei: Pyramid no Kenja","","Region Not Set","","Tohokushinsha Film Corp.","Vantan International","1998-06-08","1","No","Action","E - Everyone","No overview is currently available for this title, please feel free to add one."
"Lupin the 3rd: Chronicles","","Region Not Set","","Spike Co., Ltd.","Spike Co., Ltd.","1997-08-08","1","No","Adventure","","No overview is currently available for this title, please feel free to add one."
"Lupin the 3rd: The Master File","","Region Not Set","","Mizuki","Mizuki","1996-03-29","1","No","Utility","E - Everyone","No overview is currently available for this title, please feel free to add one."
"m: Kimi o Tsutaete","M ～君を伝えて～","Region Not Set","","DaZZ","DigitalWare | 																ISCO | 																Nexus Interact","1996-12-20","1","No","Life Simulation","E - Everyone","M is a love/dating simulation game. The game immediately starts by asking you a series of questions to determine your personality, after which the heroine is determined based on your personality. Similar to other simulation games, player has a set of skills that may be upgraded by performing various tasks. Things like sleeping, working, shopping and such. The game story takes time during the 85 days where you exchange the diary with others, reaching good ending if you connect with someone by the time the time runs out."
"Maboroshi no Black Bass","","Region Not Set","","Make","Make","1997-03-28","1","No","Sports","Not Rated","No overview is currently available for this title, please feel free to add one."
"Machi","街","Region Not Set","","Chunsoft","Chunsoft","1998-01-22","1","No","Adventure | Life Simulation","Not Rated","Machi is a story of 8 unrelated protagonists, all with their own problems and objectives, all living in the Shibuya district of Tokyo, Japan. The story spans 5 in-game days and is told through a huge number of live-action still photographs. The protagonists are varied, including a high school playboy, a gamer geek police officer, a struggling actor, an ex-Yakuza man, a TV scriptwriter and many more. Each of the protagonists lead a completely different story that even defies genres, with one story having a lighthearted comedy style while another having a dark, ominous tone.

The player must play all of the stories in parallel, jumping across different protagonists, and backtracking to re-select branches which not only affect the active protagonist, but also other protagonists through often bizarre twists of causality.

Since its release in 1998, Machi has amassed a cult following among Japanese Sound Novel players, causing a yearning for a sequel for years which did not come to fruition until 2008 which had the release of the spiritual sequel, 428: Fusa Sareta Shibuya De."
"Machine Head","Blam! Machinehead","Region Not Set","","Virgin Interactive Entertainment, Inc.","Domark Software","1996-11-25","1","No","Action | Shooter","Not Rated","THE WORLD IS INFECTED WITH A DEADLY, MAN-MADE VIRUS. GUESS WHO'S THE CURE? In the near future, an experiment in Nano technology has gone horribly wrong and a bio-engineered virus threatens to take over the world! You are selected to pilot through 15 levels of twisted, putrefied mutants in an effort to cleanse the planet of the rapidly reproducing virus. Oh, and by the way, you have a bomb strapped to your body that has a short fuse. It's a desperate race against time as you deploy flame throwers, disruptors and homing missiles to wipe out the virus before the world is mutated forever.

Features:
- Fully SGI rendered 3-D virtual landscapes with 360 degree mapping terrain!
- Take on warped armies of dog-bats, giant spiders, grinning zombie clowns and dozens of terrifying mutations!
- 15 adrenaline-pumping missions!
- Gear up with chain guns, photons, io-storms and enough firepower to toast the mutant horde!

""Machine Head looks great - really great. As in best 3D virtual world on the Saturn kind of great!""- Electronic Gaming Monthly"
"Madden NFL 97","","Region Not Set","","EA Sports","","1996-01-01","","No","Sports","","Play and manage football matches between real NFL teams, featuring the latest player lineups of 1997!"
"Madden NFL 98","","Region Not Set","","EA Sports","","1997-01-01","","No","Sports","E - Everyone","Play and manage football matches between real NFL teams, featuring the latest player lineups of 1998!"
"Madou Monogatari","魔導物語","Region Not Set","","Compile","Compile","1998-07-23","1","No","Role-Playing","E - Everyone","No overview is currently available for this title, please feel free to add one."
"Magic Carpet","","Region Not Set","","Electronic Arts","Krisalis Software Ltd.","1996-01-01","1","No","Adventure | Shooter","E10+ - Everyone 10+","The game is played from the first-person perspective of a wizard on a magic carpet flying over water, mountains, and other landscapes. The wizard destroys monsters and rival sorcerers, which are controlled by the computers, by launching fireballs, and collects ""mana"", which is gathered by hot air balloons that appear when the player places down their castle, and is stored inside.

The greater the amounts of mana in the player's castle, the more powerful the player's spells are. As the player expands the castle, by placing more structures, it spawns additional mana-collecting balloons and armed guards that defend it against attacks by enemy wizards. Besides storing mana, the player's castle also serves as a sancturary for them where they cannot be killed and can regain health and mana."
"Magic Knight Rayearth","","NTSC-U","United States of America","Working Designs","Sega CS2","1998-12-12","1","No","Action | Role-Playing","T - Teen","As a dimension built on the power of dreams crumbles toward extinction, three innocent girls are plucked from the top of Tokyo Tower and transported to the fantastic world of Cefiro, where they must become the warriors of myth and prophecy. Take control of a trio of righteous babes-huffy, headstrong Hikaru; spoiled, smarmy Umi; and bashful, brainy Fuu-as they embark on a fantastic quest that leads them from the tedium of a junior-high field trip to the terror of a journey into the unknown. Marvel as the girls awaken the magical powers lying dormant within themselves and use them to battle a motiay collection of foul creatures. Watch as the teenage threesome learn lessons about friendship, humility, and love. And enjoy the rewards of Action/RPG gameplay, spoken in-game dialogue, and nearly 20 minutes of hand-drawn animation as the newborn Magic Knights slowly uncover the shocking secret behind Cefiro's collapse into chaos... and blast their way toward destiny!"
"Magical Drop","","Region Not Set","","Data East Corporation","Data East Corp.","1995-01-01","1","No","Puzzle","Not Rated","No overview is currently available for this title, please feel free to add one."
"Magical Drop 2","マジカルドロップ２","Region Not Set","","Sega","Sega","1996-09-27","2","No","Puzzle","Not Rated","The worldwide arcade hit brought to you by Bandai will keep you bursting bubbles and stacking combo points in this puzzler that will have your brain bubbling!"
"Magical Drop III Toretate Zoukangou!","Magical Drop III (マジカルドロップ3) | Magical Drop III","Region Not Set","","Data East Corporation","Data East Corporation","1997-06-20","2","No","Puzzle","E - Everyone","Is the sequel to Magical Drop 2. It was released for the Sega Saturn exclusively in Japan. Magical Drop III is the last opus of the Magical drop series. Colored bubbles descend from the top of the screen. To be destroyed they have to be picked up and dropped in order to make a stack of at least 3 same colour bobbles. Chain reaction can be made when a exploding group of bobbles generate a new group of same colour bobbles. That funny game is notable for being fast-paced."
"Magical Hoppers","","Region Not Set","","Bandai Co., Ltd.","Crystal Dynamics, Inc.","1996-10-31","1","No","Platform","E - Everyone","Magical Hoppers: Have you heard this name? This is about a boy named Clam, who is very lively (and a little bit carefree!?) and a very cute girl, Guppy. At first glance, they look like ordinary people, but they change to Magical Hoppers and they have a big mission - saving the world on different levels.

A statement of emergency!! Amazing Land, which presides dreams and hopes in the world is in a critical situation. Their story is getting started here with a noisy partner, Sid."
"Mahjong 4 Shimai Wakakusa Monogatari","麻雀四姉妹　若草物語","Region Not Set","","Naxat Soft","Maboroshi Ware","1996-09-27","1","No","Board","AO - Adult Only 18+","No overview is currently available for this title, please feel free to add one."
"Mahjong Doukyuusei Special","麻雀同級生Ｓｐｅｃｉａｌ","Region Not Set","","Make","Elf Co., Ltd.","1996-03-29","4","No","Puzzle","M - Mature 17+","A mahjong title based on the Doukyuusei visual novel franchise."
"Mahjong Gakuensai","","Region Not Set","","Make","Make","1997-11-06","1","No","Board","M - Mature 17+","No overview is currently available for this title, please feel free to add one."
"Mahjong Gakuensai DX","","Region Not Set","","Make","Make","1998-09-23","1","No","Board","M - Mature 17+","No overview is currently available for this title, please feel free to add one."
"Mahjong Ganryuu Shima","","Region Not Set","","ASCII Corporation","ASCII Entertainment","1995-03-10","1","No","Board","Not Rated","No overview is currently available for this title, please feel free to add one."
"Mahjong Gokuu Tenjiku","","Region Not Set","","Electronic Arts Victor","Chat Noir","1994-11-22","1","No","Board","Not Rated","No overview is currently available for this title, please feel free to add one."
"Mahjong Hyper Reaction R","","Region Not Set","","Sammy Corporation","Sammy Studios","1996-03-08","1","No","Board","AO - Adult Only 18+","No overview is currently available for this title, please feel free to add one."
"Mahjong Kaigan Monogatari: Mahjong Kuru Jidai Sexy Idol Hen","","Region Not Set","","Micronet Co. Ltd.","Micronet Co. Ltd.","1995-08-04","1","No","Board","M - Mature 17+","No overview is currently available for this title, please feel free to add one."
"Mahjong Kuru Jidai: Cebu Island '96","","Region Not Set","","Micronet Co. Ltd.","Micronet Co. Ltd.","1996-07-19","1","No","Board","M - Mature 17+","No overview is currently available for this title, please feel free to add one."
"Mahjong Kuru Jidai: Kogyaru Houka Kouhen","","Region Not Set","","Micronet Co. Ltd.","Micronet Co. Ltd.","1996-01-12","1","No","Board","M - Mature 17+","No overview is currently available for this title, please feel free to add one."
"Mahjong Taikai II Special","","Region Not Set","","Koei Co., Ltd.","Koei","1996-10-04","1","No","Board","E - Everyone","No overview is currently available for this title, please feel free to add one."
"Mahjong Tenshi: Angel Lips","","Region Not Set","","Syscom Entertainment Inc.","Nihon System","1996-03-29","1","No","Board","AO - Adult Only 18+","No overview is currently available for this title, please feel free to add one."
"Mahjong Yon-Shimai: Wakakusa Monogatari","麻雀四姉妹 若草物語","NTSC-J","Japan","Naxat Soft","Maboroshi Ware","1996-09-27","1","No","Board","AO - Adult Only 18+","Mahjong Yon-Shimai: Wakakusa Monogatari [ 麻雀四姉妹 若草物語 ] is a strip mahjong game developed by Maboroshi Ware and published by Naxat Soft. The game released exclusively in Japan on the SEGA Saturn, and is a console port of the arcade game of the same name.

Naxat released a small selection of mahjong games, but this would be the publisher's only console strip mahjong genre game. The characters in the game were designed by Hiroyuki Utatane. The game is most recognizable for having detailed character portraits of whom you're playing against in-game, whereas most mahjong games feature either very small portrait head-shots or no character visuals at all during mahjong play.

This game was one of the twenty-three SEGA Saturn retail releases to receive SEGA's Red X rating, for nudity present during the strip scenes."
"Mahou Gakuen Lunar!","Lunar Magic School","Region Not Set","","Game Arts Co., Ltd.","Ehrgeiz | 																Studio Alex, Ltd.","1997-11-20","1","No","Role-Playing","E - Everyone","This is a side-story, set in the same world as the famous Lunar RPGs:  Silver Star and  Eternal Blue. The town of Burg is populated by harvesters, and you take control of two girls, Ellie and Lena. One day, they are sent to the island of Ien where they should study magic, and there begins their adventure.

The game is a traditional Japanese-style RPG. You navigate your party through a top-down world, visiting towns and hostile areas. Enemy encounters are random, the battles are turn-based and are viewed from first-person perspective."
"Mahou Kishi Rayearth","Magic Knight Rayearth","Region Not Set","","Sega","Sega","1995-08-25","1","No","Role-Playing","E - Everyone","The world of Cefiro was at peace due to the divine protection of Princess Emerald, protecting the denizens of the land. One day, her personal guardian Zagat had turned rogue and betrayed the princess, imprisoning her in a fortress of solitude, thus causing havoc throughout Cefiro. Legends spoke of three warriors summoned from another world who would inherit their powers from ancient ""Machines"" and combine their strength to liberate the land from evil.

The princess then summoned three Japanese schoolgirls who happened to come together by a field trip to Tokyo Tower. They're immediately transported to the land of Cefiro and are shortly thereafter sent on a quest to free the princess and save the land of Cefiro from Zagat and his forces."
"Mahou no Janshi: Poepoe Poemii","","Region Not Set","","Imagineer Co., Ltd.","Imagineer","1995-09-29","1","No","Board","M - Mature 17+","No overview is currently available for this title, please feel free to add one."
"Mahou Shoujo Pretty Sammy","","Region Not Set","","NEC Interchannel","NEC Interchannel, Ltd.","1997-08-08","1","No","Adventure","E - Everyone","No overview is currently available for this title, please feel free to add one."
"Mahou Shoujo Pretty Sammy: Heart no Kimochi","","Region Not Set","","NEC Interchannel","NEC Interchannel, Ltd.","1998-01-29","1","No","Adventure","E - Everyone","No overview is currently available for this title, please feel free to add one."
"Mahoutsukai ni Naru Houhou","","Region Not Set","","TGL","TGL","1998-08-27","1","No","Role-Playing","E - Everyone","No overview is currently available for this title, please feel free to add one."
"Mainichi Kawaru Quiz Bangumi Days 365","","Region Not Set","","Oz Club","Oz Club","1996-03-15","6","No","Party","Not Rated","No overview is currently available for this title, please feel free to add one."
"Making of Nightruth II: Voice Selection","","NTSC-J","Japan","Varie","Sonnet Computer Entertainment","1996-11-08","1","No","Utility","Not Rated","No overview is currently available for this title, please feel free to add one."
"Manx TT Super Bike","Manx TT Superbike","Region Not Set","","Sega","Tantalus Media","1997-06-30","2","No","Racing","E10+ - Everyone 10+","Yet another world-class arcade conversion hits the Saturn! Manx TT Superbikes recreates the top-speed twists and turns of the legendary Isle of Man TT circuits. Throw your high-powered superbike around country lanes and hurtle through villages at hair-raising speeds as one or two riders push their nerves to the absolute limit on the circuit where heroes are made!"
"Maria","Maria: Kimitachi ga Umareta Wake","Region Not Set","","","Axela","1997-12-11","1","No","Adventure","Not Rated","No overview is currently available for this title, please feel free to add one."
"Marica: Shinjitsu no Sekai","","NTSC-J","Japan","Victor Interactive Software, Inc.","Feycraft","1997-06-20","1","No","Role-Playing","M - Mature 17+","Marica: Shinjitsu no Sekai [ マリカ ～真実の世界～ ] is a JRPG for the SEGA Saturn. It was released in 1997 exclusively in Japan. The developer was Feycraft and the publisher was Victor Interactive Software (also periodically referred to as simply Victor Soft).

The game takes place in then-modern Tokyo, Japan and is about Marcia, who through chance happens to awake psychological powers within herself. Marica meets Akira and Kaname who, along with similar powers, work to protect a psychic being pursued by the Faction of Truth. Gameplay takes place in an overhead view with highly detailed sprites and backgrounds. Noteworthy is the game's battle engine, which is played through a visual novel -type format. The majority of the game contains no text and uses voice overs along with large character portraits to advance the story."
"Marie no Atelier: Salburg no Renkinjutsushi Ver.1.3","","Region Not Set","","Imadio","GOO!","1997-12-11","1","No","Role-Playing","E - Everyone","No overview is currently available for this title, please feel free to add one."
"Mario Mushano no Chou-Shogi Juku","","Region Not Set","","King Records","","1998-01-15","1","No","Board","E - Everyone","No overview is currently available for this title, please feel free to add one."
"Marvel Super Heroes","","Region Not Set","","Capcom","Tsuji Jimusho","1997-09-30","2","No","Fighting","T - Teen","Marvel Super Heroes is a fighting game in which superheroes and villains from the Marvel universe fight against each other. The aim of the game is to use attacks and special abilities to knock out your opponent, or possess more life than him/her at the end of the round. Throughout the match, players build up a super meter which can be used to perform powerful Infinity Combo attacks. A unique mechanic in the game are the Infinity Gems; Power, Time, Space, Reality, Soul and Mind. These gems can be earned by obtaining them from opponents during arcade mode, or by fulfilling certain criteria during versus mode, such as getting the first hit. By using these gems in battle, fighters receive enhanced effects for a short amount of time, such as increased power or defense, health recovery or additional attacks. Also, certain fighters will receive extra benefits whilst using certain gems. For example, if Spider-Man uses the Power gem, he can create a doppelganger on the opposite side of his opponent for extra damage during his attacks."
"Marvel Super Heroes vs. Street Fighter","","Region Not Set","","","","1998-10-22","2","No","Fighting","E - Everyone","No overview is currently available for this title, please feel free to add one."
"Mass Destruction","","Region Not Set","","","","1997-12-31","","No","","T - Teen","No overview is currently available for this title, please feel free to add one."
"Master of Monsters: Neo Generations","","Region Not Set","","Toshiba-EMI Ltd.","SystemSoft","1996-10-25","1","No","Strategy","E - Everyone","No overview is currently available for this title, please feel free to add one."
"Masters: Harukanaru Augusta 3","","Region Not Set","","T&E Soft, Inc.","T&E Soft","1995-09-22","4","No","Sports","E - Everyone","No overview is currently available for this title, please feel free to add one."
"Matsukata Hiroki no World Fishing","","Region Not Set","","MediaQuest","Tose","1996-02-02","1","No","Sports","E - Everyone","No overview is currently available for this title, please feel free to add one."
"Maximum Force","","Region Not Set","","","","1997-09-30","","No","","M - Mature 17+","Maximum Force is a light gun shooter arcade game developed by Mesa Logic for Atari Games in 1997. In 1998, Atari Games re-released the game as part of one machine called Area 51/Maximum Force Duo that also included Area 51,[1] and later ported the game to both the Sony PlayStation and Sega Saturn game consoles.

Like its predecessor Area 51, Maximum Force is notable for its use of digitized video stored on an on-board hard disk, and the bizarrely contrasting unrealistic gibs into which every enemy blows apart when shot, in exactly the same way. While enemies, innocents, and explosions are 2D digitized video sprites, the levels and vehicles are pre-rendered in 3D."
"Mechanical Violator Hakaider: Last Judgement","","Region Not Set","","Sega","Japan Media Programming","1996-12-27","1","No","Action | Shooter","E - Everyone","The game is a basic arcade-style on-rail shooter game, where the player must destroy all targets on screen to progress. The game grades points to the player based on accuracy and the total percentage of enemies hit. The weapon of the game is the Hakaider Shot (which is controlled by the Sega Virtua Gun or the Shuttle Mouse), which can be equipped with four different types of ammo that can reload at different rates, so players must select carefully which ammo to use in a firefight. The game also has exploration areas inbetween where the player can buy upgrades in shops or do tasks to trigger the next part of the story."
"MechWarrior 2: 31st Century Combat Arcade Combat Edition","MechWarrior 2","Region Not Set","","Bandai Visual","Quantum Factory","1997-03-31","","No","Action | Shooter","E - Everyone","You are the genetically engineered Clan Mechwarrior. The Clans are invading the Inner Sphere. Join either the Wolf Clan or the Jade Falcon Clan as they pursue their own agenda against the Inner Sphere and other Clans. Take your advanced Omnimechs into battle against all comers. Win high warrior ratings (by using less mechs or smaller mechs than needed, completing secondary objectives, etc.) and you'll get chance at a promotion trial where you face superior odds in an arena. If you win, you advance in rank. If you are very successfully, you can make it all the way up to Khan, leader of the Clan!

Mechwarrior II was developed in-house by Activision as the successor to their original Mechwarrior. While this time there are no dynamic campaign and mercenary actions, the Clan culture is integrated into the two campaigns. Different clans have different mechs and different rules, even different weapons. You can customize your mechs in order to use less than the ""par"" force in order to get a higher rating. The full 3D environment wasn't pretty as this was before the 3D accelerators made their debut, but it's still better than anything that came before. Let addition of NetMech allowed users to fight each other online. When 3D cards came along, special versions were created to take advantage of 3D texturing. While not QUITE as replayable as Mechwarrior, it's nonetheless a classic."
"Media ROMancer Daisuke Asakura","","Region Not Set","","Fun House","Funhouse","1996-03-01","1","No","Utility","Not Rated","No overview is currently available for this title, please feel free to add one."
"Mega Man 8: Anniversary Collector's Edition","RockMan 8: Metal Heroes","Region Not Set","","Capcom","Capcom","1997-02-27","1","No","Action | Shooter | Platform","E - Everyone","A gigantic space explosion sends two strange meteors crashing to Earth, the call goest out and Mega Man speeds to the site. There he sees his arch-rival, Dr. Wily, fleeing the scene, clutching one of the mysterious metallic meteors. Now Mega Man must uncover the secret of the second meteor in a race to stay one step ahead of Dr. Wily and his new deadly breed of super-powered robots.

With the whole cast assembled for Mega Man's 32-bit debut and an exclusive onscreen Mega Man 8 Japanese art collection, the 10th anniversary edition is the ultimate mega package, the Blue Bomber's back!"
"Mega Man X3","RockMan X3","PAL","","Virgin Interactive Entertainment, Inc.","Capcom","1996-01-01","1","No","Action","Not Rated","A Reploid scientist named Dr. Doppler begins creation of a new city for Reploids, which will bring a new era of peace to the Reploids and humans. But something goes terribly wrong, and now Mavericks have begun to appear everywhere! It's up to X and Zero to find out who is behind this Maverick revolt and bring them down for good!"
"Mega Man X4","RockMan X4","Region Not Set","","Capcom","Capcom","1997-07-31","1","No","Action | Platform","E - Everyone","Mega Man X4, originally released in Japan as Rockman X4 (ロックマンX4?), is a video game developed by Capcom. It is the fourth game in the Mega Man X series and the second game in the series to be released on the Sega Saturn and PlayStation. The two versions were released simultaneously in Japan on August 1, 1997. A North America release followed sometime thereafter, while Europe received only the PlayStation version on October 13, 1997.

Taking place in the 22nd century, the Mega Man X series is set in a society populated by humans and intelligent robots called ""Reploids"". A military taskforce called the ""Maverick Hunters"" is implemented to suppress the uprising of ""Mavericks"", Reploids that begin to exhibit dangerous and destructive behavior. Mega Man X4 follows two such hunters, Mega Man X and Zero, as they become involved in a conflict between the Hunters and a Reploid army called the ""Repliforce"". Mega Man X4 is an action-platform game in the same vein as other installments in the series. The player completes a set of eight stages in any order while fighting enemies, gaining power-ups, and winning the special weapon of each stage's boss. Unlike previous games in the series, Mega Man X4 allows the player to choose between the two protagonists at the beginning of the game: X, who uses traditional, long-range attacks; or Zero, who wields a short-range sword.

Critical reception for Mega Man X4 has been generally positive. Critics praised the ability to play as either X or Zero, a concept many found to expand upon the then perceived exhausted gameplay formula of the Mega Man X sub-franchise during the 1990s. In addition to its console versions, the game was released on Windows worldwide in 1998 and 1999 and on Japanese mobile phones in 2011 and 2012. It was also included on the Mega Man X Collection, a compilation released in North America on the PlayStation 2 and Nintendo GameCube in 2006. Mega Man X4 was made available on the PlayStation Network as part of the PSOne Classics line on September 2, 2014 in North America and December 17, 2014 in Japan."
"Melty Lancer: Ginga Shoujo Keisatsu 2086","","Region Not Set","","Imadio","Tenky","1998-05-21","1","No","Life Simulation","E - Everyone","MeltyLancer Re-inforce (メルティランサー Re-inforce) is a 1998 strategy game for the Sega Saturn by Imadio and Nextech and is part of Imagineer's/Tenky's MeltyLancer video game series."
"Melty Lancer: Re-inforce","","Region Not Set","","Imadio","Tenky","1998-05-21","1","No","Strategy | Life Simulation","E - Everyone","No overview is currently available for this title, please feel free to add one."
"Message Navi","","Region Not Set","","Sims Co., Ltd.","Sims","1997-11-27","1","No","Utility","E - Everyone","No overview is currently available for this title, please feel free to add one."
"Message Navi Vol. 2","","Region Not Set","","Sims Co., Ltd.","Sims","1998-02-26","1","No","Utility","E - Everyone","No overview is currently available for this title, please feel free to add one."
"Metal Black","","Region Not Set","","Ving","Taito Corporation","1996-05-24","1","No","Action | Shooter","Not Rated","No overview is currently available for this title, please feel free to add one."
"Metal Fighter Star Miku","","Region Not Set","","Victor Interactive Software, Inc.","","1995-09-29","1","Yes","Adventure","E - Everyone","Metal Fighter Star Miku is an Adventure game, developed by Feycraft and published by Victor Interactive Software, which was released in Japan in 1995."
"Metal Slug","","Region Not Set","","Nazca Corporation","Nazca","1997-04-04","2","Yes","Shooter","","Metal Slug, originally released on the Neo Geo, is a side-scrolling shoot'em'up.

The player(s) takes the role of a soldier (or two) and fights a gigantic army. Every level consists of running forward blasting anything that moves, while collecting power-ups along the way (there's also a wide selection of weaponry in the game). In the end of each level the player goes up against one gigantic boss."
"Mezase Idol Star! Natsuiro Memories Mahjong-Hen","","Region Not Set","","Shar Rock","Shar Rock","1996-09-27","1","No","Board","M - Mature 17+","No overview is currently available for this title, please feel free to add one."
"Midway Presents Arcade's Greatest Hits","","Region Not Set","","Midway Games","Digital Eclipse Software, Inc.","1996-01-01","","No","Action | Platform","E - Everyone","No overview is currently available for this title, please feel free to add one."
"Midway Presents Arcade's Greatest Hits: The Atari Collection 1","","Region Not Set","","Midway Games","Digital Eclipse","1997-06-30","2","No","Action | Shooter","E - Everyone","Are you tired of combos, adventure quests, fatalities, hidden worlds and thick instruction manuals? Want a blast from the past? Try Midway Presents: Arcade's Greatest Hits/The Atari Collection 1 for the Saturn, featuring six of Atari's most popular coin-op games from the late 1970s and early 1980s. Play Asteroids, Battlezone, Centipede, Missile Command, Super Breakout and Tempest."
"Mighty Hits","","Region Not Set","","","","1996-10-18","","No","","","Released in Europe and Japan."
"Minakata Hakudou Toujou","","Region Not Set","","Atlus Co., Ltd.","Thinking Rabbit","1997-08-07","1","No","Adventure","Not Rated","The solution is on the video tape!

Solve the case from your armchair.

The clues are hidden on the screen.

A mystery adventure game where the detective never leaves their house and watches the investigation on his VCR."
"Minami no Shima ni Buta ga Ita: Lucas no Daibouken","","Region Not Set","","Virgin Interactive Entertainment, Inc.","Scholar","1996-10-10","1","No","Action","E - Everyone","No overview is currently available for this title, please feel free to add one."
"Minnesota Fats: Pool Legend","Side Pocket 2: Densetsu no Hustler","Region Not Set","","Data East Corporation","Data East Corporation","1995-03-31","2","No","Sports","E - Everyone","Minnesota Fats: Pool Legend is a pool game where a player can participate in story mode and play against a set of pros in six different pool halls in an attempt to face off against Minnesota Fats himself. There are seven different variations of pool to play: Eight-Ball, Nine-Ball, Rotation, 14-1 rack, Three ball, Cut-Throat & One Pocket. Versus Mode also allows players to take on any opponent of their choice, including a two-player option to take on a friend and a Tournament Mode. Players can also try out the Trick Mode that has the player trying to compete for 16 different trick shots."
"Minton Keibu no Sousa File: Doukeshi Satsujin Jiken","","Region Not Set","","Riverhill Software Inc.","Thinking Rabbit","1997-10-30","1","No","Adventure","E - Everyone","No overview is currently available for this title, please feel free to add one."
"Mizubaku Daibouken","Liquid Kids","Region Not Set","","Taito Corporation","Taito Corporation","1998-10-22","2","No","Platform","E - Everyone","No overview is currently available for this title, please feel free to add one."
"Mizuki Shigeru no Youkai Zukan","","Region Not Set","","Kodansha Ltd.","Highwaystar","1998-06-25","1","No","Adventure","E - Everyone","No overview is currently available for this title, please feel free to add one."
"Mobile suit Gundam side story one: Blue fear","","Region Not Set","","Bandai Co., Ltd.","BEC Co., Ltd.","1996-09-20","1","No","Action | Shooter","E10+ - Everyone 10+","Release on September 20, 1996 it is the first of the 3 side story games released on the Saturn"
"Momotarou Douchuuki","","Region Not Set","","Hudson Entertainment, Inc.","Sims","1997-09-25","1","No","Board","E - Everyone","No overview is currently available for this title, please feel free to add one."
"Monster Slider","","Region Not Set","","DATT Japan Inc.","Datt Japan","1997-03-28","1","No","Puzzle","E - Everyone","No overview is currently available for this title, please feel free to add one."
"Moon Cradle","","Region Not Set","","Pack-In-Video Co., Ltd","Tose","1997-06-27","1","No","Adventure","E - Everyone","No overview is currently available for this title, please feel free to add one."
"Moritaka Chisato: La La Sunshine","","Region Not Set","","Sega","Oracion","1997-09-11","1","No","Utility","E - Everyone","No overview is currently available for this title, please feel free to add one."
"Mortal Kombat II","","Region Not Set","","","","1996-03-28","2","No","Fighting","M - Mature 17+","Following his failure to defeat Liu Kang in the first Mortal Kombat game, the evil sorcerer Shang Tsung begs his master, Shao Kahn, to spare his life. He tells Shao Kahn that the invitation for Mortal Kombat cannot be turned down, and if they hold it in Outworld, the Earthrealm warriors must attend. Kahn agrees to this plan, and even restores Tsung's youth. He then extends the invitation to Raiden, who gathers his warriors and takes them into Outworld. The new tournament is much more dangerous, as Shao Kahn has the home field advantage, and an Outworld victory will allow him to subdue Earthrealm."
"Mortal Kombat Trilogy","","NTSC","","GT Interactive Software Corp.","Midway","1997-08-08","2","No","Fighting","M - Mature 17+","All the characters from the first three Mortal Kombat games return for the ultimate battle. You can play as Kano, Reptile, Mileena, Kung Lao, Shang Tsung, Sindel, Sketor, Stryker, Nightwolf, Sheeva, Kitana, Scorpion, Sonya, Smoke (Cyber Ninja), Rain, Jade, Baraka, Johnny Cage, Ermac, Noob Saibot, Sub-Zero (Unmasked), Sub-Zero (Classic), Jax, Rayden, Cyrax, Liu Kang, Smoke (Human), Kabal, Goro, Kintaro, Motaro, or Shao Kahn.

This game is one-on-one martial arts fighting. The player can choose from over thirty different characters, all with their own fighting style and their own special moves. Trilogy differs from the other games in that you can play combinations of people that otherwise isn't possible, such as old Liu Kang vs. new Liu Kang, etc."
"Motteke Tamago with Ganbare Kamonohasi","","Region Not Set","","Naxat Soft","NAXAT Soft","1998-07-02","1","No","Action","E - Everyone","No overview is currently available for this title, please feel free to add one."
"Moujya","","Region Not Set","","Virgin Interactive Entertainment, Inc.","Etona","1996-12-20","1","No","Puzzle","E - Everyone","No overview is currently available for this title, please feel free to add one."
"Mouri Motonari: Chikai no Sanshi","","Region Not Set","","Koei Co., Ltd.","Koei","1997-10-02","1","No","Strategy","E - Everyone","No overview is currently available for this title, please feel free to add one."
"Mr. Bones","","NTSC-J","Japan","Sega","","1997-01-01","1","No","Action | Platform","Not Rated","Japanese Version released for Japan. Game is in English and has occasional Japanese subtitles. Side scrolling platformer. Do not know how to add the price, but it's $45. Comparatively cheaper than the North American version. But is literally the same game."
"Mujintou Monogatari R: Futari no Love Love Ai Land","","Region Not Set","","KSS","Open Sesame","1998-05-28","1","No","Life Simulation","M - Mature 17+","No overview is currently available for this title, please feel free to add one."
"Murakoshi Masami no Nippon Rettou","","Region Not Set","","Victor Interactive Software, Inc.","A-Wave","1998-06-18","1","No","Sports","E - Everyone","No overview is currently available for this title, please feel free to add one."
"My Best Friends: St. Andrew Jogakuen Hen","","Region Not Set","","Atlus Co., Ltd.","ISCO","1996-03-22","1","No","Puzzle","AO - Adult Only 18+","No overview is currently available for this title, please feel free to add one."
"My Dream: On Air ga Matenakute","","Region Not Set","","","Nippon Create","1997-09-18","1","No","Strategy","E - Everyone","No overview is currently available for this title, please feel free to add one."
"Myst","","NTSC-J","Japan","SUNSOFT","Sunsoft","1994-11-22","1","No","Adventure","Not Rated","No overview is currently available for this title, please feel free to add one."
"Mystaria: The Realms of Lore","Blazing Heroes | Riglord Saga","Region Not Set","","Sega","Sega","1995-06-18","1","No","Role-Playing | Strategy","E10+ - Everyone 10+","Mystaria, once a land of peace and serenity, is now embroiled in turmoil. The evil Lord Bane and his ruthless band of marauders have overtaken the four kingdoms that rule this land. Now you must rely on the special powers of a Prince, a Ninja, a Lion man and others to reclaim your kingdoms and regain control of this beautiful land you once called your own! Breathtaking 3D graphics plus changing views and perspectives pull you into the action. Characters learn special attacks with each battle - over 250 attacks in all! Use a vast array of spells in your quest to conquer the evil Lord Bane and over 50 monsters and enemies."
"Nanatsu Kaze No Shima Monogatari","七ツ風の島物語","Region Not Set","","Enix Corporation","Givro","1997-11-27","1","No","Adventure","E - Everyone","Players assume the role of a dragon named Gaūpu who falls into a mysterious island and must meet various creatures that inhabits the location, some of which will join Gaūpu's quest or give information, collect items while harnessing seven legendary winds to overcome challenges along the way. Gameplay is largely free of violence and focuses on puzzle solving instead. Players collect a variety of items such as insects, plants and fish, which can be used for certain purposes. Characters like the giant snail Soul and the trader Tamu provides hints in the form of ambiguous poems and gives items to Gaūpu respectively. By using a sea conch item, Gaūpu can summon companions to clear obstacles in order explore previously unreachable areas of the island."
"Nanatsu no Hikan","七つの秘館","Region Not Set","","Koei Co., Ltd.","Koei","1996-04-05","1","No","Adventure","E - Everyone","No overview is currently available for this title, please feel free to add one."
"NASCAR 98","","Region Not Set","","","","1997-08-31","2","No","","","NASCAR 98 is a racing simulator video game published and developed by EA Sports and released in 1997 for the Sega Saturn and the Sony PlayStation. This was the first of the EA Sports NASCAR series."
"NBA Action","","Region Not Set","","","","1996-01-01","","No","","","No overview is currently available for this title, please feel free to add one."
"NBA Action 98","","NTSC","United States of America","Sega Sports","Visual Concepts","1997-10-28","10","No","Sports","E - Everyone","There was a series of video games released by Sega Sports for the Sega Genesis, Sega Game Gear and Sega Saturn with the name NBA Action.

NBA Action '94 (Genesis)
NBA Action '95 (Game Gear and Genesis)
NBA Action (1996) (Saturn)
NBA Action 98 (Saturn and PC)"
"NBA Jam Extreme","","Region Not Set","","Acclaim Entertainment, Inc.","Acclaim","1996-11-30","4","No","Sports","E - Everyone","Play two-on-two basketball using NBA teams that consist of six players each. The game play is three-dimensional instead of using the common 2D format. Game commentary is provided by Marv Albert.

Due to contractual obligations from acting in the 1996 movie Space Jam, a few players were not allowed to be featured in NBA Jam Extreme. Chief among those barred from appearing in NBA Jam Extreme were Michael Jordan and Charles Barkley. Shaquille O'Neal was unable to be featured in the game because of his contractual obligations to the movies Kazaam, Good Burger and the video game Shaq-Fu."
"NBA Jam Tournament Edition","","Region Not Set","","","","1995-01-01","","No","Sports","E - Everyone","No overview is currently available for this title, please feel free to add one."
"NBA Jam: Tournament Edition","","NTSC-J","Japan","Acclaim Japan","Iguana Entertainment","1995-12-01","4","Yes","Sports","Not Rated","No overview is currently available for this title, please feel free to add one."
"NBA Live 97","","Region Not Set","","","","1997-01-01","","No","Sports","","NBA Live 97 is the third installment of the NBA Live video games series. The cover features Mitch Richmond of the Sacramento Kings. The game was developed by EA Sports and released on November 1, 1996. The MS-DOS, Saturn and PlayStation versions featured 3D models for the on-court players thus marking it as the first 3D EA Sports Basketball sequel for the series. It was also the first NBA Live released for the Sega Saturn. NBA Live 97 is followed by NBA Live 98."
"NBA Live 98","","Region Not Set","","","","1997-12-31","","No","Sports","E - Everyone","NBA Live 98 is a basketball video game based on the National Basketball Association and the fourth installment of the NBA Live series. The cover features Tim Hardaway of the Miami Heat. The game was developed by EA Sports and released on November 30, 1997 for the PlayStation, October 31, 1997 for the PC and December 31, 1997 for the Sega Saturn. It was the final version of NBA Live released for the Super Nintendo, Sega Genesis and Sega Saturn.

The game introduced various innovations to the series, including the now standard feature of passing to any teammate with a single button press. The game also made various graphical improvements, with new player models and faces modeled after actual player photographs. The PC version introduced support for 3D acceleration, utilizing 3dfx's Glide API. The PlayStation, PC and Saturn versions have Ernie Johnson as studio announcer and TNT/TBS color analyst Verne Lundquist doing play-by-play commentary, (the Saturn version does not include play-by-play commentary). NBA Live 98 is followed by NBA Live 99."
"Nekketsu Oyako","","Region Not Set","","TecnoSoft","Tecnosoft","1993-01-01","2","Yes","Action","E - Everyone","No overview is currently available for this title, please feel free to add one."
"Next King: Koi no Sennen Oukoku","ネクストキング　恋の千年王国","Region Not Set","","Bandai Co., Ltd.","Alfa System | 																Mars Corp | 																Plex","1997-11-20","4","No","Role-Playing","E - Everyone","No overview is currently available for this title, please feel free to add one."
"NFL '97","","Region Not Set","","","","1996-10-31","","No","Sports","E - Everyone","NFL '97 is a follow-up video game to Sega's classic Joe Montana series on the Sega Mega Drive/Genesis. NFL '97 featured some sound effects directly from that series. NFL 97 was released exclusively for the Sega Saturn."
"NFL Quarterback Club 96","","Region Not Set","","","","1995-01-01","","No","Sports","E - Everyone","NFL Quarterback Club 96 is an American football video game released in December 1995. The game was released on the Sega Saturn,[1] Sega Genesis,[2] Game Boy,[3] Sega Game Gear,[4] DOS, and Super Nintendo Entertainment System.[5] The game's cover features San Francisco 49ers quarterback Steve Young passing while being tackled by Chicago Bears defensive lineman Chris Zorich and an unidentified defender. The Saturn, SNES and DOS versions were developed by Iguana Entertainment, while the Game Boy edition was developed by Condor Inc."
"NFL Quarterback Club 97","","Region Not Set","","Acclaim Entertainment, Inc.","Iguana Entertainment","1996-01-01","","No","Sports","E - Everyone","NFL Quarterback Club 97 is an American football video game released in 1996. The game was released on the PlayStation,[1] Sega Saturn,[2] and DOS[3] systems. The game was also released in Japan on the Saturn.[4] The game's cover features former Miami Dolphins quarterback Dan Marino."
"NHL '97","","NTSC","United States of America","","","1996-10-31","2","No","Sports","E - Everyone","NHL 97 is an ice hockey video game by EA Sports. It was released on October 31, 1996 and was the successor to NHL 96. It is the sixth installment of the NHL series and the first to be released on both PlayStation and Saturn."
"NHL 98","","Region Not Set","","","EA","1998-01-14","2","Yes","Sports","E - Everyone","No overview is currently available for this title, please feel free to add one."
"NHL All-Star Hockey","","Region Not Set","","Sega","","1996-01-01","4","No","Sports","E - Everyone","No overview is currently available for this title, please feel free to add one."
"NHL All-Star Hockey '98","","Region Not Set","","","","1997-10-31","","No","Sports","E - Everyone","No overview is currently available for this title, please feel free to add one."
"NHL Powerplay '96","NHL PowerPlay","Region Not Set","","","","1996-01-01","","No","Sports","E - Everyone","No overview is currently available for this title, please feel free to add one."
"Night striker s","ナイトストライカーＳ","Region Not Set","","Ving","Fill-in-Cafe","1996-06-14","1","No","Racing | Shooter","E - Everyone","The player flies an armored car shooting enemy invaders to destroy a terrorist organization. Night Striker combines gameplay elements of Sega's Space Harrier and Out Run. Versions were released for the Sega Mega-CD in 1993, Sony PlayStation in 1995, and Sega Saturn (as Night Striker S) in 1996. A version was released on the Taito Memories II Gekan[a] compilation for the PlayStation 2 in 2007. Night Striker received mixed reviews, and the Mega-CD version in particular was heavily criticized, primarily due to poor graphics. The music was composed by Taito's Zuntata sound team, and has been released separately."
"Night Warriors: Darkstalkers' Revenge","","NTSC","","Capcom","Capcom","1996-02-22","2","No","Fighting","T - Teen","The Darkstalkers return and now crave the fury of a good night fight. In this head-to-head fighting challenge, creatures from your darkest nightmares battle for eternal control fo the night. Treacherous, classic favorites take on 4 new challengers for total domination. Donovan, the Dark Hunter. Huitzil, the Killer Machine. Hsien-Ko, the Chinese Ghost. And Pyron, the ultimate Alien ruler. The battle has never been as intense, with faster speeds, more captivating moves and even more incredible graphics. Night Warriors; the game of your dreams, and nightmares."
"Nightruth: Explanation of the paranormal #01 - ""Yami no Tobira""","","Region Not Set","","","Sonnet Computer Entertainment","1996-08-09","1","No","Adventure","M - Mature 17+","No overview is currently available for this title, please feel free to add one."
"Nightruth: Futatsudake no Shinjitsu","","Region Not Set","","Lay-Up","Sonnet Computer Entertainment","1997-07-25","1","No","Adventure","E - Everyone","No overview is currently available for this title, please feel free to add one."
"Nightruth: Maria","","Region Not Set","","","Sonnet Computer Entertainment","1996-12-20","1","No","Adventure","E - Everyone","No overview is currently available for this title, please feel free to add one."
"NiGHTS into Dreams [3D Control Pad Bundle]","","NTSC-J","Japan","Sega","Sonic Team","1996-07-05","1","No","Platform","Not Rated","This edition comes packed with the 3d controller for the game and a not for resale copy of the game.

An action video game developed by Sonic Team and published by Sega for the Sega Saturn in 1996. The story follows teenagers Claris and Elliot, who enter Nightopia, a dream world where all dreams take place. With the help of Nights, an exiled ""Nightmaren"", they begin a journey to stop the evil ruler Wizeman from destroying Nightopia and consequently the real world. Gameplay is centred around Nights flying through Claris and Elliot's dreams to gather enough energy to defeat Wizeman and save Nightopia. The game is presented in 3D and imposes time limits on every level, in which the player must accumulate enough points to proceed."
"NiGHTS into Dreams...","","NTSC-U","Brazil","Tec Toy Indústria de Brinquedos S.A.","Sonic Team","1996-09-01","1","No","Action","E - Everyone","Bem-Vindo ao Mundo dos Sonhos!!

A aventura mais fantástica de toda a história dos video games. Essa pode ser uma das melhores definições para este jogo. 
Nights vai possibilitar a você participar de uma inigualável experiência virtual, num mundo de sonhos onde duas crianças Elliot e Claris terão muito trabalho para tentar impedir que Wizeman, o Lider dos Pesadelos, transforme o pacato mundo de Nightopia num terrível circo de horrores!

Efeitos tridimensionais nunca antes vistos. Gráficos extremamente detalhados fazem de Nights uma verdadeira vitrine da capacidade de processamento do Sega Saturn.

Dezenas de ángulos de câmera, captando toda a movimentação de Nights numa velocidade incrível.

Além dos gráficos, a som também é tridimensional, proporcionando uma sensação de que se está dentro do jogo.
Seis incríveis fases, cada qual composta de quatro sonhos e um pesadelo. Mas a final da aventura pode tanto ser sonho ou um pesadelo. So depende de você!!"
"NiGHTS into Dreams... (JPN)","","NTSC-J","Japan","Sega","Sonic Team","1996-07-05","1","No","Action","Not Rated","No overview is currently available for this title, please feel free to add one."
"Nights into Dreams... [Not for Resale]","","NTSC-U","United States of America","Sega","Sonic Team","1996-07-05","1","No","Action","E - Everyone","Immerse yourself in an unparalleled 3D flying experience. NiGHTS delivers a truly amazing virtual world of dreams -- filled with unbelievable real-time effects, fantastic creatures and nightmarish monsters.

* A masterful showcase of Sega Saturn's raging processing power.
* Face your worst nightmares in a stunning world of 3D gameplay.
* Dozens of camera angles, never-seen-before effects and 3D positional sound.
* Developed exclusively for Sega Saturn by the creators of ""Sonic the Hedgehog.""

NOT FOR RESALE"
"NiGHTS Into Dreams... Sampler","","Region Not Set","","Sega","Sonic Team","1996-01-01","1","No","Action | Adventure","E - Everyone","“Not for resale - sampler only”"
"Nile Kawa no Yoake","","Region Not Set","","Pack-In-Video Co., Ltd","Pack-In-Video Co., Ltd","1998-03-05","1","No","Strategy","E - Everyone","No overview is currently available for this title, please feel free to add one."
"Ninja Jajamaru-kun: Onigiri Ninpouchou Gold","","Region Not Set","","Jaleco Ltd.","Atelier Double","1997-10-09","1","No","Action","E - Everyone","No overview is currently available for this title, please feel free to add one."
"Ninku: Tsuyokina Yatsura no Daigekitotsu!","","Region Not Set","","Sega","Sims","1996-02-02","2","No","Fighting","Not Rated","Ninku: Tsuyokina Yatsura no Daigekitotsu! (NINKU -忍空- 〜強気な奴等の大激突!〜) is a fighting game developed by SIMS and published by Sega for the Sega Saturn. It is based upon the 1995 Ninku anime series."
"NinPen Manmaru","","Region Not Set","","Enix Corporation","TamTam","1997-12-18","1","No","Action | Platform","E - Everyone","No overview is currently available for this title, please feel free to add one."
"Nippon Daihyou Team no Kantoku ni Narou! Sekaihatsu Soccer RPG","","Region Not Set","","Enix Corporation","Tose Co., Ltd.","1998-06-25","1","No","Role-Playing | Sports","E - Everyone","No overview is currently available for this title, please feel free to add one."
"Nippon Pro Mahjong Renmei Kounin: Doujou Yaburi","","Region Not Set","","Naxat Soft","Chat Noir","1997-05-30","1","No","Board","E - Everyone","No overview is currently available for this title, please feel free to add one."
"Nissan Presents Over Drivin' GT-R","","Region Not Set","","Electronic Arts","Pioneer Productions","1996-12-20","2","No","Racing","","No overview is currently available for this title, please feel free to add one."
"No-Appointment Gals: Olympos","アポなしギャルズ　お・り・ん・ぽ・す","Region Not Set","","Human Entertainment, Inc.","Human","1996-12-20","1","No","Life Simulation","M - Mature 17+","No overview is currently available for this title, please feel free to add one."
"Nobunaga no Yabou Returns","","Region Not Set","","Koei Co., Ltd.","Koei","1996-03-29","1","No","Strategy","E - Everyone","No overview is currently available for this title, please feel free to add one."
"Nobunaga no Yabou: Sengouku Gunyuuden","","Region Not Set","","Koei Co., Ltd.","Koei","1998-04-09","1","No","Strategy","E - Everyone","No overview is currently available for this title, please feel free to add one."
"Nobunaga no Yabou: Shouseiroku","","Region Not Set","","Koei Co., Ltd.","Koei","1998-04-02","1","No","Strategy","E - Everyone","No overview is currently available for this title, please feel free to add one."
"Nobunaga no Yabou: Tenshouki","","Region Not Set","","Koei Co., Ltd.","Koei","1995-09-29","1","No","Strategy","E - Everyone","No overview is currently available for this title, please feel free to add one."
"NOeL 3","ノエル３","Region Not Set","","Sega","Flight-Plan Inc.","1998-12-10","1","No","Adventure","E - Everyone","No overview is currently available for this title, please feel free to add one."
"Nonomura Byōin no Hitobito","","Region Not Set","","Elf Co., Ltd.","Elf Co., Ltd. | 																Silky's","1994-06-30","1","No","Adventure","AO - Adult Only 18+","The principal of Nonomura hospital has killed himself. Or so it appears at first sight. But the private detective Takumaro Kaibara is not so sure about that. Maybe it was a suicide, but maybe it was a murder. To find out what has really happened, Kaibara heads to Nonomura hospital. It should be mentioned that Kaibara is famous not only for his talent as a detective, but also for his skills as a seducer. And it is also known that Nonomura hospital is full of beautiful nurses. To kill two birds with one stone, Kaibara tries to make his way to the hearts of the sexy nurses, at the same time gathering information for the crime investigation. Will he be able to succeed in both?

Nonomura Byōin no Hitobito contains erotic images and scenes and is marked for the ages 18+. The genre to which the game belongs can be described as a digital novel, in which the interaction consists entirely of text, and the gameplay is devoid of puzzles and is largely based on dialogues and decisions made in certain situations."
"Noon","","Region Not Set","","Micro Cabin Co.","MicroCabin","1998-01-28","4","No","Board","E - Everyone","No overview is currently available for this title, please feel free to add one."
"Norse by Norsewest: The Return of The Lost Vikings","Lost Vikings 2: Norse by Norsewest","Region Not Set","","Interplay","Beam Software","1997-04-14","2","No","Action | Puzzle","E - Everyone","The Lost Vikings 2 is a puzzle platform video game developed by Blizzard Entertainment and published by Interplay The sequel to The Lost Vikings, it features the original three characters plus two new playable characters, Fang the wolf and Scorch the dragon. However, to avoid becoming too complex, the game only lets the player control three of the five characters in each level. The gameplay remains largely the same, though the pre-existing characters all have new or modified abilities."
"O-chan no Oekaki Logic","おーちゃんのお絵かきロジック","Region Not Set","","SUNSOFT","Sunsoft","1995-11-17","1","No","Puzzle","E - Everyone","O-chan no Oekaki Logic (おーちゃんのお絵かきロジック) is a puzzle game for the Sega Saturn. It is essentially a clone of Nintendo's Picross, featuring characters from Sunsoft's Hebereke series (also seen in Hebereke's Popoitto).

Sequels can be found on the PlayStation.

[Source: Segaretro.org]"
"Ochige Designer Tsukutte pon!","落ちゲー・デザイナー　作ってポン！","Region Not Set","","Victor Entertainment","Ninelives","1997-11-20","2","No","Puzzle","E - Everyone","No overview is currently available for this title, please feel free to add one."
"Off-World Interceptor Extreme","","Region Not Set","","","","1994-09-29","","No","","M - Mature 17+","Off-World Interceptor is a third-person vehicular car combat game, released only for the 3DO. An alternate version of the game was later released for the Sega Saturn and PlayStation consoles, named Off-World Interceptor Extreme. The two versions of the game have identical core gameplay elements, though the Extreme version is tweaked to feel more like the arcade mode in the original Off-World Interceptor.

The game was developed under the title ""Orion Off-Road"".[3]"
"Ojou-sama o Nerae!!","お嬢様を狙え！！","Region Not Set","","Crystal Vision","","1998-07-23","1","No","Adventure","M - Mature 17+","Adult dating game featuring both teenagers and a couple of older maidens. The interface follows the standard Tokimeki format with a conversation portion where you engage the target of your interaction in conversation and action. The rest of the screen is taken over by the animated persona of a girl. Her facial expressions and attitude towards you will change depending on your level of social skills."
"Ojyou-sama Express","","Region Not Set","","Media Works Inc.","MediaWorks","1998-07-30","1","No","Adventure | Life Simulation","E - Everyone","Ultra luxury limited express ""Vega"" crossing Japan in 15 days from August 1 to 15 from Hokkaido to Kyushu stopping at each station for 24 hours. The main character rides this express and goes to a trip without destination. What awaits him?"
"Okudera Yasuhiko no Sekai o Mezase! Soccer Kids - Nyuumon Hen","","Region Not Set","","Fujitsu","Japan Media Programming","1996-09-27","1","No","Sports","E - Everyone","No overview is currently available for this title, please feel free to add one."
"Olympic Soccer","Olympic Soccer: Atlanta 1996","Region Not Set","","","","1996-01-01","","No","","E - Everyone","No overview is currently available for this title, please feel free to add one."
"Omakase! Savers","おまかせ！退魔業","Region Not Set","","Sega","Japan Media Programming","1996-02-23","1","No","Adventure","E - Everyone","No overview is currently available for this title, please feel free to add one."
"Ooedo Renaissance","大江戸ルネッサンス","Region Not Set","","Victor Interactive Software, Inc.","Bits Laboratory","1997-12-18","1","No","Strategy","E - Everyone","No overview is currently available for this title, please feel free to add one."
"Ousama Game","王様げーむ","Region Not Set","","Societa Daikanyama","Societa Daikanyama","1998-05-28","1","No","Party","M - Mature 17+","Ousama is a two disc game, with 4 women on each disc. You can chose an idol, then pick between interactive videos, photo sets or a voice play. A roulette wheel will decide between the three mini games. 
Facing over there: First, two people play rock-paper-scissors. Immediately after the victory or defeat is decided, after the shout of ""Go away, Hoi!"", The loser turns his face to either the top, bottom, left, or right, and the winner points to either the top, bottom, left, or right. If the direction in which the face is turned and the direction in which the finger is pointed match, the person who points the finger wins, and if they do not match, the rock-paper-scissors game is restarted.
Pikopikopon: You Rock-paper-scissors to see who gets the hammer and try to avoid getting bonked on the head
Dockern to do: climb a bamboo tree and avoid falling objects"
"Outlaws of the Lost Dinasty","Dark Legend","Region Not Set","","Data East Corporation","Data East Corporation","1995-08-11","2","No","Fighting","T - Teen","Outlaws Of The Lost Dynasty, known in Japan as Suiko Enbu (水滸演武), is a 1995 fighting arcade game developed and published by Data East.

The game has eleven playable characters and many locations around China to choose from. Each character fights with his/her own unique weapon while some are unarmed. If the weapon is used to block attacks too often, the character will only be able to fight with his/her bare hands and lose the weapon for the rest of the round. Fighting moves are classified under low, medium and hard in terms of attack power, in order of increasing amount of damage dealt to an opponent. Each character also has his/her own special attack to use against the opponent."
"P.T.O. II: Pacific Theater of Operations","Teitoku no Ketsudan II","Region Not Set","","Koei Co., Ltd.","Koei","1996-10-31","2","No","Strategy","E - Everyone","P.T.O. II (Pacific Theater of Operations), released as Teitoku no Ketsudan II (提督の決断II?)[4] in Japan, is a Koei strategy video game that depicts the conflict between the USA and Japan during World War II.[5] The video game is a sequel to P.T.O.. It was originally released in 1993 for the NEC PC-9801 and had been ported to various platforms since, such as the Super Nintendo Entertainment System.

The NEC PC-9801 version came with an enhancement pack. A version was released exclusive in Japan for the MS-DOS operating system; it also works on Windows operating systems from 3.1 through Windows ME."
"Pachi-Slot Kanzen Koryaku: Yunikore '97","","Region Not Set","","Syscom Entertainment Inc.","Syscom Entertainment Inc.","1997-09-18","1","No","Board","E - Everyone","No overview is currently available for this title, please feel free to add one."
"Pachinko Hall Shinso Dai Kaiten","","Region Not Set","","Nexton","Nexton","1998-02-26","1","No","Board","E - Everyone","No overview is currently available for this title, please feel free to add one."
"Pad Nifty","","NTSC-J","Japan","Sega","","1996-07-27","1","No","Platform","Not Rated","Pad Nifty (パッドニフティ) is an Etc game, published by Sega Enterprises, Ltd., which was released in Japan in 1996 for the Sega Saturn."
"Pandemonium!","Magical Hoppers","Region Not Set","","","","1997-01-01","2","No","Platform","E - Everyone","No overview is currently available for this title, please feel free to add one."
"Paneltia Story: Kerun no Daibouken","","Region Not Set","","Shoeisha Co., Ltd.","Shoeisha","1997-02-28","1","No","Role-Playing","E - Everyone","No overview is currently available for this title, please feel free to add one."
"Panic-Chan","ぱにっくちゃん","NTSC-J","Japan","Imagineer Co., Ltd.","Imagineer","1997-08-08","1","No","Adventure","E - Everyone","Kengo works part-time at video shop. One day when the store manager asked him to create a leaflet for recruiting new workers , a pretty girl suddenly appeared on the screen. She jumped from the screen on the floor and introduced herself as Panic-chan. Both Kengo and the store manager monotonous lives will subject to many changes from now on."
"Panzer Dragoon","","PAL","United Kingdom of Great Britain and Northern Ireland","Sega","Sega","1995-08-30","1","No","Shooter","E10+ - Everyone 10+","One thousand years into the future, you live in constant fear of the Dark Dragon and his giant cyborg insect armies. Armed with a deadly weapon from the ancient past and the guidance of your armored blue dragon, you must save your people from endless swarms of deadly foes. Fulfill your destiny and keep the Dark Dragon from reaching the tower; or die trying."
"Panzer Dragoon I & II","","Other","Japan","Sega","Sega","1996-01-01","1","No","Action | Shooter","Not Rated","No overview is currently available for this title, please feel free to add one."
"Panzer Dragoon II Zwei","Panzer Dragoon 2","PAL","United Kingdom of Great Britain and Northern Ireland","Sega","Sega","1996-05-10","1","No","Shooter","E10+ - Everyone 10+","Flash backwards to several years before the vicious battle against the empire in Panzer Dragoon 1. In the country of Machania, dragons are bred for the exclusive use of the dragoons, or Knights. Dragons with wings are normally executed as they are deemed to be a bad omen by the citizens. In the war with the Empire, Machania has begun to examine the ancient ways rather than to try to fight a futile war using technological advances. The Empire is technologically more advanced. Randy, the hero, and his newfound friend, the dragon he saved, want to turn the tide of battle."
"Panzer Dragoon II: Zwei","","NTSC-U","United States of America","Sega of America, Inc.","Team Andromeda","1996-04-17","1","No","Action | Shooter","E10+ - Everyone 10+","Panzer Dragoon II: Zwei is a 1996 Saturn video game developed by Team Andromeda and released by Sega of America in the USA on April 17, 1996.

Flash backwards to several years before the vicious battle against the empire in Panzer Dragoon 1. In the country of Machania, dragons are bred for the exclusive use of the dragoons, or Knights. Dragons with wings are normally executed as they are deemed to be a bad omen by the citizens. In the war with the Empire, Machania has begun to examine the ancient ways rather than to try to fight a futile war using technological advances. The Empire is technologically more advanced. Randy, the hero, and his newfound friend, the dragon he saved, want to turn the tide of battle."
"Panzer Dragoon Playable Review","","Region Not Set","","","","","","","","","No overview is currently available for this title, please feel free to add one."
"Panzer Dragoon Saga","Azel: Panzer Dragoon RPG","PAL","","Sega Europe","Team Andromeda","1998-06-05","1","No","Action | Adventure | Role-Playing","Not Rated","Enter the world of Panzer Dragoon Saga and experience a game like no other: a fusion of classic Panzer action with the most technologically advanced RPG to come to Saturn. Board your morphing dragon and behold as the mysteries of the Panzer world unfurl across four massive CDs. The new ""rail free"" 3D engine lets you soar deeper into role-playing adventure than you ever before imagined. Your destiny awaits.

Sega initially produced only 20,000 North American copies of Saga. After these sold out in two days, a few thousand more were produced. In Europe, only around 1,000 copies were made."
"Pappara Paoon","","Region Not Set","","Ecole Software","Ecole","1995-11-25","1","No","Puzzle","E - Everyone","No overview is currently available for this title, please feel free to add one."
"Parodius","Gokujou Parodius Da! Deluxe Pack","Region Not Set","","","","1996-01-01","","No","Action | Shooter","","The Parodius (パロディウス Parodiusu?) series is a series of horizontally scrolling shooters developed by Konami. The games are tongue-in-cheek parodies of Gradius, hence the name (Parodius is a portmanteau of Parody and Gradius). It also parodies many other Konami franchises, including Antarctic Adventure, Castlevania, Xexex, Axelay,[citation needed] Thunder Cross, Taisen Puzzle-Dama, Space Manbow, Ganbare Goemon, Lethal Enforcers, R-Type, Tokimeki Memorial and TwinBee."
"Pastel Muses","","Region Not Set","","Soft Office","Soft Office","1997-10-23","2","No","Puzzle | Music","E - Everyone","No overview is currently available for this title, please feel free to add one."
"PD Ultraman Link","","Region Not Set","","Bandai Co., Ltd.","SIMS Co., Ltd.","1996-02-09","2","No","Puzzle","","No overview is currently available for this title, please feel free to add one."
"Pebble Beach Golf Links","","NTSC-U","","","","1995-01-01","4","No","Sports","Not Rated","Pebble Beach Golf Links is a golf course on the west coast of the United States, located in Pebble Beach, California.

Widely regarded as one of the most beautiful courses in the world,[3] it hugs the rugged coastline and has wide open views of Carmel Bay, opening to the Pacific Ocean on the south side of the Monterey Peninsula. In 2001 it became the first public course (i.e., open to the general public for play) to be selected as the No.1 Golf Course in America by Golf Digest. Greens fees are among the highest in the world, at $495 (plus $35 cart fee for non-resort guests) per round in 2008.

Four of the courses in the coastal community of Pebble Beach, including Pebble Beach Golf Links, belong to the Pebble Beach Company, which also operates three hotels and a spa at the resort. The other courses are The Links at Spanish Bay, Spyglass Hill Golf Course, and Del Monte Golf Course.

The PGA Tour and Champions Tour play annual events at Pebble Beach, AT&T Pebble Beach National Pro-Am and the First Tee Open. It has hosted six men's major championships: five U.S. Opens and a PGA Championship. The course is included in many golf video games, such as the Links series and the Tiger Woods PGA Tour series."
"PGA Tour 97","","Region Not Set","","Electronic Arts","Electronic Arts","1996-11-30","","No","Sports","E - Everyone","Players can choose to play as one of fourteen professional golfers such as Fuzzy Zoeller and Jim Gallagher Jr. or choose to create their own golfer by giving them a name and choosing what their golfer looks like from the few portraits that are available.

Players are then able to select what type of game mode they want to play. Game modes include letting the player practice a round of golf, compete in a tournament, have a shoot-out, or compete in a Skins game."
"Phantasm","Phantasmagoria","NTSC-J","","Sierra Online","Sierra On-Line","1995-08-24","1","No","Horror","M - Mature 17+","Phantasm is a point-and-click adventure game that features live-action actors and cinematic footage, both during scenes between the gameplay and within the three-dimensional rendered environments of the game itself. The player controls protagonist Adrienne Delaney, who is always on the screen. The player can click certain areas of the screen to control her movements or make her explore specific places and objects. The camera angles and rooms change depending on where the player moves Adrienne."
"Photo Genic","フォトジェニック","Region Not Set","","SUNSOFT","Zero System","1998-01-29","1","No","Adventure","E - Everyone","In Photo Genic the player controls a young boy that got a job as a photographer. The main goal of the game is to improve the boy stats and photograph skills to make him win the heart of one of the girls of the town.

During the game the player makes decisions about what his character will do each week (gymnastics, study, take another job, etc) to improve his stats. He also can walk around the town to talk to the people and the girls, the more in touch that he is with them the more possibilities to take a better photograph and date them. After taking the photographs the player can view them in the photo gallery."
"Pia Carrot e Youkoso!! 2","Pia♥キャロットへようこそ!!2 | Pia♥Carrot e Youkoso!! 2","NTSC-J","Japan","NEC Interchannel, Ltd.","NEC Interchannel, Ltd.","1998-10-08","1","No","Adventure","Not Rated","Yusuke (from the first Pia Carrot series) returns as the manager with a whole new cast. So the new male lead is Maeda Koji. Despite being late after an ""accident,"" Koji manages to get the job as the Carrot's waiter because he's very persistent. Included within the set are Azusa (the female lead who hates Koji for his perversion), Ryoko (the manager who's sweet on Koji by working him very hard), Aoi (the token alcoholic), Jun (the secret-hiding waitor), and Mina (Azusa's cute little sister)."
"Pia♥Carrot e Youkoso!! ~We've Been Waiting for You~","Pia♥キャロットへようこそ!!　～We've been Waiting for you～","Region Not Set","","KID Corp.","Cocktail Soft","1998-03-12","1","No","Adventure","M - Mature 17+","You play as Yusuke, a young 18-year-old just finished with High School. You plan on spending your last summer with your best friend Daisuke. However, previously you made a bet with your father, concerning your grades. Your test marks are not desirable, and you lose the bet, therefore you must live up to your promise and work at daddy's restaurant, the Pia Carrot. What seems like what's going to be a lame summer of slave labor, becomes the greatest and most memorable summer of your life. What makes things interesting are all the cute girls who work at the Pia Carrot, and those who dine there.

You already know Shouko, a childhood friend of yours and Satomi, a classmate and the girl you have a crush on already, will be working with you. Yet, as the summer goes by the interaction with other girls is intense and you must choose who you want. There are a total of nine girls Satomi, Shouko, Reika, Yukiko, Saori, Airi, Shiho, Kiyomi, and Yukari, to court after.

Some will be easy to win over, others will require much sacrifices, patience, gentleness, perseverance, and chivalry. Your goal is to have one of the ladies ""fall head over heels"" for you and have her meet you in the park August 28th after you call her."
"Pict Flash Don Don","","Region Not Set","","Hitachi","Hitachi","1996-09-01","1","No","Education","Not Rated","No overview is currently available for this title, please feel free to add one."
"Pinball Graffiti","","Region Not Set","","JVC Musical Industries, Inc.","Pack-In-Video Co., Ltd","1996-12-17","1","No","Action | Adventure | Sports","E - Everyone","The first true 32 bit pinball tables. View your extreme skills from any angle and any perspective with 3D panning camera angles and sweeping crane shots, and even an inside the ball perspective. Sampled sound effects and video clips make these super fast tables the only ones worth playing."
"Planet Joker","プラネット・ジョーカー","Region Not Set","","Naxat Soft","IMP","1997-03-07","1","No","Shooter","E - Everyone","No overview is currently available for this title, please feel free to add one."
"Playboy Karaoke Collection: Volume 1","","Region Not Set","","Vic Tokai","Vic Tokai","1996-08-09","1","No","Utility","AO - Adult Only 18+","No overview is currently available for this title, please feel free to add one."
"Playboy Karaoke Collection: Volume 2","","Region Not Set","","Vic Tokai","Vic Tokai","1996-08-09","1","No","Utility","AO - Adult Only 18+","No overview is currently available for this title, please feel free to add one."
"Pocket Fighter","","Region Not Set","","Sega","Capcom","1997-09-04","2","No","Fighting","T - Teen","No overview is currently available for this title, please feel free to add one."
"Policenauts","","Region Not Set","","Konami","Konami","1996-09-13","1","No","Adventure","Not Rated","No overview is currently available for this title, please feel free to add one."
"Popoitto Hebereke","ポポイっとへべれけ","Region Not Set","","SUNSOFT","Success Corp.","1995-03-03","2","No","Puzzle","Not Rated","Wowwww! Wheeee! The ultimate puzzle game, starring the eight unique Hebereke characters! Play against the computer or take on a friend for non-stop Hebereke fun!

Line up four or more Popoons and Poroporo characters of the same color to make them disappear. Use the special color combo attacks to make Popoons and Poroporos pour into your opponent's area! Be the first to get rid of all your Poroporos to win!"
"Powerslave","Exhumed | Seireki 1999: Pharaoh no Fukkatsu","Region Not Set","","Playmates Interactive Entertainment, Inc.","Lobotomy Software","1996-10-31","1","No","Action | Shooter","M - Mature 17+","An ancient evil force, neither of this time nor of this world, has remained buried since the Egyptians walked the earth. Now it has been exhumed. Of course, you, the hero, must find out what's going on in Egypt. Your helicopter crashes within this danger zone and you must survive on your own. Meet the Egyptian gods and follow their advice.

Exhumed is a first-person shooter set with an Egyptian theme. Twenty-one levels of finding six sacred objects with which you can jump higher, float under water, float and perform other heroics. Beat bosses and kill other creatures using eight weapons ranging from swords to guns to magic staffs.

Exhumed for the Playstation and Saturn consoles was released as Powerslave in the United States."
"Preview Sega Saturn Vol. 1","","Region Not Set","","","","","","No","","","Preview Sega Saturn Vol. 1 is a demo disc bundled with Sega Saturn consoles in France (and possibly elsewhere). There was no ""volume 2"", although the early Sega Flash demo discs use the same menu system.

Playable Demos
Alien Trilogy
Tomb Raider
Exhumed
Loaded
NHL Powerplay '96
Keio Flying Squadron 2"
"Prikura Daisakusen","Purikura Daisakusen","Region Not Set","","","","1996-11-15","1","No","Action | Shooter","Not Rated","No overview is currently available for this title, please feel free to add one."
"Primal Rage","","Region Not Set","","Time Warner Interactive, Inc.","Atari","1995-01-01","","No","Fighting","T - Teen","Primal Rage is a one-on-one fighting game featuring dinosaurs and giant apes as the fighters. The graphics are done with digitized stop-motion animation. Gameplay is similar to Mortal Kombat in that it is viewed from a side perspective, and features deadly finishing moves at the end of the match."
"Prime Time NFL Starring Deion Sanders","Prime Time NFL","NTSC","","Sega Sports","MicroProse Software","1995-12-01","2","No","Sports","RP - Rating Pending","The SEGA Saturn version (Going under the name Prime Time NFL '96) was also announced to release the same time as the 32X version, but was delayed to March 1996 according to Intelligent Gamers Fusion (Going under the name Prime Time NFL).  The game was delayed again to winter 1996 according to the 8th issue of volume 4 of GameFan magazine, where many screenshots of the game were showcased. before being announced that it had been cancelled"
"Princess Crown","","Region Not Set","","Atlus Co., Ltd.","Atlus | 																Sega","1997-12-10","1","No","Action | Role-Playing","","You play as the thirteen-year-old princess Gradriel, the daughter of Elfrenne, queen of Valendria. Twenty-five years ago Elfrenne destroyed the demonic forces that were threatening the country. Now the queen has died, and Gradriel is proclaimed to be the future savior of the land, as it was not entirely purged of all evil. And indeed, an evil spirit has secretly invaded Valendria and is trying to take control over Gradriel's two older sisters. Will the young princess succeed in defeating the evil?"
"Princess Maker 2","","NTSC-J","","","","1995-10-27","1","Yes","Role-Playing","Not Rated","Princess Maker 2 is a 1993 Japanese video game developed by the company Gainax. It is the second installment in the Princess Maker series of social simulation games where the player must act as a parental figure and raise a young girl. The player takes role of a War Hero who raises a girl to the age of 18."
"Princess Maker: Yumemiru Yousei","","Region Not Set","","Gainax","Ninelives","1998-06-18","1","No","Life Simulation","E - Everyone","No overview is currently available for this title, please feel free to add one."
"Princess Quest","","Region Not Set","","Increment P Corp.","","1998-03-19","1","No","Role-Playing","Not Rated","Princess Quest is an action role playing game. 

While the gameplay can be described as a classic turn-based role-playing video game, the main focus of the game is on interacting with the non-player characters and discovering what they are up to.

Princess Quest features several short anime video clips, as well as spoken dialog (in Japanese) throughout the game."
"Prisoner of Ice: Jashin Kourin","","Region Not Set","","Xing Entertainment","Infogrames","1997-12-23","1","No","Adventure","E - Everyone","No overview is currently available for this title, please feel free to add one."
"Private Idol Disc Vol. 1: Kinoshita Yu","","Region Not Set","","Sada Soft","Sada Soft","1996-07-26","1","No","Utility","E - Everyone","No overview is currently available for this title, please feel free to add one."
"Private Idol Disc Vol. 10: Masaki Mai","","Region Not Set","","Sada Soft","Sada Soft","1997-12-11","1","No","Utility","E - Everyone","No overview is currently available for this title, please feel free to add one."
"Private Idol Disc Vol. 11: Hirose Mayumi","","Region Not Set","","Sada Soft","Sada Soft","1997-12-18","1","No","Utility","E - Everyone","No overview is currently available for this title, please feel free to add one."
"Private Idol Disc Vol. 2: Uchiyama Miki","","Region Not Set","","Sada Soft","Sada Soft","1996-08-30","1","No","Utility","E - Everyone","No overview is currently available for this title, please feel free to add one."
"Private Idol Disc Vol. 3: Oshima Akemi","","Region Not Set","","Sada Soft","Sada Soft","1996-09-27","1","No","Utility","E - Everyone","No overview is currently available for this title, please feel free to add one."
"Private Idol Disc Vol. 4: Kuroda Miyuki","","Region Not Set","","Sada Soft","Sada Soft","1997-06-27","1","No","Utility","E - Everyone","No overview is currently available for this title, please feel free to add one."
"Private Idol Disc Vol. 5: Fujisaki Nanako","","Region Not Set","","Sada Soft","Sada Soft","1997-08-08","1","No","Utility","E - Everyone","No overview is currently available for this title, please feel free to add one."
"Private Idol Disc Vol. 6: Satomi Yoshida","","Region Not Set","","Sada Soft","Sada Soft","1997-09-25","1","No","Utility","E - Everyone","No overview is currently available for this title, please feel free to add one."
"Private Idol Disc Vol. 7: Asou Kaori","","Region Not Set","","Sada Soft","Sada Soft","1997-11-20","1","No","Utility","E - Everyone","No overview is currently available for this title, please feel free to add one."
"Private Idol Disc Vol. 8: Furukawa Emiko","","Region Not Set","","Sada Soft","Sada Soft","1997-11-27","1","No","Utility","E - Everyone","No overview is currently available for this title, please feel free to add one."
"Private Idol Disc Vol. 9: Nagamatsu Keiko","","Region Not Set","","Sada Soft","Sada Soft","1997-12-04","1","No","Utility","E - Everyone","No overview is currently available for this title, please feel free to add one."
"Private Idol Disc: Data-Hen Race Queen F","","Region Not Set","","Sada Soft","Sada Soft","1996-12-27","1","No","Utility","E - Everyone","No overview is currently available for this title, please feel free to add one."
"Private Idol Disc: Tokobetsu-Hen Cosplayers","","Region Not Set","","Sada Soft","Sada Soft","1996-11-29","1","No","Utility","E - Everyone","No overview is currently available for this title, please feel free to add one."
"Private Idol Disc: Tokubetsu-Hen Campaign Girl '97","","Region Not Set","","Sada Soft","Sada Soft","1997-06-20","1","No","Utility","E - Everyone","No overview is currently available for this title, please feel free to add one."
"Private Idol Disc: Tokubetsu-Hen Kogyaru Daijyakka 100","","Region Not Set","","Sada Soft","Sada Soft","1997-04-25","1","No","Utility","E - Everyone","No overview is currently available for this title, please feel free to add one."
"Private Idol Disc: Tokubetsu-Hen Race Queen G","","Region Not Set","","Sada Soft","Sada Soft","1997-01-29","1","No","Utility","E - Everyone","No overview is currently available for this title, please feel free to add one."
"Pro Mahjong Kiwame S","","Region Not Set","","","Athena Co., Ltd.","1995-01-22","2","No","Puzzle","E - Everyone","No overview is currently available for this title, please feel free to add one."
"Pro Pinball","Pro Pinball: The Web","Region Not Set","","","","1996-11-30","","No","","","No overview is currently available for this title, please feel free to add one."
"Pro Shinan Mahjong: Tsuwamono","","Region Not Set","","Culture Brain Inc.","Culture Brain","1999-07-08","1","No","Board","E - Everyone","No overview is currently available for this title, please feel free to add one."
"Pro Yakyuu Greatest Nine '97","","Region Not Set","","Sega","Sega","1997-03-28","2","No","Sports","E - Everyone","No overview is currently available for this title, please feel free to add one."
"Pro Yakyuu Greatest Nine '97: Make Miracle","","Region Not Set","","Sega","Sega","1997-09-25","1","No","Sports","E - Everyone","No overview is currently available for this title, please feel free to add one."
"Pro Yakyuu Greatest Nine '98","","Region Not Set","","Sega","Nextech","1998-03-26","1","No","Sports","E - Everyone","No overview is currently available for this title, please feel free to add one."
"Pro Yakyuu Greatest Nine '98 Summer Action","","Region Not Set","","Sega","Nextech","1998-08-06","1","No","Sports","E - Everyone","No overview is currently available for this title, please feel free to add one."
"Pro Yakyuu Team mo Tsukurou!","","Region Not Set","","Sega","Monolight","1998-02-19","2","No","Sports","E - Everyone","No overview is currently available for this title, please feel free to add one."
"Psyth","","Other","","Konami","Konami","1996-07-19","1","No","Shooter","Not Rated","This is a shmup game that came as an unlockable bonus with the dating sim Tokimeki Memorial: Forever with You, hacked so that it can be played directly as its own entity.

Psyth has a tutorial mode called Instruction on the main menu that explains controls.

Press A to do a normal shot.
Press B to do an orb shot. Your orbs will seek out a target and return to you if you keep holding B.
Press L or R to change your normal shot pattern.

The game has two levels, and takes a few minutes to get through, at the end is the Steel Mantis boss, which has three phases."
"Pu Li Ru La Arcade Gears","Pu·Li·Ru·La Arcade Gears","Region Not Set","","Taito Corporation","Xing Entertainment","1997-08-28","2","Yes","Action | Fighting","Not Rated","No overview is currently available for this title, please feel free to add one."
"Pup Breeder","","Region Not Set","","","Sai-Mate","1996-11-01","1","No","Life Simulation","E - Everyone","No overview is currently available for this title, please feel free to add one."
"Puyo Puyo Sun","ぷよぷよＳＵＮ | Puyo Puyo Sun for SegaNet","Region Not Set","","Compile","Compile","1997-02-14","1","No","Puzzle","E - Everyone","No overview is currently available for this title, please feel free to add one."
"Puyo Puyo Tsuu","ぷよぷよ通 | Puyo Puyo 2","Region Not Set","","Compile","Compile","1995-10-27","2","No","Puzzle","E - Everyone","The object of this head-to-head puzzle game is to clear your grid of falling patterns called puyos by forming chains of four or more same-colored puyos in a straight line or one of several geometric patterns. What makes this a challenging two-player contest is the fact that when you clear a chain of puyos from your grid, it drops a random piece of filler onto your opponent's grid. The more puyos you clear, the more you fill your opponent's grid, and if you can clutter up his grid enough to fill it to the top, you've won the game."
"Puzzle & Action: 2-do Arukoto wa Sand-R","Puzzle & Action: Treasure Hunt","NTSC-J","Japan","CRI Middleware Co., Ltd.","CRI | 																Sega","1996-05-04","2","No","Action | Puzzle","E - Everyone","Puzzle & Action: Treasure Hunt, known as Puzzle & Action: 2do Arukoto ha Sand-R (２度あることはサンドア～ル) in Japan, is the third game in the Puzzle & Action series of minigames, being a sequel to Puzzle & Action: Tant-R and Puzzle & Action: Ichidant-R. It stands as the only entry in the series to be released in an English-speaking territory.

It was released for Sega Titan Video in 1995, and ported by CRI in 1996 exclusive in Japan. Both versions are developed by CRI."
"Puzzle Bobble 2x","Bust-A-Move 2: Arcade Edition","Region Not Set","","","","1997-03-20","1","No","Puzzle","Not Rated","No overview is currently available for this title, please feel free to add one."
"Puzzle Bobble 3","Bust-A-Move 3","Region Not Set","","","","1997-03-28","1","No","Puzzle","Not Rated","No overview is currently available for this title, please feel free to add one."
"Pyon Pyon Kyaruru no Mahjong Hiyori","","Region Not Set","","Natsume","Natsu System","1996-12-20","1","No","Board","E - Everyone","No overview is currently available for this title, please feel free to add one."
"Quake","","Region Not Set","","","","1997-10-31","","No","","T - Teen","Quake is a first-person shooter video game, developed by id Software and published by GT Interactive in 1996. It features music composed by Trent Reznor and Nine Inch Nails.[1] It is the first game in the popular Quake series.[2] In the game, players must find their way through various maze-like, medieval environments while battling a variety of monsters using a wide array of weapons.

The successor to id Software's Doom series, Quake built upon the technology and gameplay of its predecessor in many ways. Unlike the Doom engine before it, the Quake engine offered full real-time 3D rendering and early support for 3D acceleration through OpenGL. After Doom helped popularize multiplayer deathmatches, Quake added various multiplayer options. Online multiplayer became increasingly common, with the QuakeWorld update and software such as QuakeSpy making the process of finding and playing against other players on the Internet far easier and more reliable."
"Quantum Gate I: Akuma no Joshou","","Region Not Set","","GAGA Communications Inc.","Affect Co.,Ltd","1995-09-29","1","No","Adventure","M - Mature 17+","No overview is currently available for this title, please feel free to add one."
"Quarterback Attack with Mike Ditka","","Region Not Set","","","","1995-01-01","","No","","E - Everyone","Quarterback Attack with Mike Ditka is a 1995 football game published by Digital Pictures for the Sega Saturn, 3DO and DOS. It features Mike Ditka as head coach of the player's team. The only player players can control is the quarterback and the defense is rendered in full motion video.

The game was developed on a budget of two million dollars.[1] The video footage was filmed over two weeks.[1] When asked if it was difficult to call up his usual energy when working with a film crew instead of a real game-day situation, Mike Ditka said, ""I've been called a lot of things, and being called 'an actor' has been one of them. It's not that hard to do, really.""[2]

Footage from the game was used in the film Game Over."
"Quiz Nanairo Dreams: Nijiiro Machi no Kiseki","","Region Not Set","","Capcom","Capcom","1997-06-27","1","No","Quiz","E - Everyone","No overview is currently available for this title, please feel free to add one."
"Quo Vadis","","Region Not Set","","","","1995-12-21","1","No","Strategy","Not Rated","A story heavy strategy game where the player controls fleets of space ships."
"Quo Vadis 2","","Region Not Set","","Glams","The Edge","1997-04-04","1","No","Strategy","E - Everyone","No overview is currently available for this title, please feel free to add one."
"R?MJ: The Mystery Hospital","―エムジェイ。Ｒ?MJ THE MYSTERY HOSPITAL","NTSC-J","Japan","Bandai Co., Ltd.","Bandai Co., Ltd. | 																System Sacom","1997-12-18","1","No","Adventure | Horror","Not Rated","R?MJ is an interactive movie horror adventure game with full voice-acting and without subtitles to feel more like a movie. The story takes place in a summer of 1999, as a large explosion occurred in a General Hospital. Due to a deadly virus being released, the hospital is on lock-down, and you are left with no way out. The player assumes a role of Hajime who after going to visit your best friend, finds himself trapped in a hospital along with your two friends, Ryou and Tomowo, and a rookie nurse Aya. The gameplay consists of exploring locations in the hospital by moving in a certain direction (forward, turn left or right, or turn back) which uses pre-rendered animation for every movement from one point to another. Certain locations can be zoomed in to give you more details or to pick up an item. Your companions will often give you some comments while you explore, mostly of which may seem a selection of five sentences that are randomly selected. The game also features the use of player's senses (sight, hearing, touch, smell and taste) which must be used at key locations and events in order to progress the game."
"Rabbit","羅媚斗","Region Not Set","","Electronic Arts","Aorn","1997-06-27","2","No","Fighting","Not Rated","The evil being Zao-Long is on a quest to become the world's strongest and possess the power of the Zodiac to rule the world. Eight fighters from around the world will fight to stop his sinister plan and prove the strength of their Zodiac spirit."
"Race Drivin'","","Region Not Set","","Time Warner Interactive, Inc.","Time Warner Interactive","1995-08-04","1","No","Racing","Not Rated","No overview is currently available for this title, please feel free to add one."
"Radiant Silvergun","","Region Not Set","","ESP Software","Treasure","1998-07-23","1","No","Shooter","E10+ - Everyone 10+","Unlike in most other shoot 'em ups, there are no power-ups. All weapons are available from the start. Weapons can 'level up', however, becoming more powerful as the player uses them to score points. There are a selection of 7 weapons that can be used at any given time:

The game is designed so that there is almost always a 'right' weapon for any situation. The bosses in the game are designed so that they have multiple 'sections' which, if all destroyed before the 'core' of the boss, will award the players with point bonuses. Being able to apply the right weapons on any different boss is key to obtaining these bonuses. For example, a boss may have two sections located on either side of the screen. You could immediately go up to one and begin shooting it with a vulcan, or you could hover in the centre and hit both at the same time with the side bombs. This would increase your chance of obtaining the bonus before the time limit runs out and the boss self-destructs.

The game rewards players for ""chaining"" enemies of just one of three colors, red, blue, or yellow. Whenever the player kills three enemies that are of the same color, who can obtain a points bonus. This also facilitates faster upgrading of weapons."
"Rampage World Tour","","Region Not Set","","Midway Games","Point of View, Inc.","1997-09-30","3","No","Action | Fighting","T - Teen","Rampage World Tour is a video game released in 1997 and is the second game in the Rampage series. The game was developed as an arcade game for Midway by Game Refuge Inc. designers Brian Colin and Jeff Nauman, who conceived and designed the original back in 1986. It was then ported to the Sega Saturn, Nintendo 64, Game Boy Color, PlayStation, Microsoft Windows and as a download on the PlayStation 3's PlayStation Network only through Midway Arcade Treasures and has been re-released on Midway Arcade Treasures 2 as well as being an unlockable in Rampage: Total Destruction."
"Rampo","","Region Not Set","","Sega","System Sacom","1995-02-24","1","No","Adventure | Puzzle | Horror","M - Mature 17+","No overview is currently available for this title, please feel free to add one."
"Rayman","","NTSC-J","Japan","Ubisoft Entertainment","Ubisoft Montpellier","1995-11-17","1","No","Action | Platform","E - Everyone","No overview is currently available for this title, please feel free to add one."
"Rayman Playable Game Preview","","Region Not Set","","","","","","","","","No overview is currently available for this title, please feel free to add one."
"Real Bout Garou Densetsu","Real Bout Fatal Fury","Region Not Set","","SNK","SNK","1996-09-20","2","No","Fighting","E - Everyone","Real Bout changes the play controls from the previous Fatal Fury games, reducing the number of attack buttons from four to three: a standard Punch and Kick button, a ""Strong Attack"" button which can be either a stronger punch or kick attack, depending on the character. The game retains the three-plane ""oversway"" system from Fatal Fury 3, which features a main lane for fighting, with foreground and background planes used to avoid attacks or leap towards the opponent. A dedicated button is now used to make an ""oversway"" (or change plane) towards the background or foreground.

Real Bout introduces a Power Gauge, which fills up as the player performs normal or special techniques against their opponent or defend themselves, similar to many super move gauges featured in other fighting games. The Power Gauge allows players to perform one of three types of Special Techniques, depending of the level of the Power Gauge.

Real Bout also introduces stages with ring-outs, a gameplay feature previously introduced in 3D fighting games such as Virtua Fighter. If the player performs certain attacks on their opponent while next to the boundaries, the character will eventually destroy the barrier keeping the opponent in the ring and be able to knock them out of the stage for an easy win."
"Real Bout Garou Densetsu Best Collection","Real Bout Fatal Fury Best Collection | Real Bout Fatal Fury Best Collection | リアルバウト餓狼伝説ベストコレクション | Real Bout Garō Densetsu Best Collection","NTSC-J","Japan","SNK","SNK","1998-08-06","2","No","Fighting","T - Teen","This is a compilation that includes the award winning arcade versions of the fighting games Real Bout Fatal Fury and Real Bout Fatal Fury Special for Sega Saturn."
"Real Bout Garou Densetsu Special","Real Bout Fatal Fury Special","Region Not Set","","SNK","SNK","1997-12-23","2","No","Fighting","E - Everyone","No overview is currently available for this title, please feel free to add one."
"Real Mahjong Adventure: Umi e Summer Waltz","","Region Not Set","","SETA Corporation","SETA Corporation","1998-11-05","1","No","Board","E - Everyone","No overview is currently available for this title, please feel free to add one."
"Real Sound: Kaze no Regret","リアルサウンド　～風のリグレット～","Region Not Set","","Warp","Warp Inc.","1997-07-18","1","No","Adventure","Not Rated","No overview is currently available for this title, please feel free to add one."
"Refrain Love: Anata ni Aitai","","Region Not Set","","Riverhill Software Inc.","Flight-Plan","1997-11-27","1","No","Life Simulation","E - Everyone","You play as a college student who happens to live right by the campus. It's summer and you're going to America for Christmas, but you'd love to get a woman before then. Your three buddies and you vow to find a girlfriend before Christmas time. You already know some girls, so it shouldn't be a problem. But you have been having weird dreams of some mystery girl and when a walk in the park leads you to find a girl that looks suspiciously like the one of your dreams, you find that maybe you do have chance with the ladies. But, let's face it. You have to juggle part time jobs, romance, and seeing your dude friends. Welcome to Refrain Love."
"Resident Evil","Biohazard | Bio hazard","NTSC-U","","Sega","Capcom","1997-08-31","1","No","Horror","M - Mature 17+","Raccoon City has been completely overrun by mutant beasts and bloodthirsty zombies. You are a member of S.T.A.R.S.--a rescue squad sent into the community to investigate the ominous mansion at the core of the disaster. Take the role of operative Jill Valentine or Chris Redfield and uncover the secrets behind a radical, genetic research facility. With an array of weapons to master and horrors around every corner, the ultimate test may be just to make it out alive."
"Resurrection: Rise 2","","Region Not Set","","Acclaim Entertainment, Inc.","Mirage","1996-01-01","","No","","T - Teen","In the sequel new troubles in ElectroCorp have begun. As we remember, this corporation made robots for civilian jobs, but one Supervisor decided to make robot-killers. Human brains were implanted on some of them. But this time, one hacker has infected the ElectroCorp's network with a virus, so Supervisor lost control over robots and they began to kill each other. You are one of them."
"Return Fire","","Region Not Set","","","","1997-01-01","","No","","E - Everyone","Cancelled"
"Return to Zork","","Region Not Set","","Bandai Visual","Activision","1996-02-02","1","No","Adventure","E - Everyone","No overview is currently available for this title, please feel free to add one."
"Revolution X","","Region Not Set","","Acclaim Entertainment, Inc.","Software Creations","1996-01-01","1","No","Shooter","M - Mature 17+","Revolution X is an arcade rail shooter game developed and published by Midway in 1994, featuring the rock band Aerosmith. It features gameplay similar to Midway's earlier Terminator 2: Judgment Day. In the game, players battle the oppressive New Order Nation regime and their leader Helga, who have abducted Aerosmith. Players use a mounted gun to control onscreen crosshairs and shoot enemies using compact discs. The members of Aerosmith are hidden throughout the game's international locales and must be found in order to receive the game's true ending.

The game was ported to various consoles as well as DOS computers. These ports were negatively received and reportedly dissuaded Midway from making a sequel."
"Riglord Saga","","Region Not Set","","Sega Studios","Micro Cabin Co.","1995-07-21","1","No","Role-Playing","E - Everyone","No overview is currently available for this title, please feel free to add one."
"Riglord Saga 2","","Region Not Set","","Sega","Micro Cabin Co.","1996-11-08","1","No","Role-Playing","E10+ - Everyone 10+","No overview is currently available for this title, please feel free to add one."
"Riven","","Region Not Set","","Tec Toy Indústria de Brinquedos S.A.","Cyan","1997-01-01","","No","","","Riven is a sequel to Myst, and is very similar to its predecessor in gameplay style, controls, and visual presentation. The game world is presented as a series of computer-generated still screens; the player explores it in a point-and-click fashion. Interaction with the environment is possible only when said environment is highlighted as a ""hot spot"", and is also performed by simple clicking. Like its predecessor, Riven is heavy on puzzles, which rarely include using inventory items, but usually involve understanding and manipulating the complex environments and machinery of the game world."
"Road Rash","","Region Not Set","","Electronic Arts","Electronic Arts","1996-01-01","","No","Action | Racing | Fighting","E10+ - Everyone 10+","This is a remake of the original Road Rash from the early nineties. For those who have not played the original, you are competing against thirteen other ""Road Rashers"" who will stop at nothing to win 1st, 2nd, or 3rd place. During the race, you have two options available to you: you can either do your best to cross the finish line, or use your weapon to bring the Rashers to the ground if they are giving you trouble. If you do the latter, your opponents will do the same to you during the next race that takes place."
"Robo Pit","","Region Not Set","","Kokopeli Digital Studios","Altron Corporation","1996-01-01","","No","","","Robo Pit is an arena fighter, plain and simple. Well, maybe not so simple. When you start your game, you have to build your mechanical gladiator; choosing the color, body, eyes and legs. While most of your starting choices are purely cosmetic, the legs you choose do slightly affect your game by changing the speed and mobility of your fighter, as well as its special attack."
"Robotica","","Region Not Set","","Sega","Micronet Co. Ltd.","1997-06-01","1","No","Action","T - Teen","Robotica, also known as Robotica Cybernation Revolt in Europe and Deadalus (ダイダロス?) in Japan, is a first-person shooter which was released for the Sega Saturn in 1995."
"Rockman 8","","NTSC-J","Japan","Capcom","Capcom","1997-01-17","1","No","Action | Platform","Not Rated","No overview is currently available for this title, please feel free to add one."
"Rockman X3","","NTSC-J","Japan","Capcom","Capcom","1996-04-26","1","No","Action","Not Rated","No overview is currently available for this title, please feel free to add one."
"Rockman X4","","NTSC-J","Japan","Capcom","Capcom","1997-08-01","1","No","Action","Not Rated","No overview is currently available for this title, please feel free to add one."
"Romance of the Three Kingdoms IV: Wall of Fire","三國志Ⅳ | San Goku Shi IV","Region Not Set","","Koei Co., Ltd.","Koei","1995-01-01","1","No","Strategy","E - Everyone","It's the era of the Second Han Dynasty, and China is being overrun by powerful warlords. A struggle for power among the court families has spawned a time known as the Three Kingdoms, and it's up to you (as the current ruler) to restore peace to your troubled country. Rebuild the land by creating a strong military or try to outwit your opponents using negotiation.

Romance of the Three Kingdoms IV: Wall of Fire (Sangokushi IV in Japan) is the fourth game in Koei's Romance of the Three Kingdoms series. Wall of Fire was the first game for the Playstation & Saturn consoles and the last in the series to be released on PC in the U.S. until Romance of the Three Kingdoms XI."
"Ronde","","Region Not Set","","Atlus Co., Ltd.","Access","1997-10-30","1","No","Strategy","E - Everyone","No overview is currently available for this title, please feel free to add one."
"Roommate 3: Ryouko - Kaze no Kagayaku Asa ni","ルームメイト３～涼子 風の輝く朝に～","Region Not Set","","Datam Polystar","Datam Polystar","1998-04-29","1","No","Adventure","E - Everyone","Ryouko is now back in Japan after her home stay in the States. She starts by telling you how comfortable she feels to be back and so on. But why is that? Could it because you make her feel this way? She seems to think so."
"Roommate Ryouko in Summer Vacation","Shokai Genteiban","NTSC-J","Japan","Datam Polystar","Vision Works","1997-09-25","1","No","Platform","Not Rated","Roommate ~Ryouko in Summer Vacation~ (Shokai Genteiban) (ルームメイト　～涼子　イン　サマーバケーション～　（初回限定版）) is an Etc game, developed by Vision Works and published by Datam Polystar, which was released in Japan in 1997 for the Sega Saturn."
"Roommate W: Futari","ルームメイトW　～ふたり～","Region Not Set","","Datam Polystar","Datam Polystar","1999-01-14","1","No","Adventure | Life Simulation","E - Everyone","You've got a new roommate and not just one, but two! Greetings and salutations to Kaori and Yamaguchi."
"Roommate: Inoue Ryoko","ルームメイト ～井上涼子～","NTSC-J","Japan","Datam Polystar","Datam Polystar","1997-02-14","1","Yes","Adventure | Life Simulation","E - Everyone","Roommate: Inoue Ryoko [ ルームメイト ～井上涼子～ ] is the debut title in the Roommate series. The game was developed by Fupac and published by Datam Polystar.

Roommate is about the titular character Ryoko Inoue. Ryoko's family moves from Tokyo to New York, and she stays behind in Tokyo to finish school. Her father, a friend of yours, asks you if she can move into your apartment for the time being. The game is spent conversing with and getting to know Ryoko while she attends school during the day.

Roommate utilizes a unique feature for the time period where the game is influenced by the Saturn's internal clock, which became a staple for the Roommate series. If you attempt to play the game during a point of time where Ryoko may be at school, she is literally at school in-game. Thus conversations and spending time together have to be scheduled or happen by chance."
"Rox","","Region Not Set","","Altron Corporation","Altron","1998-10-22","1","No","Puzzle","E - Everyone","No overview is currently available for this title, please feel free to add one."
"Ruri Iro no Yuki","瑠璃色の雪 ～るりいろのゆき～","Region Not Set","","KID Corp.","Ail-Soft","1998-12-10","1","No","Adventure","M - Mature 17+","The protagonist of the game is a high school student who has lost his parents in a car accident. Living with foster parents was difficult, and he decided to rent the room in the house that once belonged to his real parents, feeling that their spirits would become closer to him that way. However, shortly thereafter the boy started having strange dreams. Upon his arrival, he discovered a jar in a hole underneath the floor in his room, and that jar miraculously produced a young woman named Ruri (which means ""lapis lazuli""), who becomes a part of his life in a way he would never expect."
"Ryouko no Oshaberi Room","涼子のおしゃべりルーム","Region Not Set","","Datam Polystar","Fupac","1999-04-22","1","No","Utility","E - Everyone","Fandisc to the Inoue Ryouko series. Includes four modes:

Chat mode: Talk about different subjects with Ryouko. Her responses change depending on the time.

Memory album: View CGs and illustrations from the various games.

Quiz mode: Ryouko quizzes you about things.

What day is it today?: Ryouko tells you what holiday it is today."
"Ryouri no Tetsujin: Kitchen Stadium Tour","","Region Not Set","","","Scitron & Art","1996-02-23","1","No","Utility","E - Everyone","No overview is currently available for this title, please feel free to add one."
"Ryuuteki Gosennen","龍的五千年 ～Dragons of China～","Region Not Set","","Imagineer Co., Ltd.","Office 1","1997-05-23","1","No","Adventure","E - Everyone","China, 2099 AD. During the construction of a new Olympic stadium, the ruins were found in the basement. The construction machinery damaged the sealed pot and a black dragon appeared from it with thunder and flew away. He appeared in Tokyo and destroyed it to the ground and the next day the world was hit by multiple natural disasters bringing humanity to the brink of extinction. At the global academic conference of ancient ruins, it was decided to acquire the power of a good dragon in order to deal with the evil dragon. You are Ken, the participant of that conference and you hurry to find the good dragon of China."
"Sacred Pools","Rebellion | Amazonia","NTSC","","","","1997-01-01","1","No","Adventure","M - Mature 17+","The game was a new arrival to the FMV market that was pushed as an “erotic thriller” for older audiences. With a reported budget of 2-3 million dollars, Sega’s new division SegaSoft aimed to expand the experiences available on Saturn, PC, Macintosh, and PSX(!). Although Sacred Pools made a legendary debut at E3 1996, the press panned the game for its quality and it was quietly pushed aside to never be heard from again.

For years, all we knew about Sacred Pools came from a few surviving blurbs in gaming magazines. Rumours of a prototype have circulated on the internet, but no photos or files ever appeared. In May of 2022, Gaming Alexandria was informed by Joe Cain, avid game collector and former game tester at Sega of America, that an old colleague had several CD-ROMs of Sacred Pools in their possession. The colleague was David Gray, who worked as an associate producer on the game alongside high-ranking members of SegaSoft."
"Sadamoto Yoshiyuki: Illustrations","貞本義行イラストレーションズ","Region Not Set","","Gainax","Gainax","1997-11-27","1","No","Utility","Not Rated","No overview is currently available for this title, please feel free to add one."
"Sakamoto Ryouma: Ishin Kaikoku","坂本竜馬　～維新開国～","Region Not Set","","KID Corp.","","1998-01-29","1","No","Strategy","E - Everyone","No overview is currently available for this title, please feel free to add one."
"Sakura Taisen","サクラ大戦 | Sakura Wars","Region Not Set","","Sega","Overworks","1996-09-27","1","No","Adventure | Role-Playing | Strategy | Life Simulation","Not Rated","Sakura Wars is a video game co-developed by Red Company and Sega CS2 R&D and published by Sega in 1996. The debut entry in the Sakura Wars series was originally released for the Sega Saturn home console. It was subsequently ported to other systems including the Dreamcast and remade for PlayStation 2 subtitled In Hot Blood. Defined by Sega as a ""dramatic adventure"" game, Sakura Wars combines overlapping tactical role-playing, dating sim, and visual novel gameplay elements."
"Sakura Taisen 2","Sakura Taisen 2 ~Kimi | Shinitamou koto Nakare | Sakura Wars 2","Region Not Set","","Sega","Sega","1998-04-04","1","No","Strategy","Not Rated","The sequel to the original Sega Saturn system seller (in Japan at least) becomes one of the Saturn's last great hurrahs. Head back to early 1900's Tokyo as Oogami Ichirou, a naval commander who's now become the last line of defense against the demons that stalk the capital. The all-female cast from the original returns in full, joined by two additional members. The grid-based strategy battles from the original are improved with better spell attacks and cleaner graphics, while the ""LIPS"" interactive conversation sequences feature better production values, color depth and a few additional twists on interactivity."
"Sakura Taisen Hanagumi Tsuushin","","Region Not Set","","Sega","Sega","1997-02-14","1","No","Adventure | Life Simulation","E - Everyone","No overview is currently available for this title, please feel free to add one."
"Sakura Taisen: Jouki Radio Show","","Region Not Set","","Sega","Scarab","1997-11-13","1","No","Utility","E - Everyone","No overview is currently available for this title, please feel free to add one."
"Sakura Taisen: Teigeki Graph","","Region Not Set","","Sega","Red 5 Studios","1998-12-23","1","No","Utility","E - Everyone","No overview is currently available for this title, please feel free to add one."
"Sakura Tsuushin: Remaking Memories","","Region Not Set","","Media Group","Media Gallop","1998-10-01","1","No","Adventure","M - Mature 17+","No overview is currently available for this title, please feel free to add one."
"Salamander Deluxe Pack Plus","","Region Not Set","","Konami","Konami","1997-06-19","1","No","Shooter","Not Rated","No overview is currently available for this title, please feel free to add one."
"Samurai Spirits Best Collection","","Region Not Set","","","","","2","No","Fighting","","A collection of two Samurai Spirits games in one box, released in Japan."
"Samurai Spirits Zankurou Musouken","","NTSC-J","Japan","","","1996-11-08","2","No","Fighting","Not Rated","Samurai Spirits Zankurou Musouken (サムライスピリッツ 斬紅郎無双剣) is a 2D fighting game developed by SNK as part of the Samurai Spirits (Samurai Shodown in the west) series. It was released, among other consoles, for the Sega Saturn."
"Samurai Spirits: Amakusa Kourin","Samurai Shodown IV: Amakusa's Revenge | サムライスピリッツ　天草降臨","Region Not Set","","SNK","SNK","1997-10-02","1","No","Fighting","E - Everyone","No overview is currently available for this title, please feel free to add one."
"Samurai Spirits: Zankuro Musouken","Samurai Spiris III | Fighters Swords | サムライスピリッツ斬紅郎無双剣 | Samurai Shodown III","NTSC-J","Japan","SNK","SNK","1996-11-08","2","No","Fighting","Not Rated","Third installment of the famous series of blade fighting games of SNK. here we have a new threat, Zankuro, a god-like being brought by evil forces.

This game originally comes with the 1Mb Ram extension cartridge for Sega Saturn to play the game in a special case."
"San Goku Shi IV with Power-Up Kit","","Region Not Set","","Koei Co., Ltd.","Koei","1997-09-11","1","No","Strategy","E - Everyone","No overview is currently available for this title, please feel free to add one."
"San Goku Shi Returns","","Region Not Set","","Koei Co., Ltd.","Koei","1997-01-31","1","No","Strategy","E - Everyone","No overview is currently available for this title, please feel free to add one."
"San Goku Shi V","三國志Ⅴ","Region Not Set","","Koei Co., Ltd.","Koei","1996-09-27","1","No","Strategy","E - Everyone","No overview is currently available for this title, please feel free to add one."
"San Goku Shi: Eiketsuden","","Region Not Set","","Koei Co., Ltd.","Koei","1996-03-29","1","No","Strategy","E - Everyone","No overview is currently available for this title, please feel free to add one."
"San Goku Shi: Koumeiden","Romance of the Three Kingdoms: The Legend of Kongming","Region Not Set","","Koei Co., Ltd.","KOEI Co., Ltd.","1997-03-28","1","No","Strategy","E - Everyone","No overview is currently available for this title, please feel free to add one."
"Sankyo Fever: Jikki Simulation S","","Region Not Set","","TEN Institute","TEN Institute","1997-04-04","1","No","Board","E - Everyone","No overview is currently available for this title, please feel free to add one."
"Sankyo Fever: Jikki Simulation S Vol. 2","ＳＡＮＫＹＯ　実機シミュレーションＳ　Ｖｏｌ．２","Region Not Set","","TEN Institute","TEN Institute","1998-01-15","1","No","Board","AO - Adult Only 18+","No overview is currently available for this title, please feel free to add one."
"Sankyo Fever: Jikki Simulation S Vol. 3","","Region Not Set","","TEN Institute","TEN Institute","1998-11-26","1","No","Board","E - Everyone","No overview is currently available for this title, please feel free to add one."
"Saturn 3 Pack","","Region Not Set","","Koei Co., Ltd.","Koei","1998-05-01","1","No","Action","E - Everyone","No overview is currently available for this title, please feel free to add one."
"Saturn Bomberman","","NTSC-U","United States of America","Sega of America, Inc.","Hudson Soft","1997-08-22","4","No","Action | Puzzle","E - Everyone","An all out party game, this Saturn exclusive title has you controlling the little blue bomber along with up to 10 other bomber pals planting bombs to trap enemy characters.

Although there is no story mode, you can take on a host of other characters in one on one battles to see who is the master of the bomb. 10 players can then play on the one screen at a time, either against each other or in teams."
"Saturn Bomberman Fight!!","","Region Not Set","","Hudson Entertainment, Inc.","Hudson Entertainment, Inc.","1997-12-11","4","No","Action | Puzzle","","No overview is currently available for this title, please feel free to add one."
"Saturn Music School","サターンミュージックスクール","Region Not Set","","Waka Manufacturing","Waka Manufacturing","1997-08-09","1","No","Music | Utility","E - Everyone","No overview is currently available for this title, please feel free to add one."
"Saturn Music School 2","サターンミュージックスクール２","Region Not Set","","Waka Manufacturing","Waka Manufacturing","1998-07-30","1","No","Music | Utility","E - Everyone","No overview is currently available for this title, please feel free to add one."
"Saturn Power No.1","","PAL","Ireland","Eidos Interactive","CORE Design Limited","1994-01-01","1","No","Action | Adventure","Not Rated","Demo disk"
"Savaki","","Region Not Set","","Micro Cabin Co.","Cynus","1998-04-16","2","No","Fighting","E - Everyone","No overview is currently available for this title, please feel free to add one."
"Scorcher","","NTSC","United States of America","Sega","Zyrinx","1996-11-30","2","No","Racing","E - Everyone","Negotiate the fastest, smoothest and most undulating 3D terrain ever created, in a future-race where your bike defies gravity, and your opponents show no mercy. Atmospheric light sourcing and rendered graphics intensify the experience!"
"Scud: The Disposable Assassin","Scud | Scud - The Disposable Assassin | DW0555","Region Not Set","","SegaSoft Networks Inc.","Syrox Developments","1997-02-28","2","Yes","Action","T - Teen","ATTENTION! THIS UNIT WILL SELF-DESTRUCT UPON ELIMINATION OF TARGET

Fire away with any combination of gun & D-pad 1 to 2 players

A robot assassin purchased from a vending machine
One eye painted black, forever taking aim
A world of gangster robots, dinosaur zombies and a host of twisted creatures

""SURREALITY JUST GOT FUNKY""
ARE YOU READY FOR SCUD?

The ultimate kill or be killed shooting gallery!
Non-stop frenetic gameplay fastest shooting action anywhere!
Choose 1st person gun mode or standard D-pad side-scroller - or both at the same time!

Play as Scud or sidekick Drywall featured in Scud comic book series and new Drywall: unzipped!"
"SD Gundam: G Century S","ＳＤガンダム　ジーセンチュリーＳ","Region Not Set","","Bandai Co., Ltd.","Japan Art Media","1998-02-11","1","No","Strategy","E - Everyone","No overview is currently available for this title, please feel free to add one."
"SeaBass Fishing","","Region Not Set","","JVC","Victor Entertainment","1996-02-23","1","No","Sports","E - Everyone","Sea Bass Fishing (シーバスフィッシング) is a fishing game developed by Victor Entertainment for the Sega Saturn. It was not released in North America. It is not the same game as the 1998 Sea Bass Fishing, released for Sega Titan Video arcade hardware.

The game would be followed by Sea Bass Fishing 2, a Japanese exclusive."
"SeaBass Fishing 2","","Region Not Set","","Victor Interactive Software, Inc.","Victor Interactive","1997-04-25","1","No","Sports","E - Everyone","No overview is currently available for this title, please feel free to add one."
"Sega Ages I Love Mickey Mouse: Fushigi no Oshiro Daibouken/I Love Donald Duck: Guruzia Ou no Hihou","アイラブ ミッキーマウス ふしぎのお城 大冒険 ／ アイラブ ドナルドダック グルジア王の秘宝","Region Not Set","","Sega","Sega CS1","1998-10-15","1","No","Action | Platform","Not Rated","No overview is currently available for this title, please feel free to add one."
"Sega Ages Vol. 2: Space Harrier","Space Harrier","Region Not Set","","Sega","Rutubo Games | 																Sega CS1","1996-07-17","1","No","Shooter","Not Rated","No overview is currently available for this title, please feel free to add one."
"Sega Ages Volume 1","","PAL","United Kingdom of Great Britain and Northern Ireland","Sega","Sega AM2 R&D Division","1996-12-19","1","No","Action | Racing | Shooter","E - Everyone","Sega Ages: Volume 1, known simply as Sega Ages in North America, is a video game compilation for the Sega Saturn. It was only released in western regions, with Sega publishing the game in Europe and Working Designs in North America.
Games included are:
Sega Ages Vol.2 
Space Harrier
Sega Ages OutRun
Sega Ages After Burner II
Sega Ages: Volume 1 contains three games previously released in Japan as stand-alone titles. Though Sega produced ten more entries in its Sega Ages series on the Saturn, all were exclusive to Japan. Despite its title, Sega did not release a ""Volume 2"", nor did the company explicitly acknowledge development of such a compilation"
"Sega Ages: After Burner II","Sega Ages After Burner II","Region Not Set","","Sega","Sega","1996-09-27","1","No","Action | Shooter","E - Everyone","After Burner II is an arcade-style flight game released by Sega in 1987. It is the second game in the After Burner series. In the game, you fly a F-14 Tomcat jet fighter, gunning down enemies while avoiding incoming fire. Like Out Run, another Sega arcade game, After Burner II came in several versions, the most famous being a large, servo actuated, sit-down cabinet which resembled a cockpit and moved according to the motion of the plane onscreen. The cockpit would bank in the same direction the on-screen aircraft was banking. There was also a more basic upright cabinet version."
"Sega Ages: Columns Arcade Collection","コラムス　アーケードコレクション","Region Not Set","","Sega","Sega","1997-10-30","2","No","Puzzle","E - Everyone","No overview is currently available for this title, please feel free to add one."
"Sega Ages: Fantasy Zone","Fantasy Zone","Region Not Set","","Sega","Rutubo Games","1997-02-21","2","No","Shooter","E - Everyone","No overview is currently available for this title, please feel free to add one."
"Sega Ages: Galaxy Force II","","Region Not Set","","Sega","Sega","1998-02-07","1","No","Shooter","E - Everyone","No overview is currently available for this title, please feel free to add one."
"Sega Ages: Memorial Collection Vol. 1","","Region Not Set","","Sega","Sega CS1","1997-02-28","2","No","Action | Racing | Platform","E - Everyone","No overview is currently available for this title, please feel free to add one."
"Sega Ages: Memorial Collection Vol. 2","","Region Not Set","","Sega","Sega CS1","1997-11-27","2","No","","","No overview is currently available for this title, please feel free to add one."
"Sega Ages: OutRun","","Region Not Set","","Sega","Sega","1996-09-20","1","No","Racing","E - Everyone","OutRun is a racing game that allows the player to race across varied terrain in a readily available Ferrari, complete with a female passenger, over a series of short tracks.

Gameplay is viewed from just above and behind the car. The roads are full of sharp bends and hazards, contact with which can cause the car to roll and lose the player's time. On each section of track there is a fork in the road, allowing the player to choose which direction he or she wishes to go in. The player has to to complete five track sections in total, out of the fifteen in the game."
"Sega Ages: Phantasy Star Collection","","Region Not Set","","Sega","Sega","1998-04-02","1","No","Role-Playing","Not Rated","No overview is currently available for this title, please feel free to add one."
"Sega Ages: Power Drift","Power Drift","Region Not Set","","Sega","Phant","1998-02-26","1","No","Racing","","Choose from wacky drivers, like Jason the Skinhead or Jeronimo the Mohican and rev your way through all the stomach-churning circuits! Watch the dust fly and the wheels spin as you screech over a roller coaster track and wave goodbye to your opponents. Roar over mounds of mud, drive through the desert, slip 'n' slide on snow-covered tarmac and race your way through the night to face the final lap! CAREFUL! Power Drift is no easy ride! If you're heading for a collision hold on to your seat and enjoy those 360 degree spins before you bump back down to earth!"
"Sega Ages: Rouka ni Ichidant-R","","Region Not Set","","Sega","Kuusou Kagaku","1996-12-27","2","No","Puzzle","E - Everyone","No overview is currently available for this title, please feel free to add one."
"Sega Ages: Shukudai ga Tant-R","","Region Not Set","","Sega","Sega","1996-05-24","1","No","Puzzle","E - Everyone","No overview is currently available for this title, please feel free to add one."
"Sega Ages: Volume 1","Sega Ages","Region Not Set","","Working Designs","Sega AM2 R&D Division","1996-01-01","2","No","Racing | Shooter","E - Everyone","Sega Ages: Volume 1 contains three games previously released in Japan as stand-alone titles; Sega Ages Vol.2 Space Harrier, Sega Ages OutRun and Sega Ages After Burner II."
"SEGA Flash Vol. 2","SEGA Flash Vol 2 | SEGA Flash Volume 2 | SEGA Flash Vol.2","PAL","United Kingdom of Great Britain and Northern Ireland","Sega","Sega","1995-05-12","2","No","Action | Adventure | Role-Playing | Puzzle | Shooter | Sports | Horror","E - Everyone","Compilation of Game Demos on one Disc"
"Sega Flash Vol.1","","PAL","United Kingdom of Great Britain and Northern Ireland","Sega Europe","Sega","1995-01-01","1","No","Action | Adventure","Not Rated","No overview is currently available for this title, please feel free to add one."
"SEGA Flash vol.6","","PAL","United Kingdom of Great Britain and Northern Ireland","Sega Europe","Sega","1995-01-01","1","No","Adventure | Sports","Not Rated","No overview is currently available for this title, please feel free to add one."
"Sega Rally Championship","","NTSC-U","United States of America","Sega of America, Inc.","Sega AM3 R&D Division","1995-11-18","2","Yes","Racing","E10+ - Everyone 10+","Sega Rally Championship is a 1995 Saturn video game developed by Sega AM3 and released by Sega of America in the USA on November 18, 1995.

At an incredible 30 frames per second, Sega AM3 delivers the most grueling driving experience yet! Skill and technique are essential as one or two players navigate their way around four courses of the most arduous terrain ever to soil your living room carpet!"
"Sega Rally Championship 1995","","NTSC-J","","Sega","Sega AM3 R&D Division","1995-12-29","2","No","Racing","Not Rated","Sega Rally Championship is a 1995 racing game developed by AM3 on the Sega Saturn. The unique selling point of Sega Rally was the ability to drive on different surfaces (including asphalt, gravel and mud), with different friction properties, with the car's handling changing accordingly. As the first racing game to incorporate this feature, Sega Rally is considered to be one of the milestones in the evolution of the racing game genre. It was also an early rally racing game and featured cooperative gameplay alongside the usual competitive multiplayer. It has been considered the best racing game of all time by Retro Gamer magazine, which ranked it at the top of its ""Top 25 Racing Games Ever"" list.

Another unique point about this game is the Game Over screen, the player is shown a faded out version of the title screen, covered by the words, ""GAME OVER"" in red; the player then hears an overly optimistic voice clip: ""Game over, yeah!"" This game over screen has gained some popularity across the internet. The music for the game was composed by Takenobu Mitsuyoshi."
"Sega Rally Championship Plus","","NTSC-J","","Sega","Sega AM3 R&D Division","1996-09-20","1","No","Racing","Not Rated","Sega Rally Championship is a 1995 racing game developed by AM3 on the Sega Saturn. The unique selling point of Sega Rally was the ability to drive on different surfaces (including asphalt, gravel and mud), with different friction properties, with the car's handling changing accordingly. As the first racing game to incorporate this feature, Sega Rally is considered to be one of the milestones in the evolution of the racing game genre. It was also an early rally racing game and featured cooperative gameplay alongside the usual competitive multiplayer. It has been considered the best racing game of all time by Retro Gamer magazine, which ranked it at the top of its ""Top 25 Racing Games Ever"" list.

Another unique point about this game is the Game Over screen, the player is shown a faded out version of the title screen, covered by the words, ""GAME OVER"" in red; the player then hears an overly optimistic voice clip: ""Game over, yeah!"" This game over screen has gained some popularity across the internet. The music for the game was composed by Takenobu Mitsuyoshi."
"Sega Rally Championship Plus NetLink Edition","","NTSC-U","","Sega Sports","Sega AM3 R&D Division","1998-08-05","1","No","Racing","E10+ - Everyone 10+","Sega Rally Championship is a 1995 racing game developed by AM3 on the Sega Saturn. The unique selling point of Sega Rally was the ability to drive on different surfaces (including asphalt, gravel and mud), with different friction properties, with the car's handling changing accordingly. As the first racing game to incorporate this feature, Sega Rally is considered to be one of the milestones in the evolution of the racing game genre. It was also an early rally racing game and featured cooperative gameplay alongside the usual competitive multiplayer. It has been considered the best racing game of all time by Retro Gamer magazine, which ranked it at the top of its ""Top 25 Racing Games Ever"" list.

Another unique point about this game is the Game Over screen, the player is shown a faded out version of the title screen, covered by the words, ""GAME OVER"" in red; the player then hears an overly optimistic voice clip: ""Game over, yeah!"" This game over screen has gained some popularity across the internet. The music for the game was composed by Takenobu Mitsuyoshi."
"Sega Saturn Bootleg II: On tHe roaD","","Region Not Set","","Sega","","1996-01-01","1","No","Utility","Not Rated","No overview is currently available for this title, please feel free to add one."
"Sega Saturn CG Collection","","Region Not Set","","Sega","Sega","1995-08-11","1","No","Utility","Not Rated","No overview is currently available for this title, please feel free to add one."
"Sega Saturn Choice Cuts","","Region Not Set","","Sega","Sega","1995-05-11","1","No","","","Sega Saturn Choice Cuts is a demo disc for the Sega Saturn, released exclusively in North America. It was the first Saturn demo disc to hit American shores, and was bundled with all new consoles during 1995.

Most likely due to its early release, there aren't actually any playable demos in Sega Saturn Choice Cuts, just gameplay footage of upcoming or recently released titles, along with promotional material."
"Sega Saturn de Hekken!!: Tamagocchi Park","","Region Not Set","","Bandai Co., Ltd.","Anchor, Inc.","1998-01-29","1","No","Life Simulation","E - Everyone","No overview is currently available for this title, please feel free to add one."
"Sega Saturn Photo CD Operator","","Region Not Set","","Sega","Sega","1995-10-01","2","No","Utility","Not Rated","No overview is currently available for this title, please feel free to add one."
"Sega Screams: Volume 1","","Region Not Set","","Sega","Sega","1996-01-01","1","No","","","Sega Screams Volume 1 is a demo disc for the Sega Saturn, released exclusively in North America with console bundles. Bizarrely Sega of America released this game twice - initially as Sega Saturn Bootleg II (as a ""sequel"" to Bootleg Sampler). The product in its Bootleg II form is far less common, though aside from a changed title screen (on some discs), the two discs are identical.

Unlike Bootleg Sampler, Sega Screams Volume 1 opts for the ""standard"" Saturn demo disc menus often seen in the European Sega Flash series.

Sega Screams Volume 1 was followed by Sega Screams Volume 2."
"Sega Touring Car Championship","","Region Not Set","","","","1997-11-30","2","No","Racing","E - Everyone","No overview is currently available for this title, please feel free to add one."
"Sega Worldwide Soccer '97","Victory Goal Worldwide Edition","Region Not Set","","","","1996-10-31","","No","Sports","","Sega Worldwide Soccer 97 (known as Sega Worldwide Soccer PC for the PC and Victory Goal Worldwide Edition in Japan) is a football video game by Sega released for the Sega Saturn in 1996. It is the successor to Victory Goal and was later followed by three more titles: Sega Worldwide Soccer '98 still on the 32-bit console and two editions of Sega Worldwide Soccer 2000, the second being Sega Worldwide Soccer 2000 Euro Edition for the Dreamcast.

Sega Worldwide Soccer 97, produced by Sega themselves was one of the killer apps in the peak of popularity for the console.[1] It was preceded by Victory Goal, an already ageing football game (one of the debut titles of the console). The game featured international teams and league, play-off and tournament modes. Although it used fictional player names (due to the lack of a license), the non-volatile memory of the Saturn allowed editing of names. The team kits were as close to the official 1996 kits as possible. The gameplay was also highly praised, and was the top-rated football game until ISS 64 was released one year later. Sega Worldwide Soccer 97 was later ported to the PC, under the title of Sega Worldwide Soccer PC."
"Sega Worldwide Soccer '98","","Region Not Set","","","","1998-01-01","","No","Sports","","Sega Worldwide Soccer is a series of soccer games by Sega for initially for the Sega Saturn but later was moved to the Dreamcast. They were released between 1995 and the year 2000.[1]"
"Seifuku Densetsu: Pretty Fighter X","Pretty Fighter X","Region Not Set","","Imagineer Co., Ltd.","Sol","1995-06-16","2","No","Fighting","M - Mature 17+","Pretty Fighter X is the sequel to Pretty Fighter. The game features four new characters: Sorami Shizaki, Shizuka Minakami, Tokiko Tsuchiya and Maria Christel (the final boss), for a total of twelve characters. The visuals have been completely revamped, with the sprites having a more digitized hand drawn look. Also, taking advantage of the CD-ROM format, the game includes FMV for the introduction and ending sequences of each character. Game modes available are Story Mode, Versus mode and Team Play mode."
"Seikai Risshiden: Yoi Kuni - Yoi Seij","","Region Not Set","","BMG Interactive Entertainment","","1997-06-26","1","No","Strategy","E - Everyone","No overview is currently available for this title, please feel free to add one."
"Sekai no Shasoukara I: Swiss Hen","","Region Not Set","","Fujitsu","Fujitsu","1996-12-06","1","No","Life Simulation","E - Everyone","No overview is currently available for this title, please feel free to add one."
"Sen Miyako Monogatari: Sono I","","Region Not Set","","CRI Middleware Co., Ltd.","Ariadne","1995-10-27","1","No","Board","E - Everyone","No overview is currently available for this title, please feel free to add one."
"Sengoku Ace Episode II","","Region Not Set","","Neverland","Neverland","1996-11-22","1","Yes","Fighting","E - Everyone","No overview is currently available for this title, please feel free to add one."
"Sengoku Blade","","Region Not Set","","Atlus Co., Ltd.","Atlus Co., Ltd.","1996-11-22","","No","Action | Shooter","","Sengoku Blade is an Action game, published by Atlus, which was released in Japan in 1996."
"Senken Kigyouden","Xian Jian Qi Xia Zhuan","Region Not Set","","Softstar Entertainment","Aspect Co. Ltd.","1999-03-04","1","No","Role-Playing","E - Everyone","No overview is currently available for this title, please feel free to add one."
"Senkutsu Katsuryu Taisen: Chaos Seed","","Region Not Set","","Neverland","Neverland","1998-01-29","1","No","Strategy","E - Everyone","No overview is currently available for this title, please feel free to add one."
"Senryaku Shogi","","Region Not Set","","Electronic Arts Victor","Electronic Arts","1995-11-17","1","No","Board","E - Everyone","No overview is currently available for this title, please feel free to add one."
"Sentimental Graffiti","","Region Not Set","","NEC Interchannel","NEC Interchannel, Ltd.","1998-01-22","1","Yes","Life Simulation","E - Everyone","The protagonist, Tanaka Ichirou, is a high school student who, prior to the spring vacation of his third year, receives a letter simply stating ""I want to meet you."" During middle school, his frequent transferring of schools allowed him to form unique relationships with various girls. In order to search for the sender of the letter, he travels nationwide to various places and meets the 12 girls of his memories once again."
"Sentimental Graffiti: First Window","","Region Not Set","","NEC Interchannel","Cybelle","1997-04-11","1","No","Utility","E - Everyone","No overview is currently available for this title, please feel free to add one."
"Sexy Parodius","","Region Not Set","","Konami","Konami","1996-11-01","2","No","Shooter","T - Teen","The gameplay in Sexy Parodius is similar to the rest of the series, but with a new catch. Instead of just playing through each level and destroying enemies while avoiding getting hit, the player must also complete a special mission for each stage as well. Some of these missions range from collecting a certain amount of coins in a stage to destroying a certain object or enemies. Depending whether or not the player completes the mission will determine whether the player can continue to the next stage or what the next stage will be. Unlike the past versions, home ports of the game (exception of the PSP version) has cooperative multiplayer intact (where both players play simultaneously). It's also improved in that the game continues to play even when one player is choosing a character upon continuing.

In a 2-player game, when certain characters are near enough, a third-shot appears between them which can be purple shots that swirl all-over the screen, hearts that home in on enemies, or rockets that shoot straight ahead. This feature was first seen on Konami's arcade game Trigon."
"Shadows of the Tusk","","Region Not Set","","Hudson Entertainment, Inc.","Hudson Soft","1998-05-21","2","No","Strategy","E - Everyone","Shadows of the Tusk is a turn-based strategy game where a player can build a party consisting of characters recruited in various ways which serves as their ""deck""."
"Shanghai: Great Moments","","Region Not Set","","SUNSOFT","Activision","1996-11-15","1","No","Board","E - Everyone","No overview is currently available for this title, please feel free to add one."
"Shanghai: Triple-Threat","Shanghai the Triple-Threat | Shanghai - the Triple-Threat","Region Not Set","","","","1995-01-01","1","No","Puzzle","E - Everyone","It's a mahjongg puzzle style game exclusive for the Sega Saturn."
"She'sn","She'sn ～シーズン～","Other","Japan","KID Corp.","","1998-11-19","1","No","Adventure | Life Simulation","M - Mature 17+","She'sn [ シーズン ](aka ""Season"") is a visual novel originally developed by Accent, with the Saturn port being developed by Gal Brain and published by Kindle Imagine Develop (KID). The game released exclusively in Japan on the SEGA Saturn.

The game segments out it's four routes specifically by the four seasons. The player can select to play the story of any season in any order. The spring story revolves around a forbidden love with your sister-in-law, summer season tells the love story with your childhood friend, fall season is about a school romance, and finally winter season is a sad love story between the protagonist and a girl with an incurable disease.

The SEGA Saturn port had all the nudity and sex present in the PC original removed, but retained many of the sexual situations, giving the game SEGA's Yellow 18 rating."
"Shellshock","","Region Not Set","","U.S. Gold Ltd.","Core Design Ltd.","1995-01-01","","No","","E - Everyone","Da Wardenz, an anti-terrorist tank force, is called in whenever there is trouble somewhere in the world. You are a rookie hired by the tank force and must prove yourself in 25 increasingly difficult missions.

'The Pen' is Da Wardenz' headquarters. It has all sorts of locations including the main hangar, basketball court, simulation room, workshop area, briefing room and various lockers (used for loading and saving missions). Before a mission, you can explore the headquarters and interact with each member of the team; you may learn something."
"Shichisei Toushin: Guyferd","","Region Not Set","","Capcom","Koubunsha","1998-11-19","1","No","Action","E - Everyone","No overview is currently available for this title, please feel free to add one."
"Shichu Suimei Pitagraph","","Region Not Set","","Datam Polystar","Success Corp.","1996-02-23","1","No","Board","E - Everyone","No overview is currently available for this title, please feel free to add one."
"Shienryu","","Region Not Set","","Warashi","Warashi","1997-06-27","2","No","Shooter","Not Rated","Taking place in the distant future, Earth's people starts their search for new planets to colonize, specifically those similar to it. The colony ships, known as the Caravans, travel deep into space until Caravan 7861 discovers a suitable fourth planet from an alien sun. However, none of the other Caravans had followed. After 93 years of civilization on the new Mother Planet, the investigation of the missing Caravans finally leads to a horrible discovery: the previous Caravans had been attacked and conquered by a powerful regime of alien-humans. Commanded by the mysterious Shienryu, the alien space fleet invades the Mother Planet and constructs fortresses across the world, destroying and replacing any established human influence. In response, a defense team called ""Burn Dragoon"" is founded which calls for the best pilots and navigators to defend the new planet from the invading regime."
"Shin Megami Tensei: Devil Summoner","","Region Not Set","","Atlus Co., Ltd.","Atlus Co., Ltd.","1995-12-25","1","No","Role-Playing","Not Rated","A modern-day Japanese college student is about to go on a date with his girlfriend Kumiko, who has found a particularly interesting book about ancient Japanese history in the local library. On the way to the date the young man is attacked by demonic creatures and saved by the devil summoner Kyōji Kuzunoha. Shortly thereafter, Kumiko is kidnapped by a mysterious man named Sid Davis, who hunts her boyfriend down and kills him. It appears that Kyōji was killed as well, but the student's soul is miraculously transferred into his body. Taking Kyōji's identity, the young man must now fill his place as a devil summoner, liberating the city from demons and locating Sid Davis in an attempt to rescue Kumiko.

Devil Summoner continues the tradition of Megami Tensei games, being a role-playing game with a heavy emphasis on dungeon crawling and communication with randomly encountered enemies. Unlike the main Shin Megami Tensei series, the game is set entirely in modern-day Japan. The player navigates the protagonist on an overhead city map, while individual locations are maze-like 3D dungeons explored from a first-person perspective. For the most part the player controls the main protagonist and his associate Rei, while the other four available slots of an active party can be occupied by summoned demons.

Both human characters can use either swords or guns in battles, their efficiency depending on the particular enemy's weaknesses. Weapons as well as ammunition for guns can be bought in shops. Rei and many demons can also cast a variety of offensive, supportive, and healing magic spells. First-person combat is turn-based, with player-controlled characters positioned in two rows, which affects their attack and defense values. When the hero and Rei level up the player must manually raise their parameters, further customizing their combat performance.

The player can avoid fighting randomly appearing enemies by opting to have a conversation with them. These conversations are more complex than in Shin Megami Tensei games, featuring a wider selection of dialogue choices. They may result in the demon joining the party or exchanging items, and their outcome depends on the demon's personality type and current moon phase as well. Demons consume a type of energy known as magnetite when summoned, which is gained from defeating enemies and can be exchanged for money and vice versa. Two or three demons can be fused in special locations to create more powerful ones.

In addition, the game introduces a ""loyalty"" system: newly recruited demons have various degrees of loyalty, and might even disobey the player's orders in battles if their loyalty level is too low. Loyalty can be increased through various means, depending on the personality of the demon. Most demons would gradually become loyal when repeatedly summoned and taken to fight enemies."
"Shin Megami Tensei: Devil Summoner - Akuma Zensho","","Region Not Set","","Atlus Co., Ltd.","Atlus","1996-04-26","1","No","Utility","E - Everyone","No overview is currently available for this title, please feel free to add one."
"Shin Megami Tensei: Devil Summoner - Soul Hackers","Devil Summoner - Soul Hackers","Region Not Set","","Atlus Co., Ltd.","Tose Co., Ltd.","1997-11-13","1","No","Role-Playing","Not Rated","Devil Summoner: Soul Hackers is a Japanese console RPG, originally released for the Sega Saturn in 1997. It is the sequel to the 1995 game Shin Megami Tensei: Devil Summoner, and both games are considered spin-offs of the Megami Tensei series of RPGs. As Megami Tensei spin-offs, both games feature a number of elements trademark to the franchise - such as in-depth gameplay systems, occult themes, and the ability to converse with your enemies instead of just fighting them."
"Shin Megami Tensei: Devil Summoner Special Box","真・女神転生デビルサマナー スペシャルボックス","NTSC-J","Japan","Atlus Co., Ltd.","Atlus Co., Ltd.","1996-08-09","1","No","Role-Playing","Not Rated","This special edition of Shin Megami Tensei: Devil Summoner includes the game itself, an expanded manual with liner notes and extra information on each character, as well as two bonus CDs. The first one is the individually released Devil Summoner: Akuma Zensho, a companion disc for the game that includes new artwork and expanded information on all creatures and locations in the game, while the second is a mini-CD with arranged music tracks and commentary audio by the developers."
"Shin Theme Park","","Region Not Set","","Electronic Arts Victor","Tose","1997-04-11","1","No","Construction and Management Simulation","Not Rated","No overview is currently available for this title, please feel free to add one."
"Shingata Kururin Pa!","","Region Not Set","","Sky Think Systems Co. Ltd.","Sky Think Systems","1996-08-09","1","No","Puzzle","E - Everyone","No overview is currently available for this title, please feel free to add one."
"Shining Force III","","NTSC-U","United States of America","Sega of America, Inc.","Camelot Software Planning | 																Sonic! Software Planning","1998-07-31","1","No","Role-Playing | Strategy","T - Teen","Shining Force III is a 1998 Saturn video game developed by Sonic! Software Planning and Camelot Software Planning and released by Sega of America in the USA on July 31, 1998.

The Shining Series Returns!

The Emperor has been kidnapped and the Republic has been framed for the crime. Now Empire and Republic seem headed to war. Gather up to 27 controllable characters and explore a detailed 3D polygonal world as you attempt to save the peace.

Launch into tactical combat so refined that you can even take terrain effects and friendships between characters into account. Cast powerful magics and blow your mind with the astonishing visuals. Shining Force III is a triumph of role-playing adventure."
"Shining Force III Scenario 1: Outo no Kyoshin","","NTSC-U","United States of America","Sega","Camelot Software Planning","1997-12-11","1","No","Role-Playing | Strategy","E - Everyone","Shining Force III Scenario 1: God Warrior of the Kingdom is a Tactical Role-Playing Game for the Sega Saturn. The player assumes the role of Lord Synbios, a republican dignitary filling in for his father during the Republic-Empire peace talks. Things go awry between the Republic and Empire, leading to him and his army becoming twisted up in a plot devised by an evil sect. The Shining Force then travels out on a lengthy journey to return to their home, with situations on both sides of the conflict being complicated further as time goes on."
"Shining Force III Scenario 2: Nerawareta Miko","Shining Force III: 2nd Scenario","Region Not Set","","Sega","Camelot Software Planning","1998-04-29","1","No","Role-Playing | Strategy","T - Teen","Scenario 2, Target: Child of God, features Medion, Prince of Destonia, and youngest of three sons of Emperor Domaric. Although loyal to his father and his country, he senses that there are other forces at work beneath the tensions between Aspinia and Destonia. He attends the conference in Saraband on behalf of Destonia, along with his brothers Arrawnt and Mageron. As discovered in Scenario 1, much of this influence comes from the Bulzome sect, as well as collaborating separatist factions within both Destonia and Aspinia. Medion works parallel to Synbios of Aspinia, often disposing of rogue Aspinian elements to spare Synbios's force from fighting against its own countrymen. At the end of the game, Medion is forced to battle with Synbios' force when Julian steps in to stop them."
"Shining Force III Scenario 3: Hyouheki no Jashinguu","","Region Not Set","","Sega","Camelot Software Planning","1998-09-23","1","No","Role-Playing | Strategy","T - Teen","Scenario 3, Bulzome Rising, stars Julian, a mercenary who appears as a secondary character in both Scenario 1 and Scenario 2. He is for all intents and purposes the true main character of Shining Force III. His initial motivation as the story begins is to track down and kill Galm, one of, if not the, most powerful member of the Vandals, a powerful race of beings that existed over 1,000 years ago. Julian believes that Galm killed his father and is seeking revenge. This story arc is first introduced in an earlier Shining game, Shining the Holy Ark, in which Julian appears as a young boy who asks the party to search for his missing father.

Julian joins Synbios in the midst of his quest in Scenario 1, but after an encounter with Galm, he is tossed over a waterfall at the suspension bridge and believed by Synbios' army to be dead. He reappears in Scenario 2, apparently washing ashore at the site of a battle between Medion's army and the Bulzome Sect. Knowing the sect's ties to the Vandals, Julian agrees to fight alongside Medion. As it becomes clear that the sect is trying to kill Gracia, a child intended to become the next Innovator (A Shining Series figure equatable to a god), Julian takes on the task of protecting him and helping him realize his destiny.

Scenario 3 starts about 60% through scenario 2's story, and focuses primarily on battles against the Bulzome Sect and their allies in both Aspinia and Destonia. While scenarios 1 & 2 happen at roughly the same time, much of scenario 3 takes place after both, but there is some ""overlap"". Eventually Julian leads a three-party coalition consisting of the armies of both Synbios and Medion, to engage in the final conflict against Bulzome, a powerful Vandal long sealed in another dimension, and the true orchestrator of the conflict."
"Shining Force III: Premium Disk","","Region Not Set","","Sega","Camelot Software Planning","1998-12-03","1","No","Role-Playing | Strategy","T - Teen","If you're unfamiliar with Shining Force III, or just not a fan, the Premium Disc will have little significance to you. If you are a fan, however, the Shining Force III Premium Disc is likely the greatest and most interesting bonus disc released for a game to date."
"Shining the Holy Ark","","NTSC-J","","Sega","Sonic Software Planning","1996-12-20","1","No","Role-Playing","Not Rated","In contrast to the action-adventure format of the first Shining game on the Saturn, Shining Wisdom, Shining the Holy Ark revived older RPG elements such as extensive first-person dungeon crawling and turn-based combat. It had greater critical success than its predecessor, with praise going to its unique graphical style and engaging battles."
"Shining Wisdom","","NTSC-J","","Sega","Sonic Software Planning","1995-08-11","1","No","Life Simulation","E - Everyone","No overview is currently available for this title, please feel free to add one."
"Shinkaitei Gunkan","","Region Not Set","","ASCII Entertainment Software, Inc.","ASCII Entertainment","1997-04-04","1","No","Strategy","E - Everyone","No overview is currently available for this title, please feel free to add one."
"Shinobi Legions","Shinobi X | Shin Shinobi Den","Region Not Set","","Vic Tokai","Tose Co., Ltd.","1995-09-18","1","No","Action","T - Teen","Blood is thicker than water.

Not in this family. Twin Brothers Sho and Kazuma give sibling rivalry a bad name. While Sho does all the nice things that would make his Shinobi ancestors proud, Kazuma has them turning in the family plot. Kazuma's band of merciless mercenaries is intent on reducing the family membership by one. Meanwhile, Kazuma abducts his own sister, Aya, just to make sure Sho has soemthing to think about before storming in on his brother. Sometimes kids just don't turn out the way you want them to.

Nine stages of explosive action. Digitized characters. Vertical and horizontal scrolling. Beautifully detailed multi-layered backgrounds. Movie quality cinematics."
"Shinobi X","Shin Shinobi Den | Shinobi Legions","Region Not Set","","Sega","","1995-01-01","1","No","Action","Not Rated","Years of civil war have brought the ninjitsu code and its warriors to the brink of extinction. A ninjitsu master selects three children to carry on the ninja traditions for the next generation: two brothers, Kazuma and Sho, and his own daughter Aya. He begins to train them.

Fifteen years pass. The oldest boy, Kazuma, begins to reject all the ninjitsu teachings, save the technique of strength. Obsessed with power, Kazuma demands that the master teach him the ultimate technique. The master refuses, and Kazuma vows to return one day and take revenge. Sho and Aya continue their studies and master the ninjitsu teachings.

Kazuma returns with an army and the resources to build a fortress. Although the old master has died, his pupils contain the secrets of the ultimate technique. Kazuma sets up a trap to lure Sho into his hideout, and kidnaps Aya to use her as a bait.

In the ending, Kazuma sacrifices himself to save Aya and Sho from an explosion."
"Shinouken","Ragnagard Shin-Oh-Ken","Region Not Set","","SNK","Saurus","1997-04-04","2","No","Fighting","Not Rated","No overview is currently available for this title, please feel free to add one."
"Shinpi no Sekai: El-Hazard The Magnificent World","神秘の世界エルハザード","Region Not Set","","Pioneer LDC","TamTam","1996-08-09","1","No","Adventure","E - Everyone","Hi, I'm Makoto Mizuhara, a normal High School Student from Shinonome High School. I've been working on a special science project for the upcoming annual school festival! It's a device that supposedly can transfer living matter through a dimensional gate... sorry, not that you'd probably understand what that means! I built it based on a theory I read, and I hoped it could move other people through time and space!

The night before the festival, I completed the machine and took it for a test run. Very excited, I hoped for any kind of sign that the machine was going to perform the experiment correctly (I've tried this three times already). What I got was something I did not expect at all... I saw... a woman?"
"Shinrei Jusatsushi Taromaru","心霊呪殺師 太郎丸 | Psychic Assassin Taromaru | Psychic Killer Taromaru","Region Not Set","","Time Warner Interactive, Inc.","Time Warner Interactive","1997-01-17","2","Yes","Action","Not Rated","Psychic Killer Taroumaru is a sidescrolling 2.5D action game featuring sprites for the main characters and polygons for the backgrounds, similar to Klonoa. You can play as one of two characters - the ninja Taroumaru and his buddy Enkai, who wears a huge straw hat and looks very similar to Sokazku Mochizuki from Fatal Fury. Other than some minor discrepancies with attack ranges, they're mostly indentical. The setting is vaguely similar to Sega's old Mystic Defender/Kujaoh series, in that you're fighting mythical bad guys in a medieval Japanese setting. It also tends to draw comparisons to classic Konami and Treasure games, mostly due to its level structure, featuring tightly designed set pieces and a ton of amazing boss encounters. The only real relation to Treasure is that one of the graphical designers was Hiroshi Iuchi, who worked on visuals in earlier titles like Gunstar Heroes, then later returned to Treasure to direct Radiant Silvergun and Ikaruga."
"Shinseiki Evangelion","","Region Not Set","","Sega","Sega AM2 R&D Division","1996-03-01","1","No","Adventure | Life Simulation","Not Rated","No overview is currently available for this title, please feel free to add one."
"Shinseiki Evangelion (Shin Package)","","NTSC-J","Japan","Sega Studios","Sega AM2 R&D Division | 																SIMS Co., Ltd.","1997-02-14","1","No","Adventure","E - Everyone","Neon Genesis Evangelion (japanese: 新世紀エヴァンゲリオン, rōmanji: Shin Seiki Evangerion, literally:. New Century Evangelion) is a franchise which is best known as the critically praised 26 episode anime written and directed by Hideaki Anno, of Gainax studios.
Sega was one of the producers of these 26 episodes. The brand is referenced twice within the universe. It's unclear if it's a case of product placement made by Gainax alone as either homage or gratitude or for some other reason, or if it was made compulsory by Sega. These references are almost negligible and there are other brands that got snuck in, such as Coca-Cola and Yebisu beer, which were not involved in the show in any way. Being spelled SECA and the games seen not having a distintive counterpart in real life might be another hint of a voluntary inclusion."
"Shinseiki Evangelion: 2nd Impression","Neon Genesis Evangelion: Second Impression","Region Not Set","","Sega","Sega","1997-03-07","1","No","Life Simulation","Not Rated","No overview is currently available for this title, please feel free to add one."
"Shinseiki Evangelion: Digital Card Library","","Region Not Set","","Sega","","1997-09-25","1","No","Utility","Not Rated","No overview is currently available for this title, please feel free to add one."
"Shinseiki Evangelion: Eva to Yukai na Nakamatachi","新世紀エヴァンゲリオン エヴァと愉快な仲間たち","Region Not Set","","Bandai Co., Ltd.","Gainax","1998-11-05","1","No","Board","Not Rated","No overview is currently available for this title, please feel free to add one."
"Shinseiki Evangelion: Koutetsu no Girlfriend","","Region Not Set","","Sega","","1998-03-26","1","No","Adventure | Life Simulation","Not Rated","No overview is currently available for this title, please feel free to add one."
"Shinsetsu Samurai Spirits: Bushidou Retsuden","Samurai Shodown RPG","Region Not Set","","SNK","","1997-06-27","1","No","Role-Playing","","Shinsetsu Samurai Spirits: Bushido Retsuden, more commonly known as Samurai Shodown RPG outside of Japan, is a role-playing game from SNK set in the world of Samurai Spirits and based on the stories of the first two titles. At the beginning of the game you are given a choice of six playable characters with diverging paths and you will encounter many more on your journey through the game's two scenarios. In the tradition of the old SNK, Samurai Spirits RPG boasts clean, hand-drawn backgrounds with generously animated sprites.

The game was originally planned exclusively for the Neo-Geo CD hardware, but the poor sales performance of the latter led SNK to also produce versions for the Playstation and Saturn resulting in a simultaneous release for all three versions on the 27th of June, 1997. There are very few differences in content between the versions outside of the version-specific bonus features unlocked after clearing the main story, but there's some disparity in the visuals department as many animation frames from the NGCD version didn't survive the transition to the Playstation and Saturn, which is at least partly compensated by the significantly shorter loading times that the latter two can boast."
"Shinsetsu Yumemi Yakata ~Tobira no Oku ni Dareka ga...~","真説・夢見館　扉の奥に誰かが・・・ | The Mansion of Hidden Soul","Region Not Set","","Sega","Sega","1994-12-02","1","No","Adventure | Horror","E10+ - Everyone 10+","No overview is currently available for this title, please feel free to add one."
"Shippuu Mahou Daisakusen: Kingdom-Grandprix","Kingdom Grand Prix","NTSC-J","Japan","GAGA Communications Inc.","Eighting Co., Ltd.","1996-06-14","2","Yes","Shooter","T - Teen","Shippu Mahou Daisakusen: Kingdom Grandprix is a Shoot 'em Up/Racing hybrid game developed by Raizing and originally released in 1994 for Arcades and later ported to the Sega Saturn in 1996 by GAGA. It is the second game in the Mahou trilogy."
"Shiroki Majo: Mouhitotsu no Eiyuu Densetsu","","Region Not Set","","Hudson Entertainment, Inc.","Rayforce","1998-02-26","1","No","Role-Playing","E - Everyone","No overview is currently available for this title, please feel free to add one."
"Shockwave Assault","","Region Not Set","","","","1996-01-01","","No","","E - Everyone","Shockwave Assault combines Shock Wave and its expansion Operation Jumpgate and makes them available for systems other than the 3DO for the first time.

In Shock Wave, the player takes the role of a rookie pilot, defending the Earth from an alien invasion. From the cockpit of the F-177 fighter, one shoots at the alien walkers and fighters with lasers and missiles, rearming and refueling at supply depots when necessary. The story is told with live-action cutscenes."
"Shogi Matsuri","","Region Not Set","","SETA Corporation","SETA Corporation","1995-09-15","1","No","Board","E - Everyone","No overview is currently available for this title, please feel free to add one."
"Shoujo Kakumei Utena: Itsuka Kakumei Sareru Monogatari","少女革命ウテナ　いつか革命される物語","Region Not Set","","Sega","Sega","1998-05-28","1","No","Adventure","E - Everyone","After meeting a traveling prince who consoled her after the deaths of her parents, Utena Tenjou vowed to become a prince herself. The prince left Utena only with a ring bearing a strange rose crest and a promise that she would meet him again some day.

A few years later, Utena attends Ootori Academy, where she is drawn into a dangerous game. Duelists with rings matching Utena's own compete for a unique prize: the Rose Bride, Anthy Himemiya, and her mysterious powers. When Utena wins Anthy in a duel, she realizes that if she is to free Anthy and discover the secrets behind Ootori Academy, she has only one option: to revolutionize the world."
"Shouryu San Goku Engi","","Region Not Set","","Imagineer Co., Ltd.","Imageer","1996-07-19","1","No","Strategy","E - Everyone","No overview is currently available for this title, please feel free to add one."
"Shunsai: Keiba Data Stable","","Region Not Set","","Naxat Soft","NAXAT Soft","1996-08-23","1","No","Sports","E - Everyone","No overview is currently available for this title, please feel free to add one."
"Shusse Mahjong: Daisettai","","Region Not Set","","King Records","Kamui","1996-12-13","1","No","Board","E - Everyone","No overview is currently available for this title, please feel free to add one."
"Shutoko Battle '97","Tokyo Highway Battle","Region Not Set","","Imagineer Co., Ltd.","Genki","1997-02-28","","No","","","Released in Japan in 1997."
"Shutsudou! Minisuka Police","Shutsudou! Miniskirt Police | 出動！ミニスカポリス","Region Not Set","","Sada Soft","Sada Soft","1997-09-25","1","No","Party","M - Mature 17+","Dispatch! Miniskirt Police broadcast with the intention of challenging various games called ""missions"" with the decision ""Sometimes punch! Sometimes kick! You're Under Arrest!"" Initially, the focus was on the transmission of automobile information, but later on, the elements of automobile information programs disappeared, and the pachinko-related information elements became stronger in the latter half.

The Saturn game is a collection of mini-games ranging from a breakout type of game to quizzes about the hosts. If the player meets certain requirements, they will be rewarded with a video or photo."
"Sid Meier's Civilization: Shin Sekai Nadaibunmei","","Region Not Set","","Asmik Ace Entertainment","MicroProse Software, Inc.","1997-05-02","1","No","Strategy","","High in the Andes, a biting wind howls through the Incas ruined strongholds. Half a world away, the Pharaohs tombs lie empty. In Italy, the Roman Colosseum decays. Everywhere you see remnants of societies that they thought would endure forever. All are dust. But yours could be different. You could be the one person in history who builds an empire that never falls. That's the challenge of Civilization, the most enthralling ""god game"" yet developed. You start at the dawn of recorded history - 4,000 B.C. and the founding of the first cities - then nurture your society towards the space age. In the beginning, you'll labor to simply survive while building your settlements, discovering new technologies and fending off barbarians. As your empire prospers, you'll face competing civilizations guided by history's most legendary figures: Alexander the Great, Napoleon, Genghis Khan, Julius Caesar and more. Now you'll test your capacity for expansion and domination, your ability to outwit and outmaneuver those cunning and brilliant leaders."
"Side Pocket 2: Densetsu no Hustler","Minnesota Fats: Pool Legend","Region Not Set","","Datasoft, Inc.","Datasoft, Inc.","1995-03-31","2","No","Sports","E - Everyone","No overview is currently available for this title, please feel free to add one."
"Side Pocket 3","サイドポケット３ | Saido Poketto 3","Region Not Set","","Data East Corporation","Data East Corporation","1997-07-18","","No","Sports","E - Everyone","From Wkipedia.

Side Pocket 3 (Japanese: サイドポケット３ Hepburn: Saido Poketto 3?) is a Japan-exclusive pocket billiards video game for the PlayStation and Sega Saturn. Like its predecessor, Side Pocket 2, it features the in-game likeness of a real-life professional pool player. In this case, it's JPBA member, Kyoko Sone.[4]

Unlike the prior installments in the Side Pocket series, Side Pocket 3 renders the pool room environment with 3D polygons. In spite of this, the table can still be viewed in a traditional, top-down fashion.

Play modes consist of: story mode,[4] training mode, trick game mode,[4] and versus mode. Game variants include: eight ball, nine ball, rotation, 14.1 continuous, bowlliards, cutthroat, three ball, poker, pocket game, mitsudama, and yotsudama."
"Silhouette Mirage","","Region Not Set","","SPAZ","Treasure","1999-12-31","1","No","Shooter | Platform","","In an apocalyptic future, the Edo computer has gone beserk, dividing the world's inhabitants into two mutant classes, Silhouette and Mirage. Now, the watchguard computer safety system has sent forth the Messenger of Justice to travel to Edo and repair the damage before the world is lost forever. As the Messenger, Shyna Nera Shyna, blast, beat, and bash your way through seven wild and bizarre stages using friendly parasite weapons to aid your advance against wacky enemies, huge fully-animated bosses, and devilishly difficult obstacles. Providing the utmost in playability and replayability, the game wizards at Treasure, the brilliant minds behinds such international hits as Gunstar Heroes™, Dynamite Headdy™, Mischief Makers™, and Guardian Heroes™ have come up with another sure-fire classic that pushes the 2-D capabilities of your PlayStation® game console to its limit, and come up with a hit!"
"SimCity 2000","","Region Not Set","","","","1995-01-01","","No","Construction and Management Simulation","","SimCity 2000 (SC2K) is a city-building simulation video game and the second installment in the SimCity series. SimCity 2000 was first released by Maxis in 1994 for computers running Apple Macintosh Operating System. It was later released on the Amiga, DOS & Microsoft Windows, followed by a release for OS/2.[1] In 1995, SimCity 2000 won ""Best Military or Strategy Computer Game"" Origins Award."
"Simulation RPG Tsukuru","","Region Not Set","","ASCII Entertainment Software, Inc.","Pegasus Japan","1998-09-17","1","No","Role-Playing","Not Rated","No overview is currently available for this title, please feel free to add one."
"Simulation Zoo","","Region Not Set","","Softbank Corp.","C&E","1997-02-07","1","No","Construction and Management Simulation","E - Everyone","No overview is currently available for this title, please feel free to add one."
"Skeleton Warriors","","Region Not Set","","Playmates Interactive Entertainment, Inc.","Neversoft Entertainment","1996-01-01","","No","","E - Everyone","As Prince Lightstar, players must defeat the Skeleton Warriors and Baron Dark in order to gain control of the Lightstar Crystal and bring balance back to the world. Gamers will explore the environments of 20 different levels as they face hundreds of enemies while riding on their skybike. The game features an original soundtrack composed by Tommy Tallarico.

The game is a 2D sidescrolling platform game with 3D pre-rendered graphics, with about 100 types of enemies for you to slay with the weapons you possess. You need to complete 21 levels filled with demonic evil creatures before you can fight the Baron Dark himself, with 3D rendered cutscenes inbetween some levels."
"Skull Fang","","Region Not Set","","Data East Corporation","Aisystem Tokyo","1997-05-30","2","Yes","Shooter","Not Rated","No overview is currently available for this title, please feel free to add one."
"Sky Target","","Region Not Set","","","","1997-06-01","","No","","","No overview is currently available for this title, please feel free to add one."
"Slam 'n Jam '96: Featuring Magic & Kareem","","Region Not Set","","Crystal Dynamics, Inc.","Left Field Productions","1996-08-09","","No","Sports","E - Everyone","Get ready to take it to the hole with Magic Johnson and Kareem Abdul Jabbar in Slam 'N Jam '96: featuring Magic & Kareem! Featuring fully rendered 3D arenas, players can execute the ever-famous sky-hook, pull off no-look passes, view instant replays for spectacular plays, and set up all kinds of offensive and defensive strategies. Additionally, Van Earl Wright returns as the play-by-play commentator!"
"Slayers Royal","","Region Not Set","","ESP Software","Kadokawa Shoten","1997-07-25","1","No","Strategy","","No overview is currently available for this title, please feel free to add one."
"Slayers Royal 2","","Region Not Set","","ESP Software","Kadokawa Shoten","1998-09-03","1","No","Strategy","","No overview is currently available for this title, please feel free to add one."
"Snatcher","","Region Not Set","","Konami","Konami","1996-03-29","1","No","Adventure","Not Rated","A.D. 2047. Neo Kobe City, Japan, a place of madness and decadence... A mysterious Bio-roid life form has appeared. Its true nature and purpose are unknown. Is it some country's secret weapon, or an alien from another world? They slay their victims and take their place, earning them the nickname ""SNATCHERS."" A new police division - J.U.N.K.E.R.s - has been formed. They are trained specifically to combat the SNATCHERS. The fate of mankind hangs in the balance. The war between the SNATCHERS and J.U.N.K.E.R.s has begun!"
"Sokko Seitokai: Sonic Council","Sokko Seitoka","NTSC-J","","Banpresto Co., Ltd.","Sims","1998-01-29","2","No","Fighting","Not Rated","No overview is currently available for this title, please feel free to add one."
"Sol Divide","","Region Not Set","","Atlus Co., Ltd.","Psikyo","1998-07-02","","No","","","Released in Japan in 1998."
"Solar Eclipse","Titan Wars","Region Not Set","","","","1995-01-01","","No","","T - Teen","Solar Eclipse is a 3D shooter that takes place on and near the many moons of Saturn. You are a hot-shot pilot with a troubled past. You've been re-assigned to a new squadron aboard a Tomlinson-class carrier. There's trouble on a mining colony on the moon Janus. Your squadron is sent in to investigate, and uncover a lot more than they went looking for.

The story in this game is told through a series of full-motion video clips. In addition to between-level scenes, FMV messages from your squad mates appear from time to time while you play the game."
"Soldnerschild","","Region Not Set","","Sega","Koei","1997-09-25","1","No","Strategy","E - Everyone","No overview is currently available for this title, please feel free to add one."
"Solo Crisis","","Region Not Set","","Quintet","Quintet","1998-01-22","1","No","Strategy","E - Everyone","No overview is currently available for this title, please feel free to add one."
"Sonic 3D Blast","","NTSC-U","United States of America","Sega of America, Inc.","Sonic Team | 																Traveller's Tales Ltd.","1996-11-20","1","No","Platform","E - Everyone","Fully rendered graphics with 256 color textures thrust Sonic into an exciting 3D playing environment. The evil genius, Dr. Robotnik, is after the Chaos Emeralds and it's up to Sonic to stop him. Rescue the innocent Flickies before Robotnik turns them into part of his evil plan. Find out more about Robotnik's evil scheme from the exciting digital cinematic introduction!

• Search for secret passageways and hidden power-ups as you race through 14 challenging levels!
• Use Sonic's new Blast Attack to defeat the evil Robotnik!
• Hunt for the amazing hidden stages if you really crave adventure!
• Environmental effects add fog, rain, and more to dynamic gameplay!"
"Sonic 3D: Flickies' Island","","Region Not Set","","Sega","Travellers Tales (UK) Ltd.","1996-11-01","1","No","Platform","E - Everyone","Sonic 3D: Flickies' Island (ソニック３Ｄ フリッキーアイランド Sonikku Surīdī Furikkī Airando) is an isometric platform game and the second 3D game in the Sonic the Hedgehog series, after Sonic the Fighters. It was developed in the United Kingdom by Traveller's Tales and published by Sega. Primarily developed as the last Sonic game for the Sega Genesis, it was later ported to the Sega Saturn and Microsoft Windows, and later re-released on many compilations and digital distribution platforms as well."
"Sonic Jam","","NTSC-J","Japan","Sega","Sonic Team","1997-06-20","2","Yes","Platform","E - Everyone","Sonic Jam is a video game compilation developed by Sonic Team and published by Sega for the Sega Saturn. It was released in Japan in June 1997, and in North America and Europe two months later. It contains the four main Sonic the Hedgehog games released on the Sega Genesis: Sonic the Hedgehog (1991), Sonic the Hedgehog 2 (1992), Sonic the Hedgehog 3 (1994) and Sonic & Knuckles (1994). It also features a 3D environment, ""Sonic World"", which doubles as an interactive museum of Sonic the Hedgehog content.

Development began after the Japanese release of Nights into Dreams in July 1996. Sonic Jam was announced at the Spring 1997 Tokyo Game Show as part of a project to increase market awareness of Sega and the Sonic brand. It received mostly positive reviews, and was praised for its value, though some criticized the exclusion of Sonic CD and Sonic Spinball. ""Sonic World"" was praised for its range of content, though its graphics gathered mixed responses. A cut-down port for the handheld Game.com console was released in 1998."
"Sonic R","Sonikku R | ソニックR","PAL","","Sega Europe","Travellers Tales (UK) Ltd.","1997-12-11","2","No","Racing","Not Rated","Everybody's Supersonic Racing! Knuckles, Tails, Amy and Dr. Robotnik join Sonic in his speediest outing yet. Containing 5 graphically stunning tracks with many short-cuts and secrets. Sonic R will have you coming back for more. Features Grand Prix, 4 Time Attack modes and split-screen 2 player game. R U Ready?!?"
"Sonic Wings Special","","Region Not Set","","","Video System Co., Ltd.","1996-07-05","1","No","Shooter","E - Everyone","No overview is currently available for this title, please feel free to add one."
"Sonic X-treme","","Region Not Set","","Sega","Sega","","1","No","Action","","Sonic X-treme was a platform game developed by Sega Technical Institute from 1994 until its cancellation in 1997. X-treme would have been the first fully 3D Sonic the Hedgehog game and the first original Sonic game for the Sega Saturn. Its concepts built on past Sonic games while introducing elements to take Sonic into the 3D era of video games.

In 2006, a copy of an early test engine was sold at auction for US$2500 to an anonymous collector. After a fundraising project by the ASSEMBlergames website community purchased the disc from the collector, the disk image was leaked on July 17, 2007.  In February 2015, fans obtained the Sonic X-treme source code and created several playable builds."
"Sorvice","","Region Not Set","","Altron Corporation","Altron Corporation","1998-09-23","1","No","Role-Playing","E - Everyone","No overview is currently available for this title, please feel free to add one."
"Sotsugyou Album","","Region Not Set","","Shogakukan Productions Co., Ltd.","West One","1998-01-15","1","Yes","Life Simulation","E - Everyone","Sotsugyou Album is a Miscellaneous game, developed by West One and published by Shogakukan, which was released in Japan in 1998."
"Sotsugyou Crossworld","卒業　Ｃｒｏｓｓｗｏｒｌｄ","Region Not Set","","Shogakukan Productions Co., Ltd.","Marcus | 																Shogakukan Productions Co., Ltd. | 																Sofix","1997-01-01","1","No","Adventure","E - Everyone","No overview is currently available for this title, please feel free to add one."
"Sotsugyou Graduation S","","Region Not Set","","NEC Interchannel","Headroom","1997-09-25","1","No","Adventure","M - Mature 17+","No overview is currently available for this title, please feel free to add one."
"Sotsugyou II: Neo Generation","","NTSC-J","Japan","Riverhill Software Inc.","Headroom","1995-08-11","1","No","Strategy | Life Simulation","M - Mature 17+","Sotsugyou II: Neo Generation is a raising sim/dating sim developed by Tenky & Headroom and published by Riverhill Soft. The game is a SEGA Saturn port of the original released on the PC-FX in 1994.

The game has the player assume the role of an incoming teacher, helping five students to graduate. The player has to deal with strengths and weaknesses of each girl, which includes moving the students around the classroom, having a struggling girl come in for more lesson work, and hopefully getting all five students to pass. Losing conditions including a girl failing which leads to dropping out or - a path to ""lose"" the game - marrying one of the girls.

This game also had an English release in 1997 by MixxZine, whom localized it as simply Graduation for PC."
"Sotsugyou III: Wedding Bell","卒業3 ～Wedding Bell～","Region Not Set","","Shogakukan Productions Co., Ltd.","West One","1998-04-09","1","No","Adventure","E - Everyone","The game begins with the teacher, who is the player married with one of his students. The principal finds out and asks the student to be expelled from the school. The teacher makes a deal with the principal that this secret life with his students will not be revealed to the public and he also promises that he will coach his students all the way to an A when they graduate."
"Soukuu no Tsubasa: Gotha World","","Region Not Set","","Micronet Co. Ltd.","Micronet Co. Ltd.","1997-11-06","1","No","Strategy","E - Everyone","No overview is currently available for this title, please feel free to add one."
"Soukyuugurentai","Terra Diver | Soukyagurentai Otokuyo","Region Not Set","","Electronic Arts","Raizing","1997-02-07","1","No","Action | Shooter","Not Rated","Terra Diver is a vertical-scrolling shooter. The player picks one of three different ships - red, green or blue - each with their own pilot, fire pattern and laser web. Each ship has a standard gun and a bomb, but the most distinctive of these aspects is the laser-web: holding down the button for the standard gun will release a lock-on laser-web traditionally shaped as a cone or semicircle, which will destroy the enemies it locks onto after releasing the buttons. Each ship has two different lock-on weapons that function as web-designed laser targets. Once an enemy enters the web's range, the player can destroy the enemy or multiple enemies can be destroyed via homing lasers or multiple fire-balls. The game is unusual in that, rather than using a 3:4 aspect ratio to better suit the vertically-oriented gameplay, it uses a horizontal monitor (4:3) in the style of Neo Geo vertical shooters as well as the later Radiant Silvergun and Giga Wing."
"Sound Novel Tsukuru 2","","Region Not Set","","ASCII Entertainment Software, Inc.","Success Corporation","1997-12-18","1","No","Adventure","E - Everyone","No overview is currently available for this title, please feel free to add one."
"Sound Qube","","Region Not Set","","Human Entertainment, Inc.","Media Entertainment","1998-04-02","1","No","Puzzle","E - Everyone","No overview is currently available for this title, please feel free to add one."
"Soviet Strike","","NTSC-U","United States of America","","","1996-11-01","1","No","Shooter","T - Teen","In 1991, the U.S.S.R. (Union of Soviet Socialist Republics) boasting the largest military force in history, suddenly and unexpectedly collapsed. Since that time the fallen empire has lain lifeless -- a rich corpse waiting to be picked clean. Now, a sinister ex-KGB general codenamed Shadowman directs a flock of vultures to swoop in from all parts of Eastern Europe and claim Russia's nuclear warheads and weapons of mass terror. While directing these 'wars of liberation' Shadowman intends to shake democratic Russia to it's foundations, bringing about a return to the Cold War...or even worse. You chopper into Crimea and discover the plot of this Russian madman using thermal spy devices. You must quickly move on to the Black Sea to prevent the hijacking of ICBM ships, respond to an attack on a chemical weapons plant in the desert passes, and then recover a nuclear reactor core in Transylvania. As you successfully thwart these stages of Operation Vulture, Shadowman is forced to take his coup to the streets of Moscow. Guide your chopper through five unique 3D worlds as you complete 41 deadly missions. Enemy vehicles, tactics, and responses change, based upon your activities, making this the first of STRIKE's new ""Living Battlefields""."
"Space Hulk: Vengeance of the Blood Angels","","Region Not Set","","","","1996-09-15","","No","","T - Teen","No overview is currently available for this title, please feel free to add one."
"Space Invaders","","Region Not Set","","","","1986-01-01","1","No","Shooter","E - Everyone","No overview is currently available for this title, please feel free to add one."
"Space Jam","","Region Not Set","","Acclaim Entertainment, Inc.","Sculptured Software","1996-01-01","","No","","","Based on the movie of the same name, Space Jam centres around an invasion of Looney Tunes land by tiny aliens. The fate of the Tunes is to be decided by a basketball game, and for this the aliens turn into the huge, evil Monstars.

The game is about two thirds basketball sim and then minigames are stuck in to fill all the gaps. You can play as the Monstars or the Looney Tunes who have the help of Michael Jordan. The basketball games themselves come in two flavours, two-on-two and three-on-three."
"Spot Goes To Hollywood","","Region Not Set","","Virgin Games, Ltd.","Burst","1996-01-01","","No","","E - Everyone","The central character in this game is Spot, the little red guy from the 7-Up TV commercials. Spot has somehow become trapped in a movie projector. As he jumps from film to film, he encounters many classic film genres that make up all the different levels of the game. The main levels are a pirate movie, an adventure movie, and a horror movie, but there are many other bonus films to unlock.

The game is played from an isometric perspective. As you control spot, you have to collect 5 Hollywood stars per level to unlock hidden areas and ultimately complete the game 100%"
"Stakes Winner 2: Saikyou Uma Densetsu","","Region Not Set","","SNK","Saurus","1997-05-02","2","No","Sports","E - Everyone","No overview is currently available for this title, please feel free to add one."
"Stakes Winner: G1 Kanzen Seihahe no Michi","","Region Not Set","","SNK","Saurus","1996-12-06","1","No","Racing | Sports","E - Everyone","No overview is currently available for this title, please feel free to add one."
"Standby Say You!","スタンバイSay You!","Region Not Set","","Human Entertainment, Inc.","Human Entertainment, Inc.","1997-03-20","1","No","Adventure","M - Mature 17+","The main character is the son of a voice actor who suddenly becomes an anime sound director after the previous sound director withdrawal. He needs to maintain some quality level and operate within time limits to produce the full season of anime ""Interrupt Girl""."
"Star Fighter","StarFighter 3000","Region Not Set","","Acclaim Entertainment, Inc.","Krisalis Software Ltd.","1996-01-01","1","No","Shooter","E - Everyone","No overview is currently available for this title, please feel free to add one."
"Starfighter 3000","","Region Not Set","","Imagineer Co., Ltd.","Krisalis Software Ltd.","1996-12-31","1","No","Shooter","Not Rated","StarFighter 3000 (スターファイター３０００), known simply as Star Fighter in North America, is a 3D third-person spaceship shooter for the Sega Saturn. Originally a 1994 Acorn Archimedes game, it was enhanced for the 3DO, PlayStation, Sega Saturn, and IBM PC in 1996."
"Steam-Heart's","スチーム・ハーツ","Region Not Set","","TGL","GIGA","1998-09-23","1","No","Action | Shooter","M - Mature 17+","No overview is currently available for this title, please feel free to add one."
"Steamgear Mash","","Region Not Set","","TAKARA Co., Ltd.","Tamsoft Corporation","1995-09-29","1","No","Shooter","E - Everyone","No overview is currently available for this title, please feel free to add one."
"Steep Slope Sliders","","Region Not Set","","Sega","CAVE Co., Ltd.","1997-11-30","1","No","Sports","E - Everyone","A snowboarding game from Sega."
"Stellar Assault SS","","Region Not Set","","Sims Co., Ltd.","Sims","1998-02-26","1","No","Action | Shooter","E - Everyone","No overview is currently available for this title, please feel free to add one."
"Strahl: Himerareshi Nanatsu no Hikari","","Region Not Set","","Media Entertainment","Media Entertainment","1995-11-24","1","No","Action","E - Everyone","In Strahl, the story takes place in a world where magic and monsters roam the land, terrorizing innocent villagers. The player takes control of a young warrior who sets out to root out the source of evil and bring peace and tranquility back to the land.

The gameplay is the same as Space Ace, Dragon's Lair and Time Gal where the player presses buttons at a certain time to either avoid obstacles or fight enemies in order to advance to the next screen. As the game progresses, the changes in the world are shown throughout the game depending on the actions of the player."
"Street Fighter Alpha 2","Street Fighter Zero 2 | ストリートファイターZERO2","NTSC","","Capcom","Capcom","1996-09-14","2","No","Fighting","T - Teen","Another Street Fighter sequel (this time for Street Fighter Alpha) adds even more to the classic fighting series.

New characters in this version include Gen (a wise kung-fu master), Rolento (who you may remember from another Capcom classic, Final Fight) and Sakura, a young school girl who follows her hero Ryu so close, she has the same type of moves. Dhalsim and Zangief also return to the fight with some news moves.

The other major difference is the loss of chain-combos and the gain of a custom combo system. Once you reach the required level (which is 1 at the least) you can execute a custom combo by combining any of the buttons (which there are 6 in total) or any of the special attacks (fireballs, etc.)"
"Street Fighter Alpha: Warriors' Dreams","","Region Not Set","","Capcom","Capcom","1996-01-01","","No","Fighting","","It's Street Fighter as you always remember it, with some new moves, characters and combo systems, as well as a more polished look and feel.

The new moves available for each fighter, called Super moves, allow them to fire off very powerful moves. A bar at the bottom of the screen represents the power that you have to use for the moves. You start the first round on 0, and each attack that you make adds power to the bar. Once you reach level 3, you can unleash the special attacks, that can sometimes KO the opponant.

The other major change over the Street Fighter 2 series are the Alpha counters. These can be used to counter an on-coming attack after blocking."
"Street Fighter Collection","","Region Not Set","","Capcom","Capcom","1997-07-15","2","No","Fighting","T - Teen","Street Fighter Collection is a bundle comprising several different games of the Street Fighter series. It includes:

Super Street Fighter II: The New Challengers
Super Street Fighter II Turbo
Street Fighter Alpha 2 Gold"
"Street Fighter Collection (JP)","","NTSC-J","Japan","Capcom","Capcom","1997-09-18","2","Yes","Fighting","Not Rated","No overview is currently available for this title, please feel free to add one."
"Street Fighter II Movie","ストリートファイターⅡムービー","Region Not Set","","Capcom","Capcom","1995-01-01","2","No","Adventure | Fighting","Not Rated","Based on the movie animation of Street Fighter II, this game takes place of a cyborg that M. Bison constructed to be the final contender of Street Fitgher tournament. As the games goes on you'll see different scenes of the animated movie and you need to take photos of exact moments to improve the cyborg and even learn special movements. After all this your cyborg can have a fight on the old-fashionated way of SF remaks, a 1-on-1 fight against Ryu."
"Street Fighter Zero","","Region Not Set","","Capcom","Capcom","1996-01-26","2","No","Fighting","T - Teen","No overview is currently available for this title, please feel free to add one."
"Street Fighter Zero 2","","Region Not Set","","Capcom","Capcom","1996-09-14","2","No","Fighting","T - Teen","No overview is currently available for this title, please feel free to add one."
"Street Fighter Zero 3","Street Fighter Alpha 3","Region Not Set","","Capcom","Capcom","1999-08-06","2","No","Fighting","T - Teen","Street Fighter Alpha 3, known as Street Fighter Zero 3 (ストリートファイターZERO 3?) in Japan and Asia, is a 1998 fighting game by Capcom originally released for the CPS II arcade hardware. It is the third game in the Street Fighter Alpha series, following Street Fighter Alpha: Warriors' Dreams and Street Fighter Alpha 2. The gameplay system from the previous Alpha games was given a complete overhaul with the addition of three selectable fighting styles based on Street Fighter Alpha (A-ism), Street Fighter Alpha 2 (V-ism), and Super Street Fighter II Turbo (X-ism), new stages, a much larger roster of characters, and new theme music for all the returning characters."
"Street Fighter Zero 3 w/ 4MB RAM Cart","Street Fighter Alpha 3","Region Not Set","","Capcom | 																Virgin Interactive Entertainment, Inc.","Capcom | 																Mitchell Corporation","1999-08-06","2","No","Fighting","T - Teen","Released only in Japan, this version of the game (known in the West as Street Fighter Alpha 3) for the Sega Saturn comes bundled with the 4MB RAM expansion cartridge. This is utilized to add additional frames of animation to the fighters, making it nearly identical to the arcade version. Also, The Saturn version has characters not featured in the original arcade version: Dee Jay, Guile, T. Hawk, Fei Long, Evil Ryu and Shin Akuma."
"Street Fighter: The Movie","","Region Not Set","","Capcom","Capcom","1995-08-11","2","No","Fighting","E - Everyone","No overview is currently available for this title, please feel free to add one."
"Street Racer","Street Racer Extra","Region Not Set","","Ubisoft Entertainment","Vivid Image","1996-01-01","4","No","Racing","E10+ - Everyone 10+","Street Racer is a kart racing game similar to Super Mario Kart.

Up to four players can play by split-screen. If there are no human opponents, the player can drive against seven computer opponents in three leagues. If the player wins the first league, they can play the second and so on. The game has eight different vehicles with different skills in speed, haste or resistance. There are also some power-ups on the tracks such as bombs, nitro fuel, and health packs."
"Striker '96","","Region Not Set","","","","1996-01-01","","No","Sports","E - Everyone","Striker is a soccer video game released by Rage Software in 1992 for the Commodore Amiga, Amiga CD32, Atari ST, PC, Mega Drive/Genesis, and Super Nintendo. It was bundled in one of the Amiga 1200 launch packs. It was one of the first soccer games to feature a 3D viewpoint, after Simulmondo's I Play 3D Soccer.

In 1993 it was released in Japan by Coconuts Japan for the Super Famicom as World Soccer (ワールドサッカー Wārudo Sakkā?), while the French Super Nintendo version of Striker is known as Eric Cantona Football Challenge, playing on the popularity of French forward Eric Cantona, and the North American Super Nintendo release of Striker was known as World Soccer '94: Road to Glory."
"Strikers 1945","","Region Not Set","","","","1996-06-28","","No","","","Strikers 1945 (ストライカーズ1945?) is a vertically scrolling shoot 'em up arcade game released in 1995 by Japanese company Psikyo. In Japan, Strikers 1945 was ported to both PlayStation and Sega Saturn in 1996 by Atlus and later ported to the PlayStation 2 as part of Psikyo Shooting Collection Vol. 1: Strikers 1945 I & II by Taito (also released in Europe under the name 1945 I & II: The Arcade Games by Play It in 2004).

It was followed by Strikers 1945 II in 1997 and Strikers 1999 in 1999, as well as a remake of Strikers II for SNK's Neo Geo called Strikers 1945 Plus."
"Strikers 1945 II","","Region Not Set","","Psikyo","Psikyo","1998-10-22","2","No","Shooter","E - Everyone","No overview is currently available for this title, please feel free to add one."
"Suchie-Pai Adventure: Doki Doki Nightmare","","Region Not Set","","Jaleco Ltd.","Jaleco Ltd.","1998-02-26","1","No","Adventure","M - Mature 17+","No overview is currently available for this title, please feel free to add one."
"Sugobencha: Dragon Master Silk Gaiden","","Region Not Set","","Datam Polystar","Gimmick House","1998-02-19","5","No","Board | Party","E - Everyone","No overview is currently available for this title, please feel free to add one."
"Suiko Enbu: Fuuun Saiki","","Region Not Set","","Data East Corporation","Data East Corp.","1996-03-22","2","No","Fighting","Not Rated","No overview is currently available for this title, please feel free to add one."
"Suikoden: Tendou 108 Sei","","Region Not Set","","Koei Co., Ltd.","Koei","1997-12-18","1","No","Strategy","E - Everyone","No overview is currently available for this title, please feel free to add one."
"Suikoden: Tenmei no Chikai","","Region Not Set","","Koei Co., Ltd.","Koei","1996-12-27","1","No","Strategy","E - Everyone","No overview is currently available for this title, please feel free to add one."
"Super Adventure RockMan","","Region Not Set","","Capcom","Kouyousha","1998-06-25","1","No","Action","E - Everyone","No overview is currently available for this title, please feel free to add one."
"Super Casino Special","","Region Not Set","","Coconuts Japan Entertainment Co., Ltd.","Coconuts Japan Entertainment Co., Ltd.","1997-01-24","4","No","Board","E - Everyone","No overview is currently available for this title, please feel free to add one."
"Super Puzzle Fighter II Turbo","Super Puzzle Fighter II X","Region Not Set","","Capcom","Capcom","1997-02-28","2","No","Puzzle","E - Everyone","A Tetris-like puzzle game featuring popular characters from many Capcom games.

Colored gems fall from the top of the screen in pairs, but this time lining up those of the same color is not enough. To break the gems and punish your opponent with counter gems you have to place a crash gem of the same color next to the gems. If you make a block of gems of the same color they'll fuse, forming a power gem. Breaking a power gem sends more counter gems to your opponent than breaking the same amount of gems in some other configuration. But the ultimate attack is breaking power gems in chain."
"Super Real Mahjong Graffiti","","Region Not Set","","SETA Corporation","SETA Corporation","1995-11-24","1","No","Board","AO - Adult Only 18+","No overview is currently available for this title, please feel free to add one."
"Super Real Mahjong P V","","NTSC-J","Japan","SETA Corporation","SETA Corporation","1995-05-26","1","No","Board","AO - Adult Only 18+","Super Real Mahjong PV (スーパーリアル麻雀ＰＶ) is a SEGA Saturn adult mahjong game developed and published by Seta. The game is a port of the arcade game of the same name, and is one of five mahjong games Seta published. The game was released in Japan only."
"Super Real Mahjong P VI","","Region Not Set","","SETA Corporation","Affect Co.,Ltd","1996-05-17","1","No","Board","AO - Adult Only 18+","No overview is currently available for this title, please feel free to add one."
"Super Real Mahjong P7","スーパーリアル麻雀Ｐ７","Region Not Set","","SETA Corporation","SETA Corporation","1998-05-21","1","No","Board","M - Mature 17+","No overview is currently available for this title, please feel free to add one."
"Super Robot Taisen F","Super Robot Wars F","Region Not Set","","Banpresto Co., Ltd.","Banpresto Co., Ltd.","1997-01-01","1","No","Strategy","T - Teen","Famous franchise of Banpresto, Super Robot Taisen is a mixture of famous Anime and Manga robots in the same universe, creating a lot of impossible situations like using a Gundam to fight against Mazinger and so on! This version is special because you have a lot of Gundam robots specially from Gundam Wing with Duo Maxwell and Heero and the famous Gainax robots from Evangelion."
"Super Robot Taisen F: Kanketsuhen","","Region Not Set","","Banpresto Co., Ltd.","Banpresto Co., Ltd.","1998-01-01","1","No","Strategy","T - Teen","The end of the first game ""Super Robot Taisen F"" with more 30 missions to play with the same rooster of giant robots in SD format."
"Super Robot Wars: F Final","Super Robot Taisen: F Final","NTSC-J","Japan","Banpresto Co., Ltd.","WinkySoft","1998-04-23","1","No","Role-Playing","E10+ - Everyone 10+","T-20612G"
"Super Tempo","スーパーテンポ","Region Not Set","","MediaQuest","Red Company","1998-04-29","1","No","Platform","","Tempo now teams up with its eponymous host and his girlfriend Katy to rescue the Prince of Music World from Planet Technotch."
"Swagman","","Region Not Set","","Eidos Interactive","Core Design Ltd.","1997-01-01","","No","","","The Swagman, a baddie from The Terrortories, has imprisoned the Dreamflight fairies so no one can wake up from their nightmares. It's the Swagman's plan to unleash his horde of minions and take over the world, unless two eight year-olds, Zac and Hannah, can stay awake long enough to stop him.

This is a character based adventure game with puzzle and platform elements."
"Sword & Sorcery","Lucienne's Quest","NTSC-J","","Micro Cabin Co.","Micro Cabin Co.","1995-01-01","1","No","Role-Playing","Not Rated","Follow the story of an absent-minded young sorceress Lucienne and her gang of misfit monsters, as they try to stop the evil mage Death Shadow from destroying the world.

Lucienne’s Quest is a game in classic roleplaying genre, but presented in full 3D graphics (and sprite characters) uncommon for the time. The battles are fought in traditional turn-based manner, but allow for more strategy than most classic RPGs. The game places ambient obstacles on the battlefield to block some attack paths, but allows the player to strategically reposition his fighters along the bottom two rows of the map before every turn to take advantage of the terrain.

The game also features a dynamic day/night system which serves little purpose other than changing one of your party members from human into a werewolf and back."
"Tactical Fighter","","Region Not Set","","Media Rings Corporation","Media Rings Corporation","1997-10-16","1","No","Life Simulation","Not Rated","Tactical Fighter is a simulation game for the Sega Saturn."
"Tactics Formula","","Region Not Set","","Sega","AKI Corporation","1997-10-09","4","No","Strategy","Not Rated","Tactics beyond racing.

A board game without dice or cards.  
It relies on strategy instead of luck.  
Realistic racing lines at every turn.

A board game featuring formula one racing and strategic driving."
"Tactics Ogre: Let Us Cling Together","","Region Not Set","","Riverhill Software Inc.","Riverhill Soft Inc.","1996-12-13","1","No","Role-Playing | Strategy","E - Everyone","No overview is currently available for this title, please feel free to add one."
"Tadaima Wakusei Kaitakuchuu!","","Region Not Set","","Altron Corporation","Altron","1995-11-03","1","No","Strategy","E - Everyone","No overview is currently available for this title, please feel free to add one."
"Taiheiyou no Arashi: Shippu no Moudou","","Region Not Set","","Imagineer Co., Ltd.","Sims","1997-06-13","1","No","Strategy","E - Everyone","No overview is currently available for this title, please feel free to add one."
"Taikou Risshiden II","","Region Not Set","","Koei Co., Ltd.","Koei","1996-11-29","1","No","Strategy","E - Everyone","No overview is currently available for this title, please feel free to add one."
"Taito Chase H.Q. Plus S.C.I.","Taito Chase HQ Plus S.C.I. Special Criminal Investigation","Region Not Set","","Taito Corporation","Affect Co.,Ltd","1996-07-27","1","No","Racing","E - Everyone","Taito Chase H.Q. Plus S.C.I. is a compilation of Chase H.Q. and its sequel Special Criminal Investigation, published by Taito for the Sega Saturn"
"Takuramakan","","Region Not Set","","","InterServ International","1996-12-27","1","No","Adventure","E - Everyone","No overview is currently available for this title, please feel free to add one."
"Tama","Tama: Adventurous Ball in Giddy Labyrinth | tama - adventurous ball in giddy labrinth | t-4801g | Tama","Region Not Set","","Time Warner Interactive, Inc.","Time Warner Interactive","1994-11-22","1","No","Puzzle","E - Everyone","From Sega Retro.

Tama: Adventurous Ball in Giddy Labyrinth (たま) is a puzzle game for the Sega Saturn. It was a launch title for the console in Japan, and coincidentally was also a launch title for its main rival, the Sony PlayStation.

It is a relatively simple puzzle game, where players tilt a board in an to get a ball to the goal. With flat shaded polygons and a low frame rate, it is not said to be a great example either console's hardware put to good use."
"Tanjou S: Debut","","NTSC-J","Japan","NEC Interchannel","Headroom","1996-06-28","1","No","Strategy | Board","M - Mature 17+","Tanjou S: Debut (誕生Ｓ ～Debut～) is a simulation game developed by Access, Headroom, and Image Works & published by NEC Interchannel for the SEGA Saturn. The game is an enhanced port of the original game Tanjou: Debut, released on the Super CD-ROM2 by NEC Avenue (NEC's video game publishing arm prior to NEC Interchannel.).

Tanjou S: Debut is a simulation game where you manage three girls, Aki Itou, Kumi Tanaka, and Saori Fujimura, whom are part of an idol group called Venus. The Saturn port added additional songs and voiced content over it's Super CD-ROM2 original.

Following the game's original release in 1994, it was followed by a two episode OVA anime."
"Tantei Jinguuji Saburou: Mikan no Rupo","","Region Not Set","","Data East Corporation","Data East Corp.","1996-11-29","1","No","Adventure","Not Rated","No overview is currently available for this title, please feel free to add one."
"Tantei Jinguuji Saburou: Yume no Owarini","","Region Not Set","","Data East Corporation","Data East Corp.","1998-07-09","1","No","Adventure","M - Mature 17+","No overview is currently available for this title, please feel free to add one."
"Team Unei Simulation: Formula Grand Prix","","Region Not Set","","Coconuts Japan Entertainment Co., Ltd.","Coconuts Japan Entertainment Co., Ltd.","1997-11-13","1","No","Racing","E - Everyone","No overview is currently available for this title, please feel free to add one."
"Techno Motor","","NTSC-J","Japan","Denshi Media Services","Denshi Media Services","1998-03-26","1","No","Music","Not Rated","Techno Motor (テクノモーター) is a music game released for the Sega Saturn."
"Teitoku no Ketsudan III","","Region Not Set","","Koei Co., Ltd.","Koei","1997-06-27","1","No","Strategy","E - Everyone","No overview is currently available for this title, please feel free to add one."
"Tempest 2000","","Region Not Set","","Interplay","High Voltage Software","1996-10-31","2","Yes","Action","E - Everyone","Tempest 2000 is a 1994 remake by Jeff Minter of the Dave Theurer 1981 arcade game, Tempest. Originally an exclusive to the Atari Jaguar, the game has since been released on PC, Macintosh, PlayStation, and the Saturn. The game received critical praise for its 3D graphics, soundtrack, and gameplay."
"Ten Pin Alley","","Region Not Set","","","","1997-01-01","","No","Sports","E - Everyone","Ten Pin Alley is a ten-pin bowling simulation game released by ASC Games in 1996 and developed internally at Adrenalin Entertainment.

The game was released on November 30, 1996 in North America, and eventually released in February 1998 in the United Kingdom. Just before its North American release, Sony selected the game's demo to be included on its PS1 sampler disc.

A sequel to the game entitled Ten Pin Alley 2, developed by an unknown developer, was mooted for a release on the PlayStation 2, but for unknown reasons was shelved. Despite this, the sequel, developed by Pronto Games and published by XS Games was released on the Game Boy Advance to dismal reviews.

Ten Pin Alley should not be confused with an audio game with the same title made by PCS Games"
"Tenant Wars","Board Game: Top Shop | テナントウォーズ","Region Not Set","","KID Corp.","KID Corp.","1998-02-11","1","No","Board","E - Everyone","No overview is currently available for this title, please feel free to add one."
"Tenchi Muyou! Mimiri Onsen Yukemuri no Tabi","","Region Not Set","","Yumedia","Yumedia","1996-02-09","1","No","Adventure","M - Mature 17+","No overview is currently available for this title, please feel free to add one."
"Tenchi Muyou! Rensa Hitsuyou","","Region Not Set","","Pioneer LDC","Access","1997-02-28","2","No","Puzzle","E - Everyone","No overview is currently available for this title, please feel free to add one."
"Tenchi Muyou! Ryoukouki Gokuraku","","Region Not Set","","Yumedia","Yumedia","1995-09-25","1","No","Utility","AO - Adult Only 18+","No overview is currently available for this title, please feel free to add one."
"Tenchi Muyou! Toukou Muyou Aniraji Collection","","Region Not Set","","Xing Entertainment","Xing Entertainment","1997-01-17","1","No","Adventure","E - Everyone","No overview is currently available for this title, please feel free to add one."
"Tenchi o Kurau II: Sekiheki no Tatakai","","Region Not Set","","Capcom","Capcom","1996-09-06","2","Yes","Action","","Tenchi o Kurau II: Sekiheki no Tatakai is a side-scrolling beat-'em-up produced by Capcom first released originally as a coin-operated arcade game in 1992 and then later ported over to the Sega Saturn.

Tenchi o Kurau II: Sekiheki no Tatakai is a beat'em up with 9 stages, in each of which there are large mobs including spearman, archers, strongmen, bomb-wielding opponents, and at least one Wei boss. There can be up to three players on-screen at the same time. Using two buttons, Attack and Jump, the characters all have standard moves typical of Capcom side-scrollers of the day. Common enemies including Wei soldiers such as bandits, privatees, wrestlers, fatties and thieves will keep poping up from everywhere. In the end of each stage there is a Wei general as stage boss. Li Dian, Xiahou Dun, Xu Chu, Zhang Liao, Cao Ren, Xu Huang, the infamous Lu Bu as final boss. After defeating them all, there is also Cao Cao himself who would try to escape.

There is also a variety of weapons in the game which can be picked up. As with most side-scrollers, food is used to replenish health and can be found in various breakable containers in the game level. One notable feature of the game is the ability to summon a warhorse which adds more attacks to the characters, generally involving pole-arms (except long bow for Huang Zhong)"
"Tengai Makyō: Daiyon no Mokushiroku - The Apocalypse IV","Far East of Eden: The Apocalypse IV","Region Not Set","","Hudson Entertainment, Inc.","Hudson Soft | 																Red Company","1997-01-14","1","No","Role-Playing","Not Rated","New Orleans, Louisiana, 1893. A boy named Rizing is exploring the surroundings of his hometown together with a couple of friends. They discover a mysterious old house, go inside, and discover what seems to be a mummy in a coffin. They don't realize that at this moment they unleashed a powerful demon into the world, and that this demon has already possessed the soul of one of the boys...

The Apocalypse IV is the first Tengai Makyō game that is set outside of the Japan-like country Jipang. Much like Jipang of earlier games, United States of the late 19th century is not in a historically correct environment in this game, but an alternate world populated by demons, Biblical figures, and deliberate clichés (cardboard Native Americans, pop culture references, etc).

The gameplay largely follows the general Japanese RPG template and Tengai Makyō gameplay style in particular. As in the previous games, magic spells have to be sought out and acquired rather than learned or bought. A notable change is the absence of random enemies - all the enemies are visibly wandering on the world map or in the dungeons. Other gameplay additions include special attacks that can also performed by several members of the party as a combo, and obtaining money by selling trophies received in battles."
"Tenka Seiha","","Region Not Set","","Imagineer Co., Ltd.","","1997-08-08","1","No","Strategy","E - Everyone","No overview is currently available for this title, please feel free to add one."
"Tennis Arena","","Region Not Set","","Ubisoft","Smart Dog","1998-04-09","1","No","Sports","E - Everyone","No overview is currently available for this title, please feel free to add one."
"Terra Cresta 3D","","Region Not Set","","","","1997-08-08","1","No","Shooter","E - Everyone","No overview is currently available for this title, please feel free to add one."
"Terra Phantastica","","Region Not Set","","Sega","Chime","1996-12-27","1","No","Strategy","Not Rated","Terra Phantastica is a Strategy game, developed by Chime and published by Sega, which was released in Japan in 1996."
"Tetris Plus","","Region Not Set","","Jaleco Ltd.","Natsume","1996-09-30","","No","Puzzle","E - Everyone","The game consists of two main modes, Classic Mode and Puzzle Mode. Classic Mode functions like the original Tetris game for the Game Boy except with different music and visuals. However, because the cartridge has battery-powered SRAM, it also has the ability to remember your high-scores, unlike the original Game Boy game. Puzzle Mode is a twist on the classic gameplay that provides a new scenario. Also included is an editor for making Puzzle levels, and Link capability for going head-to-head with another player in either game mode. The Console Versions also have a two player Versus Mode which is essentially puzzle mode with two players racing for the finish line."
"Tetris-S","","Region Not Set","","Bullet-Proof Software, Inc.","Bullet-Proof Software, Inc.","1996-12-27","1","No","Puzzle","Not Rated","Tetris S is a Puzzle game, developed and published by Bullet-Proof Software, which was released exclusively in Japan in 1996."
"Texthoth Ludo: Arcanum Senki","テクストート・ルド　～アルカナ戦記～","Region Not Set","","Pai","Falcon","1997-12-18","1","No","Board","E - Everyone","No overview is currently available for this title, please feel free to add one."
"The Conbini","","NTSC-J","Japan","Human Engineered Software","Masterpiece","1997-03-20","1","No","Construction and Management Simulation","Not Rated","The Conveni ~Ano Machi wo Dokusen seyo~ (ザ・コンビニ　～あの町を独占せよ～) is a Simulation game, developed by Masterpiece Co., LTD / Access and published by Human, which was released in Japan in 1997 for the Sega Saturn."
"The Crow: City of Angels","","Region Not Set","","Acclaim Entertainment, Inc.","Gray Matter","1997-03-12","","No","","M - Mature 17+","The Crow: City of Angels is a video game adaption of the 1996 film of the same name.

Brought back from the dead by the mysterious crow, Ashe will stop at nothing to avenge his and his son's execution at the hands of the minions of Judah, the city’s crime lord. One by one they will face the crow!

The Crow: COA is a 3D fighting game in which the player wanders from screen to screen, fighting everybody they come across with a wide variety of kicks and punches that vary based on your proximity to your foe. There is also a large range of weapons including pistols, shotgun's, knives, pool cues, pipes and steel drums."
"The Game Paradise! Gokuraku Pack","Game Tengoku Gokuraku Pack","NTSC-J","Japan","Jaleco Ltd.","Jaleco Ltd.","1995-11-29","1","No","Shooter","Not Rated","No overview is currently available for this title, please feel free to add one."
"The Horde","","Region Not Set","","BMG Interactive Entertainment","Silicon Knights | 																Toys for Bob","1997-06-01","1","No","Strategy","E - Everyone","The Horde is a hybrid action-strategy video game that was originally released on the 3DO platform, but was soon after ported to the Sega Saturn and MS-DOS. It was an unusual hybrid of action and strategy game for the time. It also featured full-motion video sequences featuring a number of actors including Kirk Cameron as Chauncey and Michael Gregory as Kronus Maelor. Video sequences were reduced to slideshows (with full sound) in some versions."
"The House of the Dead","","Region Not Set","","Sega","Tantalus Media","1998-03-31","2","No","Shooter | Horror","M - Mature 17+","They're dead - they just don't know it yet! Your job: play teacher using strategically placed rounds of hot lead. The arcade monster hit has risen on Sega Saturn. Load your trusty 12 gauge and dissect every rotting zombie, beefed-up cadaver and killer monkey experiment that stumbles your way. Just don't miss - these maggot-ridden mummies haven't had a good meal in years!"
"The House of the Dead Virtua Gun Edition","","Region Not Set","","Sega","WOW Entertainment","1998-03-26","2","No","Shooter","","No overview is currently available for this title, please feel free to add one."
"The Incredible Hulk: The Pantheon Saga","","Region Not Set","","Eidos Interactive","Attention to Detail Limited","1997-01-01","","No","Action | Fighting","E - Everyone","True to the comic books, the Hulk relies on no other weapons than his massive muscles to punch, kick and crush his enemies. When he has accumulated enough gamma energy, he may use powerful special moves like a Vortex Spin or the Floor Hammer. Rare bonus items also allow the Hulk to summon one of the four Pantheon team members Atalanta, Ulysses, Ajax and Hector to assist in the thick of battle.

Most levels include at least one arch-enemy, such as Piecemeal, Trauma & Lazarus or the U-Foes. Luckily, the Hulk’s regenerative powers allow him to regain health slowly. Little seems to be left of the Hulk’s legendary leaping capacity, however, so the green meat ball is forced to hop from platform to platform every now and then."
"The King of Fighters '95","","Region Not Set","","SNK","SNK","1996-03-28","2","No","Fighting","E - Everyone","No overview is currently available for this title, please feel free to add one."
"The King of Fighters '96","","Region Not Set","","SNK","","1996-12-31","1","No","Fighting","","The battle of the dream teams '96 - READY! 27 of SNK's top fighting heroes face off for fisticuffs! Only King of Fighters lets you combine your favorite characters in exciting teams. Try out endless combinations and bop your way to the top with the toughest team of all! Over 2,900 possible team combinations using the Team Edit Function. It's too much!"
"The King of Fighters '97","","Region Not Set","","SNK","Yumekobo Co., Ltd.","1998-03-26","1","No","Fighting","","The King of Fighters 1997 begins! 29 characters to choose from! In addition to 2 new teams and 7 returning teams, 2 new characters can be found in the Edit Mode. Virtually unlimited choice in an impressive selection of 3,654 team edit combinations. Includes 2 types of playing modes. Which one can you handle - the aggressive Advanced Mode or the simple Extra Mode?"
"The Legend of Heroes I & II: Eiyuu Densetsu","Ｔｈｅ　Ｌｅｇｅｎｄ　ｏｆ　Ｈｅｒｏｅｓ　Ⅰ＆Ⅱ　英雄伝説","Region Not Set","","GMF","Falcom","1998-09-23","1","No","Role-Playing","E - Everyone","No overview is currently available for this title, please feel free to add one."
"The Legend of Oasis","The Story of Thor 2 | Thor: Seireioukiden","NTSC-U","","Sega","Ancient","1996-11-30","1","No","Action | Role-Playing","Not Rated","Join Leon in his journey to banish Agito, gain control of the Silver Amulet, and become the next Spirit King of Oasis. Unbelievable hand drawn animation! More than nine special moves. Use scrolls and Spirits to power up your arsenal. Use the forces of six angry spirits to destroy the undead forces of Agito! The action-packed prequel to Beyond Oasis!"
"The Lost World: Jurassic Park","","Region Not Set","","Electronic Arts","DreamWorks Interactive L.L.C.","1997-01-01","","No","","T - Teen","The Lost World: Jurassic Park is a 3D action video game released in 1997 for the Sega Saturn and Sony PlayStation. Developed by DreamWorks Interactive and published by Electronic Arts, The Lost World: Jurassic Park is based on both the novel by Michael Crichton and Steven Spielberg’s film The Lost World: Jurassic Park. A year later a special edition of the game was released for the Sony PlayStation as a part of their Greatest Hits line-up and featured several modifications to the game play.

The player takes control of characters struggling to survive on INGen’s “Site B” populated by over 20 species of dinosaurs in an environment of escalating chaos. There are 5 characters in all to choose from, each with their own special abilities and attributes. While the game is in 3D, the game play resembles early 2D platformers in which you generically either go left or right, limiting the mobility of each character."
"The Making of Nightruth","","NTSC-J","Japan","Varie","Sonnet Computer Entertainment","1996-06-28","1","No","Utility","Not Rated","No overview is currently available for this title, please feel free to add one."
"The Mansion of Hidden Souls","Shinsetsu Yumemi Yakata: Tobira no Oku ni Dareka ga...","Region Not Set","","Sega","Sega","1994-01-01","1","No","Adventure","E - Everyone","This Saturn-exclusive game is actually a sequel to the Sega CD game Mansion of Hidden Souls, even though the title might lead one to believe it is a remake.

This game takes place after the events of the first game. The souls of the hidden mansion have asked you to return, because they have recognized that you possess special powers that allow you to see the butterfly manifestations of the souls living there. Something terrible is afoot at the mansion, and you must investigate things and set them right. Along the way you must discover the true purpose of the mansion and it's significance in the universe.

Much like the Sega CD game, this is an FMV adventure. You move from location to location via video sequences, and solve puzzles to move on in the story."
"The Need for Speed","Road & Track Presents: The Need for Speed","NTSC","United States of America","EA Games","Pioneer Productions","1996-06-28","2","No","Racing","E10+ - Everyone 10+","Road & Track Presents: The Need for Speed, later released in Japan as Over Drivin', is a 1994 racing video game first released on the 3DO and then ported to MS-DOS, PlayStation and Sega Saturn. It is the first installment released in the Need for Speed series. The premise of the game involves racing in sport cars, including several exotic models and Japanese imports."
"The Psychotron","","NTSC-J","Japan","GAGA Communications Inc.","Gaga Communications","1995-10-27","1","No","Adventure | Puzzle | Horror","M - Mature 17+","No overview is currently available for this title, please feel free to add one."
"The Sacred Pools","","PAL","","Sega","?","1996-01-01","1","No","Adventure","AO - Adult Only 18+","The Sacred Pools is an unreleased PC and Sega Saturn full motion video game. It was one of the first projects to be announced by the newly formed SegaSoft, and was to be a full motion video adventure game similar to the likes of Myst, seemingly set to take place across three CD-ROMs. Being technically independent from Sega, the team also planned to bring the game to the PlayStation."
"The Star Bowling","","Region Not Set","","Aroma","Yumedia","1997-11-13","2","No","Sports","E - Everyone","No overview is currently available for this title, please feel free to add one."
"The Star Bowling Vol. 2","","Region Not Set","","Aroma","Yumedia","1998-01-15","4","No","Sports","E - Everyone","No overview is currently available for this title, please feel free to add one."
"The Super Dimension Fortress Macross","","Region Not Set","","","","","","No","","","No overview is currently available for this title, please feel free to add one."
"The Tower","Sim Tower","Region Not Set","","OpeNBooK","OpenBook Co., Ltd.","1996-03-01","1","No","Construction and Management Simulation","Not Rated","No overview is currently available for this title, please feel free to add one."
"The Unsolved","","Region Not Set","","Virgin Interactive Entertainment, Inc.","Japan Media Programming","1997-05-02","1","No","Adventure","M - Mature 17+","No overview is currently available for this title, please feel free to add one."
"The Yakyūken Special: Konya wa 12-kai Ikusa","ザ・野球拳・スペシャル ～今夜は12回戦！！～","NTSC-J","Japan","","Societa Daikanyama","1994-11-11","1","No","Sports","M - Mature 17+","Japanese erotic game of strip Rock-Paper-Scissors, with pretty young babes. The game was released only in Japan."
"Theme Park","","Region Not Set","","Electronic Arts","Bullfrog Productions","1995-01-01","1","No","","","Dominating the exciting world of Theme Park ownership is your goal in this strategy game from Bullfrog. The first task is to set up your rides within the available land, structuring convenient paths and queues and ideally leaving some space for bigger rides once they become available, and include some lakes and trees to increase the park's allure. Rides range from Teacups and Haunted Houses to the biggest most elaborate roller-coaster you can design, and water rides that loop around other rides."
"Thor: Seireioukiden","The Legend of Oasis | The Story of Thor 2","NTSC-J","Japan","Sega","Ancient","1996-04-26","1","No","Action | Adventure | Role-Playing","Not Rated","No overview is currently available for this title, please feel free to add one."
"Three Dirty Dwarves","","Region Not Set","","","","1997-05-29","2","Yes","Action | Fighting","T - Teen","Four genetically altered geeks have opened the trans-dimensional gates to reality and summoned a rag-tag posse of filthy orc dwarves to rescue them from their maniacal captor. Run amuch with up to 3 players, through over 20 hard-hitting whacko worlds of car-tooney ghettos and freaked-out bosses!"
"Thunder Force Gold Pack 1","","Region Not Set","","Technosoft Co., Ltd.","TechnoSoft","1996-07-02","1","No","Shooter","E - Everyone","A compilation of shoot-'em-up games from the Thunder Force series, and was released exclusively for the Sega Saturn by Technosoft in 1996. The package includes Thunder Force II and Thunder Force III, both previously released for the Sega Mega Drive. The package was not released outside of Japan."
"Thunder Force Gold Pack 2","","Region Not Set","","Technosoft Co., Ltd.","TechnoSoft","1996-10-17","1","No","Shooter","E - Everyone","A compilation of shoot-'em-up games from the Thunder Force series, and was released exclusively for the Sega Saturn by Technosoft in 1996. It is a ""sequel"" to Thunder Force: Gold Pack 1. The package includes Thunder Force AC and Thunder Force IV, both previously released for Sega System C arcade hardware and the Sega Mega Drive, respectively. The package was not released outside of Japan. This is the only way to play Thunder Force AC on a home system , aside from ""Thunder Spirits"", which was ported to the Super Famicom.

The port of Thunder Force IV included in the game has some changes made from the original version: there is no slowdown present, sound effects sound more clear but also more silent."
"Thunder Force V","","Region Not Set","","Working Designs","Tecnosoft","1997-07-11","1","No","Shooter","","In a grim future where a once-benevolent alien technology has turned against humanity, only a ragtag group of ace pilots can save the Earth from total annihilation. Code name: Thunder Force! Witness the first 32-bit installment of the massively popular shooter series! Five spectacular weapons with multiple power-up levels let you blast through waves of metallic predators, and look good doing it. A constant barrage of innovative enemies keeps you intrigued while you struggle to stay alive. A speaker-imploding soundtrack has your foot tapping as your fingers are mashing. Unbelievable rendered cutscenes draw, no-DRAG you kicking and screaming into the action. Put simply, it's the ultimate hardcore gaming blast-o-rama!"
"Thunder Force V [Sega Saturn Collection Edition]","","NTSC-J","Japan","Working Designs","Tecnosoft","1998-09-17","1","No","Shooter","E - Everyone","In a grim future where a once-benevolent alien technology has turned against humanity, only a ragtag group of ace pilots can save the Earth from total annihilation. Code name: Thunder Force! Witness the first 32-bit installment of the massively popular shooter series! Five spectacular weapons with multiple power-up levels let you blast through waves of metallic predators, and look good doing it. A constant barrage of innovative enemies keeps you intrigued while you struggle to stay alive. A speaker-imploding soundtrack has your foot tapping as your fingers are mashing. Unbelievable rendered cutscenes draw, no-DRAG you kicking and screaming into the action. Put simply, it's the ultimate hardcore gaming blast-o-rama!"
"Thunder Storm LX-3 & Road Blaster","","Region Not Set","","Ecseco Development","Ecseco","1995-10-20","1","No","Action","Not Rated","Thunder Storm & Road Blaster (サンダーストーム＆ロードブラスター) is a Sega Saturn compilation containing Thunder Storm LX-3 (Cobra Command) and Road Blaster (Road Avenger, Road Prosecutor)."
"ThunderStrike 2","","Region Not Set","","Eidos Interactive","Core Design Ltd.","1996-01-01","","No","","E - Everyone","Your name is General John T. Maclaine and you are the pilot of Firestorm 1, the lead dog in special attack missions to various parts of the world. Your helicopter is extremely powerful and carries the following weapons: 30mm Chain Gun, Firestorm Homing Missile, Rocket Pod, Runaway Cratering System (bombs), the Mk-84 500-Pound Bomb, Cluster Bombs, and the Anti-Ship Missile. These weapons -- plus excellent evasive, and attack maneuvers -- should be enough to help you succeed in attacks on drug runners and terrorists, from Columbia to Iraq.

Thunder Strike 2 is the sequel to Core's Amiga, ST, PC & Sega CD game, AH-3 Thunderstrike. Like the previous game in the series, this is a helicopter simulator/shooter. It features realistic features like multiple weapons selection, full freedom of movement, and a mission-based structure. On the other hand, it also throws lots and lots of enemy tanks and helicopters at you to blow up."
"Tilk: Aoi Umi kara Kita Shoujo","ティルク　～青い海から来た少女～","Region Not Set","","TGL","TGL","1997-12-23","1","No","Role-Playing","E - Everyone","No overview is currently available for this title, please feel free to add one."
"Tilt!","","Region Not Set","","Virgin Interactive Entertainment, Inc.","NMS Software","","1","No","","","The finest pinball simulation ever! Six original table, each stunning rendered using Silicon Graphics technology, mathmatically correct ball physics, special bonus side games and animated lock sequences. The first pinball game to offer a true player's-eye 3D perspective. Superb sampled sound effects and atmospheric sound tracks."
"Time Commando","","Region Not Set","","Activision","Adeline Software International","1998-03-12","1","No","Action | Adventure","E - Everyone","No overview is currently available for this title, please feel free to add one."
"Time Gal & Ninja Hayate","タイムギャル＆忍者ハヤテ","Region Not Set","","Taito Corporation","Taito Corporation","1997-06-01","2","No","Action | Adventure","E - Everyone","Time Gal & Ninja Hayate is a compilation of two Taito LaserDisc arcade FMV games, Time Gal (1985) and Ninja Hayate (1984), for the Sega Saturn by Ecseco Development. The Time Gal conversion supposedly does not contain anything added by Wolf Team in their earlier Mega CD conversion of the game. This port supposedly adds bonus features to both games."
"Time Warner Interactive's VR Virtua Racing","V.R. Virtua Racing","Region Not Set","","","Time Warner Interactive","1995-06-01","2","No","Racing","E - Everyone","You've fondled the box. You've studied the screen shots. You've even read the captions... You know about the 10 different tracks (seven more created just for Saturn drivers!). The new vehicles (yes, a Go-Kart). Grand Prix Mode (15 teams to face, five cars to race - better practice). Next generation cinematics (you definitely won't find this anywhere else!). Split-screen mode (yeeeehawww!!!)... Guess all that's left to do is buckle up and see how Saturn's twin 32-bit RISC engines perform over 300mph!"
"TNN Motor Sports Hardcore 4X4","Hardcore 4X4","NTSC-U","United States of America","American Softworks Corporation","Gremlin Interactive Ltd.","1996-11-01","2","No","Racing","E - Everyone","Hardcore 4x4 (initially known as TNN Motorsports Hardcore 4X4 in the US and known as Deka Yonku ~Tough The Truck~ (デカ４駆　～タフ　ザ　トラック～?) in Japan) is a racing video game developed by Gremlin Interactive for the Sega Saturn, PlayStation and Microsoft Windows. It became available for download from PlayStation Store as a PSone Classic for play on the PlayStation 3 on January 10, 2008, in PAL regions.[4] The game utilizes 3D environments and truck models. The soundtrack features hard rock music.

I"
"Tokimeki Mahjong Graffiti","","Region Not Set","","","Sonnet Computer Entertainment","1996-05-03","1","No","Board","AO - Adult Only 18+","No overview is currently available for this title, please feel free to add one."
"Tokimeki Mahjong Paradise","","Region Not Set","","","Sonnet Computer Entertainment","1995-10-20","1","No","Board","AO - Adult Only 18+","No overview is currently available for this title, please feel free to add one."
"Tokimeki Memorial Drama Series Vol. 1: Nijiiro no Seishun","ときめきメモリアルドラマシリーズ Vol.1 虹色の青春","Region Not Set","","Konami","Konami","1997-07-10","1","No","Adventure","Not Rated","The story behind the game is about a transfer student (that would be you) who joins a soccer team. He encounters this girl who later turns out to be the manager of the soccer team. Her name is Saki Nijino.

It seemed that everything was going fine when all of a sudden, the coach picks the starters for the team. You got very confident in yourself that you thought he would pick you. Yet, the coach only saw you as a beginner and you were not picked to be one of the starters.

This begins your relationship with Saki Nijino and also you start to get to know her friend, the first-year manager. Your relationship grows and grows with Saki because you train yourself in front of your house every night with her helping you out."
"Tokimeki Memorial Drama Series Vol. 2: Irodori no Love Song","","Region Not Set","","","","1998-03-26","1","No","Adventure","Not Rated","The game story goes on in days, from September 25, 1997, to October 11, 1997.

It is 17 days to the Culture Festival and your band (Irodori) is going to participate in the band contest. On this day while you are practicing a group of girls gathers around your band to talk to Takumi while you just ignore them and practice. After practicing Takumi meets his classmate Katagiri Ayako and goes over to talk to her. You will not know who she is at this time. Suzune will follow you on your way home.

At this point, you will learn that she has some feelings for you, but you will not realize it. During lunchtime, you go to the rooftop to write a new song (Tears Angel) to participate in the Band contest. After school, you can walk around to meet the other girls."
"Tokimeki Memorial Drama Series Vol. 3: Tabidachi no Uta","ときめきメモリアルドラマシリーズ Vol.3 旅立ちの詩","Region Not Set","","Konami","Konami","1999-04-01","1","No","Adventure","Not Rated","Tokimeki Memorial Drama Series vol.3 Tabidachi no Uta (""Poem of Journeys"") features both Shiori Fujisaki and Miharu Tatebayashi sharing a similar story about the player running a marathon just before graduation that branches off into different directions depending on which girl you choose to pursue."
"Tokimeki Memorial Selection: Fujisaki Shiori","","Region Not Set","","Konami","Konami","1997-03-27","1","No","Adventure","Not Rated","No overview is currently available for this title, please feel free to add one."
"Tokimeki Memorial: Forever With You","","Region Not Set","","","","1996-07-19","1","No","Adventure","Not Rated","Tokimeki Memorial (ときめきメモリアル Tokimeki Memoriaru?, lit. ""Heartbeat Memorial"") is a dating sim by Konami and the first game in the Tokimeki Memorial series.

The first game in the series is particularly notable for its ""bomb"" feature, where neglected, infrequently-dated girls would eventually become angry and gossip to their friends, severely reducing love meters across the board. In the middle of the game, when the number of known girls was high, these ""bombs"" became the primary concern of the player, forcing careful planning and strategies like round-robin dating. Although the feature was still present in the later games, it was considerably reduced in importance and the difficulty in avoiding it."
"Tokimeki Memorial: Taisen Puzzle-Dama","","Region Not Set","","Konami","Konami Computer Games Aoyama","1996-09-27","1","No","Puzzle","","No overview is currently available for this title, please feel free to add one."
"Tokimeki Memorial: Taisen Tokkaedama","","Region Not Set","","Konami","Konami","1997-08-07","1","No","Adventure","Not Rated","No overview is currently available for this title, please feel free to add one."
"Tokusou Kidoutai J-Swat","","Region Not Set","","Banpresto Co., Ltd.","Japan Media Programming","1996-08-23","1","No","Action | Shooter","E - Everyone","No overview is currently available for this title, please feel free to add one."
"Tokyo Shadow","","Region Not Set","","Taito Corporation","Taito Corporation","1997-04-25","1","No","Adventure","M - Mature 17+","No overview is currently available for this title, please feel free to add one."
"Tomb Raider","","NTSC-U","","Eidos Interactive","Core Design Ltd.","1996-10-31","1","No","Action | Adventure","T - Teen","In Tomb Raider, the player controls the female archaeologist Lara Croft, in search for the three mysterious Scion artefacts across the world. The game is presented in third person perspective. Lara is always visible and the camera follows the action from behind or over her shoulder. The world she inhabits is fully drawn in three dimensions and characterized by its cubic nature. Ledges, walls and ceilings mostly sit at 90 degrees to each other, but sometimes feature sloping planes.
The object of Tomb Raider is to guide Lara through a series of tombs and other locations in search of treasures and artefacts. On the way, she must kill dangerous animals and other creatures, while collecting objects and solving puzzles to gain access to an ultimate prize, usually a powerful artefact. Gunplay is restricted to the killing of various animals that appear throughout each stage, although occasionally Lara may be faced with a human opponent. Instead the emphasis lies on solving puzzles and performing trick jumps to complete each level."
"Top Anglers Super Fishing Big Fight 2 (JPN)","","Region Not Set","","Naxat Soft","NAXAT Soft","1997-06-27","2","No","Sports","E - Everyone","No overview is currently available for this title, please feel free to add one."
"Torico","","Region Not Set","","Atlus Co., Ltd.","System Sacom","1996-06-28","1","No","Adventure | Horror","T - Teen","Lunacy, released in Europe as Torico and in Japan as Gekka Mugentan Torico (月花霧幻譚 Torico), is an adventure game developed by System Sacom and published by Sega for the Sega Saturn in 1996. Lunacy is an interactive movie adventure consisting of a long series of interconnecting full motion video (FMV) sequences, much like The 7th Guest and System Sacom's earlier Saturn game, Mansion of Hidden Souls."
"Toshinden S","","NTSC-J","Japan","Sega","Nextech | 																Sega | 																Tamsoft Corporation","1995-11-24","2","No","Fighting","Not Rated","Japanese version of Battle Arena Toshinden Remix"
"Touge: King the Spirits 2","","Region Not Set","","Atlus Co., Ltd.","Atlus Co., Ltd.","1997-04-18","2","No","Racing","Not Rated","No overview is currently available for this title, please feel free to add one."
"Tour Party: Sotsugyou Ryokou ni Ikou","","Region Not Set","","Takara","Japan Media Programming","1998-04-23","4","No","Board","E - Everyone","No overview is currently available for this title, please feel free to add one."
"Touryuu Densetsu Elan Doree","","Region Not Set","","","","1999-01-14","2","No","Fighting","Not Rated","Touryuu Densetsu Elan Doree (闘龍伝説エランドール) is a 1998 fighting game for the Sega Titan Video arcade hardware by Sai-Mate ported to the Sega Saturn later. The game is a 3D fighting game in which fighters battle each other while riding dragons."
"Transport Tycoon","","Region Not Set","","Imagineer Co., Ltd.","MicroProse Software","1997-11-20","1","No","Life Simulation","E - Everyone","No overview is currently available for this title, please feel free to add one."
"Trash It","","Region Not Set","","GT Interactive Software Corp.","Rage Software","","1","No","Action","","Trash It is an orgy of destruction that will set pulses racing in the most original arcade in recent years. Based on the exploits of Jack Hammer, Trash It offers the player the opportunity to destroy memmoth buildings, monumental structures and pulsating power plants in the ultimate frency of devastation and vandalism. Your palms will sweat, your veins bulge as you go through level after level of challenging gameplay."
"True Pinball","Tekkyu: True Pinball","Region Not Set","","","Digital Illusions","1996-10-31","1","No","Board","E - Everyone","This is True Pinball... This is attention to detail on every level. This is ball physics: table design: 2D and 3D views: six ball multiballs: video modes and incredible music. This is an experience heightened by the excitement of accurate pinball simulation. Prepare yourself for the speed - prepare yourself for the shock - this is True Pinball."
"Tryrush Deppy","","NTSC-J","Japan","Nihon Create","System Supply N-Tech","1996-06-28","1","No","Action","Not Rated","No overview is currently available for this title, please feel free to add one."
"Tukai!! SLOT SHOOTING","","Region Not Set","","BMG Interactive Entertainment","Shoeisha","1996-06-14","1","No","Shooter","Not Rated","Tsuukai!! Slot Shooting is an Action game, developed by Shoeisha and published by BMG Interactive Entertainment, which was released in Japan in 1996."
"Tunnel B1","Finalist","NTSC-U","","Ocean Software Ltd.","Neon","1997-01-15","1","No","Action | Shooter","Not Rated","You are on a mission to destroy the ultimate weapon of your enemy. This involves travelling through a set of precarious tunnels in your high-tech hover-craft. The tunnels are filled with enemy vehicles, choppers and sentry guns which you have to take out or avoid. To make life even worse, a lot of sections require you to clear them in a given time limit. The only good thing is that you'll be able to upgrade your weaponry often."
"Turf Wind '96: Take Yutaka Kyousouba Ikusei Game","","Region Not Set","","Jaleco Ltd.","Jaleco Ltd.","1996-10-04","1","No","Sports","E - Everyone","No overview is currently available for this title, please feel free to add one."
"Tutankhamen no Nazo: Ankh","","Region Not Set","","","Ray Corporation","1997-11-20","1","No","Adventure","E - Everyone","No overview is currently available for this title, please feel free to add one."
"Twinkle Star Sprites","","Region Not Set","","","","1996-11-06","2","Yes","Puzzle | Shooter","","Twinkle Star Sprites (ティンクルスタースプライツ? Tinkuru Sutaa Supuraitsu) is a 1996 competitive scrolling shooter arcade game originally created by ADK. It was ADK's last production for the Neo-Geo platform. The gameplay, which can be characterized as a combination of a fixed shooter and a versus puzzle game, uses combinations of shots, as well as timed power-ups to attempt to damage the opponent. These attacks also serve as counters to the opponent's attack."
"UEFA Euro 96 England","","Region Not Set","","Sega","Gremlin Interactive Ltd.","1996-01-01","6","No","Sports","Not Rated","EU release"
"Ultimate Mortal Kombat 3","","Region Not Set","","Williams Electronic Games, Inc.","Midway","1996-06-26","2","No","Fighting","M - Mature 17+","Ultimate Mortal Kombat 3 combines the best of all the Mortal Kombats into a single cartridge. 23 playable characters are immediately available, such as Reptile, Cyrax, Scorpion, Sub-Zero, Jax, Katana, Sonya, and more. There are two bosses that are unlockable, as well as additional characters.

There is a variety of new levels, some of which are interactive. Characters can uppercut someone, causing them to hit the ground hard and crash through to the bottom floor, or they can knocked someone off a bridge, landing in a pit of spikes.

Players can go against the computer one-on-one, two-on-two, or take part in the 8-fighter tournament."
"Ultraman Zukan","","Region Not Set","","Kodansha Ltd.","Tsuburaya Prod.","1996-09-13","1","No","Adventure","E - Everyone","No overview is currently available for this title, please feel free to add one."
"Ultraman Zukan 2","","Region Not Set","","Kodansha Ltd.","Tsuburaya Prod.","1997-12-18","1","No","Adventure","E - Everyone","No overview is currently available for this title, please feel free to add one."
"Ultraman Zukan 3","","Region Not Set","","Kodansha Ltd.","Tsuburaya Prod.","1998-06-18","1","No","Adventure","E - Everyone","No overview is currently available for this title, please feel free to add one."
"Ultraman: Hikari no Kyojin Densetsu","","Region Not Set","","Bandai Co., Ltd.","Sims","1996-12-20","2","No","Action | Fighting","E - Everyone","No overview is currently available for this title, please feel free to add one."
"Umanari 1 Haron Gekijou","","Region Not Set","","","","1997-12-04","1","No","Strategy","E - Everyone","No overview is currently available for this title, please feel free to add one."
"Umibe de Reach!","","Region Not Set","","","Natsu System","1998-08-20","1","No","Board","E - Everyone","No overview is currently available for this title, please feel free to add one."
"Universal Nuts","","Region Not Set","","Lay-Up","Lay-Up","1997-12-18","1","No","Adventure","M - Mature 17+","No overview is currently available for this title, please feel free to add one."
"Uno DX","","Region Not Set","","Media Quest","Media Quest","1998-01-29","2","No","Board","E - Everyone","Let's play UNO together!!

Play UNO with your lover!! Play UNO with your friends!! Play UNO with your Mom!! Play UNO with your Dad!!

Choose one of the 11 characters and play UNO. Two player UNO is also fun. Even one person can enjoy the Story Mode Advance UNO!

Select from 3 modes: Free UNO, Partner UNO, and Advanced UNO."
"V.R. Virtua Racing","Time Warner Interactive's VR Virtua Racing","NTSC-J","Japan","Time Warner Interactive, Inc.","Time Warner Interactive","1995-12-22","2","No","Racing","Not Rated","No overview is currently available for this title, please feel free to add one."
"Valhollian","","Region Not Set","","Kamata and Partners","Datt Japan","1998-08-06","1","No","Role-Playing","Not Rated","Zanma Chouougi Valhollian (斬魔超奥義ヴァルハリアン) is a 1998 strategy RPG by Datt Japan for the Sega Saturn. It was only released in Japan."
"Valora Valley Golf","The Hyper Golf : Devil's Course","Region Not Set","","","","1996-01-01","4","No","Sports","E - Everyone","No overview is currently available for this title, please feel free to add one."
"Vampire Hunter: Darkstalkers' Revenge","Night Warriors: Darkstalkers' Revenge | ヴァンパイアハンター","NTSC-J","","","","1996-02-23","2","No","Fighting","Not Rated","No overview is currently available for this title, please feel free to add one."
"Vampire Savior + 4MB RAM Pack","Vampire Savior: The Lord of Vampire [RAM Cart Bundle]","NTSC","Japan","Capcom","Capcom","1998-04-16","2","No","Fighting","T - Teen","No overview is currently available for this title, please feel free to add one."
"Vampire Savior: The Lord of Vampire","","Region Not Set","","Capcom","Capcom","1997-04-16","2","No","Fighting","","Darkstalkers 3, titled in Japan as Vampire Savior: The Lord of Vampire (ヴァンパイア セイヴァー The Lord of Vampire Vanpaia Seivā Za Rōdo Obu Vanpaia?), is the second sequel in the Darkstalkers series of fighting games by Capcom, originally released in arcades in 1997. The game retains the character roster of Darkstalkers: The Night Warriors, omitting Donovan, Huitzil and Pyron from the lineup. Taking their place were four new characters: Jedah, Lilith, Q-Bee and B. B. Hood. It also features a secret character/mode, Shadow, where the player assumes the identity of the defeated character for the next fight (e.g. if Morrigan is defeated, the next fight the player will play as Morrigan).

Vampire Savior eschews the traditional round-based system in favour of what is dubbed the ""Damage Gauge System"", where battles take place during a period of one round, with each fighter having two ""life markers"" (equivalent to two life bars) by default, which diminish after one character runs out of vitality. The player can also regain a portion of their life during battle if they manage to avoid taking further hits. The game also introduces the ""Dark Force System"" which allows players to perform special abilities unique to each character for a limited period."
"Vandal Hearts: Ushinawareta Kodai Bunmei","","Region Not Set","","Konami","Konami Computer Entertainment Nagoya","1997-11-27","1","No","Strategy","Not Rated","No overview is currently available for this title, please feel free to add one."
"Vatlva","","Region Not Set","","Victor Entertainment","Ancient","1996-12-06","6","Yes","Action | Shooter","Not Rated","No overview is currently available for this title, please feel free to add one."
"Victory Goal","ビクトリーゴール","Region Not Set","","Sega","Team Aquila","1995-01-20","4","No","Sports","","6 modes of play! 4 players simultaneously! 192 players from the league! Go for the goal, this is soccer like you never experienced it before!"
"Virtua Cop","","NTSC-J","Japan","Sega","Sega AM2 R&D Division","1995-11-24","2","No","Shooter","E - Everyone","Virtua Cop (バーチャコップ) is a Gun Shooter game, developed by Sega AM2 (Amusement R&D Dept.#2) / Sega Enterprises, Ltd. and published by Sega Enterprises, Ltd., which was released in Japan in 1995 for the Sega Saturn."
"Virtua Cop [Gun Bundle]","","NTSC-J","Japan","Sega","Sega AM2 R&D Division","1995-11-24","2","Yes","Shooter","E - Everyone","Virtua Cop (バーチャコップ) is a Gun Shooter game, developed by Sega AM2 (Amusement R&D Dept.#2) / Sega Enterprises, Ltd. and published by Sega Enterprises, Ltd., which was released in Japan in 1995 for the Sega Saturn."
"Virtua Cop [Not for Resale]","","NTSC","","Sega","Sega AM2 R&D Division","1995-11-15","2","No","Shooter","T - Teen","Virtua Cop (バーチャコップ, Bācha Koppu) (known as Virtua Squad for the North American Windows version) is a 1994 lightgun shooter created by Sega AM2 and designed by Yu Suzuki. Its original incarnation was an arcade game on the Sega Model 2 system. It was ported to the Sega Saturn in 1995 and Windows in 1997. The Saturn version included support for both the Virtua Gun and Saturn mouse, as well as a new ""Training Mode"" which consists of a randomly generated shooting gallery. This version was made however for a bundle."
"Virtua Cop 2","","NTSC-J","Japan","Sega","Sega AM2 R&D Division","1996-11-22","2","Yes","Action","Not Rated","No overview is currently available for this title, please feel free to add one."
"Virtua Cop 2 [Gun Bundle]","","NTSC-U","United States of America","Sega","","1995-09-01","2","Yes","Shooter","T - Teen","VIRTUA COP 2 WITH STUNNER GUN  (SEGA Saturn)"
"Virtua Cop Special Pack","","Region Not Set","","Sega","Sega AM2 R&D Division","1998-02-19","1","No","Shooter","Not Rated","No overview is currently available for this title, please feel free to add one."
"Virtua Fighter","","NTSC-J","","Sega","Sega","1994-01-07","2","No","Fighting","E10+ - Everyone 10+","Virtua Fighter was the first of it's kind: A one-on-one fighting game featuring fully 3D environments and characters. The fighters and arenas are rendered in flat-shaded polygons. Unlike many fighting games, Virtua Fighter focuses on deep gameplay based on actual fighting styles, rather than outrageous special moves and story lines.

There are 8 fighters to choose from in Virtua Fighter, and an equal number of fighting backdrops in which to compete. Each fighter has a distinctive fighting style, and their own set of signature moves."
"Virtua Fighter 2","バーチャファイター２","PAL","United Kingdom of Great Britain and Northern Ireland","Sega","Sega AM2 R&D Division","1996-01-26","2","No","Fighting","T - Teen","In Virtua Fighter 2, the intrepid fighters return to the World Fighting Tournament. Take to the stage to see who will claim the championship title. Will it be Lau Chan, Kage-Maru, Wolf Hawkfield, Jeffry McWild, Akira Yuki, Jacky Bryant, Sarah Bryant, or Pai Chan? The answer lies within. Immerse yourself in this technically challenging game and see if you have what it takes to be the champion of the second World Fighting Tournament!"
"Virtua Fighter 2 [Not for Resale]","","NTSC","","Sega","Sega AM2 R&D Division","1995-12-04","2","No","Fighting","T - Teen","Virtua Fighter 2 was known for its breakthrough graphics. It used Sega's Model 2 arcade hardware to run the game at 60 frames per second at a high resolution with no slowdown (by comparison, the original Virtua Fighter ran at 30 frames per second). It introduced the use of texture-mapped 3D characters, and motion capture animation technology. The Saturn version was also well-received for its graphics and gameplay. It became a huge hit in Japan and sold relatively well in other markets, notably the UK. This version was made however for a bundle."
"Virtua Fighter CG Portrait Series The Final: Dural","","Region Not Set","","Sega","Sega AM2 R&D Division","1996-03-01","1","No","Utility","E - Everyone","No overview is currently available for this title, please feel free to add one."
"Virtua Fighter CG Portrait Series Vol.1: Sarah Bryant","","Region Not Set","","Sega","Sega AM2 R&D Division","1995-10-13","1","No","Utility","E - Everyone","No overview is currently available for this title, please feel free to add one."
"Virtua Fighter CG Portrait Series Vol.10: Jeffry McWild","","Region Not Set","","Sega","Sega AM2 R&D Division","1996-03-01","1","No","Utility","E - Everyone","No overview is currently available for this title, please feel free to add one."
"Virtua Fighter CG Portrait Series Vol.2: Jacky Bryant","","Region Not Set","","Sega","Sega AM2 R&D Division","1995-10-13","1","No","Utility","E - Everyone","No overview is currently available for this title, please feel free to add one."
"Virtua Fighter CG Portrait Series Vol.3: Akira Yuki","","Region Not Set","","Sega","Sega AM2 R&D Division","1995-11-17","1","No","Utility","E - Everyone","No overview is currently available for this title, please feel free to add one."
"Virtua Fighter CG Portrait Series Vol.4: Pai Chan","","Region Not Set","","Sega","Sega AM2 R&D Division","1995-11-17","1","No","Utility","E - Everyone","No overview is currently available for this title, please feel free to add one."
"Virtua Fighter CG Portrait Series Vol.5: Wolf Hawkfield","","Region Not Set","","Sega","Sega AM2 R&D Division","1995-12-08","1","No","Utility","E - Everyone","No overview is currently available for this title, please feel free to add one."
"Virtua Fighter CG Portrait Series Vol.6: Lau Chan","","Region Not Set","","Sega","Sega AM2 R&D Division","1995-12-08","1","No","Utility","E - Everyone","No overview is currently available for this title, please feel free to add one."
"Virtua Fighter CG Portrait Series Vol.7: Shun Di","","Region Not Set","","Sega","Sega AM2 R&D Division","1996-01-26","1","No","Utility","E - Everyone","No overview is currently available for this title, please feel free to add one."
"Virtua Fighter CG Portrait Series Vol.8: Lion Rafale","","Region Not Set","","Sega","Sega AM2 R&D Division","1996-01-26","1","No","Utility","E - Everyone","No overview is currently available for this title, please feel free to add one."
"Virtua Fighter CG Portrait Series Vol.9: Kage Maru","","Region Not Set","","Sega","Sega AM2 R&D Division","1996-03-01","1","No","Utility","E - Everyone","No overview is currently available for this title, please feel free to add one."
"Virtua Fighter Kids","","NTSC-U","United States of America","Sega","Sega","1996-07-31","2","No","Fighting","T - Teen","The Virtua Fighter family enters the next generation with a bang! Meet VF Kids! They're small, fast, and hold the secret to all 2,000 Virtua Fighter moves! With hilarious animations and sound effects, and running 20% faster than VF2, this is a must for all fight fans!"
"Virtua Fighter Kids (JPN)","","NTSC-J","Japan","Sega","Sega","1996-07-26","2","No","Fighting","E - Everyone","No overview is currently available for this title, please feel free to add one."
"Virtua Fighter Remix","","NTSC-J","Japan","","","1995-07-14","2","Yes","Fighting","Not Rated","Virtua Fighter Remix (バーチャファイター リミックス) is an update to Virtua Fighter, and was first released on the Sega Saturn in 1995 just months after the Saturn release of the first game.

For the most part, Virtua Fighter Remix acts as a visual upgrade over the original Virtua Fighter, with the core gameplay remaining unchanged from the Saturn's earlier incarnation."
"Virtua Fighter Remix [Not for Resale]","","NTSC-U","United States of America","Sega","Sega AM2 R&D Division","1995-10-02","2","No","Fighting","T - Teen","(This listing is for the Not for Resale variant of the Virtua Fighter Remix game) 

Sega Saturn's revolutionary 3D graphics power brings the arcade action home! Punch-it out with eight polygon pummeling fighters: Jacky, Sarah, Akira, Lau, Pai, Wolf, Jeffry, and Kage. Includes all 700 butt-whoopin' moves from the arcade hit. Hear every punch, smack and bone crack in CD surround sound. Dynamic replay perspectives show every knockout blow!"
"Virtua Photo Studio","バーチャフォトスタジオ　カメラマンシミュレーション","Region Not Set","","Acclaim Japan","High-Tech Lab Japan","1996-03-29","1","No","Strategy","AO - Adult Only 18+","The game features three models who the player must photograph. The more risque the photo, the better. Occasionally one of the girls will grow apprehensive and you'll have to coax her back into taking part in the shoot."
"VirtuaCall S (Japan)","","Region Not Set","","","","1998-01-01","1","No","Adventure","Not Rated","Japan Release"
"Virtual Casino","","Region Not Set","","","","1996-01-01","2","No","","","No overview is currently available for this title, please feel free to add one."
"Virtual Golf","Tournament Leader","Region Not Set","","Core Design Ltd.","Core Design Ltd.","1996-02-01","2","No","Sports","E - Everyone","No overview is currently available for this title, please feel free to add one."
"Virtual Hydlide","","Region Not Set","","Atlus Co., Ltd.","T&E Soft","1995-04-27","1","No","Action | Role-Playing","E - Everyone","Action/RPG's don't get more real than this! Discover the ultimate fantasy world in this compelling epic adventure! An enchanted realm known as the Dream World has been captured an army of supernatural warriors, zombies, vampires and more infest the once peaceful land, awaiting new battles and conquests.

You are a hero, born to the sword. Your mission is to free Dream World from the grip of the undead maravders by using your wits, your sword, and few magic items you uncover in your travels."
"Virtual Kyoutei","","Region Not Set","","Nihon Bussan Co., Ltd.","Nihon Bussan Co","1996-12-20","1","No","Racing","E - Everyone","No overview is currently available for this title, please feel free to add one."
"Virtual Kyoutei 2","","Region Not Set","","Nihon Bussan Co., Ltd.","Nihon Bussan Co","1997-12-04","1","No","Racing","E - Everyone","No overview is currently available for this title, please feel free to add one."
"Virtual Mahjong","","Region Not Set","","Micronet Co. Ltd.","Micronet Co. Ltd.","1998-03-05","1","No","Board","M - Mature 17+","No overview is currently available for this title, please feel free to add one."
"Virtual Mahjong II","","Region Not Set","","Micronet Co. Ltd.","Micronet Co. Ltd.","1998-12-10","1","No","Board","M - Mature 17+","No overview is currently available for this title, please feel free to add one."
"Virtual On Cyber Troopers (JPN)","Cyber Troopers Virtual-On | Dennou Senki Virtual-On","NTSC-J","Japan","Sega","","1970-01-01","2","No","Fighting","E - Everyone","Cyber Troopers Virtual-On, known as Dennou Senki Virtual-On (電脳戦機バーチャロン) in Japan, is an arcade game initially created created for the Sega Model 2B CRX arcade platform by Sega AM3 in 1995."
"Virtual Open Tennis","","Region Not Set","","","","1996-01-01","","No","Sports","","No overview is currently available for this title, please feel free to add one."
"Virtual Volleyball","","Region Not Set","","Imagineer Co., Ltd.","Sims","1995-07-21","1","No","Sports","E - Everyone","No overview is currently available for this title, please feel free to add one."
"Virtual-On: Cyber Troopers","Virtual On: Cyber Troopers","Region Not Set","","Sega","CRI","1996-11-30","2","No","Shooter | Fighting","E10+ - Everyone 10+","Get it on with Virtual On! The home port of Sega's arcade hit where you take control of gigantic, fully armored battle droids and duke it out against other droids in duel-like battles over a set of different arenas.

The game boasts 8 fully polygonal droids, each with his own strengths and weapondry and 10 different arenas with their own layout and traps. Proceed through the entire campaign via subjecting yourself to ""virtual training"" and then facing off for the real thing against the other computer controlled droids, or go against a human opponent in multiplayer combat over Lan, modem, serial link or the same computer with split screen display."
"Virtual-On: Cyber Troopers NetLink Edition","","Region Not Set","","Sega","Sega AM3 R&D Division","1997-08-05","2","No","Action","E - Everyone","Cyber Troopers Virtual-On, known as Dennou Senki Virtual-On (電脳戦機バーチャロン) in Japan, is an arcade game initially created for the Sega Model 2B CRX arcade platform by Sega AM3 in 1995. 
The NetLink Edition is a version of the Sega Saturn release that supported online play through Sega's NetLink Internet Modem."
"Virus","Virus Buster Serge","Region Not Set","","","Hudson Soft","1997-08-22","1","No","Adventure","Not Rated","It is the 22nd century. Human beings have long reached outer space and traveled to other planets. But they could not find happiness, and soon their only source of feelings became the ""Cyber Net"", a virtual world where people could experience simple emotions such as love or hatred. One day, a deadly virus was discovered in the Cyber Net. A special unit called Blue Metal was sent to annihilate the virus. But something went wrong, and the members of the unit were killed. Serge Shadix survived, but his brother Leon never came back. This accident made Serge join a force called STAND (Special Team for Alert to Network Destruction), which specialized in cybernetic crimes. Will Serge be able to solve the mystery and discover the secret of the virus?

Virus is an adventure game with elements of a shooter, similar in concept to Snatcher, but with much more developed and frequent combat. During the adventure portions of the game, the player views locations and talks to characters from first-person perspective, interacting with the environment by selecting command icons from a bar on the bottom of the screen, and then moving the cursor on the screen to select the object to interact with in a point-and-click fashion. The game has many more puzzles than most other Japanese-style adventures; most of them are logic- or memory-based, though a few require the player to explore the environment and use inventory items.

The protagonist often enters and explores first-person 3D dungeon-like areas, where he can physically move around and also encounter enemies. Battles take place on a separate screen; the hero fights by aiming at enemies and shooting at them in real time. Each action in combat costs action points (AP); once the main character's AP bar is depleted, he cannot perform actions until it refills gradually or until the player uses an AP-restoring item. It is also possible to use shields and various offensive items during combat. Weapons and items can be bought in stores. Many boss battles require the player to locate the enemy's weakpoint and attack it."
"Vocal Collection - Tanjou S (JPN)","","Region Not Set","","NEC Avenue, Ltd.","NEC AVENUE","1996-07-20","2","No","Life Simulation | Party","E - Everyone","No overview is currently available for this title, please feel free to add one."
"Voice Idol Maniacs: Pool Bar Story","","Region Not Set","","Data East Corporation","Four Winds","1997-04-04","1","No","Sports","Not Rated","No overview is currently available for this title, please feel free to add one."
"VR Golf '97","Actua Golf","Region Not Set","","","","1996-01-01","","No","Sports","E - Everyone","Actua Golf (known as VR Golf '97 in North America) is a sports video game developed by Gremlin Interactive for the PlayStation and Sega Saturn. It was released in October 1996.

It was followed by Actua Golf 2 (known as Fox Sports Golf '99 in North America), also developed by Gremlin Interactive for the PlayStation and Microsoft Windows. It was released in September 1997 for the PlayStation and May 1998 for Windows. Actua Golf 2 received mixed reviews. Aggregating review website GameRankings gave the PC version 70.50%[7] and the PlayStation version 38.75%.[8]

The third and final game, Actua Golf 3, was developed by Gremlin and released on the PlayStation in 1999. The game received an average score of 70.50% at GameRankings, based on an aggregate of 2 reviews.[9]"
"VR Soccer","Actua Socce | Actua Soccer: Club Edition","Region Not Set","","VR Sports","Gremlin Interactive Ltd.","1996-11-30","1","No","Sports","E - Everyone","No overview is currently available for this title, please feel free to add one."
"Wachenröder","","Region Not Set","","Sega","Sega","1998-08-06","1","No","Role-Playing | Strategy","","Wachenröder is a strategy RPG that was released in the late years of the Sega Saturn, and probably the last of its kind. It met with poor sales - in part due to the system's declining popularity - and was soon to be forgotten by the public in spite of its initial critical acclaim, which made an already unlikely localization impossible. It's very upsetting that such a game would tank, because the guys behind it were kind of a dream team. It brought several major figures together including Yasuyuki Ueda and Yoshitoshi Abe (of Serial Experiments Lain fame), art deco-anime artist Range Murata (popular for his work on Last Exile), established composers Satoshi Miyashita (Wings of Thunder) and Takayuki Negishi (Tengai Maykou IV) as well as the founding member of the legendary progressive rock band King Crimson, Ian McDonald, as surprising and unlikely as it may sound.

The game is set on the foggy and highly socially stratified Edward Island, and follows the misadventures of Lucian Taylor. His younger sister is bed-stricken due to a pollution-related sickness that has made her extremely light-sensitive, and his irrational guilt about this state of affairs - ""Why am I the healthy one?"" - pushes him to devote himself to her well-being. However, her eventual death forces him on a quest of vengeance around the desolated lands to find Sword Emperor Duran, who he holds responsible for being the manager of hazardous water treatment facilities. The plot doesn't wander into epic battles and maintain a touching and introspective tone, supported by superb hand-drawn artworks, as well as an overall oppressive feeling through unusual cutscenes featuring scale models by a trio of experimented modelists - Takayuki Takeya, Fujita Yasuo and especially Kito Eisaku, who also designed the Nerve Tower of Sting's first person dungeon RPG Baroque which was released around the same time as Wachenröder in 1998."
"Waialae no Kiseki: Extra 36 Holes","","Region Not Set","","T&E Soft, Inc.","T&E Soft","1997-02-28","1","No","Sports","E - Everyone","No overview is currently available for this title, please feel free to add one."
"Waku Waku 7","わくわく7","NTSC-J","Japan","SUNSOFT","Sunsoft","1997-06-20","2","No","Fighting","Not Rated","This port was only released in Japan and is often looked on as being a weaker version, as despite requiring an extra 1MB RAM cartridge, it still offers more pixellated backgrounds and longer loading times than the original Neo Geo version."
"Waku Waku 7 (w/1MB RAM)","","NTSC-J","Japan","SNK","Sunsoft","1997-06-20","2","No","Fighting","Not Rated","Comes with 1MB RAM packed in.

Waku Waku 7 has an irregular feature set for a fighting game of its time, and includes features common to SNK fighting games (such as four basic attacks and screens zooming).

The game has a roster of nine characters (two of which were available only in the Versus mode of the console ports). Each has a significantly different playstyle and parodies a well-known character from another game. Each character has a powerful special move (referred to as the Harahara movement, or Harahara motion). They have several factors that make them unique, including a need to be charged (during which the character concentrates, says something, strikes a pose or blows a fanfare) and being unblockable and difficult to dodge, but can be interrupted while charging; while charging, the game flashes a warning and sounds an alarm. Characters can be launched through the screen to hit the other corner, and attacked while on the ground, but can also dodge or attack while getting up."
"Waku Waku Monster","","Region Not Set","","Altron Corporation","Altron","1998-07-30","1","No","Puzzle","E - Everyone","No overview is currently available for this title, please feel free to add one."
"Waku Waku Puyo Puyo Dungeon","","Region Not Set","","","","1998-01-01","1","No","Adventure","E - Everyone","No overview is currently available for this title, please feel free to add one."
"Wan Chai Connection","","Region Not Set","","Sega","Micronet Co. Ltd.","1994-11-22","1","No","Adventure","E - Everyone","No overview is currently available for this title, please feel free to add one."
"Wangan Dead Heat","Highway 2000","NTSC-J","Japan","Pack-In-Video Co., Ltd","Genki | 																JVC","1996-08-30","4","Yes","Racing","E10+ - Everyone 10+","No overview is currently available for this title, please feel free to add one."
"Wangan Dead Heat + Real Arrange","","Region Not Set","","Pack-In-Video Co., Ltd","Genki | 																JVC","1996-08-30","4","Yes","Racing","E10+ - Everyone 10+","A high-speed racing game available in Japan, featuring sleek cars and stylish drift turns. The game is also known for its dramatic featurettes showing off a number of racing queen girls -- the bonus included Real Arrange second disc featured a bevy of videos with the beauties."
"Wangan Trial Love","湾岸トライアルラブ","NTSC-J","Japan","Pack-In-Soft","Victor Interactive Software, Inc.","1998-04-02","1","No","Adventure | Racing","M - Mature 17+","Wangan Trial Love [ 湾岸トライアルラブ ] is a 1998 racing game released exclusively in Japan on the SEGA Saturn. The game was developed and produced by Pack-In-Soft, which following their merger with Victor Interactive Software still periodically released games under the Pack-In-Soft imprint, a result of dropping their prior Pack-In-Video branding.

Wangan Trial Love is typically included in discussion with Pack-In-Video's Wangan Dead Heat series, released in North America as Highway 2000. Wangan Trial Love is a cross-genre visual novel / racing game, with various mini-games also included as ""jobs"". The player assumes the role of a man trying to make a name for himself in the street racing scene, while also given opportunity to forge relationships with various women. A sub-segment of the game features a karting trainer mode.

The game is probably most referenced for it's rather frustrating control schema, whereas the player has to press separate buttons for accel, brake, and clutch, while using the directional pad to move the gear shifter and the top L and R triggers to steer their vehicle.

While Wangan Dead Heat utilized real actresses, Wangan Trial Love adopted an anime aesthetic.

The game received SEGA's Yellow 18 rating for sexual situations."
"Wara² Wars ~Gekitou! Daigundan Battle~","ワラワラウォーズ　激闘！大軍団バトル","Region Not Set","","Shoeisha Co., Ltd.","Shoeisha","1997-05-23","1","No","Strategy","E - Everyone","No overview is currently available for this title, please feel free to add one."
"Warcraft II: The Dark Saga","","Region Not Set","","Tec Toy Indústria de Brinquedos S.A.","Blizzard","1997-08-31","","No","Action | Strategy","T - Teen","You take charge of either the humans and elves or the orcish hordes for control of the lands of Azeroth. Eventually you work through the dark portal and into the orcs homeland. You take charge of either side as you work through more than 20 missions per side in the fight for survival.

New features for the console release include an auto-build option, where you can set a queue of units to be produced and the ability to select sixteen units at a time instead of the PC's nine."
"Welcome House","","Region Not Set","","Imagineer Co., Ltd.","Highwaystar","1997-06-13","1","No","Adventure","E - Everyone","No overview is currently available for this title, please feel free to add one."
"Welcome to Pia Carrot 2 (Japan)","","Region Not Set","","","NEC","1998-01-01","1","No","Adventure","Not Rated","Japanese Release"
"Whizz","","Region Not Set","","B-Factory","Flair Software","1997-08-01","","No","","","Whizz is one of the few 3D platformers to use an isometric viewpoint. The controls reflect this, with moving the controller to the right actually moving the character down and right, moving it down and right moving the character down directly, and so on. Each level is played out against a time limit, and the paths through the level aren’t always clear-cut. There are four different types of doors, each of which needs a particular icon to pass (the icons represent the door type, such as ice or bricks, rather than hot water or a key, or anything you’d logically expect to clear the path). You can avoid the baddies, which may be the best option, as killing them costs you some energy –this reduces the significance of the points system."
"Willy Wombat","","Region Not Set","","Hudson Entertainment, Inc.","Hudson Entertainment, Inc. | 																Susumu Matsushita Company | 																Westone Co., Ltd.","1997-06-27","1","No","Action | Platform","Not Rated","Willy Wombat is an Action game, developed by West One and published by Hudson, which was released in Japan in 1997."
"Wing Arms","","Region Not Set","","","","1995-01-01","","No","","","No overview is currently available for this title, please feel free to add one."
"Wing Arms: Kareinaru Gekitsui Ou","","NTSC-J","Japan","Sega","Sega","1995-09-29","1","No","Flight Simulator","Not Rated","No overview is currently available for this title, please feel free to add one."
"Winning Post","Winning Post EX","Region Not Set","","","","1996-01-01","1","No","Sports","E - Everyone","No overview is currently available for this title, please feel free to add one."
"Winning Post 2","","Region Not Set","","Koei Co., Ltd.","Koei","1996-03-22","1","No","Sports","E - Everyone","No overview is currently available for this title, please feel free to add one."
"Winning Post 2: Final '97","","Region Not Set","","Koei Co., Ltd.","Koei","1997-10-02","1","No","Sports","E - Everyone","No overview is currently available for this title, please feel free to add one."
"Winning Post 2: Program '96","","Region Not Set","","Koei Co., Ltd.","Koei","1996-10-04","1","No","Sports","E - Everyone","No overview is currently available for this title, please feel free to add one."
"Winning Post 3","","Region Not Set","","Koei Co., Ltd.","Koei","1998-04-02","1","No","Sports","E - Everyone","No overview is currently available for this title, please feel free to add one."
"Winning Post 3: Program '98","","Region Not Set","","Koei Co., Ltd.","Koei","1998-12-03","1","No","Sports","E - Everyone","No overview is currently available for this title, please feel free to add one."
"Winning Post EX","","NTSC-J","Japan","Koei Co., Ltd.","Koei","1995-12-29","1","No","Sports","E - Everyone","T-7606G"
"Winter Heat","","Region Not Set","","Sega","Sega","1997-11-30","2","No","Sports","E - Everyone","An appealing game where you play a variety of winter events (speed skiing, ski jumping, downhill, short track ss, and more). You have various characters to choose from, each with their own different personality, as shown in the intermissions."
"Wipeout","","NTSC-J","Japan","Softbank Corp.","Psygnosis","1996-07-12","2","Yes","Racing","T - Teen","No overview is currently available for this title, please feel free to add one."
"Wipeout 2097","Wipeout XL","PAL","United Kingdom of Great Britain and Northern Ireland","GameBank Corp.","Psygnosis Limited","1997-09-18","1","No","Racing","E - Everyone","WipEout XL is set in the year 2097, around four decades after its predecessor. Instead of the F3600 anti-gravity racing competition, the game features an even faster and more dangerous tournament: the F5000 AG league. The gameplay system is similar to that of the previous game: players race against each other or computer in high-speed futuristic environments, liberally picking up weapons scattered around the stages and using them against the opponents to finish the race in the highest position.

Each vehicle is provided with a shield; once this shield is breached (by weapons or other kinds of damage), the craft explodes. As in the first game, the vehicles move at very high speeds. The game's four difficulty levels are used to crank the speed up and down, with the highest setting corresponding to the highest speed. In addition to the main championship mode, there are also challenge modes, winning in which rewards the player with faster game settings, new tracks, and new vehicles."
"Wipeout 2097 [Demo Disc]","Wipeout 2097 | Wipeout XL","PAL","United Kingdom of Great Britain and Northern Ireland","GameBank Corp.","Psygnosis Limited","1997-09-18","2","No","Racing","E - Everyone","Demo Disc for the PAL version of Wipeout 2097. Game with Saturn Power Magazine."
"With You: Mitsumete Itai","With You ～みつめていたい～","Region Not Set","","NEC Interchannel","Stack","1999-07-29","1","No","Adventure","E - Everyone","A long time ago, a man and a woman made a promise, stating that although they were destined to be lonely souls, they should always remain together. But by a cruel joke of fate, they were separated and sealed into two jewels that were hidden for generations. Manami, who left the country 6 years before, has found one of the jewels while traveling. He will return to Japan to meet with their friends from childhood. This will entail a meeting of the two jewels again, for the second jewel seems to be owned by his father."
"Wizard's Harmony","","Region Not Set","","Arc System Works Co., Ltd.","ARC System Works","1995-12-29","1","No","Strategy","E - Everyone","No overview is currently available for this title, please feel free to add one."
"Wizard's Harmony 2","","Region Not Set","","Arc System Works Co., Ltd.","ARC System Works","1997-12-23","1","No","Strategy","E - Everyone","No overview is currently available for this title, please feel free to add one."
"Wizardry Nemesis","","Region Not Set","","Shoei","","1998-01-22","1","No","Adventure","E - Everyone","No overview is currently available for this title, please feel free to add one."
"Wizardry VI & VII Complete","","NTSC-J","Japan","Data East Corporation","Data East Corporation","1996-05-31","1","No","Role-Playing","Not Rated","Wizardry VI & VII Complete (ウィザードリィ VI ＆ VII コンプリート) is a compilation for the Sega Saturn containing the RPGs Wizardry VI: Bane of the Cosmic Forge and Wizardry VII: Crusaders of the Dark Savant from the long-running Wizardry franchise. This compilation was only released for the Sega Saturn in Japan."
"Wizardry: Llylgamyn Saga","","Region Not Set","","Locus","Soliton Software","1998-11-26","1","No","Adventure","E - Everyone","Wizardry: Llylgamyn Saga is a remake of the first three Wizardry games: Proving Grounds of the Mad Overlord, Knight of Diamonds, and Legacy of Llylgamyn. As in the original games, the player can create characters choosing from five races and eight classes, and level them up by exploring the maze and fighting monsters, finding and buying items in process.

Monster graphics have been updated, and dungeons have been given textures, but the player can also opt for original graphics with wireframe dungeons. An auto-mapping feature has been added. The player can also transfer characters between the three scenarios."
"Wolf Fang: Kuhga 2001 SS","","Region Not Set","","Xing Entertainment","Tsuji Jimusho","1997-03-28","","No","Action | Shooter","","No overview is currently available for this title, please feel free to add one."
"Wonder 3","","Region Not Set","","Xing Entertainment","Capcom","1998-01-01","1","No","Shooter","Not Rated","No overview is currently available for this title, please feel free to add one."
"World Advanced Daisenryaku: Koutetsu no Ikusakaze (JPN)","World Advanced Daisenryaku : Iron Storm (US)","NTSC-J","Japan","Sega","Sega","1995-09-22","1","No","Strategy","E - Everyone","World Advanced Daisenryaku: Koutetsu no Ikusakaze (a.k.a. World Advanced Daisenryaku: Iron Storm) is a WW2-based Daisenryaku series for Sega Saturn. You can command troops in European and Pacific theater. It has been released as Iron Storm in US. It is a prequel of World Advanced Daisenryaku: Sakusen File."
"World Advanced Daisenryaku: Sakusen File (JPN)","","NTSC-J","Japan","Sega","Sega","1996-03-15","1","No","Strategy","E - Everyone","World Advanced Daisenryaku: Sakusen File (a.k.a World Advanced Daisenryaku: Operation Files) is a WW2-based Daisenryaku series for the Sega Saturn. You can command troops in Russian theater. It is a sequel of World Advanced Daisenryaku: Koutetsu no Ikusakaze."
"World Cup '98 France: Road to Win","","Region Not Set","","Sega","Sega","1998-01-01","4","Yes","Sports","E - Everyone","No overview is currently available for this title, please feel free to add one."
"World Cup Golf: Professional Edition","World Cup Golf in Hyatt Dorado Beach","Region Not Set","","Eidos Interactive","Arc Developments","1996-01-01","1","No","Sports","E - Everyone","Take on the best with WORLD CUP GOLF: Professional Edition. Get onto the green in the Practice mode, and work on any hole that gives you problems. In Normal mode, challenge the course alone or play against someone with 15 different game types such as skins and match play.

Tournament mode provides you with the ability to create your own event. No matter how you play the course, you'll have full control over your player's stance as well as the weather and the ground conditions. While you play, your auditory sense is treated to CD quality music and digitized speech. See how long you would last as an expert in WORLD CUP GOLF: Professional Edition."
"World Evolution Soccer","","Region Not Set","","Asmik Ace Entertainment","Jackpot","1997-06-27","1","No","Life Simulation | Sports","E - Everyone","No overview is currently available for this title, please feel free to add one."
"World Heroes Perfect","","Region Not Set","","SNK","ADK","1996-08-09","","No","Action | Fighting","","This is the fourth installment in the World Heroes fighting game series, released in 1995. In this game, 16 figures from across history fight for the title of the world's strongest. In previous installments, the amount of time you held a button down determined the strength or weakness of an attack, but that system has been removed in this game. In addition to a more orthodox fighting-game approach that enables weak, middle and strong attacks using different buttons, this game includes new elements such as the Hero Gauge, Extra Attacks and Guard Breaker Attacks, adding an exciting new layer of strategy."
"World League Soccer '98","","Region Not Set","","","","1998-01-01","","No","Sports","","Released in Europe in 1998."
"World Series Baseball","Hideo Nomo World Series Baseball","Region Not Set","","Sega","Sega","1995-01-01","2","No","Sports","E - Everyone","No overview is currently available for this title, please feel free to add one."
"World Series Baseball 98","","Region Not Set","","Sega","Sega","1997-01-01","","No","Sports","E - Everyone","World Series Baseball '98 is a Baseball Sim game, developed and published by Sega, which was released in 1997."
"World Series Baseball II","","NTSC-U","","","","1996-07-31","2","No","Sports","E - Everyone","No overview is currently available for this title, please feel free to add one."
"Worldwide Soccer: Sega International Victory Goal Edition","International Victory Goal | Sega International Victory Goal | Worldwide Soccer","Region Not Set","","Sega","Sega","1995-05-11","2","No","Sports","E - Everyone","Focused on national teams (12, including Italy, Spain, Denmark, Netherlands, England, Argentina, France, USA, Germany, Romania, Belgium and Brazil), the game offers a 2.5D environment (polygonal stadium and sprites for players) and three camera angles (back, isometric and side) with four zooming levels. Modes include Exhibition, World League (either single or double, with 44 matches and a grand final to crown the Grand Champion), S-League (just one round, 11 matches), cup knockout and penalty shootout, the game keeping track of statistical information of each competition. Gameplay is regular arcade, with simplicity being privileged over tactical knowledge or complex controls, with the game offering the possibility to choose between three types of controls. Other options include the ability to choose one of four difficulty levels, length of each half (3, 6 or 15 minutes) and weather conditions (fine, rain or random)."
"Worms","","Region Not Set","","Ocean Software Ltd.","Team17 Software Limited","1997-01-01","16","No","Strategy","E - Everyone","Worms is a turn-based strategy game. It features up to 4 teams of 4 worms, aiming to destroy the others on a generated terrain. Each worm has 100 hit points, and dies when his hit points fall to 0. Upon death, a worm explodes, causing damage to everyone around.

Gameplay is turn-based. Each turn, the player can control one specific worm from his team. The worm can crawl left and right or jump. However, there is a time limit to make a move; also, if the worm falls from a great height, it loses health and the turn ends immediately; and if a worm falls into water or offscreen, it dies. Each turn, a worm can also make a single attack: the player can aim up and down, choose a weapon and then fire it. After attacking, the turn ends."
"WWF In Your House","","NTSC-U","","Acclaim Entertainment, Inc.","Sculptured Software","1996-11-30","4","No","Fighting | Sports","Not Rated","WWF In Your House is a successor to WWF WrestleMania: The Arcade Game. Like its predecessor, it is a hybrid of wrestling game and arcade versus fighter, with over-the-top, unrealistic moves. Concept and presentation are similar to Mortal Kombat games: digitized sprites are used to represent the wrestlers, and the game features finished moves that are performed before the final pin. There are a total of ten WWF wrestlers in the game: The British Bulldog, Goldust, Bret Hart, Owen Hart, Hunter Hearst Helmsley, Ahmed Johnson, Shawn Michaels, The Ultimate Warrior, The Undertaker, and Vader. A new four-player mode is available."
"WWF WrestleMania: The Arcade Game","WWF Wrestlemania","NTSC-U","United States of America","Acclaim Entertainment, Inc.","Midway","1995-08-10","2","No","Fighting | Sports","E - Everyone","WWF Wrestlemania: The Arcade Game merges the personalities and action of the popular WWF TV show characters with a Mortal Kombat-style fighting game. This title features digitized graphics of 8 WWF superstars: Doink, Razor Ramon, Bret ""Hit Man"" Hart, Shawn Michaels, The Undertaker, Yokozuna, Bam Bam Bigelow, and Lex Luger."
"X Japan: Virtual Shock 001","","Region Not Set","","Sega","","1995-10-20","1","No","Utility","E - Everyone","No overview is currently available for this title, please feel free to add one."
"X-Men vs. Street Fighter","","NTSC-J","Japan","Capcom","Capcom","1997-11-21","1","No","Fighting","T - Teen","X-Men vs. Street Fighter is a fighting game originally released as a coin-operated arcade game in 1996. It is Capcom's third fighting game to feature Marvel Comics characters and the first game to match them against their own, with characters from Marvel's X-Men franchise being matched against the cast from the Street Fighter series.

It was the first game to blend a tag team style of combat with the Street Fighter gameplay, as well as incorporating elements from Capcom's previous Marvel-themed fighting games, X-Men: Children of the Atom and Marvel Super Heroes. It was ported to the Sega Saturn in 1997 and PlayStation in 1998. However, the tag team feature was omitted from the PlayStation version due to memory limitations, while the Saturn version was only released in Japan."
"X-Men: Children Of The Atom","","Region Not Set","","Capcom","Capcom","1996-01-01","","No","Fighting","E - Everyone","X-Men: Children of the Atom is a 2D fighting game and the first Capcom title to use licensed characters from the Marvel comic universe. It has six main characters and four of their enemies that are playable. The X-Men are Colossus, Cyclops, Iceman, Psylocke, Storm and Wolverine. The villains are Omega Red, Sentinel, Silver Samurai and Spiral. The two main bosses are Juggernaut and Magneto, and Akuma is available as a secret character."
"Yellow Brick Road","","Region Not Set","","Acclaim Entertainment, Inc.","Synergy Inc.","1996-08-30","1","No","Adventure","","Yellow Brick Road (イエロー・ブリック・ロード) is an adventure game based on the book, The Wonderful Wizard of Oz."
"Yoshimoto Mahjong Club","","Region Not Set","","Psikyo","Yoshimoto Kogyo","1998-12-17","1","No","Board","E - Everyone","No overview is currently available for this title, please feel free to add one."
"Yoshimura Shogi","","Region Not Set","","Konami","","1998-03-26","2","No","Board","Not Rated","No overview is currently available for this title, please feel free to add one."
"Youen Denshi Mahjong Yuugi Galjan","","Region Not Set","","Warashi","Warashi","1996-08-09","1","No","Puzzle","Not Rated","Gal Jan (ギャルジャン or 妖艶電視麻雀遊戯ギャルジャン) is a pornographic mahjong game developed and published by Warashi for the Sega Saturn."
"YU-NO: Konoyo no Hate de Koi o Utau Shoujo","この世の果てで愛を唄う少女YU-NO | Kono Yo no Hate de Koi wo Utau Shoujo Yu-No | YU-NO: A girl who chants love at the bound of this world","Region Not Set","","Elf Co., Ltd.","Elf Co., Ltd.","1997-12-04","1","No","Adventure","Not Rated","""YU-NO: A girl who chants love at the bound of this world"" tells the story of Arima Takuya, a high school student at Sakaimachi Academy who is suddenly struck with the disappearance of his father. Arima's father, Arima Koudai had been a highly successful historian and researcher, with a plethora of theories and discoveries to his name. The entire town is shocked at the turns of events with Arima Koudai having seemingly passed away in some sort of accident relating to his experiments, and his demise left behind his only son and his young wife, Keiko. Takuya's real mother passed away when Takuya was a child. The only person who seems largely unaffected is Takuya who has always struggled to bond with his traditional and strict father, and lost his own mother at a very young age. But while the young student may not outwardly show much in the way of emotion, his grades have begun to suffer, and his surrounding individuals at school have taken note of his inner struggles, including the school nurse and supervising teacher, Takedo Eriko."
"Yukyu Gensokyoku","Yuukyuu Gensoukyoku","Region Not Set","","Media Works Inc.","Starlight Marry","1997-07-18","1","No","Strategy | Life Simulation","Not Rated","Yuukyuu Gensoukyoku (悠久幻想曲) is a 1997 simulation game for the Japanese Sega Saturn by Starlight Marry and had several sequels on the Saturn."
"Yukyu Gensokyoku Ensemble","Yuukyuu Gensoukyoku Ensemble","NTSC-J","","Media Works Inc.","MediaWorks | 																Starlight Marry","1998-12-10","1","No","Strategy | Life Simulation","Not Rated","No overview is currently available for this title, please feel free to add one."
"Yukyu Gensokyoku Ensemble 2","","NTSC-J","","Media Works Inc.","MediaWorks | 																Starlight Marry","1999-03-04","2","No","Life Simulation","Not Rated","Yuukyuu Gensoukyoku ensemble 2 (悠久幻想曲ensemble２) is an entry in the Yuukyuu Gensoukyoku series and the sequel to Yuukyuu Gensoukyoku ensemble, released in 1999 for the Sega Saturn."
"Yumimi Mix Remix","","Region Not Set","","Game Arts Co., Ltd.","Game Arts","1995-07-28","1","No","Adventure","","Yumimi Mix Remix (ゆみみみっくす　リみっくす) is a Sega Saturn re-release of Yumimi Mix."
"Yuukyuu Gensoukyoku 2nd Album","","Region Not Set","","Media Works Inc.","Starlight Marry","1998-08-26","1","No","Life Simulation","","Yuukyuu Gensoukyoku 2nd Album (悠久幻想曲 2nd Album) is a romance simulation the Sega Saturn released in 1998 by MediaWorks."
"Yuukyuu no Kobako Official Collection","Yukyu no Kobako Official Collection","Region Not Set","","Media Works Inc.","Media Works | 																Starlight Marry","1997-12-11","1","No","Board","Not Rated","Table game installment in the Yuukyuu Gensoukyoku series."
"Yuushun Classic Road","","Region Not Set","","Victor Interactive Software, Inc.","Victor Interactive","1997-03-14","1","No","Sports","E - Everyone","No overview is currently available for this title, please feel free to add one."
"Z","","Region Not Set","","GT Interactive Software Corp.","The Bitmap Brothers","1998-01-01","","No","Strategy","","Released in Europe in 1998. 

Z is a real-time strategy game in which you fight for control of the sectors, some of which contains manufactories that can gain you additional units. Touch the ""flag"" in the sector and it's yours. Capture the sector before the new unit comes out of the manufactory and the new unit is yours. With six different robots (different armaments, armor, and speed), multiple vehicles (from jeeps to tanks) the robots can utilize, your ultimate objective is to destroy the opponent's base, and prevent him from doing the same to you."
"Zap! Snowboarding Trix","","Region Not Set","","Pony Canyon, Inc.","Atelier Double","1997-02-21","2","No","Sports","","Zap! Snowboarding Trix (ザップ！　スノーボーディング　トリックス) is a Sega Saturn sports game released exclusively in Japan. It was followed by Zap! Snowboarding Trix '98."
"Zap! Snowboarding Trix '98","","Region Not Set","","Pony Canyon, Inc. | 																TV Tokyo Corporation","Atelier Double","1997-12-18","2","No","Sports","","Zap! Snowboarding Trix '98 (ザップ! スノーボーディング・トリックス'98) is the sequel to Zap! Snow Boarding Trix and was also released for the Sega Saturn exclusively in Japan. It was also released on the PlayStation, localized as Phat Air Extreme Snowboarding. Interestingly, all text and voiceovers in the Saturn version are from the localization: entirely in English and with American voiceovers."
"Zen-Nippon Bishoujou Grand Prix: Find Love","","Region Not Set","","Daiki","","1970-01-01","1","No","Puzzle","M - Mature 17+","No overview is currently available for this title, please feel free to add one."
"Zero 4 Champ: DooZy-J Type R","","Region Not Set","","Media Rings Corporation","Media Rings Corporation","1997-06-20","2","No","Racing","","Zero4 Champ DooZy-J Type-R (ゼロヨンチャンプ Doozy-J TypeR) is a 1997 touge racing game for the Sega Saturn. It was released by Media Rings released exclusively in Japan as part of their Zero4 Champ series. It was released on the same day as the PlayStation game, Zero4 Champ DooZy-J - it is not currently known what makes Type-R different."
"Zero Divide: The Final Conflict","","Region Not Set","","Zoom, Inc.","Zoom","1997-11-20","2","No","Fighting","","Zero Divide: The Final Conflict (ゼロ・ディバイド　〜ザ・ファイナル　コンフリクト〜) is a 3D fighting game for the Sega Saturn. It was released exclusively in Japan."
"Zoku Gussun Oyoyo","","Region Not Set","","Banpresto Co., Ltd.","Banpresto | 																Irem Corp.","1997-02-28","2","No","Puzzle","","Zoku Gussun Oyoyo (続ぐっすんおよよ) is a sequel to Gussun Oyoyo-S. It was released for the Sega Saturn exclusively in Japan."
"Zoku Hatsukoi Monogatari: Shuugaku Ryokou","","Region Not Set","","Tokuma Shoten Publishing Co., Ltd.","Koga Game Factory","1998-12-03","1","No","Strategy","M - Mature 17+","No overview is currently available for this title, please feel free to add one."
"Zoop","","Region Not Set","","MediaQuest | 																Viacom New Media","PanelComp","1996-11-29","1","No","Puzzle","","Zoop (ズープ) is a puzzle game developed by Hookstone for the Sega Mega Drive, Sega Saturn, Sega Game Gear, Atari Jaguar, DOS, Game Boy, PlayStation and SNES. It is similar to the arcade game Plotting, but runs in real time.

You are a colored triangle standing in a 4x4 square in the center of the screen. Lines of different colored objects appear from the four rows on each side of the box. The goal is to destroy those objects before they go on your square. A, B, and C shoot. If you shoot an object of the same color as you, the object will be destroyed and you will move on to the next object in that row. When you have depleted the row, you will move back to the square (facing the opposite direction). If you hit an object of a different color, you swap colors with that object and return to your square, allowing you to shoot different-colored objects. Therefore, the keys to success are timely color swapping and fast reaction (especially since you come back to the square facing the opposite direction)."
"Zork Collection","","Region Not Set","","Shoeisha Co., Ltd.","Activision","1998-03-12","1","No","Adventure","E - Everyone","No overview is currently available for this title, please feel free to add one."
"Zork I: The Great Underground Empire","","Region Not Set","","Shoeisha Co., Ltd.","Activision","1996-03-15","1","No","Adventure","","Zork I: The Great Underground Empire (ゾーク・ワン) is a text-adventure game originally developed by Infocom for various computers in 1980. It was ported by Activision to the Sega Saturn and published by Shoeisha in 1996. Rather than using the Saturn Keyboard, this game is played by selecting words from a prepared list of words."
"Command &amp; Conquer","","Region Not Set","","Sega | Virgin Interactive Entertainment, Inc. | Westwood Studios, Inc.","Westwood Studios, Inc.","1996-12-18","1","No","Strategy","T - Teen","Command &amp; Conquer, sometimes known as Command &amp; Conquer: Tiberian Dawn, is a 1995 real-time strategy video game developed by Westwood Studios and published by Virgin Interactive. Set in an alternate history of modern day, the game tells the story of a world war between two globalized factions: the Global Defense Initiative of the United Nations and a cult-like militant organization called the Brotherhood of Nod, led by the mysterious Kane. The groups compete for control of Tiberium, a mysterious substance that slowly spreads across the world. Westwood first conceived Command &amp; Conquer during the final stages of the development of Dune II, and it expands on ideas first explored in that title. Inspired by the events of the era, particularly the Gulf War, the team gave the game a modern warfare setting. The game contains live-action full motion video cutscenes, which star Westwood employees and a single professional actor, Joseph D. Kucan, who plays Kane. Command &amp; Conquer was a commercial and critical success, selling over three million copies and winning numerous awards. It has been cited as the title that defined and popularized the real-time strategy genre. The game was the first in the Command &amp; Conquer series, which sold 30 million copies by 2009.[2] To mark the 12th anniversary of the franchise, Electronic Arts, the current publisher and owner of the series, released the game for free in 2007. ESRB Rating: T - Teen Genre(s): Strategy"
"DragonHeart: Fire &amp; Steel","","Region Not Set","","Acclaim Entertainment, Inc.","Funcom","1996-12-26","1","No","Action","T - Teen","Dragonheart: Fire and Steel was released to the public in 1996, and is a 2D side scrolling beat 'em up based off of the movie of the same name. Players take on the role of a retired knight who must return to action and remain true to the oaths he took long ago. An evil prince's tyranny threatens the land, and the knight (who was a former dragonslayer) can only defeat this scheming noble with the help of a friend who just happens to be the last surviving dragon on Earth. ESRB Rating: T - Teen Genre(s): Action"
"Dungeons &amp; Dragons Collection","ダンジョンズ＆ドラゴンズ コレクション Dungeons &amp; Dragons Collection (ダンジョンズ＆ドラゴンズ コレクション) is a 1999 game for the Sega Saturn. It combines ports of two Capcom arcade beat-&#039;em-ups. Shadow over Mystara requires the use of a 4MB RAM cartridge while Tower of Doom doesn&#039;t, as it&#039;s an older conversion which had been planned to be released as a stand-alone product in 1996. A North American release was planned, and featured at E3 1997[3] (alongside an also unreleased PlayStation version), but was cancelled.","NTSC-J","Japan","Capcom","Capcom","1999-03-04","1","Yes","Action | Role-Playing","E - Everyone","Dungeons &amp; Dragons Collection (ダンジョンズ＆ドラゴンズ コレクション) is a 1999 game for the Sega Saturn. It combines ports of two Capcom arcade beat-&#039;em-ups. Shadow over Mystara requires the use of a 4MB RAM cartridge while Tower of Doom doesn&#039;t, as it&#039;s an older conversion which had been planned to be released as a stand-alone product in 1996. A North American release was planned, and featured at E3 1997[3] (alongside an also unreleased PlayStation version), but was cancelled. ESRB Rating: E - Everyone Genre(s): Action | Role-Playing"
"Dungeons &amp; Dragons: Shadow over Mystara","","Region Not Set","","","","1999-03-04","","No","","","Released in Japan together with Dungeons &amp; Dragons: Tower of Doom in the Dungeons &amp; Dragons Collection."
"Dungeons &amp; Dragons: Tower of Doom","","Region Not Set","","","","1999-03-04","","No","","","No overview is currently available for this title, please feel free to add one."
"Image Fight &amp; X-Multiply","","Region Not Set","","Xing Entertainment","Irem Corp.","1998-08-20","1","No","Action | Shooter","Not Rated","No overview is currently available for this title, please feel free to add one. ESRB Rating: Not Rated Genre(s): Action | Shooter"
"J.League Victory Goal &#039;96","ビクトリーゴール'９６ Victory Goal &#039;96 is a significant upgrade over last year&#039;s smash hit, sporting not only an updated player roster for the 1996 J. League season, but an entirely new 3D engine, with the players depicted as 3D models. Enjoy a great game with your friends!","Other","","Sega","Team Aquila","1996-03-29","2","No","Sports","Not Rated","Victory Goal &#039;96 is a significant upgrade over last year&#039;s smash hit, sporting not only an updated player roster for the 1996 J. League season, but an entirely new 3D engine, with the players depicted as 3D models. Enjoy a great game with your friends! ESRB Rating: Not Rated Genre(s): Sports"
"Junclassic C.C. &amp; Rope Club","","Region Not Set","","T&E Soft, Inc.","T&amp;E Soft","1997-12-18","1","No","Sports","Not Rated","No overview is currently available for this title, please feel free to add one. ESRB Rating: Not Rated Genre(s): Sports"
"Nightruth: Explanation of the paranormal #01 - &quot;Yami no Tobira&quot;","","Region Not Set","","","Sonnet Computer Entertainment","1996-08-09","1","No","Adventure","M - Mature 17+","No overview is currently available for this title, please feel free to add one. ESRB Rating: M - Mature 17+ Genre(s): Adventure"
"Panzer Dragoon I &amp; II","","Other","Japan","Sega","Sega","1996-01-01","1","No","Action | Shooter","Not Rated","No overview is currently available for this title, please feel free to add one. ESRB Rating: Not Rated Genre(s): Action | Shooter"
"Puzzle &amp; Action: 2-do Arukoto wa Sand-R","Puzzle & Action: Treasure Hunt Puzzle &amp; Action: Treasure Hunt, known as Puzzle &amp; Action: 2do Arukoto ha Sand-R (２度あることはサンドア～ル) in Japan, is the third game in the Puzzle &amp; Action series of minigames, being a sequel to Puzzle &amp; Action: Tant-R and Puzzle &amp; Action: Ichidant-R. It stands as the only entry in the series to be released in an English-speaking territory. It was released for Sega Titan Video in 1995, and ported by CRI in 1996 exclusive in Japan. Both versions are developed by CRI.","NTSC-J","Japan","CRI Middleware Co., Ltd.","CRI | Sega","1996-05-04","2","No","Action | Puzzle","E - Everyone","Puzzle &amp; Action: Treasure Hunt, known as Puzzle &amp; Action: 2do Arukoto ha Sand-R (２度あることはサンドア～ル) in Japan, is the third game in the Puzzle &amp; Action series of minigames, being a sequel to Puzzle &amp; Action: Tant-R and Puzzle &amp; Action: Ichidant-R. It stands as the only entry in the series to be released in an English-speaking territory. It was released for Sega Titan Video in 1995, and ported by CRI in 1996 exclusive in Japan. Both versions are developed by CRI. Trailer: YouTube ESRB Rating: E - Everyone Genre(s): Action | Puzzle"
"She&#039;sn","She'sn ～シーズン～ She&#039;sn [ シーズン ](aka &quot;Season&quot;) is a visual novel originally developed by Accent, with the Saturn port being developed by Gal Brain and published by Kindle Imagine Develop (KID). The game released exclusively in Japan on the SEGA Saturn. The game segments out it&#039;s four routes specifically by the four seasons. The player can select to play the story of any season in any order. The spring story revolves around a forbidden love with your sister-in-law, summer season tells the love story with your childhood friend, fall season is about a school romance, and finally winter season is a sad love story between the protagonist and a girl with an incurable disease. The SEGA Saturn port had all the nudity and sex present in the PC original removed, but retained many of the sexual situations, giving the game SEGA&#039;s Yellow 18 rating.","Other","Japan","KID Corp.","","1998-11-19","1","No","Adventure | Life Simulation","M - Mature 17+","She&#039;sn [ シーズン ](aka &quot;Season&quot;) is a visual novel originally developed by Accent, with the Saturn port being developed by Gal Brain and published by Kindle Imagine Develop (KID). The game released exclusively in Japan on the SEGA Saturn. The game segments out it&#039;s four routes specifically by the four seasons. The player can select to play the story of any season in any order. The spring story revolves around a forbidden love with your sister-in-law, summer season tells the love story with your childhood friend, fall season is about a school romance, and finally winter season is a sad love story between the protagonist and a girl with an incurable disease. The SEGA Saturn port had all the nudity and sex present in the PC original removed, but retained many of the sexual situations, giving the game SEGA&#039;s Yellow 18 rating. ESRB Rating: M - Mature 17+ Genre(s): Adventure | Life Simulation"
"Slam 'n Jam '96: Featuring Magic &amp; Kareem","","Region Not Set","","Crystal Dynamics, Inc.","Left Field Productions","1996-08-09","E - Everyone","No","Sports","E - Everyone","Get ready to take it to the hole with Magic Johnson and Kareem Abdul Jabbar in Slam 'N Jam '96: featuring Magic &amp; Kareem! Featuring fully rendered 3D arenas, players can execute the ever-famous sky-hook, pull off no-look passes, view instant replays for spectacular plays, and set up all kinds of offensive and defensive strategies. Additionally, Van Earl Wright returns as the play-by-play commentator! ESRB Rating: E - Everyone Genre(s): Sports"
"Street Fighter Alpha: Warriors&#039; Dreams","Street Fighter Zero | ストリートファイターZERO Street Fighter Alpha: Warriors&#039; Dreams, known as Street Fighter Zero in Japan, Asia, South America, and Oceania, is a 2D arcade fighting game by Capcom originally released in 1995 for the CP System II hardware. It was the first all new Street Fighter game produced by Capcom since the release of Street Fighter II in 1991. The game introduces several new features, expanding on the Super Combo system previously featured in Super Street Fighter II Turbo, with graphics drawn in a similar art style to the one Capcom employed in Darkstalkers and X-Men: Children of the Atom. The plot of Street Fighter Alpha is set after the original Street Fighter but before Street Fighter II and thus the game features younger versions of established characters, as well as characters from the original Street Fighter and Final Fight, and a few who are new to the series. The game&#039;s story in this first entry of Zero/Alpha is officially no longer canon The immediate character roster includes Ryu, Ken, Chun-Li and Sagat from the Street Fighter II series, along with Birdie and Adon (Sagat&#039;s former apprentice) from the original Street Fighter, who make their first appearances as playable characters in this game. Guy, one of the main playable characters from Final Fight, also appears along with Sodom, a boss character from the same game. New to the series are Charlie, Guile&#039;s combat buddy who uses the same special techniques, and Rose, an Italian female fortune teller who uses an energy known as &quot;Soul Power&quot;. In addition to the ten regular characters, there are also three boss characters in the game. Street Fighter II antagonist M. Bison appears as a final opponent for many of the characters in the single-player mode, while Akuma from Super Street Fighter II Turbo once again appears as a secret final opponent. Another secret character, Dan, Capcom&#039;s parody of SNK characters Ryo Sakazaki and Robert Garcia, makes his first appearance in this game. All three characters can be selected by the player by inputting a specific code for each.","PAL","","Capcom | Virgin Interactive Entertainment, Inc.","Capcom","1995-01-25","2","No","Fighting","Not Rated","Street Fighter Alpha: Warriors&#039; Dreams, known as Street Fighter Zero in Japan, Asia, South America, and Oceania, is a 2D arcade fighting game by Capcom originally released in 1995 for the CP System II hardware. It was the first all new Street Fighter game produced by Capcom since the release of Street Fighter II in 1991. The game introduces several new features, expanding on the Super Combo system previously featured in Super Street Fighter II Turbo, with graphics drawn in a similar art style to the one Capcom employed in Darkstalkers and X-Men: Children of the Atom. The plot of Street Fighter Alpha is set after the original Street Fighter but before Street Fighter II and thus the game features younger versions of established characters, as well as characters from the original Street Fighter and Final Fight, and a few who are new to the series. The game&#039;s story in this first entry of Zero/Alpha is officially no longer canon The immediate character roster includes Ryu, Ken, Chun-Li and Sagat from the Street Fighter II series, along with Birdie and Adon (Sagat&#039;s former apprentice) from the original Street Fighter, who make their first appearances as playable characters in this game. Guy, one of the main playable characters from Final Fight, also appears along with Sodom, a boss character from the same game. New to the series are Charlie, Guile&#039;s combat buddy who uses the same special techniques, and Rose, an Italian female fortune teller who uses an energy known as &quot;Soul Power&quot;. In addition to the ten regular characters, there are also three boss characters in the game. Street Fighter II antagonist M. Bison appears as a final opponent for many of the characters in the single-player mode, while Akuma from Super Street Fighter II Turbo once again appears as a secret final opponent. Another secret character, Dan, Capcom&#039;s parody of SNK characters Ryo Sakazaki and Robert Garcia, makes his first appearance in this game. All three characters can be selected by the player by inputting a specific code for each. Trailer: YouTube ESRB Rating: Not Rated Genre(s): Fighting"
"Sword &amp; Sorcery","Lucienne's Quest Follow the story of an absent-minded young sorceress Lucienne and her gang of misfit monsters, as they try to stop the evil mage Death Shadow from destroying the world. Lucienne’s Quest is a game in classic roleplaying genre, but presented in full 3D graphics (and sprite characters) uncommon for the time. The battles are fought in traditional turn-based manner, but allow for more strategy than most classic RPGs. The game places ambient obstacles on the battlefield to block some attack paths, but allows the player to strategically reposition his fighters along the bottom two rows of the map before every turn to take advantage of the terrain. The game also features a dynamic day/night system which serves little purpose other than changing one of your party members from human into a werewolf and back.","NTSC-J","","Micro Cabin Co.","Micro Cabin Co.","1995-01-01","1","No","Role-Playing","Not Rated","Follow the story of an absent-minded young sorceress Lucienne and her gang of misfit monsters, as they try to stop the evil mage Death Shadow from destroying the world. Lucienne’s Quest is a game in classic roleplaying genre, but presented in full 3D graphics (and sprite characters) uncommon for the time. The battles are fought in traditional turn-based manner, but allow for more strategy than most classic RPGs. The game places ambient obstacles on the battlefield to block some attack paths, but allows the player to strategically reposition his fighters along the bottom two rows of the map before every turn to take advantage of the terrain. The game also features a dynamic day/night system which serves little purpose other than changing one of your party members from human into a werewolf and back. ESRB Rating: Not Rated Genre(s): Role-Playing"
"The Legend of Heroes I &amp; II: Eiyuu Densetsu","Ｔｈｅ Ｌｅｇｅｎｄ ｏｆ Ｈｅｒｏｅｓ Ⅰ＆Ⅱ 英雄伝説 No overview is currently available for this title, please feel free to add one.","Region Not Set","","GMF","Falcom","1998-09-23","1","No","Role-Playing","E - Everyone","No overview is currently available for this title, please feel free to add one. ESRB Rating: E - Everyone Genre(s): Role-Playing"
"Thunder Storm LX-3 &amp; Road Blaster","","Region Not Set","","Ecseco Development","Ecseco","1995-10-20","1","No","Action","Not Rated","Thunder Storm &amp; Road Blaster (サンダーストーム＆ロードブラスター) is a Sega Saturn compilation containing Thunder Storm LX-3 (Cobra Command) and Road Blaster (Road Avenger, Road Prosecutor). ESRB Rating: Not Rated Genre(s): Action"
"Time Gal &amp; Ninja Hayate","タイムギャル＆忍者ハヤテ Time Gal &amp; Ninja Hayate is a compilation of two Taito LaserDisc arcade FMV games, Time Gal (1985) and Ninja Hayate (1984), for the Sega Saturn by Ecseco Development. The Time Gal conversion supposedly does not contain anything added by Wolf Team in their earlier Mega CD conversion of the game. This port supposedly adds bonus features to both games.","Region Not Set","","Taito Corporation","Taito Corporation","1997-06-01","2","No","Action | Adventure","E - Everyone","Time Gal &amp; Ninja Hayate is a compilation of two Taito LaserDisc arcade FMV games, Time Gal (1985) and Ninja Hayate (1984), for the Sega Saturn by Ecseco Development. The Time Gal conversion supposedly does not contain anything added by Wolf Team in their earlier Mega CD conversion of the game. This port supposedly adds bonus features to both games. ESRB Rating: E - Everyone Genre(s): Action | Adventure"
"Wizardry VI &amp; VII Complete","","NTSC-J","Japan","Data East Corporation","Data East Corporation","1996-05-31","1","No","Role-Playing","Not Rated","Wizardry VI &amp; VII Complete (ウィザードリィ VI ＆ VII コンプリート) is a compilation for the Sega Saturn containing the RPGs Wizardry VI: Bane of the Cosmic Forge and Wizardry VII: Crusaders of the Dark Savant from the long-running Wizardry franchise. This compilation was only released for the Sega Saturn in Japan. ESRB Rating: Not Rated Genre(s): Role-Playing"
