title,alternate_titles,region,country,publisher,developer,release_date,players,coop,genre,esrb_rating,description
"15-in-1 Mega Collection: Backtracking Ten Years","","Region Not Set","","Image Co., Ltd.","Image","1992-01-01","1","No","Action","E - Everyone","Contains fifteen different games originally released for the VIC-20."
"1941: Counter Attack","","Region Not Set","","Capcom","Capcom","1990-02-01","2","Yes","Shooter","E - Everyone","The goal is to shoot down enemy airplanes and collect weapon power-ups (POW). The game uses a vitality system instead of life system in which if the player is hit, it loses one point of vitality and the player is destroyed if hit with 0 vitality then the player is given the option to continue. Lightning attacks can be used by pressing the B button which sacrifices a portion of life energy. One is only able to perform three loops per level and a bonus is awarded at the end of the level for unused loops. Player 1 uses a P-38 Lightning and Player 2 uses a new plane: Mosquito Mk IV. The game shifts from the original Pacific Front setting with that of the Western Front, in the north Atlantic Ocean.

The game consists of six levels: North Atlantic Ocean Sky, European Sea Port, V3 Rocket Site, Brandenburg Gate, Open Plains and The Enemy Base. There are 6 bosses:Leviathan, German battleship Bismarck, V3 Rocket, Krote, Super Leviathan and Gotha (Horten Ho 229). Also, there are common enemies like: Ju 87 Stuka, Bf 110, Me 262 Schwalbe, Focke-Achgelis Fa 223, Sdkfz 251, Flak 88, Tiger I and U-boat."
"1943: Kai","1943: The Battle of Midway","Region Not Set","","Capcom","Capcom","1987-01-01","2","Yes","Shooter","","Developed and released alongside the Family Computer version, 1943 Kai: Midway Kaisen is an arcade game, an ""alternate"" version of the original 1943, released in 1987[3] only in Japan. Most of the graphics and sounds have been reworked, and the game has been made more ""extreme"" (laser-firing WWII planes and ships that run on ground). Further, the trademark P-38 has been replaced with a Boeing Stearman E75 N68828.

In 1991, this version was converted to the PC Engine as simply 1943 Kai, again Japan-only; this version itself contains many additional levels and original music.

The game is set in the Pacific theater of World War II, off the coast of the Midway Atoll. The goal is to attack the Japanese air fleet that bombed the American aircraft carrier, pursue all Japanese air and sea forces, fly through the 16 stages of play, and make their way to the Japanese battleship Yamato and destroy her. 11 of these stages consist of an air-to-sea battle (with a huge battleship or an aircraft carrier as the stage boss), while 5 stages consist of an all-aerial battle against a squadron of Japanese bombers with a mother bomber at the end.

As in 1942, players pilot a P-38 Lightning. Controls are also similar: button 1 fires main weapons, and button two performs two special actions: a loop maneuver like in 1942, or one of three special attacks in exchange for some of the player's fuel. Indeed, players now have only one life, in the form of a large ""fuel"" meter; constantly depleting, but refillable by collecting various powerups (chiefly ""Pow"" icons). In 2-player mode, when both players overlap their planes on screen, the energy bar can be transferred from the player with more fuel to the player with less. Destroying a complete formation of red enemy planes will result in a power-up, such as a health boost or a new main weapon.

There are cheat codes, different for every stage, ranging from holding down a fire button or pointing the joystick in certain direction, player(s) are rewarded with fully upgraded weapons."
"21-Emon","21エモン | MEZASE HOTEL OU!! | AIM TO BE A HOTEL KING!!","Region Not Set","","NEC Home Electronics, Ltd.","NEC","1994-12-16","4","No","Puzzle | Strategy","","Naturally a manga/TV anime tie-in, 21 Emon is one of those Japanese style board games that have never really made a big impact in the west. Four players (any combination of human and computer) take it in turns to roll dice and move around the isometric board, landing on various event squares. The ultimate aim is to build as many hotels as you can and make more loot than your opponents.

(From The PC Engine Software Bible website)"
"240p TestSuite PCE TG16-HuCard","","Other","","","","2011-01-01","1","No","Utility | Unofficial","Not Rated","240p Test Suite
===============================================================================
For full documentation and source code, please visit:
http://junkerhq.net/240p/
===============================================================================

The 240p test suite is a homebrew software suite for video game
consoles developed to help in the evaluation of upscalers, upscan
converters and line doublers.

It has tests designed with the processing of 240p signals in mind,
although when possible it includes other video modes and specific
tests for them.  These have been tested with video processors on
real hardware and a variety of displays, including CRTs and Arcade
monitors via RGB.

As a secondary target, the suite aims to provide tools for
calibrating colors, black and white levels for specific console
outputs and setups. 

This is free software, with full source code available under the GPL.

PC Engine/Turbo Grafx-16:
-------------------------
This version of the suite requires a flash cart, such as the Turbo Everdrive.
It has support for 224p and 240p, as well as the 3 horizontal resolutions:
256, 320 and 512. It must be noted that most games in 240p really use only 239
lines, so the suite also supports that video mode. It was developed using HuC
and ASM."
"5-in-1 Fami Collection: NES Collection Nr 1","","Region Not Set","","Image Co., Ltd.","Image","1993-01-01","1","No","Action","Not Rated","No overview is currently available for this title, please feel free to add one."
"6-in-1 Fami Collection: NES Collection Nr 2","","Region Not Set","","Image Co., Ltd.","Image","1993-01-01","1","No","Action","Not Rated","No overview is currently available for this title, please feel free to add one."
"Adventure Island","Dragon's Curse","Region Not Set","","Hudson Entertainment, Inc.","Westone Co., Ltd.","1991-04-19","1","No","Adventure | Platform","E10+ - Everyone 10+","Life as a roaming adventurer is never easy. One minute you're shoving several feet of cold steel between the gaping jaws of some evil robot dragon, and the next thing you know, you've been transformed into a fire breathing lizard man. Such is the problem that you first encounter at the beginning of Adventure Island, Hudson Soft's conversion of the Master System game 'Wonder Boy III: The Dragon's Trap'. Taking more of its influence from the second game in the Wonder Boy series than the first, Adventure Island has a more balanced structure and more exploratory gameplay.

The main game is centred around a small village which acts as a sort of 'hub' to the surrounding levels. Each of these levels are gradually accessed over time with the acquisition of keys or new transformations. As the game progresses, you will find yourself transforming into five different creatures, which can (and need to) be switched between in special rooms. The lizard is the basic transformation and does little more than breathe fire at any passing fauna. Mouse man is a tiny little critter and aside from being able to fit under small obstacles, he can also run up and around special chequered walls and ceilings. Next up is a green amphibian that gives you the power to swim around freely, followed by a tiger man who swings his sword around in a wide arc, allowing you to break blocks above and below. Finally, there is the bird transformation which lets you fly around by repeatedly tapping the jump button.

As you progress, your quest will take you over many types of terrain from jungle to desert to the inside of a giant pyramid - but to help you out there is a password/backup save feature in a church in the main village. As you viciously hack up the cute little inhabitants of the island, you find that they considerately drop money and helpful items for you. The money is used in shops to upgrade your armour, or buy healing at the hospital, while the other items are special weapons that can be set from the pause menu. These include homing fireballs, ground based mini whirlwinds and arrows that shoot directly upwards (and are a blessing when you are trying to get rid of flame-dropping clouds)."
"Aero Blasters","Air Buster","Region Not Set","","Kaneko Co., Ltd.","Hudson Entertainment, Inc.","1990-01-01","2","Yes","Shooter","E - Everyone","The player controls a small craft through different levels with many enemies. Every level ends with a boss and some section speed up the gameplay, offering fast obstacle courses both horizontally and vertically scrolling. Flying orange pods release many power-ups at once, enhancing the ships with new or more powerful lasers, wing men and shields. The player can also hold the fire key to charge a blast that removes all enemy bullets from the screen and deals damage to all enemies. With an unforgiving difficulty, every hit is fatal, but the game can be continued from any points as long as there are lives and credits left. The game can be played with two players cooperatively."
"After Burner II","","Region Not Set","","NEC Home Electronics, Ltd.","Sega","1990-09-28","1","No","Shooter","E - Everyone","One of Sega's big arcade hits using their 'super scaler' technology, it was a bold move to try and convert this to any home machine. After Burner II is, quite simply, one of the most mindless shooters that you're ever likely to play: simply fly your F-14 into the screen, dodging missiles like crazy and letting all hell loose with your vulcan cannon. There is precious little strategy - even less than Space Harrier, and often luck plays more of a part than skill. The action is split up by the occasional bonus stage - a run through a canyon blowing up anything that dares to exist in front of you. Fuelling planes and landing strips also make a regular appearance."
"Air Zonk","","NTSC-U","United States of America","Turbo Technologies, Inc.","NAXAT Soft | 																Red Company","1992-10-01","1","No","Action | Shooter","E - Everyone","Air Zonk is a 1992 TurboGrafx-16 video game developed by Red Company and Naxat Soft and released by Turbo Technologies Inc. in the USA on October 1, 1992.

The powered-up Zonk gathers his friends to form Team Cool, and they set out to stop King Drool’s plan to conquer the world. Choose from 3 levels of difficulty and 3 types of Friend Modes. Shoot King Drool's cyber robots and avoid their attacks while collecting the Air Bones to unleash a variety of attacks. Enjoy unique moves such as combining with a friend to create an invincible hybrid form or blasting enemies with a charged attack. Air “Zonk” is filled with humor, like its wacky theme song that plays when you post a huge score or when your game is over."
"Aldynes: The Mission Code for Rage Crisis","","Region Not Set","","Hudson Entertainment, Inc.","Produce","1991-02-22","1","No","Shooter","E - Everyone","Aldynes: The Mission Code for Rage Crisis, is a horizontal scrolling shoot 'em up game developed by Produce and released in July 22, 1991 for the SuperGrafx only for Japan. The game has a unique option-based combat and features levels with large scaling effects or parallax scrolling effects.

Nearing the year 2020, the societies of mankind fall into global depression just as an alien invasion suddenly comes down on Earth; coming from a large mechanical planetoid, the aliens attack the Earth without reason or communication. With all defenses annihilated, the United Nations corresponds with NASA to make a powerful space fighter known as The Ortega under project name Aldynes. During that time, a particular space fighter pilot - known only by his call sign Fox-A - was killed in action; his bereaved girlfriend Hiroko soon discovered Project Aldynes and its near complete fighter. As the invaders attack the air force housing Project Aldynes, she hijacks one of the ships and throws herself into battle in hopes of getting her revenge."
"Alice in Wonderdream","Fushigi no Yume no Alice","Region Not Set","","FACE","Face","1990-10-01","1","No","Platform","","Obviously based on Alice in Wonderland, Fushigi no Yume no Alice is a cute and colourful platform romp. You adventure through forests, caves, castles and such, defeating the many enemies by letting out a loud scream that shoots across the screen. The scream can be powered up by holding down the button, but leave it too long and you'll get out of breath and stand there panting, defenseless for a few moments. Aside from your voice, you can also jump on enemies to dispatch them. As you progress through the stages (each with a boss at the end of course) you also gain magic powers in the form of books. By pushing RUN then selecting your power with BUTTON I, you get the chance to do such things as show hidden power-ups and become invincible for a short time."
"Alien Crush","","NTSC-U","United States of America","NEC Home Electronics (U.S.A.) Inc.","Compile","1989-08-29","1","No","Action","E - Everyone","Alien Crush is a 1989 TurboGrafx-16 video game developed by Compile and released by NEC Home Electronics Inc. in the USA on August 29, 1989.

Imagine a living pinball machine... with aliens and outlandish worlds to throw at you. And turbo-charged, speed-of-light pinball action. You control the flippers and ball speed to defeat the Slime, the Tentacloid and Scorpion. Go for the eyes! This is full-tilt, out-of-this-world action! Surrealistic graphics plus true-to-life, earsplitting arcade pinball sound."
"Andre Panza Kick Boxing","","Region Not Set","","NEC Home Electronics, Ltd.","Loriciel","1991-01-01","2","No","Fighting","E - Everyone","Forget the movies. Forget the make-believe. This is the master, 3 time World Kick Boxing Champion André Panza, and the reality will stun you! His every move was filmed and digitized over 2 years for a devastating arsenal of kick boxing combat. Train until you're good enough. Then go to war against a friend or battle through the ranks of 8 international champions! Over 50 whirlwind punches and kicks let you customize your attack. Master new techniques during hundreds of ever-changing battles. Then put your body on the line against Panza himself for the ultimate Kick Boxing Championship!"
"Ankoku Densetsu","Legendary Axe II","Region Not Set","","","Victor Musical Industries","1990-09-07","1","No","Platform","E10+ - Everyone 10+","The Axe is back ... with twice the force and twice the fury of 1988's classic TurboGrafx-16 videogame. This time it's brother against brother, locked in deadly combat. Your older brother has summoned forces of unspeakable evil to take control of the kingdom. Treachery rules! Your only hope is the legendary royal sword. But will its power be enough to overcome the Cliffs of Chaos? The Skull Dungeon? And the treacherous Crypts of Slime? Only your courage, your fighting skill, and the Legendary Axe can answer that challenge!"
"Appare! Gateball","","Region Not Set","","Hudson Entertainment, Inc.","Azuma","1988-12-22","","No","Sports","","OK. So croquet may not be a popular idea for a video game, but the Japanese being as Japanese as they are, they went and did it anyway. So what does Appare! Gate Ball have to offer? First up is the choice between action and simulation mode. The main difference that I can make out between the two is that in action mode you have to both aim the shot and set the power, in simulation only the shot aiming is required. Your game is played out in two teams, rather than two individuals, and the members of your team are chosen from a variety of weird and crazy looking characters with varying attributes. Shots are aimed in a simple overhead viewpoint, which then switches to a standard view for the execution of the shot itself. All this is accompanied by a jolly little tune that plays away in the background."
"Artist Tool","","Region Not Set","","NEC Home Electronics, Ltd.","NEC","1991-10-18","1","No","Sandbox","","A unique piece of software for the PC Engine, Artist Tool is a graphics program that allows you to draw and print your own artwork when combined with the 'Illust Booster', 'Print Booster' and 'Photo Reader'. The interface has a rudimentary set of tools to choose from, like freehand, straight line and circle, and also a few tunes to listen to while you draw."
"Atlantean","","Other","","Aetherbyte Team","Aetherbyte","2014-08-01","1","No","Shooter","E - Everyone","Somewhere in deep space, a lone hero detects signals from a distant planet, a planet whose lands were submerged under vast oceans centuries ago. That planet is Atlantis, and it has come under threat by a race of evil machines - the Aquanoids! Their desire is to mutate the peaceful Atlanteans into ghastly bio-mechanical hybrids. The fate of Atlantis now rests on one brave warrior."
"Atomic Robo-Kid Special","","Region Not Set","","UPL Co., Ltd","UPL Co., Ltd","1990-01-19","1","No","Shooter","E - Everyone","More of an explorative shooter than the standard blasting affairs, Atomic Robo-Kid Special takes all the elements from the arcade version and jiggles around with them a bit for the PC Engine. The control method takes a little getting used to - pressing button I selects from one of four weapons collected along the way, whereas holding down button I will lock you to the direction you are facing, making backing-away and firing easier. It can be fiddly at first, but it's essential that you master it.

The four weapons available are variable in quality. The forward shot and diagonal shot are both only useful when you've lost the other weapons, as the missile and full-fire are the ones that you will utilise most often. The missile is particularly useful as in some levels you are required to blast away areas of wall to progress. Levels are varied - some are horizontal, some are more like mazes and there are also two types of boss area: one with a small enemy over the opposite side of the screen protected by a barrier you have to destroy, and another with a huge mechanical monster that follows you relentlessly around an arena."
"AV Poker: World Gambler","","Region Not Set","","Games Express","Hacker International","1992-01-01","1","No","Strategy","","Unlicensed PC Engine release by Games Express. AV Poker is not a full poker simulator, but a simple gambling game. You choose from Normal, which is a standard game or Special Mode, where you travel around the world to show off your gambling skills. The poker part of the game is extremely simple. You place a bet, get a hand dealt to you, choose which cards to hold, and get a second deal to fill in the discards. If you match any of the standard poker hands, you win. You then get the options of taking the cash or playing a higher-lower game to increase your winnings significantly. Occasionally, you also get a fruit machine style mini-game which gives you the chance of winning 'special' cards that can be used during the game."
"Ballistix","","Region Not Set","","NEC Home Electronics, Ltd.","Psygnosis Limited","1992-01-01","2","No","Action","E - Everyone","It's chaos in the Ballistix Stadium! You're a techno-gladiator in the wildest ballgame in the galaxy. The alien claw drops the puck. You fire balls at warp-speed, blasting it towards the enemy goal. Ricochet it off walls and bumpers. Hit a splitter and balls explode in a swarming barrage! The field changes to make each level more intense. Acid pools swallow the puck. Pitch arrows propel it. Your enemy cannons it into a tunnel and it shoots out towards your goal! Get a shield to save it! Score big to enter your name in the Hall of Fame in a nonstop Ballistix frenzy."
"Bari Bari Densetsu","","Region Not Set","","","Taito Corporation","1989-11-29","","No","Racing","","Based on a manga, Bari Bari Densetsu is something of a rare breed on the Engine - a motorcycle racing game. You can pretty much guess how it works - there's a World GP mode where you have to compete in a variety of races in order and a Travel mode that let's you pick a track of your choice. Also to consider is the gubbins that make up your bike, such as tyres, engine, brakes etc as these have an effect depending on the type of course and the weather conditions. Races are started with a qualifying lap that lets you get the feel of the track, followed by the race proper. You are then placed and can hopefully move on to the next country."
"Barunba","","Region Not Set","","","Namco","1990-04-27","","No","Action | Shooter","","The Engine is hardly lacking in shooters, so to be successful, you have to stand out from the crowd. Barunba tries to add a hint of originality in its own subtle way. You control what is basically a floating globe (complete with little man inside) that has a weapons ring around it - this ring can be rotated right around the ship giving a fully controllable direction of fire, something obviously useful for those pesky critters approaching from behind. From the start, you are equipped with several different types of weapon, each of which can be temporarily boosted by collecting items that are dropped by exploding enemies. The levels are auto-scroll, moving around in all directions and contain mid-level as well as end-of-level bosses. Your ship has an energy bar, located at the bottom left of the screen, and once it is depleted it's 'Game Over'."
"Batman","バットマン","Region Not Set","","SUNSOFT","Sunsoft","1990-10-12","1","No","Action","","Having witnessed his parents' brutal murder as a child, millionaire philanthropist Bruce Wayne fights crime in Gotham City disguised as Batman, a costumed hero who strikes fear into the hearts of villains. But when a deformed madman who calls himself ""The Joker"" seizes control of Gotham's criminal underworld, Batman must face his most ruthless nemesis ever."
"Battle Ace","バトルエース","Region Not Set","","Hudson Entertainment, Inc.","Hudson Entertainment, Inc.","1989-11-30","1","No","Shooter","E - Everyone","Taking a fair amount of inspiration from Sega's After Burner II, Battle Ace is a sci-fi based cockpit shooter. Gameplay is purely arcade style, with a standard machine gun and lock-on missiles to take down the enemy aggressors. There's little more to it than that."
"Battle Lode Runner","","Region Not Set","","Hudson Entertainment, Inc.","Hudson Entertainment, Inc.","1993-01-29","","No","Action | Puzzle","","Once an ancient arcade game, and with a previous version on the PC Engine by Pack In Video, Hudson Soft have taken the addictive gameplay of Lode Runner and given the graphics a complete face lift. The puzzle-based action in Lode Runner is simple: You are presented with a side-view platforms-and-ladders based level and you have to collect all the gold and escape without getting caught by the baddies. To defend yourself, you can dig holes in the ground, either to the left or to the right, and enemies stumbling upon them will fall down and be trapped. If you time it right, the hole will re-fill before the enemy can climb out, forcing them to respawn elsewhere in the level. If you prefer evasive action, make sure the coast is clear so you can escape up a ladder or across a well-placed rope, but be warned - they will follow! Once you have collected all the gold, hotfoot it to the nearest long ladder and escape out the top of the screen. In magazine previews, this was originally titled Lode Runner II."
"Battle Royale","","Region Not Set","","NEC Home Electronics, Ltd.","Incredible Technologies, Inc.","1990-09-13","4","No","Sports","E - Everyone","It's wrestling mayhem out of control! Five maniacs hit the mat in a no-holds-barred, free-for-all brawl with no rules, no refs and absolutely no mercy! Team up with friends to nail opponents. Now look out! They're coming after you! Smash 'em, bash 'em and throw 'em over the ropes! The sound is so intense you'll feel every crushing hit, every cracking bone. It's furious, non-stop action for up to five players ... a winner-take-all gang fight for survival!"
"Be Ball","","Region Not Set","","","Hudson Entertainment, Inc.","1990-03-30","2","Yes","Puzzle","E - Everyone","Be Ball is an action/puzzle game in which you have to roll coloured globes around the play area and deposit them on their relevant coloured squares. Once all balls are in place it's on to the next level. Easy, right? Well, maybe not, as there is all manner of wildlife out to put paid to your spherical antics, from hedgehogs to monkeys and penguins. Luckily, the balls themselves do have a use - give them a swift kick and they'll get rid of any creature barring your way. And if you are persistent, you can even whack down walls. Also, be on the lookout for various items scattered around that aid you in your task, like time-stops, smart bombs etc"
"Benkei Gaiden","","Region Not Set","","","Sunsoft","1989-12-22","1","No","Role-Playing","E - Everyone","A fantasy turn-based RPG set in a land similar to ancient Japan.

Benkei Gaiden is a PC Engine RPG with a traditional turn-based combat system. It is based in a world not unlike ancient Japan, with various creatures based on Japanese folklore. Its namesake, Benkei, is a famous warrior monk known for his loyalty and his invincibility in battle.

The 1992 Super Nintendo RPG Benkei Gaiden: Suna no Shou is either an enhanced remake or a sequel to Benkei Gaiden."
"Bikkuriman World","","Region Not Set","","Hudson Entertainment, Inc.","Hudson Entertainment, Inc.","1987-10-30","1","No","Action | Platform","E - Everyone","Despite being Hudson’s Vol.2, this was in fact released almost a month before The Kung Fu. It’s a conversion of what most people know as Wonder Boy in Monster Land, and it’s as perfect a conversion from the arcade as you’re likely to get. As with a number of TurboGrafx games, Westone encountered licensing issues with this title and rebranded the game under the popular Japanese Bikkuriman franchise. This game takes a different pace from the first Wonder Boy game, being more of an adventure with a slower pace and more strategy. You start the game with barely a thread on and are given a sword by some wise looking dude who lives in a tree - so far so good. It is then your task to travel through the various platform-based levels defeating monsters and evil bosses along the way. Each enemy you kill leaves behind a coin or money bag (these are also at various hidden locations if you jump at the right spot) and shops will offer you armour, shields, weaponry and go-faster shoes. You can also pop into a bar and top up your energy if you can afford it. Levels are time limited (shown by an egg-timer on the left) so you need to be quick, or energy is taken away from your heart meter.
There appear to be two versions of this rom, indicated but the difference in spelling on the first sign - Monster Land and monsterland."
"Billy's Bad Day","","NTSC","","","","1970-01-01","2","No","Fighting","Not Rated","Billy D just wants to go home. Unfortunately, the world is out to get him... but he's not going to take it anymore!

Stand up for his rights as a consumer by confronting predatory shopkeepers, vicious gang bangers, entitled vagabonds, braindead fast food lackeys, and a skinhead surplus proprietor! 

Abandon all social norms as you decline from clean-cut good guy to unwitting bad guy. 

Win or lose, there's definitely no going back!"
"Blazing Lazers","","NTSC-U","United States of America","NEC Home Electronics (U.S.A.) Inc.","Compile","1989-12-01","1","No","Action | Shooter","E - Everyone","Blazing Lazers is a 1989 TurboGrafx-16 video game developed by Compile and released by NEC Home Electronics Inc. in the USA on December 1, 1989.

Stay alert! Don't blink! You're in the fight of your life. The defense of Earth against the Dark Squadron hangs on your hair-trigger shooting and superior strategy. But win or lose, you and your 80 ton lazer gunship are going to make things hot! Increase destructive capabilities by powering up, and battle your way to the Supreme Alien Leader. What you do to him if you catch him won't be pretty!"
"Blodia","Timeball","Region Not Set","","Broderbund Software, Inc.","Hudson Entertainment, Inc.","1990-02-23","1","No","Puzzle","Not Rated","Puzzle games. Don't you just love 'em? Classics like Tetris, Puzzle Bobble, Klax....and then there's Blodia. The concept behind Blodia is very simple: 1-You have a screen of pipe-work. 2-There is a ball travelling down the pipe. 3-If the ball drops down a gap in the pipe you have to start again. That's it. So what this all amounts to is you frantically sliding the tiles around block-puzzle style to keep that cursed ball bearing on track. God forbid that you think the ball is moving too slowly, you can even push a button to speed the damn thing up, but you have to wonder why you would ever want to do that.

(from the PC Engine Software Bible)"
"Bloody Wolf","Narazumono Sentou Butai: Bloody Wolf | Narazumono Sentou Butai Blood Wolf","Region Not Set","","NEC Home Electronics, Ltd.","Data East Corporation","1990-01-01","1","No","Shooter","T - Teen","Snake and Eagle, two commandos of the Bloody Wolf special forces, receive instructions from their commander to destroy the enemy's heavily armed base to rescue the President and any allies who have been reported as MIA.

Based off the 1988 arcade game, this single-player, top-down, run and gun shooter takes a nod to Contra-style gameplay, allowing one of the two mercenaries to blast their way through eight levels of enemy opposition armed with only a knife and a machine gun. 

Along the way, new weapons such as shotguns, bazookas, flash bombs and grenades grenades can be added to the arsenal, as well as health and defensive power-ups. Players can even find a motorcycle to ride in some areas, or swim through certain parts of a level.

The President and your fellow soldiers need you!"
"Blue Blink","Aoi Blink","NTSC-J","","Hudson Entertainment, Inc.","Hudson Soft","1990-04-27","1","No","Action","Not Rated","Based on a TV anime series (from the grandfather of manga Osamu Tezuka), Blue Blink is a cute platformer that manages to find its place among the crowd. The game is divided up into different areas, each represented by a map screen. Within these areas, you can choose your route to the end (by exiting levels at certain points). Throughout each area you have to find a 'master key' allowing you access to the boss - this can be hard to locate at times and requires lots of shooting at blank areas of screen just in case.

Control of your character is original - on each stage you have three characters which you can choose between, with the CPU controlled ones following behind you like some bizarre congo line. The characters are preset and vary from stage to stage, and each one has different attributes. For example, some have very high jumping ability, whereas others are poor at jumping but have spread-shot weapons. Once you have found the master key and reached the final level in the area, you are entered into a boss battle, where you sit astride the titular donkey and attempt to fight your way to the next area."
"BodyConQuest II","ボディコンクエストⅡ ～救性主～","Region Not Set","","Games Express","Games Express","1990-07-01","1","No","Role-Playing","M - Mature 17+","Long ago, God has created Eve from Adam's rib ... but the ground of men and women has proved constantly unstable. Eventually, Man became cursed by the witch of Topaz. Ever since the curse of impotence, the man lost confidence, and the women fall to frustration.

One day, A baby boy was born in the castle town of Castle Tatsunda. It was the birth from a virgin conception. On his 15th birthday, the boy is asked by the king to defeat the curse, and become a savior."
"Bomberman","","NTSC-U","United States of America","NEC Technologies, Inc.","Hudson Soft","1991-04-01","4","No","Action","E - Everyone","Bomberman is a 1991 TurboGrafx-16 video game developed by Hudson Soft and released by NEC Technologies Inc. in the USA on April 1, 1991.

The black spaceman kidnapped Bomberman's beloved and brought her to his chambers in the castle, far beyond his reach, over the rivers, forest and mountains. Bomberman's job is to save her, battling the sea of the enemies, with only bombs at his disposal.

The range of Bomberman's bomb explosions can be upgraded with time, but if he dies, the range resets back to the minimum range and Bomberman loses his previous skills. Some updates can make Bomberman walk through the walls, increase his speed, and give him some other assets to aid him in his quest to save the woman he loves.

This top-down action-arcade game consists of nine levels per stage, each tougher than the other, and each final one consisting of the boss that will have to be dealt with. Bomberman can move horizontally and vertically and lay down bombs behind him, thus evaporating the enemies, but beware: Bomberman can block himself with his own bomb, and thus become a victim of his own bomb."
"Bomberman '93","","NTSC-U","United States of America","Turbo Technologies, Inc.","Hudson Soft","1993-03-01","5","No","Action","E - Everyone","Bomberman '93 is a 1993 TurboGrafx-16 video game developed by Hudson Soft and released by Turbo Technologies Inc. in the USA on March 1, 1993.

Tension, strategy, action, excitement - Bomberman's back!

You can now battle against up to four computer-controlled maniacs by yourself for the ultimate five Bomberman mode.
Choose from seven exciting new stages with loads of new power-up items like worps, conveyer belts, revolving doors and even kicking bombs!
Or for portable thrills, go head-to-head against a friend using TurboExpress for non-stop action.
The best competitive game is back, and it's more intense than ever!"
"Bomberman '93 Special","ボンバーマン93 スペシャルバージョン","NTSC-J","Japan","HuCard","Hudson Entertainment, Inc.","1992-12-11","5","No","Action | Puzzle","Not Rated","An extremely rare tournament hu-card that was not commercially distributed"
"Bomberman '94","","NTSC-J","Japan","Hudson Entertainment, Inc.","Hudson Entertainment, Inc.","1993-12-10","5","No","Action","Not Rated","BOMBERMAN has arrived to restore peace on the planet, which has been split into five parts by an evil hand! In addition to the nine members of the Bomber Family, the character ROOI shows up to lend a hand. Jump on the EGGS that appear from destroyed SOFT BLOCKS, and you can ride one of five types of ROOI. Each ROOI has different special abilitiesuse these well and youll ride to victory! Bombs that turn according to arrows and other new gimmicks have been added to BATTLE GAME, increased to ten stages. Tag-team matches are now possible, ensuring that this game will be a blast!

Bomberman '94 is a video game from the Bomberman series which was developed and published by Hudson Soft for the PC Engine and released on December 10, 1993 in Japan. It was later re-developed by Westone and re-published by Sega as Mega Bomberman on the Sega Mega Drive/Genesis in 1994 in other areas. The PC Engine Bomberman '94 was later released outside Japan through the Wii's Virtual Console and the PlayStation 3's PlayStation Network.

The game supports single-player and multi-player modes. In single player, the player navigates several levels of mazes, destroying creatures with bombs. In multi-player mode, players defeat each other with bombs.

Bomberman '94 is the final HuCard title to be made and released by Hudson Soft, the original designers of the PC Engine console."
"Bomberman: Users Battle","","Region Not Set","","Hudson Entertainment, Inc.","Hudson Entertainment, Inc.","1990-12-30","4","No","Action","Not Rated","This multiplayer-only Bomberman release is exceedingly rare and seems to have been produced for demo kiosks, tournaments, or both.

Users Battle is a Bomberman game for the PC Engine, released only in Japan. It bears a 1990 copyright, just like the original release of Bomberman for the platform. Additionally, it plays the same title screen music upon boot, but it has a different title screen, only allowing for multiplayer play for two to five players. It lacks the skull mode option of the full Bomberman release, but otherwise shows similar menus and styles to Bomberman's multiplayer mode.

It is believed that Users Battle was created in extremely limited quantities for use at tournaments, demo kiosks, or both. Some online sources estimate the number of cards produced at around 1,000."
"Bonk 3: Bonk's Big Adventure","","NTSC-U","United States of America","Turbo Technologies, Inc.","A.I Co., Ltd. | 																Red Company","1993-08-01","2","Yes","Platform","E - Everyone","Bonk 3: Bonk's Big Adventure is a 1993 TurboGrafx-16 video game developed by Red Company and A.I and released by Turbo Technologies Inc. in the USA on August 1, 1993.

Bonk is back! And he's bigger and better than ever! Use your head (literally) to traverse 6 wild locations- including a forest grove, an Antarctic ice prison and more! Chomp on blue miracle candy to grow to gigantic proportions and break right through large obstacles. Chomp red candy to shrink to microscopic size and slip right under narrow cracks to discover secret items! Catch the magic flower in each stage to be transported to a bonus round- where you can score more points and earn bonus men! On your way, you will defeat menacing bosses that include acrobatic dinosaur, a sneaky squid and other! Are you ready to save the world, little cave dude!?"
"Bonk's Adventure","","NTSC-U","United States of America","NEC Technologies, Inc.","A.I Co., Ltd. | 																Atlus Co., Ltd. | 																Red Company","1990-04-15","1","No","Platform","E - Everyone","Bonk's Adventure is a 1990 TurboGrafx-16 video game developed by Red Company, Atlus, and A.I and released by NEC Technologies Inc. in the USA on April 15, 1990.

Bonk yourself out in this head-buttin', head-splittin' adventure. As Bonk the Caveman, use your head against Kongo Zilla, Tractorhead and wackiest array of prehistoric foes ever seen. Be sure to eat your meat-and-vegetables as you power-up to battle Evil King Drool himself. It's a real head-banger!"
"Bonk's Revenge","","NTSC-U","United States of America","NEC Technologies, Inc.","Mutech | 																Red Company","1991-08-01","1","No","Platform","E - Everyone","Bonk's Revenge is a 1991 TurboGrafx-16 video game developed by Red Company and Mutech and released by NEC Technologies Inc. in the USA on August 1, 1991.

Bonk is back! Last year's video smash is bashing his way through a totally awesome new adventure! Help that radical cave dude save the Dinosaur Kingdom from the heinous King Drool III. Bigger, badder bosses. More powerful power-ups. More excellent hidden secrets. And more worlds of pre-hysterical action that'll have you cracking up while you're out cracking heads. Blast back to the Bonk Age, mankind's coolest era, and Bonk yourself out!"
"Bouken Danshaku Don: The Lost Sunheart","Adventures of Don Baron: The Lost Sunheart","NTSC-J","","I'Max Corp.","Manjyudo","1992-01-04","1","No","Action","Not Rated","A horizontal shoot 'em up with a surreal edge. A group of evil eyes have stolen parts of the Sunheart, and the player needs to recover them.

Bouken Danshaku Don: The Lost Sunheart (""Adventures of Don Baron: The Lost Sunheart"", roughly) is a horizontal shoot 'em up exclusive to the PC Engine. The game's plot concerns the titular Sunheart device, which is broken into several pieces and spirited away by a group of malicious eyeball enemies. The hero, in a series of vehicles, takes down each of the boss creatures that are protecting a piece of the stolen Sunheart.

The game is distinct among shoot 'em ups for allowing players to keep their power-ups after dying. This does not mitigate the game's difficulty, as it has some very strict checkpointing and many enemies with difficult-to-avoid homing shots. The game's surreal sense of humor comes through with its bizarre bosses, in some way invoking the flamboyant Cho Aniki series."
"Boxyboy","","Region Not Set","","NEC Home Electronics, Ltd.","Media Rings Corporation","1990-03-16","1","No","Puzzle","E - Everyone","The player controls a worker in a warehouse. Gameplay is simple: the goal of each level is to push the crates onto specific squares marked with a yellow dot. It's very easy to get boxes trapped, so the player must carefully consider the route.

Boxyboy also features a level editor for players to create and play their own levels.

In Japan, Boxyboy is known as Sokoban World and is an official part of the Sokoban series."
"Bravoman","","Region Not Set","","NEC Home Electronics, Ltd.","Namco","1990-01-01","1","No","Action","E - Everyone","The village of Nitta has been invaded by the army of Dr. Bomb, an evil scientist who is plotting to take over the world. Facing this crisis is Bravoman, who received his powers from Alpha Man to stand up against Dr. Bomb in the name of justice. The village of Nitta consists of 22 stages -- action stages that take place on the ground and shooting stages that take place underwater. Action stages use a unique control system in which the height of a jump and the distance of an attack changes depending on how long players hold down the button. Players collect the Luck Symbols that appear when they defeat enemies and give them to Lottery Man to get recovery and power-up items. Stop Dr. Bomb and bring peace to the village of Nitta and the rest of the world."
"Break In","","Region Not Set","","","NAXAT Soft","1989-08-10","","No","Sports","","The Engine doesn't really have much in the way of pool games. In fact, this is the only one that I can think of. It looks and plays like those games you used to see in arcades and has plenty of options to choose from. Firstly you get to choose from simulation, action and technique (which lets you try out loads of trick shots). Then, you can play against other humans, your coach or try out the challenge mode that sets you up as a stowaway on a cruise liner, having to beat 14 opponents to be let off the hook! The play screen is laid out clearly - you aim by positioning a target anywhere on the table (unlike some games that make you aim to the cushion), then you can choose the regulars like spin and shot power."
"Bubblegum Crash","","Region Not Set","","","NAXAT Soft","1991-12-06","1","No","Adventure","","Bubblegum Crash is a PC Engine graphic adventure game based on the anime OVA series of the same name.

The anime/game is set in the near future of 2032, which has seen Tokyo split into two by a massive earthquake. Corporations rule the country, production-line humanoid robots named ""boomers"" are being used by villains to commit crimes, and the beleaguered police are too under-budgeted and incompetent to handle it all. The all-female mercenary team the Knight Sabers, who use powerful exosuits called ""Hard Suits"", are the city's best defense.

The game operates similarly to other adventure games of the era. The player is given a selection of commands that they can use to interact with the world, including talking to NPCs, picking up and using objects in their inventory and moving to other areas. At any time the player can look and listen for extra context clues. The commands are in English, but the game's story and dialogue text is entirely Japanese. The game will occasionally switch protagonists, starting with Nene Romanova and moving to Priss, Linna and Sylia at various points."
"Bull Fight: Ring no Haja","","Region Not Set","","","Cream","1989-12-08","","No","Sports","","Select your boxer, select your manager and duke it out for the championship. Bullfight takes the conventional side view of many boxing games - you shuffle left and right tapping one button for block and another for punch, the height of which is determined by the D-pad. During the action, commentators chatter away at the bottom of the screen until one of you goes down for good. This is fairly standard stuff, although Bullfight also has an extra fighting mode to add variety. In it, you take to the streets in a Vigilante-style scrolling beat 'em up, stopping at shops to buy equipment on the way to the main fights in a proper arena."
"Burning Angels","","Region Not Set","","Naxat Soft","NAXAT Soft","1990-12-07","","No","Shooter","","Evil forces have kidnapped the leader of the Burning Project! It's up to the Burning Angels to rescue her! And so starts another vertically scrolling shooter on the PC Engine. There are no surprises in the gameplay here - choose one of two ships, shoot down enemies and collect power upgrades and energy pods. Levels range from the city to the desert and the obligatory sci-fi enemy base. At the end of each level, defeat the large boss craft to move on."
"Cadash","","NTSC-U","","Working Designs","Taito Corporation","1991-01-01","2","Yes","Role-Playing","Not Rated","Arise brave warrior, our services are once again needed! Baarogue the Destroyer has kidnapped the King's only daughter, Princess Sarasa, and is now bent on universal dominance! Become a powerful Fighter, a resourceful Mage, a magic-laden Priestess, or an agile Ninja in your quest to return peace to the once-tranquil land of Deerzar! Be wary on the path to your goal! Baarogue has littered it with many foes, from the re-animated Hands of Stone to the Giant Pedra- Pods of Dokra-ri. Enlist the services of a trustworthy friend to aid you, for this quest allows two brave souls to venture forth via the Turbo Tap. You must succeed, for Baarogue's dark power grows by the second, and soon no soul will be able to halt his advance!"
"Campaign-ban Daisenryaku II: Unit Kaizou Pack","","NTSC-J","","ABA Games","ABM","1991-04-25","1","No","Strategy","E - Everyone","No overview is currently available for this title, please feel free to add one."
"Champion Wrestler","チャンピオンレスラー","Region Not Set","","Taito Corporation","Taito Corporation","1990-12-14","2","No","Fighting","","Champion Wrestler gained popularity in the arcade, and now it is reborn on the PC Engine! Up to 2 people can play simultaneously as well, and you can also enjoy a large number of wrestlers and tag team. In order to take the TWF championship belt, the game will challenge you with formidable enemy skills."
"Champions Forever Boxing","","Region Not Set","","NEC Home Electronics, Ltd.","Distinctive Software, Inc.","1991-01-01","2","Yes","Sports","E - Everyone","It's Ali, Foreman, Frazier, Holmes and Norton -- five of the world's greatest heavyweight boxing champs! Be them or battle them. Each has his actual physical traits and boxing style. Move and jab, or go toe-to-toe and unleash a flurry of punishing hooks, uppercuts and body shots. Protect yourself by blocking punches or clinching. Taunt opponents with showboat moves if you've got the guts. Fight exhibition matches or an entire 15-year career. Between round close-ups show each boxer's facial damage. Beat these five legends and become a Champion Forever!"
"Chase H.Q.","","Region Not Set","","Taito Corporation","Daiei Seisakusho","1992-01-01","1","No","Racing","E - Everyone","The fastest, most thrilling, 3D driving game yet! Take the wheel of your turbo-charged Porsche as you and your partner go in pursuit of dangerous criminals all driving an evil array of souped-up roadsters. TURBO BOOST! Need to catch up in a hurry? Well, just one press of your Turbo Button will leave your eyes in the back of your head! Barrelling through the city streets, along the roughest of dirt tracks and through busy tunnels - if you can hold the line! The low-life can run, but they can't hide..."
"Chew-Man-Fu","","Region Not Set","","NEC Home Electronics, Ltd.","Hudson Entertainment, Inc.","1990-01-01","2","Yes","Puzzle","E - Everyone","Chew-Man-Fu has gone too far! His evil curse deprives you, (and everyone else), of your beloved egg rolls and fried rice. To break his spell, roll 4 magic balls through a maze to matching colored squares. Sound easy? Hah! Chew's whole zoo is out to stop you. Prickly porcupines, wily penguins, rowdy apes and more! Use those balls to clobber 'em and smash through the walls. With 5 worlds and 550 wild rounds, the fun never stops."
"Chibi Maruko - Quiz de Pihyara","","Region Not Set","","","Namco","1992-01-10","1","No","Puzzle","","Popular children's character Chibi Maruko-chan makes her way onto the PC Engine with this cleverly presented action/quiz game. Choose your difficulty and set off down the street...but beware as there are birds, cats and nasty robots intent on zapping you. You have as defense your explorer's helmet, and magical stars shoot out of it to dispatch the baddies (jumping on their heads for a quick escape is also an option if you need to). While all this is going on, you are presented with a series of questions at the top of the screen. You have a choice of answers from A-D and to make a selection you have to pick up the corresponding letter from a defeated enemy. Get three wrong and you're out."
"Chikudenya Toubei","逐電屋 藤兵衛 首斬り館より | Chikudenya Toubee","NTSC-J","","Naxat Soft","BitÂ²","1990-01-06","1","No","Adventure | Role-Playing","Not Rated","A menu-driven adventure game featuring the eponymous ronin-for-hire taking on his most perilous mission yet.

Chikudenya Toubei (alternately Toubee, Tobe) is an adventure game originally released on the MSX2 in 1989 and ported to the PC Engine the following year. The player uses a menu of commands to move, pick up items, talk to NPCs and other necessary steps.

Referred to as a ""digital comic"", the game has a number of cutscenes that play out during the more dramatic parts of the game. The game also includes puzzles, including a sequence where the player recreates the face of a victim from memory using a number of facial features like scars and eyebrows."
"China Warrior","","Region Not Set","","NEC Home Electronics, Ltd.","Hudson Entertainment, Inc.","1987-11-21","1","No","Action | Fighting","E - Everyone","Boss Kara and his evil horde has captured the entire kungfu province. You are summoned - You obediently go knowing full any of Kara's bullies could no doubt put out your lights. You must face them and their specialties one by one .. then finally Kara himself. A sip of a sacred tea releases hidden powers, but will it be enough? Play it so .... a hundred million Chinese are counting on it."
"Chozetsu Rinjin Berabo Man","超絶倫人ベラボーマン | Bravoman","NTSC-J","","","Namco","1990-07-13","1","No","Action","Not Rated","Although typical 'super heroes' are not nearly as common in Japan as they are in the west, there is no doubting the extraordinary powers of this one. Berabo Man is a strange game - a platformer with underwater shoot 'em up stages (sound familiar? Schbibin Man 2?), but the hero here doesn't just use a gun - instead, his whole body is elastic, so you'll find yourself taking out enemies with extending legs, arms and even neck! Along the way, you'll pick up items from destroyed enemies and some weird floating thing that I'll not even begin to describe. And with a boss at the end of each level, a hero's work is never done.

-http://www.pcengine.co.uk/HTML_Games/Berabo_Man.htm"
"Circus Lido","","Region Not Set","","Uni Post","","1991-04-06","","No","Action","","A single-screen action game featuring a chameleon that feeds bugs to Venus flytraps.

Circus Lido, or Circus Ride, is an action game published by Uni Post exclusively for the PC Engine.

The goal of the game is to navigate the stage and defeat the enemies using the chameleon's two powers: his long tongue and his prehensile tail. The tongue can be used to capture enemies and spit them out towards the Venus flytraps, which are the only way to remove them from the stage. The tail can be used to climb vines scattered around, which allows the chameleon to ascend through the stage."
"City Hunter","","Region Not Set","","SUNSOFT","Sunsoft","1990-03-02","1","No","Action","","A side-scrolling action game based on the manga and anime of the same name, concerning the private eye Ryo Saeba.

City Hunter is a side-scrolling action game exclusive to the PC Engine. The player controls Ryo Saeba, the eponymous ""City Hunter"" private eye who often takes assignments from attractive female clients. Despite his lechery, he's a highly competent gunman and very sharp when reading people.

The game is built similarly to Impossible Mission: Ryo explores buildings, checking doors for mission-critical NPCs and items while shooting the enemy thugs that attack him while investigating. It contains four stages, or ""chapters"", and appearances from various characters from the franchise like Ryo's partner Kaori Makimura, his rival Umibozu and his police contact Seiko Nogami."
"Columns","","Region Not Set","","Sega","Sega","1991-03-29","2","No","Puzzle","","Columns was one of the many Tetris-like puzzles that appeared after that game's great success in the late 1980s. It takes place inside a tall, rectangular playing area. Columns of three different symbols (such as differently-colored jewels) appear, one at a time, at the top of the well and fall to the bottom, landing either on the floor or on top of previously-fallen ""Columns""

While a column is falling, the player can move it left and right, and can also cycle the positions of the symbols within it.

If, after a column has fallen, there are three or more of the same symbols connected in a straight line horizontally, vertically, or diagonally, those symbols disappear. The pile of columns then settles under gravity. If this causes three or more other symbols to become aligned, they also disappear and the pile settles again. This process repeats as many times as necessary. It is not uncommon for this to happen three or four times in a row - it often happens by accident when the well is becoming crowded. If the well fills beyond the top of the screen, the game ends.

Occasionally, a special column called the Magic Jewel Column appears. The Magic Jewel flashes with different colors and when it lands, it destroys all the jewels with the same color as the one underneath it.

The columns fall at a faster rate as the player progresses. The goal of the game is to play for as long as possible before the well fills up with Jewels.

Some ports of the game offer alternate game modes as well. ""Flash columns"" involves mining their way through a set number of lines to get to a flashing jewel at the bottom. ""Doubles"" allows two players work together in the same well. ""Time trial"" involves racking up as many points as possible within the time limit."
"Coryoon","","Region Not Set","","Naxat Soft","NAXAT Soft","1991-11-29","1","No","Action | Shooter","E - Everyone","A horizontal shoot 'em up that casts you as a baby dragon out to free a princess from the clutches of an evil....well, you get the idea. Gameplay is traditional, with power-up weapons that include multi-way shot and 'miniature' mode and a sort of reverse R-Type beam where you don't shoot to power it up. Also contains 2 minute and 5 minute time attack modes."
"Cratermaze","","Region Not Set","","NEC Home Electronics, Ltd.","Hudson Entertainment, Inc.","1990-01-01","1","No","Action","E - Everyone","The evil Kublai from Zenzombie Land, has kidnapped four of your friends as you time-travelled on a magic carpet. Now you must rescue them. But run for your life! You're in a maze of monsters!

Hit them with your YOYO! Dig a hole so they'll fall in! Shoot them with your Freeze Beam! Kill them dead with your Bubble Gun! There are 60 incredible levels of action. So wear your helmet and watch your step!"
"Cross Wiber: Cyber-Combat-Police","クロスワイバー CYBER-COMBAT-POLICE","Region Not Set","","Sankindo","Face","1990-12-21","1","No","Action","E - Everyone","Cross Wiber is an special inspector of the cyber combat police. Several years after the happenings in Cyber Cross, a new threat threatens Earth: Duma and his alien forces. Wiber now starts his counter-attack on Duma."
"Cyber Cross","Busou Keiji","Region Not Set","","","Face","1989-06-23","","No","Action | Platform","","Rolling Thunder-esque platform beat 'em up which gives you the ability to transform into a brightly coloured Power Suit as you fight crime on the streets."
"Cyber Dodge","サイバードッジ","Region Not Set","","NEC Home Electronics, Ltd.","Tonkin House","1992-01-31","2","No","Sports","","Futuristic dodgeball game with a choice of fantastical teams (some suspiciously like certain famous movies) and a varied collection of themed courts."
"Cyber Knight","","Region Not Set","","Tonkin House","Group SNE","1990-10-10","1","No","Role-Playing","","Cyber Knight is a science fiction Super Famicom and PC Engine role-playing video game that combines the exploration of Star Trek with strategic robot combat. This game is intended for experienced role-playing gamers only. The random encounters are high even for a Japanese role-playing game with a mid-to-late 1992 Super Famicom release date (i.e., Dragon Quest V: Hand of the Heavenly Bride) and the combat sequences (using melee attacks in addition to missiles and guns) are extremely slow.

The game was only released commercially in Japan.

In the 24th century, mankind has expanded into the reaches of outer space.[2] Meanwhile, the Earth had already disappeared as the center of human civilization. Each star system served as independent nation; war had occurred between these ""countries"" several times in the past. This led to a high demand for mercenaries to fight these wars for money. Some of these mercenaries went on to become space pirates due to their insatiable demand for wealth.

The crew of the starship Swordfish are in an engagement with space pirates. Suddenly, the battle takes a turn for the worse and the crew activate their jump drive without a destination.  They end up flung across the galaxy to the galactic core. The Swordfish however is badly damaged with many casualties. Even the captain was killed while en route to the mysterious destination. Only 26 of the crew survive, and only six of them are qualified for combat operations: the commander, two soldiers, a mechanic and a doctor. They are responsible for using the six giant ""Module"" mechanized suits available for them after the fight with the space pirates. They discover a human colony that is under attack by a relentless mechanical aliens dubbed ""Berserkers"".

The crew must fight back against the new alien threat and explore the galaxy in order to find a way to return to Earth."
"Cyber-Core","","Region Not Set","","Information Global Service","Alfa System","1990-01-01","1","No","Shooter","E - Everyone","Cyber-core is a vertically scrolling shooter in which the player fights insects. The basic idea is traditional: shooting everything before they can shoot/touch the player: after three hits the chitin armor breaks and a life is lost. Besides flying enemies which are disposed of with the standard gun, the player also has to deal with enemies on the ground which need to be hit with one of the unlimited bomb.

The player has the choice between four insect forms which are changed by collecting the associated extra symbols. Collecting more of the same symbol upgrades the insect, but this also rises the difficulty level. Other extras include smart bombs, extra lives, armor refreshments or a protection shield. The game features the possibility to turn on rapid fire or to slow down the speed as well as big boss enemies at the end and within the levels."
"Dai Makai-Mura","","Region Not Set","","NEC Interchannel, Ltd.","Alfa System","1990-07-27","1","No","Action","E - Everyone","The time is yesteryear, when knights scoured the countryside in search of the Holy Grail, defended the honor of fair maidens and fought a never-ending battle against rampant evil forces. Thrown into this mayhem, is the courageous Sir Arthur. A victorious knight with the awesome task of penetrating the Demon's Castle to pulverize the Prince of Darkness. Can he do it? It's up to you. You'll dangerously travel through the Place of Execution, the Village of Decay, the Town of Fire, and the Crystal Forest with an arsenal of weapons at your side. And when you're really down on your luck, magic fights might with powerful results. The only problem? You'll have to learn how to use it. And avoid it. Because their magic has the power to change you into a helpless duck among other things. But there's not much time. Lives depend on you. So brandish your sword and make mincemeat of your foes."
"Daichikun Crisis: Do Natural","","Region Not Set","","Salio, Inc.","Salio","1989-11-22","1","No","Strategy","","A real-time strategy game in which a family of cow-people have to grow and sell crops on an island crawling with monsters.

Overview:
Daichikun Crisis: Do Natural is a 1989 PC Engine game that follows a family of cow anthropomorphs as they cultivate their home of Moo Cow Island. It uses a real-time strategy format where players explore the island and plant various crops. They must also fight off the occasional monster attack from the nearby volcanos, and clear the resulting toxic ash away.

The game is thought to be derived from an educational kid's TV show about agriculture shown in the Hokkaido region. Fans have observed the similarity of Daichikun's family and companions and those featured in the TV show, and the similar theme of farming in a harsh climate.

Gameplay:
The player controls the oldest son of the family, the titular Daichikun, and his family members Hokkaido (grandpa), Suzuran (mama), Oozora (little brother), Marimo (little sister) and their friends Goro the bear and Alice the crow are all AI controlled and will follow the player until they find themselves a task to complete. Daichikun can use the flying ""Geiger No"" vehicle to move around and clear ash away quickly, though it cannot attack.

Additional factors unlock as the player progresses with the game, like a port town and various power-ups. The game is on a fast seasonal cycle - a minute represents a month - and various crops do better (or worse) depending on the time of the year."
"Daisenpuu","Twin Hawk | Tiger Shark","Region Not Set","","NEC Home Electronics, Ltd.","Toaplan Co., Ltd.","1990-12-14","","No","Shooter","","Daisenpū is a vertical shooter by Nec Interchannel and conversion of the arcade game of the same name (also known as Twin Hawk) originally released by Toaplan in 1989. In the year 193X, country R is overwhelmed by hostile enemy forces and the small oasis town 'S' is the main target of the attack. A handful of survivors escape to the jungle and start working on a counter attack - but they are soon discovered and are now running out of time, and they must launch the Daisenpū squadron before it is fully operational. The player takes control of a fighter plane and must fly deep into enemy territory, attack ground targets such as tanks, turrets and warships (the game curiously doesn't feature any flying enemies and no obstacles to fly into, beside enemy bullets). The plane starts equipped with a limited double-shot machine gun that can be slowly upgraded throughout the game by collecting power-pods left behind by small trucks. But the originality of Daisenpū lies elsewhere - the player can call a small squadron of six planes and have them fly in formation, shooting anything in sight and crashing into an enemy unit when defeated. The squadron can also commit a Kamikaze attack at anytime and destroy ground units, or combine to release a devastative bomb-attack. Finally, Daisenpū offers an unusual feature - levels do not pause between them and reveal instead a continuous flow of undisturbed shooting action."
"Daisenpuu Custom","Twin Hawk Custom","Region Not Set","","Taito Corporation","Toaplan Co., Ltd.","1991-07-26","","No","Shooter","","Daisenpuu Custom can be described as a remixed version of the HuCard game released in 1989. The game is based on the arcade shooter of the same name released by Taito/Toaplan in 1987 (also known as Twin Hawk). The players takes control of a World War II plane and fights his way through a vast array of enemy air defenses such as tanks, submarines and battle ships (curiously, there aren't any enemy planes in the game). Our fighter plane can use a classic Vulcan gun and a special, but limited, bomb attack. The latter calls a formation of friendly planes that will shoot at will until they eventually get hit. Pressing the bomb button twice triggers a powerful smart-bomb and wipes out most of the enemies on screen. A standard power-up system upgrades the plane throughout the game - destroying tiny truck usually frees up power-icons. Some, stamped with a large character P on them, upgrade the plane's main gun up to four times. Others give away extra bombs or rare extra lives."
"Darius Alpha","ダライアスα | Darius α","Region Not Set","","Taito Corporation","NEC AVENUE","1990-03-16","1","No","Shooter","E - Everyone","It's a straight run through only the bosses from Darius Plus. Only around 800 copies were produced and given to those persons who bought both Darius Plus and Super Darius only in Japan."
"Darius Plus","","Region Not Set","","NEC Home Electronics, Ltd.","Taito Corporation","1990-03-16","1","No","Shooter","E - Everyone","Amidst the clutter of arcade shooters in the late 1980s, companies needed to make their games stand out in some way. Simply flying a ship into outer space simply wasn't going to cut it anymore. Taito had an idea. Yes, there was still a spaceship. And yeah, that ""outer space"" part was still there too. But instead of the usual aliens, you fought fish.

Yes, fish.

Not even regular, aquatic fish, but robotic fish with lasers equipped to their fins, giant metal teeth and missiles firing from their gills. And not just fish either. There are squid, snails, and other undersea variations out for your blood as well.

The requisite plot is about the people of the planet Darius, who are being terrorized by said intergalatic fish. Only the heroic pilots Proco Jr and Tiat Young can save the day. The constant star of the Darius series is the Silver Hawk. Much like Gradius, it has a primary, forward firing weapon, along with bombs that can be used to attack vertically, and the usual shield.

The arcade game Darius games also used a unique system that attached three monitors together to create one massive horizontal playing field (also used in Taito's Ninja Warriors.) Naturally, this couldn't quite be replicated on the console system, so that nifty little gimmick is lost, but emulators can still replicate the dimensions of the screen, even if you end up looking at a tiny picture.

Looking to further set itself apart from the crowd, every Darius game has multiple levels, with several branching paths throughout the game. It adds tremendously to the replay value, especially since there are usual multiple endings, depending on which final zone you end up at.

Darius is a two-dimensional horizontally scrolling shoot 'em up set in a fictional future. Uniquely among shoot 'em ups, the game's screen was three times wider than conventional size, and the arcade cabinet used an arrangement of three screens to accommodate it. The player controls an ornate fighter spacecraft, named the Silver Hawk, and must navigate through scrolling terrain while battling a variety of fighter craft, ground vehicles, turrets, and other obstacles throughout the game's stages (referred to as zones in the game). The ship's arsenal consists of forward-firing missiles, aerial bombs and a protective force field, all of which can be upgraded by power-ups (in the form of large, colored orbs) that are dropped by specially-colored enemies throughout the game's zones. When the player reaches the end of a zone, a boss appears, which must be defeated to proceed. Once the boss of a zone is destroyed, the player is given a choice of which zone to play next via a branching path. While there are 28 zones in total, only seven can be played in a single run.

When various ports of it were made for different consoles, Taito (and others) were forced to shrink the playfield to fit on one screen.

It was released for the Commodore Amiga, Atari ST, PC Engine, PC Engine (Super CD-ROM), Wii (Virtual Console), and ZX Spectrum.

The PC Engine saw three releases:  

Darius Alpha (1990): A very rare beta release. This is one of the rarest Hu-Cards ever published. You could only get a copy of this hardcore shoot-em-up by buying Darius Plus and Super Darius and then mailing coupons to the publisher. 800 copies were made available, and names were drawn from those who mailed their info in. Some copies of the game were also given away as prizes by PC Engine Gekken and Marakatsu magazines.

Darius Plus (1990): The full game itself, again a PC Engine HuCard. The bosses that were removed in Alpha do not return here. Both Alpha and Plus were actually written for the PC Engine SuperGrafx and playing them on that console results in slightly improved graphics (less flicker and slowdown).

Super Darius (1990): A conversion of Darius for the PC Engine's Super CD-ROM, very close to the original arcade version other than being single-screen. Features new bosses, as well as a ""boss rush"" mode."
"Davis Cup Tennis","","Region Not Set","","NEC Home Electronics, Ltd.","Loriciel","1991-01-01","4","No","Sports","E - Everyone","Challenge 32 top-seeded international pros in explosive court action, or take on your friends with tons of real playing options and a true player's view! Command an arsenal of pinpoint serves and powerful baseline passing shots. Attack the net with topspin or dropshot volleys. Then destroy your opponent's lob and morale with your overhead smash. Play singles and doubles on grass, clay, indoors or hard-court in exhibition and worldwide tournaments. Practice against the ball machine to perfect your skills for the ultimate quest, the coveted Davis Cup!"
"Dead Moon","","Region Not Set","","Natsume","Natsume","1992-01-01","1","No","Shooter","E - Everyone","Alpha 27, the one planet in the galaxy that is fit for human habitation. For many years, the space observation system here was used for a wide range of research. One day, horrifying news arrived- a giant comet was hurtling toward the solar system, on its present course, it was going to colide with the moon. and then….Nothing! For some strange reason the humans and the moon seemed completely unaffected. The humans were unaware that a new nightmare had already begun. The giant comet had changed shape- it was not a comet at all, it was an alien mothership!"
"Deep Blue","","Region Not Set","","NEC Home Electronics, Ltd.","Pack-In-Video Co., Ltd","1989-01-01","1","No","Shooter","E - Everyone","You command an A.N.G.E.L. Fish Attack Sub. Your mission: rid the oceans of the evil aliens in their Undersea Palace deep in the ocean depths. On top of the water, all is calm and beautiful. But as you descend toward the Palace, you won't believe your goggles! Scaled creatures snarl. Swarms of mutant fish attack. Power up! Use the Swirl Cutter! Energy Fin full-throttle ... Fire! Fire! Fire!"
"Detana!! TwinBee","","Region Not Set","","Konami","Konami","1992-02-28","2","Yes","Shooter","","Set several years after the events of the original TwinBee, TwinBee and WinBee are relaxing at their island when they receive an SOS signal from the distant planet of Meru. The signal contains a message sent by Queen Melora, who pleads for the salvation of her planet from the invading forces of the evil alien Iva. TwinBee and his friends decides to set off to outer space to defeat the forces of Iva and save Planet Meru.[5] Detana!! marks the first appearance of TwinBee's and WinBee's respective pilots, Light and Pastel, who became prominent characters in many subsequent TwinBee video games and related media, although they were originally unnamed in this game (the characters were given their names in the audio drama TwinBee Paradise)."
"Devil Crash - Naxat Pinball","Devil Crash","NTSC-J","Japan","NEC Home Electronics, Ltd.","NAXAT Soft","1990-01-01","1","No","Action","Not Rated","The playfield of Devil's Crush consists of a free scrolling pinball table three screens high. There are three pairs of flippers. The player can nudge/bump the table to influence the ball's path. Using the tilt button too much will result in the game ""tilting"" and the flippers will stop working, causing a lost ball. There are many targets to shoot for and hidden bonus rooms."
"Devil's Crush","","NTSC-U","United States of America","NEC Technologies, Inc.","Compile","1990-09-01","1","No","Action","T - Teen","Devil's Crush is a 1990 TurboGrafx-16 video game developed by Compile and released by NEC Technologies Inc. in the USA on September 1, 1990.

Play video pinball that will set you on fire! Explosive graphics and demonic sound beckon you to the underworld for a devilish pinball simulation. Rebound off the She-Giant. So beautiful when she sleeps. So evil when she awakens. Burn up in the bonus rounds where dragons will roast you, skeletons will toast you and sorcerers will plan a barbecue around you. Finally, if you flip your way past them all, fight the ultimate Armageddon!"
"Die Hard","ダイ・ハード","Region Not Set","","Pack-In-Video Co., Ltd","Pack-In-Video Co., Ltd","1990-09-28","1","No","Action","","New York City policeman John McClane is visiting his estranged wife and two daughters on Christmas Eve. He joins her at a holiday party in the headquarters of the Japanese-owned business she works for. But the festivities are interrupted by a group of terrorists who take over the exclusive high-rise, and everyone in it. Very soon McClane realizes that there's no one to save the hostages -- but him."
"Digital Champ","Digital Champ: Battle Boxing","NTSC-J","","Naxat Soft","NAXAT Soft","1989-10-13","1","No","Sports","Not Rated","Take to the ring and fight against strangely familiar looking opponents in this first-person boxing game. Block and dodge with the D-Pad while using the buttons to punch with either left or right fists. Hold the button down and you get a more powerful hit, but it requires more timing and accuracy to be effective. 
Source:http://www.pcengine.co.uk/HTML_Games/Digital_Champ.htm"
"Dinoforce","","NTSC-U","United States of America","","","2023-03-17","1","No","Shooter","Not Rated","Take control of the DINO-JAEGER and battle an army of alien invaders. Your ship is equipped with the DELTA IMPULSE NUCLEAR OVERDRIVE, an energy weapon that's neurally linked to the ship's pilot and will transform into countless weapon variations in a blink of an eye.
Enjoy a tactical horizontal shoot-em up with lots of secrets to discover. 

- Number of Players: 1
- Number of Stages: 7 (+1)
 - Special Features: Hidden Bosses, Hidden Bonus Stage, 25 Extra Weapons and Special Items
- Ages: 10 years and up"
"Disney's Darkwing Duck","","NTSC","","Turbo Technologies, Inc.","Interactive Designs | 																Radiance Software","1992-01-01","1","No","Platform","Not Rated","The kingpins of crime are at it again! The mysterious criminal organization F.O.W.L. has hatched a plan to take control of the peaceful city of St. Canard. Six of their most heinous henchmen are running rampant through the city and only the daring Darkwing Duck can bring them to justice! Join Darkwing as he explores the woods to weed out Bushroot's evil plan. Search the warehouses along the wharf for Mega Volt and pull the plug on an electrifying scheme. Track down all six of FOWL's crafty criminals and then prepare yourself as Darkwing squares off against the sinister Steelbeak in his fiendish floating fortress!"
"Don Doko Don","","Region Not Set","","Taito Corporation","ITL","1990-05-31","1","No","Platform","E - Everyone","A single-screen Arcade action platformer starring hammer-wielding dwarves.

Overview

Don Doko Don is a Japanese action platformer first developed and published for arcades by Taito in 1989. One or two players control bearded dwarves as they make their way through fifty platforming and puzzle-like levels in an attempt to save their kidnapped girlfriend.

Gameplay
Gameplay typically consists of basic platforming with puzzle elements, usually stemming from proper use of power-ups and special abilities than can even lead to secret areas. The game consists of five worlds, with ten single-screen levels in each plus a boss at the end. Throughout the levels there are also various enemies which can be dealt with by smashing them with the dwarves' hammer. Enemies squished by the hammer can then be picked up and used as deadly projectiles to take out other foes. Once all enemies have been cleared, the player can then move onto the next level.

Power-ups
Power-up items can often appear in the center of stages and give a boost to the player in the form of extra power, speed, weapons, instant death of enemies and a slow-down ability. The amount of power the player has determines how far and powerful they can throw enemies through walls."
"Doraemon: Meikyuu Daisakusen","","Region Not Set","","Hudson Entertainment, Inc.","Hudson Entertainment, Inc.","1989-01-01","1","No","Action | Platform","E - Everyone","The original Doraemon game that was released in the US as Cratermaze."
"Doraemon: Nobita no Dorabian Night","ドラえもん のび太のドラビアンナイト","Region Not Set","","Hudson Entertainment, Inc.","Hudson Entertainment, Inc.","1991-12-06","1","No","Platform","E - Everyone","Taking a different route to its maze-based predecessor, this Doraemon game is a side scrolling platformer with a simple, colourful look. You have to rescue your friends who have dived into various books and are pursued by the inhabitants within. You start off having to avoid the wandering beasties, but eventually get hold of such items as a gun that freezes anything in your path for a moment. Along the way you get to ride on dinosaurs, crawl under moving stone blocks, creep along precarious ledges and slide down water chutes."
"Double Dungeons","","NTSC","United States of America","NEC Home Electronics, Ltd.","NCS Corporation","1990-12-31","2","Yes","Role-Playing","E - Everyone","Summoned by the King, you are the last hope of a once peaceful land. Journey deep within the earth on your quest to destroy a strange, unnatural force. With new ""split screen"" action you and a partner can work together to uncover the mysteries of the eerie underground labyrinth and its evil inhabitants. Face the Death Crow, Pumpkin Head, and Savage Elf in over 22 levels of chilling adventure. You won't want to travel alone - and you don't have to!"
"DOWNLOAD","","Region Not Set","","NEC Home Electronics, Ltd.","NEC","1990-10-01","1","No","Shooter","","Horizontal shoot 'em up for the PC Engine. The player, as cyber-diver Syd, must fly his hoverbike through the future city of Kabukicho to rescue his partner Deva from the corrupt police.

Overview
Download is a horizontal shoot 'em up set in a dystopian cyberpunk future in which the main character, Syd, is haunted by memories of his friend Ohala falling to a cybernetic menace. Meanwhile, he receives a call from his contact/partner Deva and must rush to her rescue when she is abducted by the Kabukicho police force. The game's story is depicted in a series of animated vignettes before each stage, similar to Ninja Gaiden. Beginning with the mean streets of Kabukicho, Syd will eventually jack into the internet and fights in a similar manner through cyberspace.

Download is perhaps best known for its profanity-laden game over messages. It was followed by a PC Engine CD sequel the following year: Download 2.

Gameplay
Syd's hoverbike has variable loadouts that the player can assign at the start of each level. These weapons can be upgraded further by finding power-ups within the level. The chief weapon, which can be fired infinitely, include a focused laser weapon and a scattered beam shot: the former is best for bosses and stronger foes, while the latter can quickly eliminate large crowds of weaker enemies. The player will often need to play each level a few times to determine the best loadout.

The player can also select between three sub-weapons: chaser missiles, which home in on foes; crusher, which absorbs shots and causes explosions; and barrier, which stops shots for a short time. Each sub-weapon has a finite number of uses which can be replenished by finding the right power-ups."
"Dragon Egg!","","Region Not Set","","Masaya","Tenky","1991-09-27","","No","Platform","","A platformer where the player controls a small girl with an egg in her backpack, which can turn into a dragon.

Dragon Egg (sometimes styled Dragon Egg!) is a 2D side-scrolling platformer set in a fantasy world. The protagonist is a young girl who wields a dragon egg as a weapon. As she collects fire orbs, the dragon egg hatches into a baby dragon, and then subsequently grows further as more fire orbs are collected. As the dragon grows, the effective attack range of the protagonist increases, making the game easier. However, the dragon will revert by one stage if the player character dies.

The game also has a currency system and stores, which can provide additional fire orb power-ups and other useful tools, like health restoration and barriers, if the player acquires enough funds before entering.

The game was released exclusively for the PC Engine. However, as an action game, it doesn't include a lot of Japanese text and can be easily played by those not fluent with the language."
"Dragon Saber","","NTSC-J","Japan","Namco","Namco","1991-10-01","2","Yes","Shooter","E10+ - Everyone 10+","Dragon Saber, or Dragon Saber: After Story of Dragon Spirit, is a vertical shoot 'em up and the sequel to Dragon Spirit. Dragon Saber was originally released in the Arcade, like its predecessor, before being ported to the PC Engine the following year. The Arcade and PC Engine versions were both ported to the Wii's Virtual Console library. It would also be added to the 1997 Namco Museum Encore compilation for Sony PlayStation. Each of these releases were Japan-only.

The game now supports two-player simultaneous gameplay: Huey, the blue dragon, and Siria, the red dragon, are player one and player two respectively. The game follows the same model as the first: the player can collect power-ups that increase their firepower, often by adding extra heads to the dragon. The player can take four hits before dying, and can restore health by collecting specific power-ups."
"Dragon Spirit","","NTSC-J","Japan","NEC Home Electronics, Ltd.","Namco","1988-12-16","1","No","Shooter","E - Everyone","Amur, the spirit of the dragon, lives within you. As the winged creature that breathes mega-tons of fire, your mission is revealed. Rescue Princess Alicia from Zowel, Demon of Darkness. So take to the skies and destroy enemy creatures with breath and fireballs. Add dragon heads and incredible power-ups. Confront Zowel in a Super Battle of Beasts! (Careful not to breathe on Alicia)."
"Dragon's Curse","","Region Not Set","","NEC Home Electronics, Ltd.","Hudson Entertainment, Inc.","1991-01-01","1","No","Adventure","E - Everyone","Poor Hu-Man! he just isn't his old self. Trying to escape from the evil dragon Mecha, he's transformed into the horrific Lizard Man! Get ready to kick some serious dragon tail, because 5 more are waiting to stop you. Each is more vicious than the last. And each turns Hu-Man into a different kind of total gross out! Slash 'em, burn 'em, and blow 'em away! Then capture the Salamander Cross to break the DRAGON'S CURSE."
"Drop Off","","Region Not Set","","NEC Home Electronics, Ltd.","Data East Corporation","1990-01-01","1","No","Puzzle","E - Everyone","There's no waking up from this nightmare! You'll need all your nerve and strategy to get out alive! A dream of giant apples and diamonds goes berserk when they turn into deadly demons raining down on your head! You have to shoot 'em down with a steel ball. Ricochet your shots to knock 'em off in bunches! They're coming fast, and each level is more threatening than the last! Why are those skulls laughing? Shoot first and ask questions later!"
"Drop Rock Hora Hora","","Region Not Set","","","Data East Corporation","1990-03-30","","No","Action | Puzzle","","A bizarre sort of Breakout/Arkanoid clone, you are presented with a constantly dropping wall of various items (apples, melons...) and have to destroy as many as possible by rebounding the small bouncing ball around the screen. Pushing the button toggles between 'open' and 'closed', which affects whether the ball will bounce in a shallow or steep angle when it hits. Missing the ball will eventually destroy the barrier behind you so you must keep your wits about you at all times."
"Dungeon Explorer","","NTSC-U","United States of America","NEC Home Electronics (U.S.A.) Inc.","Atlus Co., Ltd.","1989-11-15","5","Yes","Action | Role-Playing","E - Everyone","Dungeon Explorer is a 1989 TurboGrafx-16 video game developed by Atlus and released by NEC Home Electronics Inc. in the USA on November 15, 1989.

You, brave soldier, are the last hope of a once-peaceful Oddesia. Yours is a strange world full of magic, hidden dangers and potions. But you have powerful friends. Use them to recover the ORA Stone which was hidden from the conquering evil king, Natas. Deep within the ancient dungeons lies the Stone with powers of life, light, happiness. But where?"
"Dungeons & Dragons: Order of the Griffon","","Region Not Set","","Turbo Technologies, Inc.","Strategic Simulations, Inc.","1992-01-01","1","No","Role-Playing","E - Everyone","The Vampire has escaped and has arisen again just as the Ancient Ones predicted. The Vampire controls bands of monsters who do his destructive bidding. Using the evil Iron Ring, he bends the will of the common people in an attempt to take over the world. Even the great Radlebb Keep has been conquered by the Dark Once and been bent to his evil will.
Now, with your character in the Order of the Griffon, we have a chance to defeat the evil Vampire! World peace can be restored!"
"Energy","","Region Not Set","","","Masaya | 																NCS Corporation | 																Quasar Soft","1989-04-19","1","No","Action | Adventure | Platform","","An action adventure with push-screen scrolling, you must run, jump, climb and shoot your way through a destroyed city and caves fighting mutants."
"Eternal City - Toshi Tenso Keikau","Toshi Tensou Keikaku - Eternal City","Region Not Set","","Naxat Soft","NAXAT Soft","1991-10-01","1","No","Shooter | Platform","","You take control of Argyderos, a mecha, which is driven by a girl pilot Minty Geile. It is a traditional shooter/platform game, each stage is pretty huge and a big villain is waiting for you at the bottom of it. You start the game with a simple Vulcan gun which will get warm and you will lose fire power if you use it too often. Each stage has a save point and you will receive a password."
"F-1 Dream","","Region Not Set","","NEC Avenue, Ltd.","Capcom","1989-08-25","","No","Racing","","F-1 Dream is an automobile racing game for the PC Engine released exclusively in Japan in 1988.

The graphics are identical to the arcade game, even down to the pit crew and lane and fans in the stands. The controls are the same as well: The d-pad controls all eight ways, and the two buttons work as both gas-and-brake and as the transmission. Press the II button to launch the car, and once first gear tops out, quick switch to the I button. If your car is Turbo-equipped, once second gear tops out, hold down both buttons to kick in the afterburner. Letting go of the top gear button will brake the car, and hitting the button again will resume acceleration. The game includes back-markers as well. If you're leading the race or you and an opponent are well ahead of the pack, slower white cars will appear on the track to make things interesting for you, usually just as you're coming up to a particularly tough corner, or drifting across your lane on a straight and forcing you to make a course correction. They're a minor annoyance, but one to keep you on your toes when you've left everyone else in your dust.

The console game designers must have thought that the game needed to be expanded upon, because everything else about the game, outside of the actual racing, is totally different. Instead of jumping right into the F3000 circuit, they've turned it more into a career-mode. You start with street racing your Porsche 911 in races for cash, matching up head to head with another racer and betting on the result. Money that you win in these races can be used to hire yourself a pit crew that comes with you no matter where you're racing. Once you've proven yourself on the street (or you blow all your money, strangely), you get the call: F3000 wants you!"
"F1 Circus","","Region Not Set","","Nihon Bussan Co., Ltd.","Nihon Bussan Co., Ltd.","1990-09-14","","No","Racing","","The first game in Nichibutsu's Formula One top-down racing series.

F1 Circus is a top-down Formula 1 racing game and the first game in Nihon Bussan's F1 Circus series. It was first released on the PC Engine in 1990, but a modified version - also partially based on this game's sequel, F1 Circus '91 - would later be released on the Famicom in 1992. As with every other game in the series, the game was never localized in North America or Europe.

The game uses the real life names of drivers and teams from Formula 1, like Nigel Mansell and Ferrari. The series would continue to acquire the various licenses needed to use real names from Formula 1."
"F1 Circus '91","","Region Not Set","","Nihon Bussan Co., Ltd.","Nihon Bussan Co., Ltd.","1991-07-12","","No","Racing | Sports","","A Formula One licensed racing game for the PC Engine and the second game in Nichibutsu's F1 Circus series.

F1 Circus '91 is a top-down Formula One racing game with a strong simulation element. Players kit out their vehicle, take on various prominent Formula One competitors of the era in races that track the vehicle's damage and fuel. Due to the high speeds involved, players need to pay attention to flashing icons that indicate turns coming up in the road.

The game followed 1990's F1 Circus and was followed by 1992's F1 Circus '92. The series would then move to the Super Famicom as Super F1 Circus."
"F1 Circus '92","","Region Not Set","","Nichibutsu","Nichibutsu","1992-12-18","","No","Racing | Sports","","A Formula One racing game for the PC Engine. The last of the F1 Circus games to be released for the system.

F1 Circus '92, sometimes known as F1 Circus '92: The Speed of Sound, is a racing game for the PC Engine and part of Nichibutsu's F1 Circus series. It is the fourth and last game in the series to be released on the PC Engine platform, and the seventh game in the series overall. Like its predecessors, it is officially licensed by the distributors of Formula One in Japan, and also has the rights to use the real names of teams/drivers.

The game again focuses on top-down races that move at great speed and require a lot of memorization and careful driving. The player can easily be forced to retire from the race early if they take too much damage from collisions with the walls or other drivers. There's a strong customization element as well, and the player can choose to play a Special mode that includes dialogue with NPCs between races."
"F1 Pilot","","Region Not Set","","Pack-In-Video Co., Ltd","Pack-In-Video Co., Ltd","1989-03-23","1","No","Racing | Sports","","A Formula 1 racing game from Pack-In-Video, developed for the PC Engine. It was never released outside of Japan.

F-1 Pilot is a F1 racing game for the PC Engine, one that depicts the racing from the driver's seat of the vehicle. The player is able to select a car before a race, but they all appear to be functionally identical except for the color. The player can also choose to have engine noises or BGM, but not both. Selecting either of the BGM modes will disable all sound effects from the game, including tire screeching and crashing noises.

The game has some odd uses of English (the game was never fully localized into English): For instance, it refers to F1 drivers as ""pilots"" and the title screen affirms that the player is the King of Kings."
"F1 Triple Battle","","Region Not Set","","Human Entertainment, Inc.","Human","1994-09-30","","No","Sports","","The object is to win all the major international races on the Formula One circuit. The game can be played by either one, two or even three players (Battle Mode-only) simultaneously. Various modes of racing include: regular season, battle (which is similar to exhibition or single race mode in other Formula One video games), and the time trial mode which tests how fast a player can drive his or her race car on any of the world's premier road courses. Only the vehicles from the 1994 season are used. Michael Schumacher and Satoru Nakajima are the most popular racers in this video game, even though Nakajima is a hidden character."
"Falcon","","Region Not Set","","Turbo Technologies, Inc.","Spectrum Holobyte","1992-01-01","1","No","Flight Simulator","E - Everyone","Fly multiple missions with varying skill levels, including both Air-to-Air and Air-to-Ground. Explosive aerial combat action as you intercept enemy aircraft or ""take out"" strategic ground targets - missile sites, bunkers, airfields, and buildings. View all the action in ""first-person"" perspective from the cockpit of your F-16 Falcon."
"Fantasy Zone","","Region Not Set","","NEC Home Electronics, Ltd.","Sega","1989-01-01","2","No","Shooter","E - Everyone","An evil force has overcome this beautiful land of awesome colors and peaceful people. Plundering Golden Rubicom coins, your enemy is an intergalactic band of thieves. Armed with cannon and bombs, you must recover the stolen coins to buy expanded powers. But be careful! The alien Super Boss waits in ambush. Restore order for the Federation or kiss the galaxy's favorite vacation place good-bye!"
"Fighting Run","","Region Not Set","","Nichibutsu","Nichibutsu","1991-11-29","2","No","Racing","","An action racing game featuring sprinting mechs.

Fighting Run is a vertical scrolling action game for the PC Engine featuring mechs. The game was published by Nichibutsu, or Nihan Bussan.

The goal of the game is to build a mech's stats and take on other mechs in straight courses. Both mechs sprint up the screen, but must also fight each other until one of them is destroyed. The mechs can also be damaged or stunned from obstacles in the course."
"Final Blaster","","Region Not Set","","Namco","Aisystem Tokyo","1990-09-28","","No","Shooter","","A vertical-scrolling shoot 'em up that configures its difficulty to match the skill of the player.

Final Blaster is a vertical scrolling shoot 'em up for the PC Engine. The player is part of squadron of fighters sent to save the world from an alien invasion. Final Blaster hosts a number of features that are distinct to the game: the first is a charge shot that resembles a phoenix and is the only form of projectile that can destroy certain larger enemies. The second is that the game configures its difficulty depending on how many power-ups the player has when finishing a level, or how often they've been destroyed.

The game was unique to the PC Engine and did not see an international release outside of Japan. It came out on the same day as W Ring: The Double Rings, another shoot 'em up exclusive to the Japanese PC Engine."
"Final Lap Twin","","Region Not Set","","NEC Home Electronics, Ltd.","Nova Co., Ltd.","1989-01-01","2","No","Racing","E - Everyone","Final Lap Twin is a hybrid racing/role-playing game released for the PC Engine in 1989 and the TurboGrafx-16 in 1990, as a spin-off to the 1987 arcade game Final Lap. The protagonist is on a quest to live up to the reputation of his racing-champion dad. He travels over the map, meeting small-time racers, and must race his car to earn money that he spends on upgrading his car, eventually facing the local racing champion. After beating the rest of the local racing champions in the various cities, the protagonist must go through a maze to find the final upgrades of the different parts of his car, and then face the world racing champion."
"Final Match Tennis","","Region Not Set","","Human Entertainment, Inc.","Human Entertainment, Inc.","1991-03-01","4","No","Sports","","Final Match Tennis is by far the deepest tennis game in terms of gameplay on the PC Engine. In fact, its play controls are among the most sophisticated in a PC Engine game and in general, in a tennis game (what still counts to this very day). Don't get fooled by its simple graphics. There is everything in this game that tennis is about. Smashes, stop balls, volleys, back and forehand spins or lobs. At the top of it all, you can play it in every thinkable player combination (training, tournament, 1-4 players). By the way: in addition, its one of the best multiplayer games ever."
"Final Match Tennis : Ladies","Final Match Tennis Ladies","NTSC","Japan","Human Entertainment, Inc.","","2016-11-29","2","Yes","Sports","Not Rated","This hack lets you play Final Match Tennis Ladies as a standalone HuCard game. Final Match Tennis Ladies is part of the “Human Sports Festival” game compilation, released only in Japan exclusively for the Super CD-ROM², a CD attachment system add-on for the PC Engine."
"Final Soldier","","NTSC-J","Japan","Hudson Entertainment, Inc.","Now Production Co.","1991-08-23","1","No","Shooter","Not Rated","On Earth in the 23rd century, a space time warp opens up over the Atlantic Ocean. From it comes an enormous invasion force analyzed to come from the 25th century. As Earth is attacked by the alien war machines, it is revealed that the culprits are identified as the Gader'el, a race of large bio-mechanic creatures, who have the ability to freely manipulate space and time; after conquering the future Earth in the 25th century, the Gader'el decided to ensure their influence on mankind by traveling back in time to the 23rd century, conquering that time and then going further into Earth's past.
As the armed forces of every country on Earth combats the Gader'el, each scientific academy collaborates on making a weapon capable of destroying the Gader'el's strongest weapons. The result is the Dryad, a single-fighter spaceship capable of wielding several types of futuristic weapons. The Dryad's flight path and mission is to warp into the Future Zone in order to reach the Gader'el headquarters and destroy their leader."
"Final Soldier: Special Version","","Region Not Set","","Hudson Entertainment, Inc.","Now Production Co.","1991-01-01","1","No","Shooter","Not Rated","Final Soldier was part of the Caravan Festival organized by Hudson Soft in 1991 and a limited edition of the game exists. This Special Version comes as a single HuCard and offers two short Time Attack modes (two and five minutes) in the Caravan Festival tradition."
"Fire Pro Wrestling 2: 2nd Bout","ファイヤープロレスリング2nd BOUT","Region Not Set","","Human Entertainment, Inc.","Human","1991-08-30","2","No","Fighting | Sports","","The follow-up to the revolutionary wrestling game from 1989. This sequel features more wrestlers, more distinctive moves and a much larger roster with hidden wrestlers to be discovered."
"Fire Pro Wrestling 3: Legend Bout","ファイヤープロレスリング3 Legend Bout","Region Not Set","","Human Entertainment, Inc.","Human","1992-11-13","2","No","Fighting | Sports","","The third in the original Fire Pro series. To date the largest roster of wrestlers, with several hidden to be found, new modes, editing and a League Mode to be conquered."
"Fire Pro Wrestling: Combination Tag","ファイヤープロレスリング コンビネーションタッグ","Region Not Set","","Human Entertainment, Inc.","Human","1989-06-22","2","No","Fighting | Sports","","The first in the critically acclaimed Fire Pro Wrestling series, allowing for rapid wrestling action with unprecedented number of moves and a large roster inspired by wrestling legends from around the world."
"Formation Armed F","Armed F | フォーメーション アームドF","NTSC-J","","Nichibutsu","Manjyudo","1990-03-23","1","No","Shooter","Not Rated","Biologically themed shooter including side-pod powerups that can be positioned around your ship."
"Formation Soccer On J. League","","Region Not Set","","Human Entertainment, Inc.","Human","1994-01-15","2","No","Sports","","A soccer game for the PC Engine and part of Human's Formation Soccer series.

Formation Soccer on J-League is a soccer game for the PC Engine and part of Human Entertainment's Formation Soccer series. The game focuses on Japan's top soccer league, the J-League, and features all ten teams active in the 1993-94 season. Formation Soccer on J-League was the penultimate game released officially on the PC Engine/TurboGrafx-16's HuCard format.

The game features a standard exhibition mode, a league mode that recreates the 1993-94 J-League, and an All-Stars mode that features two teams comprised of all the best players. The Exhibition and All-Stars modes can be played with up to four human players. The J-League mode allows for two players to be on the same team and take on the CPU-controlled league cooperatively."
"Formation Soccer: Human Cup '90","","Region Not Set","","Human Entertainment, Inc.","Human Entertainment, Inc.","1990-04-27","2","No","Sports","","A Japan-only soccer game developed by Human for the 1990 World Cup in Italy. It was the first in the Formation Soccer series.

Formation Soccer: Human Cup '90 is a soccer game for the PC Engine that was released in Japan exclusively. It is the first of the Formation Soccer games from Human Entertainment: many of which would end up on the Super Famicom/Nintendo as ""Super Formation Soccer"", in a similar pattern as Human's Fire Pro Wrestling series which also became Super Fire Pro Wrestling once they started coming out on the Super Famicom. Formation Soccer uses a vertical-scrolling view of the pitch.

The game was designed and released to coincide with the 1990 World Cup event set in Italy. It features sixteen teams, though only eleven of those actually qualified for the World Cup. The player can choose between a single game Exhibition mode and a tournament ""Human Cup"" mode to choose between.

Teams
The following sixteen teams could be selected for use in either mode:

Italy (the hosts)
Brazil
The Netherlands
U.S.S.R.
Argentina
West Germany
Denmark (Denmark did not actually qualify for the 1990 World Cup)
England
Spain
France (France did not actually qualify for the 1990 World Cup)
Uruguay
Poland (Poland did not actually qualify for the 1990 World Cup)
Yugoslavia
USA
Mexico (Mexico was disqualified during the qualification process)
Japan (Japan did not actually qualify for the 1990 World Cup)"
"Gai Flame","","Region Not Set","","Masaya","Masaya","1987-12-16","1","No","Role-Playing","","Mecha strategy game developed by Masaya in 1987.

Gaiflame is a turn-based strategy game from Masaya that was released on a number of Japanese home computers, as well as the PC Engine. No version of the game was ever released outside of Japan.

The player moves around mecha and jet units around a world map, trying to conquer as much territory from the forces of darkness as possible in order to repel them. When two opposing sets of troops occupy the same area, the game switches to a hexagonal grid where the two forces clash. When units meet in combat, the game uses animated cutaways demonstrating the exchange of damage.

Gaiflame is considered a precursor to Masaya's Langrisser series, along with Gaia no Monshou and Elthlead."
"Gaia no Monshou","Crest of Gaia","Region Not Set","","Hudson Entertainment, Inc.","NCS Corporation","1988-09-23","","No","Strategy","","Gaia no Monshō (also known as the 'Crest of Gaia') is a fantasy round-based strategy game by NCS and conversion of a game originally released for the NEC PC-8801 in 1987. The Light and Dark forces are engaged in a fierce war and Böser, leader of the Dark Army, is now ready to capture the Rall Tower, source of the world's energy. Sieghart, leader of the Light army, is the only one who stands between the evil Böser and the complete decimation of the kingdom. Gaia no Monshō is a turn-based strategy game at heart - the player moves troops around a battlefield and attacks nearby enemy units. An Auto Battle mode is also available and gives the option to let the AI figure out of the player's next move. The game offers several play modes - the first one (Scenario Mode) gives the player the chance to jump straight into battle using predefined troops. The second (Construction Mode) allows him to build his own army using unit points. The last one (Campaign Mode) conveys story plot elements and starts in the siege town of Dirl, where king Sieghart battles the fierce Böser. This mode requires more complex strategy and the player must assemble his own troops using unit points and units lost in battle don't come back during the campaign. Unlike the other two modes, it offers a password system to save the player's progress through the game."
"Galaga '88","","Region Not Set","","NEC Home Electronics, Ltd.","Namco","1988-07-05","2","No","Shooter","","Galaga '88 is a 1987 fixed shooter arcade game by Namco. It is the third sequel for Galaxian (following Galaga, and Gaplus). It features significantly improved graphics over the previous games in the series, including detailed backgrounds, larger enemies and greater ship details. Although it was well received, fewer cabinets of this game were produced than of Galaga and Gaplus. The game runs on Namco System 1 hardware. It was later released on the North American TurboGrafx-16 under the name Galaga '90 and the Sega Game Gear in Japan under the name of Galaga'91 (ギャラガ'91 Gyaraga 'Nainti Wan?), and in Europe under the name of Galaga 2.

The gameplay in Galaga '88 is built on the same premise as that of the original Galaga game, but is in many ways more complex and more difficult. The game is divided into a series of 29 Stages distributed through eight Worlds. The starship Galaga accelerates between Stages and Worlds and even to higher dimensions"
"Galaga '90","","NTSC-U","United States of America","NEC Home Electronics (U.S.A.) Inc.","Namco","1989-11-01","1","No","Action | Shooter","E - Everyone","Galaga '90 is a 1989 TurboGrafx-16 video game developed by Namco and released by NEC Home Electronics Inc. in the USA on November 1, 1989.

Galaga is a smoldering planet that often erupts with angry mutants and misfits. As Galactic commander of the Federal Army, you have the job of making them dead. Not easy! Because they come at you in clusters like swarms of killer bees. This time, you will be flying the awesome Triple Proton Fighter that warps to new dimensions and increased firepower. Galaga goons, your graveyard awaits."
"Games Express CD Card 1993","","Region Not Set","","Games Express","Games Express","1993-01-01","1","No","Action","Not Rated","The GamesExpress (GE) carts were used to circumvent the protection of the console that otherwise would prevent you to play the unlicensed/pr0n GE games."
"Ganbare Golf Boys","","Region Not Set","","Masaya","Dual","1989-03-30","1","No","Sports","","Multiplayer golf for the PC Engine courtesy of Masaya and Dual.

Ganbare! Golf Boys (""Do Your Best! Golf Boys"") is a PC Engine exclusive golf game that allows for up to four players to compete is a round of golf via the console's multi-tap peripheral. It did not receive a US localization.

The game has a permanent top-down view of each hole, zooming in whenever the player is on the green, and has the ""hit the sweet spot"" power gauge system standard to most golf simulators. It features a total of two courses, with eighteen holes apiece.

Ganbare! Golf Boys is notable for being the first project that prominent game musician Atsuhiro Motoyama ever worked on."
"Gekibo: Gekisha Boy","激写ボーイ | Dramatic Photography Boy","Region Not Set","","Irem Corp.","Tomcat System","1992-10-02","1","No","Action | Shooter","","David Goldman is an amateur photographer, who always loved to take pictures. One day, he went to Los Angeles Photography School to study more about taking pictures. Everyday, David commutes on the crowded trains, but trained and learned better in the academy so he can achieve his dreams on becoming the best photographer he ever wished for. He was happy at that time, but suddenly misfortune hit him. David's parents suddenly died in a plane crash, leaving him orphaned and all alone. He loved his parents deeply and cried at their burial, thinking that they will come back. David lost his confidence and is about to leave the academy to live a lonely and sad life. However for Dean, the principal of the academy saw him and made an unexpected proposal to him. The principal said if he completed 8 tests by taking 8 special photograph shots in 8 different locations, then he's allowed to graduate in the academy. Unsure about this offer, David still accepted the test and did everything he could to pass."
"Genji Tsuushin Agedama","ゲンジ通信あげだま","NTSC-J","Japan","NEC Home Electronics, Ltd.","Interchannel","1991-12-13","1","No","Platform","E - Everyone","Agedama Genji is a 4th grader boy in elementary school, and a hero on the training from 'Hero Planet.' Though the cheerful kid is no one special in appearance, he can transforms into a superhero called ""Agedaman"" by combining himself with his computer friend called Wapuro. He believes in Kiai power and he tries to handle all the problems that he encounters with that, so his father decided to let him go training on the earth accompanied by only Wapuro on summer vacation. After his arrival to Morisoba city, where an enormously wealthy clan rules arbitrarily, he joined East-Morisoba elementary school, then met a diva girl of the clan named Rei Kuki who has an ambition to conquer the world and, as a first step, attacks the city with a variety of chimera monsters that she and her grandfather create with the Monster-Cooker, which the rich old man invented. When they plot to attack the city she transforms into a super-villainess called ""Onyomiko"". The battles of Agedaman and Onyomiko began!"
"Genpei Toumaden","GENPEI TŌMA DEN | 源平討魔伝巻ノ弐 | The Genji and the Heike Clans","NTSC-J","","Namco","Now Production Co.","1990-03-16","1","No","Action","E - Everyone","Multi-style game in which you play a Japanese demon warrior with flowing red hair. It is divided into overhead areas, platform areas with small sprites and walk along hack ‘n’ slash bits with much larger characters."
"Genpei Toumaden - Kannoni","源平討魔伝巻ノ弐","Region Not Set","","","Namco","1992-04-07","1","No","Action","","Sequel to the original?Genpei Toumaden."
"Ghost Manor","","Region Not Set","","Turbo Technologies, Inc.","ICOM Simulations, Inc.","1992-01-01","1","No","Action","E - Everyone","With an earth-shattering explosion, horror from another dimension grips your once peaceful town. Gristly creatures prey on the innocent. The dead rise to roam the streets. All resistance falls! But hey, no problem, you have a plan! Find the secret passage to their mansion stronghold and battle past the zombies and ghouls. Now get your axe, because it's way full of demons and ghastly surprises! Ride the awesome Skull Slammer and search for their leader, the hideous Orb gamut. Discover his weakness and be a hero. If you don't, you'll be dust."
"Ghouls'n Ghosts","Daimakaimura | Ghouls & Ghosts | Ghouls and Ghosts","Region Not Set","","Capcom","Capcom","1990-07-27","1","No","Action | Horror","E - Everyone","Ghouls 'n Ghosts (Japanese: 大魔界村 Hepburn: Daimakaimura?, lit. ""Great Demon World Village"") is a side-scrolling action platform game developed by Capcom and released as an arcade game in 1988, and subsequently ported to a number of other platforms. It is the sequel to Ghosts 'n Goblins and the second game in the Ghosts 'n Goblins series."
"Gokuraku! Chuka Taisen","","Region Not Set","","Taito Corporation","Daiei Seisakusho","1992-03-13","","No","Shooter","","Classic shoot 'em up starring the Monkey King Sun Wukong.

Cloud Master, or Gokuraku! Chuuka Taisen as it's known in Japan, is a horizontal shoot 'em up featuring the literary character Sun Wukong, better known as the Monkey King and the deuteragonist of the Chinese novel Journey to the West.

Cloud Master was originally released in the Arcades by Taito in 1988."
"Gomola Speed","","Region Not Set","","UPL Co., Ltd","UPL Co., Ltd","1990-09-28","1","No","Action","","A game of reflexes and strategy inspired by the classic Arcade game Snake.

Gomola Speed is a top-down action game in which the player increases the size of their snake-like protagonist by collecting and uniting the various segments moving around the level. When long enough, the player character can wrap themselves around stunned enemies - the player can drop bombs that will momentarily stagger any enemy caught in the blast - and valuable food in order to acquire them. Once all the food has been collected, the exit opens somewhere in the level and the player can progress. Progressive stages have different gimmicks and solutions to completing them.

The game was developed by UPL and released exclusively to the PC Engine in Japan."
"Gradius","","Region Not Set","","Konami","Konami","1991-11-15","2","Yes","Shooter","","The people of Gradius are in trouble. The ameoboid Bacterions have launched an all out attack against the planet, and it's up to you to fly into battle and save them. Along the way you'll be able to power up your ship with hyper speed, force fields, lasers, missiles, double beam cannons and more to help you battle.

Gradius is a side-scrolling shooter. Shooting certain enemies will leave a power up pod behind which can be collected to add more power to your ship. Each level features a wide variety of enemies trying to stop you, with a large boss at the end. Gameplay is for one player or two players alternating."
"Gunboat","","Region Not Set","","NEC Home Electronics, Ltd.","Accolade","1992-01-01","1","No","Action","E - Everyone","Twist down treacherous jungle waters with eight tons of firepower and the threat of a deadly ambush around every bend. Command a Navy River Patrol Boat (PBR) in the most hostile and claustrophobic action -- riverine warfare! First hone your critical combat skills with gunnery, grenade and pilot practice. Then report for duty and equip your boat with the hottest weaponry for the mission. Take out enemy craft with twin armor-piercing .50 caliber machine guns. Blast land-based positions with 40mm grenades or fire your 60mm Mortar Launcher and get ready to hit the deck!"
"GUNHED","","Region Not Set","","Hudson Entertainment, Inc. | 																NEC Home Electronics, Ltd.","Compile | 																Hudson Entertainment, Inc.","1989-07-07","1","No","Shooter","","Gunhed also known as Blazing Lazers, is a 1989 sci-fi shoot 'em up video game developed by Hudson Soft and Compile. It was released in Japan on July 7, 1989 for the PC Engine, and it was released in North America in November 1989 for the TurboGrafx-16. It was later released on the Wii's Virtual Console in North America on May 21, 2007, in Europe on May 25, 2007, in Australia on July 30, 2007, and in Japan on June 17, 2008. It was released for the PlayStation Network on July 21, 2010 and on the Wii U's Virtual Console on June 11, 2014 both in Japan. It is based on the Japanese film Gunhed (only referenced in the Japanese version). In the game, a fictional galaxy is under attack by an enemy space armada called the Dark Squadron, and this galaxy's only chance for survival is the Gunhed Advanced Star Fighter, who must destroy the Dark Squadron and its Super Weapons. The gameplay features fast vertical scrolling and a wide array of weapons for the player to use."
"Gunhed: Special Version","Gunhed: Taikai | Hudson Gunhed Taikai","NTSC-J","Japan","Hudson Entertainment, Inc.","Compile","1989-01-01","1","No","Shooter","Not Rated","Not intended for commercial distribution, Gunhed: Special Version was part of the fifth Caravan Festival organized by Hudson Soft in 1989. Gunhed: Special Version comes as a single HuCard, and offers two- and five- minute Time Attack modes designed for competitive hi-score play."
"Hana Taaka Daka!","はなたーかだか！？","Region Not Set","","Taito Corporation","Natsume","1991-08-09","1","No","Shooter","","Konta the little fox is in trouble - while on a walk with his girlfriend Inari, he ""accidentally"" broke the magical seal that held the evil tanuki raccoon Jikanda and his minions prisoner. They have abducted Inari and Konta is in great despair. He decides to seek assistance from the gods and ask them for help. A flying Tengu answers to his desperate plea."
"Hanii in the Sky","HONEY IN THE SKY | はにいいんざすかい","NTSC-J","","","Face","1989-03-01","1","No","Shooter","Not Rated","An unusual shooting game where your character is a haniwa doll. The most unique feature is your ability to attack in a 360-degree radius. Defeat enemies to earn spirit energy you can trade for power-ups."
"Hanii on the Road","HONEY ON THE ROAD | はにい・おんざ・ろおど","Region Not Set","","","Face","1990-09-14","2","Yes","Action | Platform","E - Everyone","Hanii on the Road (aka Hany on the Road or Honey on the Road) is a side scrolling action game by Face. After Hanii's exploits in Hanii in the Sky, the little Haniwa clay doll is back on a new mission. This time around, our cute friend must free the world from all the demons and other evil creatures that escaped from the Gods' realm. But this time around he's not flying or shooting balls of energy - instead, he must run along a roadway divided into four lanes, each moving at different speeds. And things are just not as easy as it may sound - Hanii has to jump over various enemies and try not to fall into deep holes dug into the ground, without forgetting the occasional change in scrolling direction and the myriad of other exciting, and often lethal, effects. A time limit also urges him to hurry and to quickly reach the end of each stage. Every little helps, and tiny wood signs scattered around every road tell Hany how far the next exit is. Additionally, special items can be collected along the way, such as Blue jars giving Hanii extra lives (twenty five of them need to be collected though), Mystery Jars giving from 100 to 1000 points, Extra Lives, Time Clocks, Rockets, Trampolines and other unique and often bizarre super powers (he can turn into a race-car or an almighty warrior in some stages!). Hanii on the Road consists of many levels and features a non-linear structure with interconnected paths to follow, as well as bosses. The game also offers a two simultaneous player mode where Lemon, a yellow version of Hanii, comes to the rescue."
"Hatris","","Region Not Set","","FromSoftware, Inc.","FromSoftware, Inc.","1990-01-01","1","No","Puzzle","E - Everyone","Remember Tetris? The way those cubes kept coming at you? That was tricky enough, but what if they were half a dozen different hats instead? Derbies, baseball caps, cowboy hats, wizard hats, top hats and crowns? Well, that's the whole idea behind Hatris. The hats keep coming at you two at a time. All you have to do is stack them up five at a time and - poof - they're history. It sounds perfectly simple. Until you get into it. Then you'll wish you had six heads instead of one. Because this is the latest game from Alexey Pajitnov, the designer of Tetris, and his partner Vladimir Pokhilko. And anyone who could turn geometry into a contact sport is a force to be reckoned with. And this time they really want you to use your head. If you don't, you'll look pretty strange with that pile of hats on it!"
"Heavy Unit","","Region Not Set","","Taito Corporation","Taito Corporation","1989-12-22","1","No","Shooter","E - Everyone","Set in 2013, mankind's first artificial star and planet, ""Le Tau"", is under attack from genetically modified alien monsters. The player must navigate a ""Heavy Unit"", a heavily armed, transforming mecha, in order to defeat the onslaught and protect the human colony."
"Hisou Kihei Kai Serd","飛装騎兵カイザード","Region Not Set","","Masaya","NCS Corporation","1990-02-23","1","No","Strategy","","A mecha strategy game from Masaya.

Hisou Kihei X-Serd (""Flying Mounted Cavalry X-Serd"") is a strategy game where the majority of the units are mecha, or robot suits. The game was exclusive to the PC Engine and was released soon after another mecha strategy game from Masaya: Gaiflame.

In each scenario, the Serds - a league of specialized attack mecha - are deployed from their HQ ship Altea. The Serds all have single-letter code-names and different specializations: for example, the G-Serd wields a laser sword for devastating melee attacks and can move quickly, while the B-Serd is capable of long-range mortar attacks but has limited movement. The eponymous X-Serd is the most powerful of the team."
"Hit the Ice: The Official Video Hockey League","ヒット ジ アイス | Hit_the_Ice | Hit the ice","Region Not Set","","Taito Corporation","Taito Corporation","1992-01-01","4","Yes","Sports","E - Everyone","If you've ever heard the joke, ""The other night I went to a fight, and a hockey game broke out,"" then you already know what Hit the Ice is all about. This is rough and tumble, no holds barred hockey action that will challenge your stick-handling skills as well as your head-bashing abilities. While the traditional rules of hockey apply, that doesn't mean you can't throw an elbow or a high stick when the ref isn't looking. And since this is two-on-two hockey, the action is fast and furious as you try to outscore and outslug your opponent in four-player hockey action."
"Hono No Tokuji Dodge Danpei","","Region Not Set","","","Hudson Entertainment, Inc.","1992-09-25","","No","Sports","","Dodgeball game with loads of anime style sequences and even an RPG style story mode. Based on the manga of the same name."
"Hyper Dyne: Sidearms","Side Arms | Side Arms: Hyper Dyne","Region Not Set","","NEC Home Electronics, Ltd.","Radiance Software, Capcom","1989-01-01","1","No","Shooter","E - Everyone","Sidearms is a side-scrolling shooter arcade title developed by Capcom, ported by NEC Avenue and published by NEC Interchannel, which was released in 1989. It is the US version of Japan's Hyper Dyne: SideArms. There is also an enhanced CD version, Hyper Dyne: SideArms Special. The arcade version allows 2 simultaneous players.
The spelling of the US title can be verified inside the cover of the US game manual, it is simply 'Sidearms'."
"Idol Hanafuda Fan Club","アイドル花札ファンクラブ","Region Not Set","","Games Express","Games Express","1991-10-31","1","No","Puzzle","","In this game you play Hanafuda against girls and make them strip."
"Image Fight","","Region Not Set","","Hudson Entertainment, Inc.","Irem Corp.","1990-07-27","1","No","Shooter","Not Rated","Image Fight is an intense vertical shooter by Irem and is the conversion of their own arcade game released back in 1988. The player takes control of the OF-1, a powerful Orbit Fighter ship codenamed Daidalos on a mission to annihilate the Moon defense system which suddenly went out of control. The rather unique feature of Image Fight is the ""simulation mode"" (called 'Image Fight') that precedes the ""real battle"" (called 'Real Fight'). The game counts a grand total of eight zones - the first five are Combat Training Stages and happen in a virtual space where the player must at least achieve a whooping 90% destruction ratio. If successful, the Real Combat reveals itself and the player gets launched in outer space and fly through three more stages. Just like with any traditional shooter, the ship can be upgraded by collecting flying capsules. They come in two flavors - the first are colored pods (blue and red) which hang around the ship and either fire straight ahead or in the opposite direction the fighter is facing. Those pods can also be thrown at the enemies to inflict more damage. The other kind are various devices that attach at the front of the ship and greatly improve its fire power - they include Bubble lasers, Homing Lasers, V Lasers or the powerful Drill Laser. Sadly, only one can be collected at the same time and the only way to dispose of them is to get hit. Finally, the speed of the ship can be adjusted anytime during the game and the resulting blast of energy can even be used to damage enemy ships."
"Impossamole","","Region Not Set","","NEC Home Electronics, Ltd.","Gremlin Interactive Ltd.","1991-01-01","1","No","Action","E - Everyone","For Monty Mole, a day at the beach turns into the adventure of his life when he's beamed aboard an alien spacecraft. He's transformed into Impossamole, with super powers to save their planet from the evil Vlarg! Now you're up to your cape in Vlarg's monster bosses with crack-up creatures ready to nail your tail! Power up your laser to blast the Dragon Boss. Bomb the Abominable Snowman. Then trash the Venus Moletrap before he has you for lunch. Swim, fly and blast through five wacky action-packed worlds. The fiendish Vlarg awaits your final desperate battle!"
"J. League Greatest Eleven Soccer","Jリーグ・グレイテストイレブン","Region Not Set","","Nichibutsu","Cream","1993-05-14","","No","Sports","","Soccer game released in 1993 for the PC Engine.

J-League Greatest Eleven is a soccer game for the PC Engine published by Nichibutsu/Nihon Bussan. Despite the similar name, it has no relation to Konami's J-League Winning Eleven series.

The game features the Japanese soccer league's ten teams from its inaugural 1993 season. There's an exhibition mode with support for four players and a league mode where 1 or 2 players can face off against the computer. The game also offers an option to play with four human players, but only in the exhibition mode."
"J.J. & Jeff","","Region Not Set","","Hudson Entertainment, Inc.","Hudson Entertainment, Inc.","1990-11-30","1","No","Platform","E - Everyone","You can be J.J. Or you can be Jeff. Either way, you're a wacko detective on a kidnap case who stumbles into some hilarious action. Clues and surprises pop up everywhere. Use your head, your foot (kicking things brings great results) and your secret weapon - the spray-can - on 30 different enemies. So grab some french fries for energy and get ready for action!

J.J. & Jeff Detective Agency are assigned the task of locating a missing rich man, and you can choose either J.J. or Jeff to go on the mission. Your partner doesn't like this one bit, so he decides to make a nuisance of himself along the way. Similar to Adventure Island, you must make your way through several levels, destroying wildlife along the way, but instead of using a hammer, you have three different ways to kill them: jump on or kick them, or when they are walking on the ground, blow gas out of them."
"Jack Nicklaus Greatest 18 Holes of Major Championship Golf","","Region Not Set","","Accolade, Inc.","Sculptured Software","1988-01-01","2","No","Sports","","Jack Nicklaus' Greatest 18 Holes of Major Championship Golf is a golf-simulation video game developed by Sculptured Software, and published by Accolade in 1988.

The game features simulations of eighteen holes from renowned golf courses in the United States, Scotland, and England: Four from Augusta National Golf Club, three from Pebble Beach Golf Links, three from the Old Course at St Andrews, two from the Riviera Country Club, two from Baltusrol Golf Club, one from Oakmont Country Club, one from Merion Golf Club, one from Muirfield, and one from Royal Lytham & St Annes Golf Club. In addition, the game contains simulations of two complete Nicklaus-designed 18-hole courses: The Castle Pines Golf Club and The Golf Club at Desert Mountain."
"Jack Nicklaus Turbo Golf","","Region Not Set","","Victor Interactive Software, Inc.","Accolade","1990-01-01","1","No","Sports","E - Everyone","""I designed my golf game with one goal in mind - to create the most realistic simulation of championship golf in the world. Tee to green, it offers the most breathtaking scenery available. And I've made sure that there's variety and challenge built into every hole. It's my mind of golf - uncompromising. And I know you'll enjoy it as much as I do.""

-Play against a computerized Jack Nicklaus
-Play in a foursome. Chose men or women oppopnents
-Play the Australian Golf Club, home of the Australian Open"
"Jackie Chan","ジャッキー・チェン | Jackie Chan's Action Kung Fu","NTSC-J","Japan","Hudson Soft Company, Ltd.","NOW Production","1991-01-18","1","No","Action | Platform","E10+ - Everyone 10+","The player controls Jackie Chan, the well-known martial arts stunt master,[2] and brawls against many enemies during his quest to save his sister. The game is played through five levels (each with a boss at the end).

Throughout the game, the player would encounter frogs that carry power-ups or rice bowls (which are items in the game that restore health), but the frogs would have to be hit in order for the item to be obtained. Power-ups can allow the player to do a special type of attack over a limited number of times (although the player is only able to carry one power-up). Jackie is also able to charge a special beam-like attack, although it can only be used up to five times. Most of the enemies that the player defeats will drop green orbs, but enemies killed by beam attacks won't drop any orbs. If the player collects 30 orbs, life will be replenished (as well as the 5 charged shots).

If the player dies, all of the orbs and power-ups are lost and must be gained again. The player only has 1 life in the game, but may continue up to five times initially. Extra continues may be earned through bonus stages throughout the game, which are levels triggered by bells in the levels which transport Jackie to the bonus stages, each of which have a 30-second time limit and usually involve jumping on clouds or hitting statues to earn points. At the end of 30 seconds, those points are tallied and may also be used to buy extra lives and special attacks."
"Jackie Chan's Action Kung Fu","","Region Not Set","","NEC Home Electronics, Ltd.","Hudson Entertainment, Inc.","1991-01-18","1","No","Action","E - Everyone","Jackie and his sister, Josephine, are tough on tyrants. As China's supreme kung fu champs, they guard their country against the Prince of Sorcerers, who lurks just beyond the Great Wall. It comes as no surprise when this fiend and his ghouls try yet again to seize China for themselves. But this time they're clever, casting a spell over Josephine which causes her to vanish into thin air! Jackie is in shock! How can he save his country without his sister? The two have been an unbeatable team! Meanwhile, a demon horde led by the Sorcerer storms the Great Wall and prepares to establish a fierce empire. At the urging of his revered Master, Jackie must now battle the dreaded Sorcerer and rescue Josephine. Maybe he can learn a little magic on his own, because he's going to need all the help he can get!"
"Jessie Jaeger in Cleopatra's Curse","","Other","","Bold Games","","2020-08-01","1","No","Action | Adventure","E - Everyone","Jessie Jaeger in Cleopatra's Curse is a new metroidvania-style game for the Turbografx Super CD! Explore Cleopatra's Crypt to find the pieces of her sarcophagus, and save your grandpa from her curse!"
"Jigoku Meguri","","Region Not Set","","Taito Corporation","ITL","1990-08-03","","No","Platform","","Bonze is a Buddhist monk passing through Hell with only his prayer beads to protect him in this horror-themed Arcade platform.

Bonze Adventure, or Jigoku Meguri (""Hell Tour""), is an Arcade platformer featuring the eponymous Buddhist monk Bonze has he makes his way through the Shinto/Buddhist equivalent of Hell. He is beset by demons and yokai from all sides but is able to exorcise them with his prayer beads, which are thrown outwards with a bouncing motion.

Jigoku Meguri was first released to the Arcade in 1988 and later saw a Japan-only PC Engine port in 1990."
"Jinmu Denshou Yaksa","神武伝承  | Yaksa","Region Not Set","","Big Club","Wolf Team","1989-06-20","1","No","Action","","A pseudo-3D third-person rail shooter of the Space Harrier mold. It had multiple developer credits and is exclusive to the PC Engine.

Jinmu Denshou is an action game in which the player character marches towards the horizon while enemies fly towards him. It looks and plays like Sega's Space Harrier, its clear inspiration, though a major difference is that the main character is a samurai-like figure who is usually limited to attacking incoming enemies with his sword. After an upgrade, he is able to fire projectiles and he can also charge up an attack and unleash it to cause a significant amount of damage. The game has a few superficial platforming elements as well.

Development of the game is credited to three separate teams: obscure TG-16 developers Manjyudo, Wolf Team (better known for their Tales series) and Goblin Sound who were responsible for the music."
"Juuouki","獣王記 | Altered Beast","Region Not Set","","NEC Avenue, Ltd.","Sega","1989-09-29","1","No","Action | Fighting","E - Everyone","Zeus has called upon you! Only a brave and fearless warrior can save his beloved daughter, Athena, from the cunning clutches of Nelf, evil Lord of the Underworld. Risen from the grave, you are presented with supernatural powers beyond this world. Collect the mystical spirit balls and transform into an awesome array of creatures - as Strongman, punch and kick harder than ever before, as WereWolf and WereTiger, rip the flesh of the demons of hell, and as Bear, knock out your enemies with one bad breath! You hear the distant cries of the beautiful Athena and as the terrors of the Underworld tighten their grasp, the beast within you rises to face the final battle!

This game was released only for the japanese NEC PC Engine."
"Kaizō Chōnin Shubibinman 2","Shockman 2 | Kaizou Choujin Shubibinman 2: Aratanaru Teki | Transforming Superhuman Shockman II - A New Transforming Enemy | 改造町人シュビビンマン2 新たなる敵","NTSC-J","","Hudson Entertainment, Inc.","NCS Corporation","1991-04-27","2","Yes","Action | Platform","E - Everyone","Kaizō Chōnin Shubibinman 2 is the sequel to the more than average first title released in 1989 for the PC Engine system. The strong Tasuke and the cute Kyapiko (aka Arnold and Sonya in the American version) are back in this intense side scrolling action game. This time around, our heroes have swapped their power-swords for more conventional laser guns. The guns can also be charged up (by holding the fire button) to unleash powerful blasts of energy. Another interesting feature of the game is the alternance of platform and shooting stages. For instance, right after the first level and the crazy chase jumping from building tops to building tops, our heroes embark on a pocket-submarine and get their way through a treacherous underwater cave. A two simultaneous player mode is available and, interestingly, both players share the same life bar.

Story:
Tasuke is no longer a student and works as a cook in a local restaurant. Kyapiko remains a student. Since the fall of the Dark Skull, Doc has constantly suspected that another invasion was coming sending Tasuke and Kyapiko on searches for the new invaders although never finding anything. However, one day, after Doc is kidnapped, Tasuke and Kyapiko find out that an alien empire led by Ryo is planning to take over the world. Also, two other villains have appeared with similar powers to Tasuke and Kyapiko. They are dark Shubibinman named Jeeta  and Myu. Tasuke and Kyapiko must now rescue Doc, stop Ryo from taking over the world, and avoid being killed by Jeeta and Myu."
"Kaizou Choujin Shubibinman","改造町人シュビビンマン","Region Not Set","","NCS Corporation","Masaya","1989-03-18","1","No","Platform","","A crazy, yet genius professor named ""Doc"" sends two of his brand new and most skilled cyborgs against an army of evil machines that have taken over the city. With the help of their special suits and powerful energy-swords, they fight waves of enemies of increasing strength, as well as bigger and badder bosses until they eventually reach the lair of their furious leader - the evil Dark Skull."
"Kato Chan & Ken Chan","","Region Not Set","","Hudson Entertainment, Inc.","Hudson Entertainment, Inc.","1987-11-30","1","No","Platform","","Kato & Ken Detective Agency are assigned the task of locating a missing rich man, and you can choose either Kato or Ken to go on the mission. Your partner doesn't like this one bit, so he decides to make a nuisance of himself along the way. Similar to Adventure Island, you must make your way through several levels, destroying wildlife along the way, but instead of using a hammer, you have three different ways to kill them: jump on or kick them, or when they are walking on the ground, blow gas out of them.

While scrolling through the level, your vitality will decrease, but it can be restored by collecting fruit and junk food. During your travels, you will also encounter your partner doing things that shouldn't be done in public, but sometimes, he will throw stuff at you to make you lose some of your vitality. The only way that you can deal with him is by kicking him where it hurts.

Along the way, you can enter doors. Doing this will give you a hint about the level and your vitality will be increased as well. You can kick certain objects such as lamp posts, trashcans, or thin air to obtain coins, or to make hidden platforms appear. Coins can be used in slot machines that will give you extra vitality, more lives, extra coins, and more. Slot machines only appear when you enter certain doors."
"KATO-CHAN KEN-CHAN","","NTSC-J","Japan","Hudson Entertainment, Inc.","Hudson","1970-01-01","1","No","Action","E - Everyone","No overview is currently available for this title, please feel free to add one."
"Kattobi! Takuhai Kun","DELIVERY BOY | カットビ！宅配くん","Region Not Set","","Tonkin House","Advance Communication Company","1990-11-09","1","No","Action","","A top-down driving game where the player must deliver various packages around town, upgrading their moped as they complete jobs. The game has a subversive sense of humour.

Kattobi! Takuhai-kun (""Fury! Delivery Boy"") is a top-down action/driving game from Advance Communications Company and Tonkin House. The player is a delivery boy who must make a series of increasingly surreal deliveries across town, occasionally leaving the country and getting into trouble with drug trafficking. As the player complete jobs, they can use their earnings to buy better two-wheeled delivery vehicles, upgrading from a pedal bike to a moped to a state-of-the-art motorcycle. Destroying their vehicle (by losing a life) drops them back down to the regular pedal bike.

The game was released exclusively in Japan on the PC Engine. It is perhaps best known to western audiences for its appearance on an episode of the Japanese video game TV show GameCenter CX."
"Keith Courage in Alpha Zones","","Region Not Set","","NEC Home Electronics, Ltd.","Hudson Entertainment, Inc.","1989-01-01","1","No","Platform","E - Everyone","Now the Battle is in Your Hands.

You are Keith Courage. Struck by a giant meteor, the world has been invaded by strange creatures from another planet. Burrowing deep within the Earth's surface, the Planet of B.A.D. (Beastly Alien Dudes) seeks to take over the world. As a member of N.I.C.E. (Nations of International Citizens for Earth), your mission is to defeat B.A.D. and bring peace back to the world.

Armed only with a sword, you must first defeat the outpost guards. Then, enter the Underworld. Here you activate the awesome Nova Suit. A secret force left to you by your fallen father, you are half man, half mechanical monster. Nearly invincible, your sword cracks with the power of lightning, as you wreak havoc on the fearsome Dudes. Your goal is to reach the Robo Zone (the seventh Alpha Zone), headquarters of B.A.D. Succeed here and you will have won the game, recapturing the Earth and restoring humanity's place in the universe. You have help along the way. Four friends offer you advice, swords, bombs, and extra lives. Collect the stolen riches left behind by the invaders and buy your way out of trouble with money."
"Kick Ball","","Region Not Set","","Masaya","NC Soft","1990-11-23","2","No","Sports","","A comedic baseball game in which players kick the incoming ball before running the bases.

Kickball is a comedic sports game developed by Dual and published by Masaya exclusively for the Japanese PC Engine. It resembles baseball, complete with a diamond of bases to around, but the ""batting"" player is actually kicking the ball. The rest of the game plays like a normal round of baseball.

It features seven characters - each of which represents a team of identical athletes - each with their own special pitch/kick move. These characters also include the two protagonists from the Kaizou Choujin Shubibinman series: Tasuke and Kyapiko (or Arnold and Sonia, as they're known in Shockman). Each team also has an assigned stadium that fits their theme: the seal team, for instance, have a stadium with an ice-like floor."
"Kiki Kaikai","Pocky & Rocky","Region Not Set","","Taito Corporation","Taito Corporation","1990-01-01","1","No","Action","E - Everyone","An Arcade game released by Taito about a priestess named Sayo-chan who must rescue the gods of fortune from monsters.

KiKi KaiKai (""Mysterious Ghost World"") is a scrolling action/shooter featuring the shrine maiden Sayo-chan as she fights a horde of youkai and oni in a quest to recover the Gods of Fortune. It is a precursor to the Pocky & Rocky games for the Super Nintendo.

Sayo-chan/Pocky makes her way across various levels, changing directions occasionally, and using either a wand or scrolls to exorcise the unruly spirits she meets. She can only get hit once before dying, though some enemies will grab her instead to slow her down."
"King Of Casino","","Region Not Set","","NEC Home Electronics, Ltd.","Victor Musical Industries","1990-01-01","1","No","Strategy","E - Everyone","The chips are down as you and your buddies travel to Vegas in this high stakes adventure. Match wits (and luck!) against the house or up to four of your friends in a game with all the glitz and glamor of a real casino. Play Poker, Blackjack, slot machines, Keno or Roulette. Choose one of 15 different casinos. You're the odds-on favorite in this high-rolling gambling simulation."
"Klax","","Region Not Set","","Tengen","Tengen","1990-01-01","1","No","Puzzle","E - Everyone","KLAX - It's simple in concept and easy to play. Catch the colored tiles with the paddle and flip them into bins to make same colored stacks, diagonals and rows of three. Sounds easy? It is. The hard part is pulling yourself away from this fun and addictive game!"
"Knight Rider Special","ナイトライダースペシャル","Region Not Set","","Pack-In-Video Co., Ltd","Pack-In-Video Co., Ltd","1994-12-16","1","No","Adventure | Racing","","A combat racing game featuring KITT and Michael Knight from the TV show Knight Rider. It was released exclusively in Japan for the PC Engine.

Knight Rider Special is a driving game with vehicular combat that was released for the PC Engine in 1989. It is based on the 1980s TV show Knight Rider, about the secret agent Michael Knight and the Knight Industries Two Thousand (KITT) technologically-enhanced vehicle with its own sophisticated AI. The game employs the memorable music from the TV show and also features the Japanese voice actor for KITT, who lends his voice to a few soundbites.

The goal of the game is to race to the end of each stage, avoiding other vehicles on the road and employing KITT's turbo boosters to make time, and then taking out the criminal Michael was sent to chase down with KITT's weaponry."
"Kore ga Pro Yakyuu '89","これがプロ野球'89","Region Not Set","","Intec Inc.","Tose Co., Ltd.","1990-12-20","1","No","Sports","","A baseball game for the PC Engine. Features twelve actual Japanese baseball teams.

Kore ga Pro Yakyuu '89 (""This is Professional Baseball '89"") is a baseball game for the PC Engine and the first of two games with the Kore ga Pro Yakyuu brand, followed by Kore ga Pro Yakyuu '90. It features twelve teams from the Nippon Professional Baseball organization as it was in 1989.

The game resembles most baseball games of the era, with a behind-the-batter perspective when pitching and batting and a top-down view when fielding."
"Kore ga Pro Yakyuu '90","これがプロ野球'90","Region Not Set","","Intec Inc.","INTEC","1990-06-30","1","No","Strategy | Sports","","A baseball game for the PC Engine that features athletes and teams from the 1990 Nippon Professional Baseball league.

Kore ga Pro Yakyuu '90 (""This is Pro Baseball '90"") is a PC Engine exclusive baseball game and the sequel to Kore ga Pro Yakyuu '89. It did not see a sequel. It features twelve teams and their players from the official Nippon Professional Baseball organization.

Kore ga Pro Yakyuu '90 is a traditional 16-bit baseball game. The camera is positioned behind the batter, with cutaways showing other players on the bases. The pitching player can also use this view to change the formation of their fielders before the next pitch. Once the ball connects with the bat, the view switches to a distant top-down view so that the player can manage their fielders."
"Kyuukyoku Mahjong","究極麻雀アイドルグラフィック","Region Not Set","","Games Express","Games Express","1992-10-31","1","No","Puzzle","","An adult Mahjong game."
"Kyuukyoku Mahjong II","究極麻雀II","Region Not Set","","Games Express","Games Express","1993-10-31","1","No","Puzzle","","An adult mahjong game and the sequel to the original Kyuukyoku Mahjong."
"Kyuukyoku Tiger","","Region Not Set","","Taito Corporation","Toaplan Co., Ltd.","1989-03-31","","No","Action","","You're an elite chopper jockey, ready to launch your Cobra against the coastal defenses of an evil superpower. They've got the numbers. You've got the might and the fight! You're Twin Cobra, the most awesome attack weapon in the skies!
Bank in low over the desert and start pounding. The enemy's all over you! Knock out swarms of attack copters while you avoid smoking sheets of ground fire! Blast battalions of tanks into smoking craters.
Then it's open ocean warfare! Machinegun a fiery trail through wave after wave of heavily armed gunboats. Bomb huge battleships and destroyers. Strafe gigantic armored carriers as they pour on the firepower.
The longer you live, the tougher you get. Your weapons fire faster and harder. But the hostiles keep coming! See how much you can make the ground grunts scream! It's your war now.

Kyuukyoku Tiger  is a vertical scrolling shoot-em-up and is the sequel to Tiger-Heli which continues the tradition to include the word Tiger in the title of each game in the series. Subsequent Japan-only sequels would use the same title, which roughly translates as ""Ultimate Tiger"".

The helicopter comes equipped with a default forward-firing weapon that is able to hit both air and ground targets, as well as a finite supply of bombs which hit enemies in a wide radius for massive amounts of damage. The player can find power-ups by shooting down the relatively sturdy Chinook enemy choppers, which initially allow the player to upgrade their standard gun to include more shots, but will eventually allow them to pick up weapons that can fire in different patterns. These include a four-way shot that fires in the four cardinal directions and a spread shot that fires forwards and outwards in a cone. The player can also find additional bombs by destroying this type of enemy.

At the end of each stage, and occasionally partway through, is a boss. These take considerably more damage than regular enemies and can fire a lot more projectiles as well."
"Lady Sword: Ryakudatsusareta 10-nin no Otome","","Region Not Set","","Games Express","Hacker International","1992-05-15","1","No","Role-Playing","","An unlicensed eroge dungeon-crawler RPG developed by Games Express for the PC Engine in 1992.

Lady Sword is an RPG of the Wizardry/Eye of the Beholder/Etrian Odyssey mold. An unnamed swordsman delves deep into a cursed labyrinth in order to rescue a group of abducted women from their monstrous captors. Throughout the early stages, the player character randomly bumps into other NPCs who dole out advice and tips. Upon successfully clearing each floor, the player is presented with a nude image of the rescued women; this is the extent of the eroge element.

The game was developed by Games Express, a sobriquet for Hacker International: a company which primarily developed and published unlicensed games for the PCE and Famicom."
"Legend of Hero Tonma","","NTSC-U","","NEC Home Electronics, Ltd.","Irem Corp.","1993-01-01","1","No","Action","E - Everyone","An Irem Arcade side-scrolling platformer, featuring the titular hero Tonma. His main weapon is a fireball that can be upgraded multiple times.

Legend of Hero Tonma is a 1989 Irem Arcade platformer, known for its difficulty, brightly colored graphics and its rarity in the US. The game was converted to the TurboGrafx-16 in 1993 (based on the 1991 PC Engine version) making it one of the last games to be released for the system in the US.

The game is graphically similar to Wonder Boy, but is also structured similarly to Ghouls n' Ghosts. The player must pass through areas filled with enemies, trying to survive long enough to upgrade their fireballs to the point where it becomes far easier to cope.

Legend of Hero Tonma is an action game that puts players in control of the magic-user Tonma, whose role – as was typical for game heroes of the day – is to travel to another world and save the princess. Fight your way through seven stages using Tonma’s jump ability and shot power. Collect power-ups and barriers to grow in strength and pummel your enemies. Bring that strength to the end of each stage to face off against and defeat the menacing bosses that aim to keep you from the princess."
"Legendary Axe II","","NTSC-U","United States of America","NEC Technologies, Inc.","Atlus Co., Ltd. | 																Red Company","1990-10-01","1","No","Platform","E - Everyone","The Axe is back... with twice the force and twice the fury of 1989's classic TurboGrafx-16 video game. This time it's brother against brother, locked in deadly combat. Your older brother has summoned forces of unspeakable evil to take control of the kingdom. Treachery rules! Your only hope is the legendary royal sword. But will its power be enough to overcome the Cliffs of Chaos? The Skull Dungeon? And the treacherous Crypts of Slime? Only your courage, your fighting skill, and the Legendary Axe can answer that challenge!"
"Liquid Kids","","Region Not Set","","","","1992-01-17","1","No","Platform","","Liquid Kids is a single player platform game that features Hipopo, a platypus (referred to as a hippo) who must fight his way through a large number of enemy-packed levels in search of his missing girlfriend - rescuing other platypuses along the way. Hipopo is armed with water bombs which can be thrown at enemies to soak and damage them. Once soaked, the enemies can then be kicked and destroyed completely. Enemies left unkicked however will dry out and recover after a short period of time.[2]

The level design presents moving platforms, collapsible floors, boats and water-wheels all making an appearance. Small plants also appear on certain levels which can be ""watered"", causing them to grow and creating new platforms. Appropriately enough for a game which features water as the main weapon, many of the enemies and the later levels have a fire thematic. He can also collect cakes and other items to gain more points."
"Lode Runner","Lode Runner: Lost Labyrinth | ロードランナー 失われた迷宮","Region Not Set","","Broderbund Software, Inc.","Pack-In-Video Co., Ltd","1990-07-27","1","No","Platform","","This TurboGrafx-16 release of Lode Runner allows users to create and save levels, much like the original computer-based releases.

Lode Runner: Lost Labyrinth (a.k.a. Lode Runner: Ushina Wareta Meikyuu) is a platforming/puzzle game developed by Pack-In-Video and published by Brøderbund Software for the TurboGrafx-16.

Though considered a very basic game when compared to other TurboGrafx-16 releases, Lode Runner: Lost Labyrinth contains the same feature set as the original computer versions of the game, including the ability to create and save user-created levels. Like other console releases, the action takes place on a scrolling screen, rather than a fixed single screen. The graphics have also been created specifically for this version, making the enemies look more deliberately like robots and the player character appears to be some sort of suited-up super human.

A password system exists alongside a proper backup option for saving single-player progress."
"Madou Ou Granzort","Madō Ō Granzort | Magical King Granzort | 魔動王グランゾート | Madou King Granzort","NTSC-J","","Hudson Entertainment, Inc.","Mutech","1990-04-06","1","No","Action","E - Everyone","In 2050, after a great earthquake, the Moon got an atmosphere and conditions for normal human life. 50 years later, the Moon is inhabited by humans and a great tourist attraction. A boy called Daichi arrives on the Moon and hears the strange stories about people with rabbit ears. Soon he meets V-Mei, an old witch and her granddaughter Guri Guri, the members of the Long-Ears race which is in war with the evil Jadou Clan who wants to conquer the world. Sensing a power in the boy, V-Mei gives the magic gun to Daichi and reveals to him that he is the chosen Madou Warrior who will save the Long-Ears race and their land Rabiluna from the evil Jadou Clan. With the magic gun, Daichi can summon Granzort – the Madou King of Earth – a giant robot to fight against the monsters of the Jadou Clan.

Soon, Daichi, V-Mei and Guri Guri meet two other boys – Gus and Rabi. Gus receives a magic bow that summons Winzart – the Madou King of Wind, while Rabi receives a magic top that summons Aquabeat – the Madou King of Water. Together, Daichi, Gus, Rabi, V-Mei and Guri Guri travel to the world of Rabiluna in order to free it from the Jadou Clan."
"Magical Chase","マジカルチェイス","NTSC-J","Japan","Quest Corporation","Palsoft","1991-11-15","1","No","Shooter","E - Everyone","Ripple is a student of magic, and her teacher is a terrifying witch. Ripple is particularly afraid of her teacher right now, because she's just broken a promise she made to the witch: Ripple took a peek inside the forbidden book Sleeping Demons! No sooner had she opened the cover then out jumped six demons, all of which raced away! Unless she can catch all six demons and get them back inside the book, the witch will turn Ripple into a frog for breaking her promise! So Ripple sets off on her quest with her two Elf-Star friends, Topsy and Turvy. Good luck, Ripple!"
"Mahjong Gakuen","麻雀学園 東間宗四郎登場","Region Not Set","","FACE","Face","1989-11-23","1","No","Puzzle","","AKA: 麻雀学園 東間宗四郎登場. This is a port of the arcade version adult Mahjong game. Losing gals strip their clothes."
"Mahjong Gakuen Mild","","Region Not Set","","FACE","Face","1990-06-29","1","No","Puzzle","","AKA: 麻雀学園 MILD 東間宗四郎登場. A port from the arcade version of Mahjong Gakuen. This is the mild (no nudity) version."
"Mahjong Gokuu Special","MAHJONG GOKŪ SPECIAL | 麻雀悟空スペシャル","NTSC-J","Japan","SUNSOFT","Chatnoir | 																Sunsoft","1990-08-10","1","No","Puzzle","Not Rated","AKA: 麻雀悟空スペシャル. It is a 4-player Mahjong game based on the story of Journey to the West."
"Mahjong Haouden: Kaiser's Quest","Mahjong Haoden Kaiser's Quest","Region Not Set","","Hudson Entertainment, Inc.","UPL Co., Ltd","1992-02-28","2","No","Strategy","","A mahjong game with an RPG element. Players move around a map beating monsters at mahjong.

Mahjong Haouden: Kaiser's Quest (""Mahjong Overlord: Kaiser's Quest"") is a mahjong game released exclusively for the PC Engine. The game features a handful of RPG heroes as they set out to remove the various monsters and villains that have taken over their kingdom. To defeat these monsters, the player must beat them in mahjong games. The player has three characters they can choose between initially, and more become available later.

The mahjong side of the game offers a standard one-vs-one mode. The player has to win a few games to obtain 100% of the points available, and more points can be earned depending on how the player won."
"Mahjong Shikaku Retsuden: Mahjong Wars","MAHJONG SHIKAKU RETSUDEN - MAHJONG WARS | 麻雀刺客列伝麻雀ウォーズ","Region Not Set","","Nihon Bussan Co., Ltd.","Nichibutsu","1990-02-01","1","No","Puzzle","","A dual Mahjong game/RPG from Nihon Bussan.

Mahjong Shikaku Retsuden: Mahjong Wars (""Mahjong Assassin Chronicles: Mahjong Wars"") is a PC Engine Mahjong game from Nichibutsu/Nihon Bussan, related to their Mahjong Triple Wars game. It features two modes: in one, the player takes on different opponents in one-on-one games, while in the other the player is walking around in an RPG world with party members and mahjong games as the ""battles"".

The original Mahjong Shikaku game was released for the Arcades and MSX2 and is a ""strip mahjong"" game. This enhanced PC Engine version removes the nudity."
"Maison Ikkoku","","Region Not Set","","Micro Cabin Co.","","1989-08-04","1","No","Adventure","","Maison Ikkoku (めぞん一刻?) is a graphical text-adventure game developed by Micro Cabin and published on multiple popular Japanese home computer systems towards the end of 1986. It was ported to the Famicom by Bothtec in 1988. Micro Cabin then ported the game one final time to the PC Engine in 1989. The game is based on the popular manga and anime series of the same name, Maison Ikkoku.

The story is a bitter-sweet comedic romance involving a group of madcap people who live in a boarding house in 1980s Tokyo. The story focuses primarily on the gradual developing relationships between Yusaku Godai, a poor student down on his luck, and Kyoko Otonashi, a young, recently-widowed boarding house manager.

In the game, you take the role of Godai performing various missions that deal with the storyline of Maison Ikkoku. You have to avoid Yotsuya's pranks, save money to throw a party, proclaim your love for Kyoko and other things. The action takes place all over Tokeizaka and not just the boarding house. Players can visit Soichiro's grave, Chachamaru, the train station and many other familiar locales."
"Makai Hakkenden Shada","魔界八犬伝SHADA","Region Not Set","","Data East Corporation","Data East Corporation","1989-04-01","1","No","Role-Playing","","A PC Engine Action-RPG based on the famous Japanese novel series Nansou Satomi Hakkenden. The gameplay is at least partly inspired by Falcom's Ys series.

Makai Hakkenden Shada is an action-RPG from Data East that was released on the PC Engine (the Japanese TurboGrafx-16) in 1989. The game bears more than a close resemblance to Falcom's Ys: specifically the first game in the series, The Vanished Omens, which was a huge success for the PC Engine a few months prior as well as being a generally well-regarded computer RPG before then. As well as having a similar nude female figure in the opening intro, the game also borrows Ys's combat system: fighting occurs by walking into enemies at a slight angle, causing them to collide with the player character's weapon (which hurts them) rather than the player character himself (which hurts the player character). The various gauges for health and experience are also similar.

Makai Hakkenden Shada is based on a centuries-old Japanese novel series called Nansou Satomi Hakkenden, or ""Eight Dog Chronicles"", that features eight half-brother samurai who are all descended from the same dog and have the Japanese word for ""dog"" somewhere in their names. While these books have been referenced or adapted many times in other media such as manga and film, Makai Hakkenden Shada and the Famicom RPGs Satomi Hakkenden and Shin Satomi Hakkenden: Hikari to Yami no Tatakai are the only direct video game adaptations. Okami also contained an oblique reference to the novels.

Unlike Satomi Hakkenden, which eventually allowed the player to recruit all eight of the central characters of the novel series, Makai Hakkenden Shada only has the one playable character. Instead, other characters from the novels occasionally appear to help the player."
"Makai Prince Dorabochan","","Region Not Set","","Naxat Soft","Red Entertainment Corporation","1990-12-21","","No","Platform","","A side-scrolling 2D platformer featuring a magical demon prince. As well as his own magic, he can also depend on his loyal Moai servants to make bridges. The predecessor of The Twisted Tales of Spike McFang.

Makai Prince Dorabocchan (""Demon Prince Dorabo"") is a 2D platformer for the PC Engine. The player controls the titular character who is on a quest to rescue his master and defeat the evil demons that have invaded the kingdom.

As well as his own magical powers, he can be upgraded by finding suits of armor which boost his abilities as well as temporary power-ups that provide double-jumping, a syringe weapon that stuns enemies and cleats that allow him to jump on enemies to defeat them. If he finds a bat with a bell, he can summon his burly Moai guardians who use their stone bodies to create bridges that allow Dorabo to move forward or find secret areas.

Dorabocchan would later appear in the top-down 1993 Super Nintendo action-adventure game Chou Makai Taisen! Dorabocchan, which was localized in the west as The Twisted Tales of Spike McFang, and would also headline the 1994 Super Famicom golf game Super Naxat Open: Golf de Shoubu da! Dorabocchan."
"Makyou Densetsu","MAKYŌ DENSETSU  | THE LEGENDARY AXE | 魔境伝説","Region Not Set","","Victor Entertainment","Victor Entertainment","1988-09-23","1","No","Action","","AKA: 魔境伝説. The jungles surrounding the village of Minofu are under the thumb of the evil Jagu cult who require a blood sacrifice. A beautiful young woman named Flare has been selected as this season’s offering, however her boyfriend Gogan will not stand for it. Equipped with the legendary axe ‘Sting’, he braves the six zones of Jagu’s territory to defeat the cult and save his love.

Throughout the zones are breakable Jagu idols which drop various sized gems for points leading to extra lives, health revitalizing orbs of differing strength, crown-like crystal containers, and wing icons. Four crystal containers can be earned which charge the destructive power of Sting’s strike, while up to two wings can be collected increasing the speed of subsequent strikes.

Each time you use the axe, the power meter drains completely then recharges as long as you don’t continue to swing. The added strategy of - is it better to dodge and charge the axe for a crushing blow, or is it better to hack away as fast as possible – sets this game apart from most other hack-n-slashers. When you die, one level of speed and axe power is taken away and you must re-find an icon to get it back. The game doesn’t lock you to only scrolling right, so there are times where you can backtrack to find items.

-http://www.pcengine.co.uk/HTML_Games/Legendary_Axe.htm"
"Maniac Pro Wrestling","マニアックプロレス明日への闘い | Maniac Pro Wrestling: Fight for Tomorrow | Maniac Puroresu - Asu e no Tatakai (Japan)","Region Not Set","","Hudson Entertainment, Inc.","Hudson Entertainment, Inc.","1990-05-25","2","No","Fighting | Sports","","A strategic wrestling games which allows the player to set up their own moveset to diversify and strategically approach each match."
"Marchen Maze","","Region Not Set","","Taito Corporation","Nihon System","1990-12-11","1","No","Action","E - Everyone","The player must take control of Alice, as she makes her way through nine different isometric worlds, blowing bubbles at enemies to knock them off the platforms and collecting various powerups along the way; holding the fire button down generates bigger bubbles, but if it's held down for too long, it will burst and she will start blowing a new one. The enemies, not to be outdone by a ten-year-old girl, shall retaliate by firing marbles at her (which can cause her to fall over the edge of the platforms unless they are avoided or jumped over) - and though the game credits E. Shitara as Alice's voice, the only time you hear her voice is when she says ""OW!"" after taking a hit. The seventh, eighth and ninth worlds are also palette-swapped versions of the second, fourth and first ones respectively which suggests that they must have been added later in the game's development to pad it out a bit; however, they feature different enemy types (and bosses). In 1998, the Naniwa (the game's equivalents of Tweedledee and Tweedledum) went on to lend their name to one of the new stadiums (the Naniwa Dome), for the Namco System 12-era World Stadium games - however, they did not appear in the Namco All Stars' lineup."
"MASHIN EIYUDEN WATARU","Mashin Hero Wataru | Spirit Hero Wataru | Keith Courage in Alpha Zones","NTSC-J","Japan","Hudson Soft Company, Ltd. | 																NEC Avenue, Ltd.","Advance Communication Company","1989-01-01","1","No","Action | Platform","Not Rated","Mashin Eiyūden Wataru is adapted from the anime 1988 mecha anime series of the same name (Spirit Hero Wataru). The story is about a 9-year-old boy named Wataru Ikusabe who is magically transported to a magical realm by a magical dragon named Ryujinmaru - this realm is known as Soukaizan, which he is supposed to save from an evil, magical, demonic ruler. Mashin Hero Wataru is a mecha multimedia franchise originally created by Sunrise and Red Entertainment. Hudson later released in 1990 another game for the Famicom based on the franchise titled Mashin Eiyuuden Wataru Gaiden Famicom, which is a role-playing video game. A significantly altered version of the game with all references to the anime removed was released as ""Keith Courage in Alpha Zones"" as a pack-in game for the TurboGrafx-16 console in North America."
"Mesopotamia","","Region Not Set","","","Atlus Co., Ltd.","1991-10-04","1","No","Action","Not Rated","Action game where you play a kind of pink slinky that climbs up walls and shoots from its middle section."
"Metal Stoker","","Region Not Set","","FACE","Sankindo","1991-07-12","1","No","Shooter","","A cyberpunk multi-directional shoot 'em up for the PC Engine.

Metal Stoker is a top-down, multi-directional shoot 'em up for the PC Engine, developed and published by Face (possibly through their subsidiary brand Sankindo). The game features the subtitle ""Neo Hardboiled Shooting"".

The goal of the game is to explore each stage, fight a boss and move onto the next. Some stages are comprised of several linear enclosed areas that require that the player clear the room of enemies before they can proceed, while others are more open and let the player scroll in multiple directions while seeking out their foes. The story is sparse, and concerns the player's testing out of a new Custom CS-05 tank through a series of simulations.

The game was released exclusively for the PC Engine. It has yet to be rereleased in any capacity."
"Military Madness","","NTSC-U","United States of America","NEC Technologies, Inc.","Hudson Soft","1990-02-15","2","No","Strategy","E - Everyone","Space on Earth has become limited, and mankind has looked to colonize the moon. A group known as the Axis Powers has seized control over most of the lunar surface, and it's up to you as a member of the Allied Powers to fight against them. As you move around the map (shown in a top-down 2D perspective), enemy combatants will try and stop you from achieving your goal. Once encountered, the screen shifts view points to a close-up view of the skirmish at hand."
"Mizubaku Daibouken","ミズバク大冒険 | Liquid Kids | Mizbak's Adventure","Region Not Set","","Taito Corporation","Taito Corporation","1992-01-17","1","No","Action | Platform","E - Everyone","This is a single player platform game that features Hipopo, a platypus (referred to as a hippo) who must fight his way through a large number of enemy-packed levels in search of his missing girlfriend - rescuing other platypuses along the way. Hipopo is armed with water bombs which can be thrown at enemies to soak and damage them. Once soaked, the enemies can then be kicked and destroyed completely. Enemies left unkicked however will dry out and recover after a short period of time.

The level design presents moving platforms, collapsible floors, boats and water-wheels all making an appearance. Small plants also appear on certain levels which can be ""watered"", causing them to grow and creating new platforms. Appropriately enough for a game which features water as the main weapon, many of the enemies and the later levels have a fire thematic. He can also collect cakes and other items to gain more points."
"Momotarou Densetsu Gaiden","MOMOTARŌ DENSETSU GAIDEN - DAI 1 SHU | 桃太郎伝説外伝 第1集","Region Not Set","","Hudson Entertainment, Inc.","Hudson Entertainment, Inc.","1992-12-04","1","No","Role-Playing","","A spin-off of Hudson's Peach Boy RPG series that focuses on three side characters instead.

Momotarou Densetsu Gaiden (""Peach Boy Legend Side-Story""), known as Momotarou Densetsu Gaiden: Dai 1-Shu (""Peach Boy Legend Side-Story: Volume 1"") for PC Engine, is a non-core entry in Hudson's Momotarou Densetsu series of RPGs loosely inspired by the titular folklore figure. It was first released on the Game Boy in 1991, and then ported to the PC Engine the next year and the Famicom the year following that.

The game switches focus from Momotarou to three extra characters, each has their own distinct campaign to play through. One follows a standard RPG route of a hero's journey, another involves the princess of the kingdom of demons as she attempts to uncover an attack on her father's throne with a band of allied monsters, and the third involves a thief who steals money from monsters and gives it to beggars. Each campaign follows the core gameplay of the series: overworld exploration and turn-based combat."
"Momotarou Densetsu II","桃太郎伝説II","Region Not Set","","Hudson Entertainment, Inc.","Hudson Entertainment, Inc.","1990-12-22","1","No","Role-Playing","","A sequel to Hudson's RPG featuring Momotarou: the Peach Boy of Japanese folklore. The oni are cooking up another scheme and it's up to Momotarou and his companions to travel the world and stop them.

Momotarou Densetsu II (""Peachboy Legend II"") is an RPG for the PC Engine of the standard turn-based Dragon Quest mold. It is the second proper game in Hudson's Momotarou Densetsu series - which would later spawn the Momotarou Dentetsu series of railroad virtual board games - and features numerous other figures from Japanese mythology.

The general structure of the game has Momotarou cross the world with his animal NPC companions, solving the problems of each new town or village he comes across. Upon successfully resolving their demon problem, the town thanks him with elaborate celebrations. Momotarou can eventually pick up a large number of allies, who all follow behind him on the world map. Rather than force the player to locate each new location, they can send their animal companions to scout ahead to eliminate the amount of wandering around."
"Momotarou Densetsu Turbo","","Region Not Set","","Hudson Entertainment, Inc.","Hudson Entertainment, Inc.","1990-07-20","1","No","Role-Playing","","A turn-based RPG featuring the famous Peach Boy of Japanese folklore, and the enhanced remake of the first Momotarou Densetsu game. It was released shortly before the game's official sequel, also for PC Engine.

Momotarou Densetsu Turbo (""Peach Boy Legend Turbo"") is the second game in the Momotarou Densetsu franchise, though is effectively a revamp of the first game released for the Famicom. The game displays Momotarou's origins as a baby born of a giant peach that a kindly couple found floating down a river, and covers how he met his animal companions and fought the Oni on their island.

The game sets up the sequel, Momotarou Densetsu II, which was released exclusively for the PC Engine a few months later."
"Momotarou Katsugeki","","NTSC-J","Japan","Hudson Entertainment, Inc.","Hudson Entertainment, Inc.","1990-09-21","1","No","Platform","E10+ - Everyone 10+","A platformer starring Hudson Soft's take on the famous Momotaro of Japanese folklore. The same concept would later be seen in the Momotaro Thunderbolt games for Game Boy.

Momotaro Katsugeki (""Momotaro Action Movie"") is a side-scrolling action-platformer from Hudson that uses their Momotaro character who is better known as the star of the Momotaro Dentetsu and Momotaro Densetsu series. It is a PC Engine exclusive and never saw international releases.

Momotaro Katsugeki seems influenced by and plays similarly to Westone's Wonder Boy in Monster Land and the sequels that followed: the goal is to move across a set of 2D stages, and the player can talk to NPCs for hints and to purchase better equipment with the money they find. There is also a world map that links the various stages together.

The concept of a 2D side-scrolling action game featuring Momotaro would be further explored by Hudson with the two Game Boy Momotaro Dengeki/Thunderbolt games."
"Monster Lair","","NTSC","United States of America","NEC Home Electronics (U.S.A.) Inc.","Alfa System","1989-12-01","1","No","Action | Shooter | Platform","E - Everyone","Wonder Boy III: Monster Lair is a quite different game to most of the games in the Wonder Boy series. You play a green-haired dude who must attack the invaders that attempt to collect weapons and use them to destroy the land. The game starts out like a simple platform game, but it's just when Wonder Boy enters the skull further on that the game is transformed into a shoot 'em up, so basically the gameplay consists of action and shooter scenes.

In the action scenes, your vitality decreases as you make your way towards the skull, but this can be restored by collecting fruit. A wide variety of weapons can be picked up, and not only does these allow you to use the weapons for a limited amount of time, but they also increase your vitality. 

In the shooter scenes, you ride your pink friend as you make your way through the scene. Here, your vitality remains static unless you are hit by an enemy passing by. As usual, there is a boss waiting for you at the end which you must defeat. Every boss changes color to show how much damage has been done to it. You have to defeat some bosses in two stages.

If your vitality gets low in each scene, you'll lose a life. You can also choose to have Wonder Girl join you, as two players can play the game."
"Monster Pro Wrestling","モンスタープロレス | Monster Puroresu","Region Not Set","","Lenar","ASK Kodansha","1992-01-31","1","No","Strategy | Fighting","","Monster Pro Wrestling is a Japanese game in which you choose a monster and battle other monsters in turn-based battles. It is notable for its humorously nonsensical battle animations, such as the appearance of a dozen heads on screen and death blows literally tearing monsters apart."
"Morita Shogi PC","森田将棋PC","Region Not Set","","NEC Avenue, Ltd.","NEC AVENUE","1991-09-27","1","No","Puzzle","","Traditional shogi (Japanese chess) and monster-based shogi game."
"Moto Roader","Motoroader","NTSC","United States of America","NEC Home Electronics, Ltd.","NCS Corporation","1989-12-01","5","No","Racing","E - Everyone","Moto Roader is a futuristic racing game that allows up to five players to compete against each other. Players use the cash earned when they win a race to power up their machine. Not only can they change the ""tire"" and ""body"" of their vehicles, but they also can add ""special"" parts. Jump over tall obstacles with a ""hopper"" and blast past rivals at incredible speeds with ""nitro."" What multiplayer game would be complete without attack items? Use a forward-launching ""grenade"" or a backward-dropping ""bomber"" to blow up and knock away rivals. Outmaneuver rivals in all eight heats to become the champion."
"MOTO ROADER II","","Region Not Set","","NCS Corporation","","1991-03-29","1","No","Racing","Not Rated","No overview is currently available for this title, please feel free to add one."
"Mr. Heli","Mr. Heli no Daibouken","Region Not Set","","Irem Corp.","Irem Corp.","1987-12-06","1","No","Shooter","E - Everyone","Mr. Heli takes place in the year 2999 and Mr. Muddy is threatening the planet. Fortunately the player has a fully armed large helicopter with which to attack his sadistic minions. The helicopter will fly through four side-view levels, primarily scrolling left to right but with some variant, each of which ends with a boss.

As well as enemies, there are many blocks on the levels. The weapon upgrade system is build into these, which function in two different ways. Most will drop crystals, which if collected are added to a cash total. The others reveal a picture of a weapon with a price - make contact with it while carrying enough credits and the weapon will be bought. When the energy bar runs out the player loses a life. When this happens the player loses all money."
"Narazumono Sentou Butai","Bloody Wolf | ならずもの戦闘部隊 BLOODY WOLF","Region Not Set","","Data East Corporation","Data East Corporation","1989-09-01","","No","Action","","AKA: ならずもの戦闘部隊 BLOODY WOLF. Taking inspiration from games like Ikari Warriors and Commando, with a good dollop of Rambo to top it off, Bloody Wolf gives you guns, death and destruction. What more could you want? Viewed from a sort of overhead/side on angle, you have to make your way through town, river, forest and many other types of terrain with just your wits and a massive weapon under your arm. Along the way you will get the chance to rescue hostages - hiding in trucks, caves, tied to trees etc - and by opening crates you gain useful power ups. These include things like spread shot, flame thrower, rockets and frag grenades, but also contain more subtle items like flippers that allow you to move faster when ducked under water. Also, if you manage to shoot someone off their motorbike, you can get on it and race away, mercilessly running down anyone who gets in your way. At various points in the level you will come across bosses that break up the action a little. Also, you have the ability to jump, which comes in handy when traversing chasms or avoiding any suspicious rolling logs that may be out to get you.

-http://www.pcengine.co.uk/HTML_Games/Bloody_Wolf.htm"
"Naxat Open","","Region Not Set","","Naxat Soft","Nexat Soft","1989-10-01","1","No","Sports","","Naxat Open is a golf simulator from Naxat Soft. Naxat Soft hired contract developers TOSE to develop the game. Released the same week as Power Golf, Naxat Open aimed for the more serious simulation crowd whereas Power Golf appealed more to those looking for a more casual golfing video game experience. Besides a harsher level of challenge - the acceptable window of error is greatly diminished - Naxat Open plays much like other golf sims for console games: the gameplay chiefly focuses on hitting a power gauge just right to maximize the effect of each swing."
"Naxat Stadium","ナグザットスタジアム","Region Not Set","","Naxat Soft","NAXAT Soft","1990-10-26","1","No","Sports","","Baseball game similar to the Namco's World Stadium. Batter out becomes an angel."
"Nazo No Masquerade","RIDDLE OF THE MASQUERADE | 謎のマスカレード","Region Not Set","","Masaya","NCS Corporation","1990-03-02","1","No","Strategy","","AKA: 謎のマスカレード. An adventure game to solve riddles."
"Necromancer","Jaseiken Necromancer","NTSC-J","","Hudson Entertainment, Inc.","Hudson Entertainment, Inc.","1988-01-22","1","No","Role-Playing","E - Everyone","Necromancer is a Role-Playing game, published by Hudson, which was released in Japan in 1988."
"Necross No Yousai","FORTRESS OF NECROSS | ネクロスの要塞","Region Not Set","","Ask Kodansha","ASK Kodansha","1990-04-20","1","No","Role-Playing","","AKA: ネクロスの要塞. A Role-playing game with different characters with specialty."
"Nectaris","Military Madness | ネクタリス","Region Not Set","","Hudson Entertainment, Inc.","Hudson Entertainment, Inc.","1990-02-09","1","No","Strategy","","AKA: Military Madness or ネクタリス. A turn-based military strategy game."
"Nekketsu Koko Dodgeball Bu: PC Bangai hen","熱血高校ドッジボール部 ＰＣ番外編 | Nekketsu High School Dodge Ball Club: PC Extra Edition","NTSC-J","","Naxat Soft","KID Corp.","1990-03-30","2","Yes","Sports","Not Rated","Kunio was waiting for after school by the gates to meet Kumiko.
Suddenly, Aliens ambushes Kunio!
""Kunio, fight or die!""
Players on Nekketsu High Dodgeball club have gone missing.

The National High School Dodgeball Tournament will take place at Sakuragaoka park of Shizuoka Prefecture, with Mount Fuji visible in the distance. Nekketsu High Dodgeball Club is led by Kunio to lead his team to battle against the world!

If Kunio wins the National championship, the World League is waiting. Will he find the aliens out in the world?!"
"Nekketsu Koukou Dodgeball Bu: PC Soccer Hen","熱血高校ドッジボール部 PCサッカー編","Region Not Set","","Naxat Soft","KID Corp.","1992-04-03","2","No","Sports","","While Kunio and Shinichi were practicing dodge ball, soccer manager Misako approached the two on the court. ""Please! Instead of dodgeball, join me and play soccer in the national convention!""

Nekketsu High Soccer Club has come down with food poisoning, and Kunio must lead his dodgeball team into the soccer competition and go for the goal! Only through winning the championship can Kunio convince his whole team to join him.

The classic soccer game is now presented with high resolution graphics and enchanting sounds!"
"Neutopia","","NTSC-U","United States of America","NEC Technologies, Inc.","Hudson Soft","1990-04-15","1","No","Action | Adventure","E - Everyone","Neutopia is a 1990 TurboGrafx-16 video game developed by Hudson Soft and released by NEC Technologies Inc. in the USA on April 15, 1990.

You are Jazeta, a berserker warrior, fearless in combat. Now you face your greatest quest: to rescue Princess Aurora from the evil Boss Dirth. Conquer a dangerous land of dungeons and demons, magic and monks. Choose which armor, what spell, which weapon you will use to capture each of the 8 medallions that bring you closer and closer to your final battle with demonic Dirth."
"Neutopia II","","NTSC-J","Japan","NEC Home Electronics, Ltd.","Hudson Soft","1991-09-27","1","No","Role-Playing","Not Rated","Jazeta brought peace back to the land. But as long as evil and fear live in the human heart, the dreaded Dirth, Emperor of Darkness, will be plotting his return. The Emperor is stirring under the peaceful surface of Neutopia, bringing suffering to its people. Who will save them? Jazeta, the hero, is lost in a labyrinth in a foreign land. Can his son withstand the powers of the Emperor of Darkness to rescue the good people of Neutopia from fear and despair?"
"Neutopia: Frey no Shou","","NTSC-J","Japan","Hudson Soft Company, Ltd.","Hudson Soft","1989-11-17","1","No","Adventure","Not Rated","No overview is currently available for this title, please feel free to add one."
"New Adventure Island","","NTSC-U","United States of America","Turbo Technologies, Inc.","Now Production Co., Ltd.","1992-09-01","1","No","Platform","E - Everyone","New Adventure Island is a 1992 TurboGrafx-16 video game developed by Now Production and released by Turbo Technologies Inc. in the USA on September 1, 1992.

The adventure begins on peaceful Adventure Island. Today, Master Higgins weds Tina, the new ""Miss Island"". Everyone is assembled at the church to celebrate their wedding when, suddenly, the evil Baron Bronsky appears. He wants to marry Tina himself. The evil baron carries Tina off, along with six island children. To reach his castle and rescue Tina, Master Higgins must first rescue the six children, each of whom is hidden on a separate island. You are Master Higgins. Will you be able to save her?"
"NHK Taiga Drama Taiheiki","NHK大河ドラマ 太平記","Region Not Set","","NHK Software","NHK","1992-01-31","1","No","Strategy","","AKA: NHK大河ドラマ 太平記. A samurai era turn-based strategy game based on the NHK TV drama Taiga Taiheiki."
"Night Creatures","","Region Not Set","","NEC Home Electronics, Ltd.","Manley & Associates, Inc.","1992-04-10","1","No","Action","E - Everyone","Hecate, the Queen of Darkness, has feasted on your blood. Now you must destroy her or be hers forever, one of the Walking Undead. Hecate's bite has given you the power to change into a wolf, a bear, and other animals to battle hordes of monsters and ghouls who protect her. You must search for the one correct route through level after level of unspeakable terror to find her. Choose the most devastating weapons and become the animal best able to fight each fiend. Will you defeat Hecate or become her grotesque slave for eternity? Either way, the Queen of Darkness waits for you!"
"Niko Niko Pun","NHK おかあさんといっしょ にこにこ、ぷん","Region Not Set","","NHK Software","KSS","1991-12-13","1","No","Platform","","Jajamaru, Pikkoro and Porori one day arrive on an island where they find a cute little pink dragon. The poor thing is starving and they all decide to help him and escort the animal through several stages to collect his favorite food (displayed at the bottom of the screen)."
"Ninja Ryuukenden","忍者龍剣伝 | Ninja Gaiden | Ninja Ryūkenden","NTSC-J","Japan","Hudson Entertainment, Inc.","Hudson Entertainment, Inc.","1992-01-12","1","No","Action","Not Rated","Ninja Action! The stage is set for conspiracy, mystery and evil in America. Come with Ninja Ryu as he takes you on his fateful journey. Tecmo's unique cinema display system develops the story stage by stage. You piece together the puzzle, while watching the movie-like graphics. Decide what action to take. Use the secret sword and items collected during the action scenes to fight your way to the goal!"
"Ninja Spirit","","NTSC-U","United States of America","NEC Technologies, Inc.","Irem Corp.","1990-10-01","1","No","Platform","E - Everyone","Ninja Spirit is a 1990 TurboGrafx-16 video game developed by Irem and released by NEC Technologies Inc. in the USA on October 1, 1990.

Play as the ninja Moonlight and engage in a fierce battle to avenge his father's death and unlock the secrets of his birth. Select between the original Arcade Mode and PC-Engine Mode, which includes a life gauge. Use four types of weapons: katana, shuriken, bombs and chain and sickles to battle your way through the enemies. Pick up power-up items and switch between weapons to give you the advantage. You'll need to consider the enemy attacks and your weapon's abilities in order to deftly make it through all seven stages. Use your skills and attacks to get through the game's boundless enemies and traps. That's what ninja action is all about."
"Ninja Warriors","ニンジャウォーリアーズ","Region Not Set","","Taito Corporation","Taito Corporation","1989-06-30","1","No","Action | Platform","E - Everyone","Conversion of Taito's scrolling ninja slash 'em up. Playing as a choice of male or female robot ninja, you make your way across the horizontally scrolling play area slashing enemies and throwing shurikens from a limited supply. As you take hits your robot form is slowly revealed until you explode - then it's Game Over."
"Obocchama Kun","","Region Not Set","","","Namco","1991-03-15","1","No","Action","","Peculiar platform game that allows you to call companions that help you traverse the many levels."
"Operation Wolf","オペレーション ウルフ","Region Not Set","","Taito Corporation","NEC AVENUE","1990-08-31","2","Yes","Shooter","","Being a one-man army is a difficult business - just ask that bloke Rambo. But you have taken on the hard task of mowing down whole platoons of enemy forces single handed, all to rescue hostages from a rather nasty concentration camp. Choosing from one of four stages, you have a first person view of the action and have to carefully aim your on-screen crosshair to take out the bad guys - but don't get too trigger happy, as there are many civilians and innocents who have chosen just this moment to go for a stroll in the middle of a raging firefight. You have limited ammunition, which can be replenished by shooting the spare clips lying around (which are also dropped from objects such as coconuts and birds), and also a small supply of extra powerful rockets which make short work of armoured vehicles or helicopters that have you in their sights. Occasionally you will see a pile of dynamite that serves as a smart bomb, and a nice energy drink which increases your health slightly - which is essential as it does not recover between levels.

(from The PC Engine Software Bible)"
"Ordyne","","NTSC-U","","NEC Home Electronics, Ltd.","Namco","1990-01-01","1","No","Shooter","E - Everyone","The evil Kubota has kidnapped Dr. Tomari's fiancee, Kana, and taken the colossal nuclear reactor Ordyne. In order to reclaim them, Dr. Tomari and his assistant Felix take to their battleships and head off in pursuit. Avoid enemies and advance through seven different levels that take place on land, sea, and air. Collect crystals from defeated enemies and use them to buy items or upgrades for your ship at the Space Inn. Do you have what it takes to defeat the boss at the end of each level and ultimately reach Kubota in the final stage, Kubota World?"
"Out Live","アウトライブ","Region Not Set","","SUNSOFT","Sunsoft","1989-03-15","1","No","Role-Playing","E - Everyone","It's far a future on planet. An role-playing game in a maze style. The main character is sitting in a robot's cabin to move into 4 directions."
"OutRun","","NTSC-J","Japan","NEC Home Electronics, Ltd.","Sega","1990-12-21","1","No","Racing","Not Rated","Barrel down the straightaway and bank your way into turns as you master the world's most challenging raceway. Race at top speed towards the finish line. Enjoy such realistic features as acceleration, lane changes, diversified terrain, sudden curves, and much more. Outrun is not just a test of who can drive the fastest, it's also a matter of who can plan the best race strategy and execute it flawlessly. Each race is different and demands a new strategy."
"Override","","NTSC-J","Japan","Data East Corporation","Sting Entertainment","1991-01-08","1","No","Shooter","E10+ - Everyone 10+","A vertical shoot 'em up with a sci-fi setting that sees brave pilot Kein/Kain Asagiri take on the alien forces that have attacked planet Uranos in his combat hover tank Gigaiasu. The game was initially released on the PC Engine in the January of 1991 and adapted with additional scenes for the Sharp X68000 home computer in the November of that year, where its name was changed to Last Battalion. The goal of the game is to reach the end of each stage, where the player must fight the boss to progress. The game has six stages in total of increasing difficulty."
"P47 - The Freedom Fighter","","Region Not Set","","","","1989-03-20","1","No","Shooter","","Arcade conversion of this plane-based shooter."
"Pac-Land","","Region Not Set","","Namco","Namco","1990-01-01","2","No","Action","E - Everyone","In Pac-Land, our friend Pac-Man is facing more daring adventures than ever before! In his new contest, Pac-Man comes face-to-face with ghosts on their own turf. In this 2D platforming adventure, his quiet day at home is disturbed by those nasty specters. A fairy princess has been kidnapped, and Pac-Man must leap over rivers, avoid dangerous water spouts, fly in magic shoes, dodge the Hoppers from the bushes, skip past the skulls aiming to drag you to Sand Prison -- all in the aims of reaching Monster Mansion and rescuing the princess to restore peace in Pac-Land!"
"Pachio Kun Juuban Shoubu","Pachio Kun Juuban Shobu | パチ夫くん十番勝負","Region Not Set","","Coconuts Japan Entertainment Co., Ltd.","Coconuts Japan Entertainment Co., Ltd.","1992-03-13","1","No","Role-Playing","","AKA: パチ夫くん十番勝負. A role-playing Pachinko games."
"Paranoia","","Region Not Set","","Naxat Soft","NAXAT Soft","1990-03-01","1","No","Shooter","E - Everyone","No overview is currently available for this title, please feel free to add one."
"Parasol Stars (JPN)","パラソルスター THE STORY OF BUBBLE BOBBLE III","Region Not Set","","NEC Home Electronics, Ltd.","Taito Corporation","1991-02-15","1","No","Platform","E - Everyone","Break out the bandages and get ready for some finger-searing action! Join Bubby on his latest quest to save the universe, this time with a Magic Umbrella. Umbrella!? Yes, Umbrella! This powerful parasol puts the elements themselves at your command! Shock the tonnage out of the whales with Lightning! Fry the feathers off the crazed, beady-eyed birds with Fire! Or, drown the demented dinosaurs with a tidal wave of Raindrops! Need help? Your buddy Bobby is always nearby. Have a friend plug into your TurboTap and blast into two player simultaneous play. Be prepared for a quest that will take you to eight amazing planets, forcing you to uncover the secret that will unleash the Parasol Stars!

Parasol Stars is the third game in the Bubble Bobble franchise (and is often labeled ""Parasol Stars: The Story Bubble Bobble III""), as well as a semi-official sequel to the second Bubble Bobble spin-off, Rainbow Island."
"Parasol Stars: The Story of Bubble Bobble III","","Region Not Set","","NEC Home Electronics, Ltd.","Taito Corporation","1991-01-15","2","No","Platform","E - Everyone","Break out the bandages and get ready for some finger-searing action! Join Bubby on his latest quest to save the universe, this time with a Magic Umbrella. Umbrella!? Yes, Umbrella! This powerful parasol puts the elements themselves at your command! Shock the tonnage out of the whales with Lightning! Fry the feathers off the crazed, beady-eyed birds with Fire! Or, drown the demented dinosaurs with a tidal wave of Raindrops! Need help? Your buddy Bobby is always nearby. Have a friend plug into your TurboTap and blast into two player simultaneous play. Be prepared for a quest that will take you to eight amazing planets, forcing you to uncover the secret that will unleash the Parasol Stars!

Parasol Stars is the third game in the Bubble Bobble franchise (and is often labeled ""Parasol Stars: The Story Bubble Bobble III""), as well as a semi-official sequel to the second Bubble Bobble spin-off, Rainbow Island."
"Parodius Da! - Shinwa Kara Owarai He","パロディウスだ! －神話からお笑いへ－ | Parodius","Region Not Set","","Konami","Konami","1992-02-21","1","No","Shooter","E - Everyone","Konami's imaginative parody on the Gradius series. It plays just like Gradius, with the same power-up system, but features a far more bizarre and imaginative series of levels and characters.
This game was released in Japan for the PC Engine and is a port of the Arcade original with a couple of differences: it doesn't have the arcade Stages 5 and 8, but features a stage titled SPECIAL and a new introduction that features several strange-looking Japanese characters. This is in contrast to the arcade intro, which chronicles the Gradius legacy up until the time of release."
"PC Denjin - Punkic Cyborgs","","NTSC-J","Japan","","Hudson Entertainment, Inc.","1992-11-20","1","No","Action","E10+ - Everyone 10+","The first shoot 'em up outing for the PC Genjin series, PC Denjin look and sounds very much like an industrial version of Coryoon. There is a wide variety of weapons and character-transforming power-ups to obtain, including 'friends' that follow after you and attack the enemies in their own special way."
"PC Genjin","PC Kid | PC 原人 | Bonk's Adventure","Region Not Set","","Hudson Entertainment, Inc.","Red Entertainment Corporation","1989-12-16","1","No","Platform","","AKA: PC 原人, Bonk's Adventure or PC Kid. The most popular PC-Engine action game."
"PC Genjin 2","PC Kid 2 | Bonk's Revenge | PC 原人2","Region Not Set","","Hudson Entertainment, Inc.","Red Entertainment Corporation","1990-07-18","1","No","Platform","","AKA: PC原人 2. A sequel to the popular action game. Head bump kid makes another adventure."
"PC Genjin 3 Special","PC Kid 3 | PC 原人3 | Bonk 3: Bonk's Big Adventure","NTSC-J","","Hudson Entertainment, Inc.","Hudson Entertainment, Inc.","1993-04-02","1","No","Platform","Not Rated","The final sequel of popular head bump kid action game."
"PC Pachi Slot 777","","Region Not Set","","","","1992-01-01","1","No","","","Slot Game"
"PC Pachislot Idol Gambler","PCパチスロ アイドルギャンブラー","Region Not Set","","Games Express","Games Express","1992-01-01","1","No","Strategy","","Adult fruit machine simulator with 2 designs to choose from.

(From The PC Engine Software Bible)"
"Populous","","Region Not Set","","","Bullfrog | 																Hudson Entertainment, Inc.","1991-04-05","1","No","Strategy","","Ever felt underpowered and lacking in omnipotence? Well now is your chance to live the dream in Populous, Bullfrog's seminal god game. Domination is the aim here - you control a community of cute little guys and must build a population greater than your computer controlled rival. Starting with a house or two, you are at first limited to raising and lowering the ground - the flatter the ground around a domicile, the more advanced it becomes, up to the level of a sturdy fort. But this is not the extent of your power. More houses mean more people, and more people means the higher your little arrow creeps along your power bar, opening up such furious skills to inflict on your opponent like floods, swamps and volcanoes that disrupt the landscape and any city planning therein. Once you feel you have sufficiently dominated the opposition (the display on the top right conveniently gives you a visual guide here) then you release armageddon - all followers gather together and duke it out until there is only one. Depending on your score, you then move forward any number of levels which include diverse scenery such as grasslands, desert, snow and volcanic rock."
"Power Drift","","Region Not Set","","","Asmik Corp. of America","1990-04-13","","No","Action | Racing","","Ambitious conversion of Sega’s racing game. Instead of choosing your tracks like in the arcade, this version limits you to playing them in order, continuously. Place first, second or third in each race to go on to the next track."
"Power Eleven","","Region Not Set","","Hudson Entertainment, Inc.","Westone Co., Ltd.","1991-06-21","2","Yes","Sports","","Power Eleven (パワーイレブン?) is a 1991 Japan-exclusive football video game with top-down perspective, published by Hudson Soft for the PC Engine. It was part of the Power Sports Series, a series of sports games released between 1988 and 1998."
"Power Gate","","Region Not Set","","Pack-In-Video Co., Ltd","Make","1991-08-30","1","No","Action | Shooter","","Power Gate is a side-scrolling shoot 'em up, developed by Make and published by Pack-In-Video, which was released exclusively in Japan in 1991."
"Power Golf","","Region Not Set","","NEC Home Electronics, Ltd.","Hudson Entertainment, Inc.","1989-01-01","1","No","Sports","E - Everyone","Swing away on 18 lush holes, enter tournaments and compete to win. Keep your head down and concentrate. Release a ton of power coming out of your backswing -- like a coiled spring! Follow through. You'll need a picture-perfect swing, flawless timing and a pro's club selection. Why, you ask? Because this is real. The traps are real, the water is real, the ball is real, and your score is real."
"Power League","","Region Not Set","","Hudson Entertainment, Inc.","Hudson Entertainment, Inc.","1989-12-01","2","No","Sports","E - Everyone","Baseball game."
"Power League '93","パワーリーグ'93","Region Not Set","","Hudson Entertainment, Inc.","Hudson Entertainment, Inc.","1993-10-15","4","No","Sports","","AKA: パワーリーグ'93. The most successful baseball game franchise on PC-Engine. The year 1993 version featured Hideo Nomo."
"Power League 4","","Region Not Set","","Hudson Entertainment, Inc.","Hudson Entertainment, Inc.","1991-08-09","2","No","Sports","","Baseball game."
"Power League 5","パワーリーグ 5","Region Not Set","","Hudson Entertainment, Inc.","Hudson Entertainment, Inc.","1992-08-07","4","No","Sports","","The fifth sequel of the Power League series with 1992 roster including Hideo Nomo."
"Power League II","","Region Not Set","","","","1989-08-18","2","No","Sports","","Baseball"
"Power League III","Power League 3","Region Not Set","","Hudson Entertainment, Inc.","Hudson Entertainment, Inc.","1990-08-10","","No","Action | Sports","","Power League III is a Sports game, published by Hudson, which was released in Japan in 1990."
"Power Sports","","Region Not Set","","Hudson Entertainment, Inc.","Hudson Entertainment, Inc.","1992-10-10","","No","Sports","","Compete in various olympic style events in this Track and Field inspired collection of sporting activities."
"Power Tennis","","Region Not Set","","Hudson Entertainment, Inc.","Now Production Co., Ltd.","1993-10-01","4","No","Sports","","Power Tennis is a tennis game for the PC Engine that supports up to four human players in its doubles mode. It is part of Hudson's Power Sports series, created for the PC Engine/TurboGrafx-16.

The game has options for singles and doubles with various options for players including an option to watch CPU opponents compete, three possible court types, and a World Tour mode that allows to player to create their own tennis star - male or female - and compete in Open competitions across the globe."
"Pro Tennis: World Court","","Region Not Set","","Namco","Namco","1988-08-11","2","No","Sports","","Pro Tennis: World Court (プロテニスワールドコート Puro Tenisu: Wārudo Kōto?) is a tennis sports arcade game that was released by Namco in 1988 only in Japan; it runs upon Namco System 1 hardware, and was inspired by the 1987 Famicom game Family Tennis. In August 1988, the game was ported to the PC Engine console, in which a new tennis-based role-playing quest mode was added, and was later ported to the North American TurboGrafx-16 console by NEC under the title of World Court Tennis in 1989 and a sequel named Super World Court was released in 1992, which ran on Namco NA-1 hardware and allowed up to four players to play simultaneously."
"Pro Yakyuu World Stadium","プロ野球ワールドスタジアム","NTSC-J","","Namco","Namco","1988-05-20","2","No","Sports","Not Rated","No overview is currently available for this title, please feel free to add one."
"Pro Yakyuu World Stadium '91","プロ野球 ワールドスタジアム'91","Region Not Set","","Namco","Namco","1991-03-21","2","No","Sports","","AKA: プロ野球 ワールドスタジアム'91. The Namco version of baseball game with fake roster of Japan Professional Baseball."
"Psycho Chaser","","Region Not Set","","Naxat Soft","Sting Entertainment","1990-10-01","1","No","Shooter","","Psycho Chaser is a vertically-scrolling shoot 'em up that features an android protagonist who strides up the screen. It was Sting Entertainment's first video game: the developer would later be better known for their JRPGs like Baroque and Yggdra Union. The player character, the eponymous Psycho Chaser, is a sophisticated android warrior with multiple built-in weapons that was designed to combat an AI that has gone out of control.

The game was a PC Engine exclusive for almost two decades until it was added to the Wii's Virtual Console in 2008. Neither version of the game was released outside of Japan."
"Psychosis","","Region Not Set","","NEC Home Electronics, Ltd.","NAXAT Soft","1990-01-01","1","No","Action","E - Everyone","This is a side-scrolling shooter played in a world created from the mind of a twisted demon. Your soul has suddenly wandered into that evil world that exists in every person's heart. The only way out is to blast your way past the grotesque creatures that block your path in five ""causes"" (stages). You must face the dangers of this psychedelic world by making full use of three shot types and the satellite option. With power-ups, you can change your shots to a wide-coverage beam, a satellite-generated laser and more. Each shot type can be powered up to three levels. You can also block enemy fire by rotating the satellites to a desired position. How you use these features will be the key to successfully escaping this strange and surreal world"
"Puzzle Boy","","Region Not Set","","Atlus Co., Ltd.","Renovation Game","1991-02-22","1","No","Puzzle","","Brain bending puzzle game in which you guide your little man to the exit in each room by moving and rotating blocks until your path is clear. Features several different modes, such as single player, timed, and competitive play. It also features a talking tomato."
"Puzznic","","Region Not Set","","Taito Corporation","Taito Corporation","1990-06-29","1","No","Puzzle","","Puzznic is a tile-matching puzzle game developed and produced by Taito.
Move the coloured blocks around to match them up. Blocks can only be moved left or right, and can fall down but not move up. Some levels are fiendishly designed and need some careful thought, and all this is against a strict time limit."
"QUIZ Toukou Shashin","クイズ投稿写真","Region Not Set","","Games Express","Games Express","1994-05-13","1","No","Puzzle","","Select a anime girl then answer questions to remove panels that cover girls' pictures."
"R-Type","","NTSC-U","United States of America","NEC Home Electronics (U.S.A.) Inc.","Irem Corp.","1989-11-01","1","No","Action | Shooter","E - Everyone","R-Type is a 1989 TurboGrafx-16 video game developed by Irem and released by NEC Home Electronics Inc. in the USA on November 1, 1989.

A desperate battle is being fought out in the limitless and unknown dimensions of space which have been contaminated and corrupted by an evil power. The evil power is the Bydo Empire, which is determined to subjugate the world. It is inhabited by weird creatures, whose very sight inspires fear. But mankind is fighting back, and sends you into battle in an incredibly sophisticated plane, the R-9 fighter. Behind the control panel of this fantastic fighting machine, you are Mankind's only defense against the enemy."
"R-Type I","","Region Not Set","","Hudson Entertainment, Inc.","Irem Corp.","1988-03-25","1","No","Action | Shooter","E - Everyone","A desperate battle is being fought out in the limitless and unknown dimensions of space which have been contaminated and corrupted by an evil power. The evil power is the Bydo Empire, which is determined to subjugate the world. It is inhabited by weird creatures, whose very sight inspires fear. But mankind is fighting back, and sends you into battle in an incredibly sophisticated plane, the R-9 fighter. Behind the control panel of this fantastic fighting machine, you are Mankind's only defence against the enemy."
"R-Type II","","Region Not Set","","Hudson Entertainment, Inc.","Irem Corp.","1988-06-03","1","No","Shooter","E - Everyone","The PC Engine port of the shoot'em up classic R-Type was released in two parts in Japan: R-Type I includes the first four, R-Type II the last four levels."
"Rabio Lepus Special","Rabid Lepus | ラビオレプススペシャル","Region Not Set","","NEC Home Electronics, Ltd.","Video System Co., Ltd.","1990-10-19","1","No","Shooter","","Horizontal shooter that puts you in control of a robotic rabbit.

(From the PC Engine Software Bible)"
"Racing Damashii","Racing Spirit","Region Not Set","","Irem Corp.","Irem Corp.","1991-07-19","","No","Action | Racing","","Racing Damashii (Racing Spirit) is a motorcycle racing video game from Irem , released in 1991 exclusively in Japan. The game features tracks all over Japan."
"Raiden","","NTSC-U","United States of America","NEC Technologies, Inc.","A.I Co., Ltd. | 																Hudson Soft","1991-11-01","1","No","Action | Shooter","E - Everyone","Go ballistic with intense arcade action! The year is 2090 and it could be our last. Alien invaders are scorching the earth with vastly superior firepower. Our only hope is Raiden, an untested supersonic fighter built with captured enemy technology, and only you are ace enough to handle it! Power up your laser for deadly accuracy or wide shots of lethal fire! Zero in with your homing missiles. Then nuke those fiends deep into space! You're on their turf now. Blast 'em and return victorious or they'll be back to finish us off!"
"Rastan Saga II","","Region Not Set","","Taito Corporation","Taito Corporation","1990-07-01","1","No","Action","E - Everyone","Rastan Saga II (ラスタンサーガ2?), known in Europe as Nastar and in North America as Nastar Warrior (except for the North American Sega Mega Drive/Genesis version, which was known as Rastan Saga II) is a hack and slash platform arcade game developed and released by Taito in 1988. It is the sequel to Rastan Saga (released simply as Rastan in North America).

Description:

A side scrolling hack-and-slash-em-up where you take the role of a barbarian who tries to defeat the evil wizard. Many of the bosses are based on mythological characters such as minotaurs and Medusa."
"Reflectron","","Region Not Set","","Aetherbyte Team","Andrew Darovich","2013-12-01","1","No","Action","Not Rated","No overview is currently available for this title, please feel free to add one."
"Remute - Electronic Lifestyle","","NTSC-U","United States of America","","","2021-01-01","1","No","Music | Unofficial","Not Rated","The first plug and play techno cartridge album for the PCEngine / TurboGrafx-16.

After his two highly acclaimed albums Technoptimistic and The Cult Of Remute which were released as Sega Genesis and Super Nintendo game cartridges, German techno musician Remute presents the next novelty:

His new album Electronic Lifestyle comes exclusively for the PC-Engine game console (called Turbografx-16 in the USA) on a forgotten, but cute and cool format - the HuCard. It is the first music album release for the console ever and the first commercial HuCard release since many years.

NEC's 8bit spaceship is not only Kanye West's favorite game console (he even considered to call an album 'TurboGrafx-16' back in 2016), but still has a strong cult following amongst gamers even today due to its excellent library of high quality games.

The music on this album gets generated in realtime and pushes the 8bit soundchip of the PC-Engine to the max and probably even further as commercial games back in the days couldn't use the 1 Megabyte of the HuCard for sound only. Electronic Lifestyle consists of a catchy 15 track long mixture of bleepy, retro-futuristic electro melodies a la Kraftwerk, Yellow Magic Orchestra or Jean-Michel Jarre and crunchy hypnotic excursions heavily inspired by early 90s Detroit techno. Furthermore the album features crisp graphics and a rock-solid shiny player GUI by demoscene pixel-masters and coding-wizards Alien and MooZ. The HuCards are custom-made by Swedish PCB-expert MrTentacle and run on any model of the console."
"Rock On","ロック・オン","Region Not Set","","Big Club","Big Club","1989-08-22","1","No","Shooter","","Shoot em up game."
"Ryuukyuu","Ryūkyū | Ryukyu","Region Not Set","","FACE","Sankindo","1990-10-26","","No","Puzzle","","A puzzle game where you have to drop playing cards so they make poker-valid lines horizontally, vertically and diagonally."
"Sadakichi Seven","定吉七番秀吉の黄金","Region Not Set","","Hudson Entertainment, Inc.","Hudson Entertainment, Inc.","1988-11-18","1","No","Platform","","AKA: 定吉七番秀吉の黄金. This is an adventure game based on a comic book series."
"Saigo no Nindou: Ninja Spirit","Ninja Spirit","NTSC-J","Japan","NEC Home Electronics, Ltd.","Irem Corp.","1990-06-06","1","No","Action","Not Rated","Play as the ninja Moonlight and engage in a fierce battle to avenge his father's death and unlock the secrets of his birth. Select between the original Arcade Mode and PC-Engine MODE, which includes a life gauge. Use four types of weapons: katana, shuriken, bombs and chain and sickles to battle your way through the enemies. Pick up power-up items and switch between weapons to give you the advantage. You'll need to consider the enemy attacks and your weapon's abilities in order to deftly make it through all seven stages. Use your skills and attacks to get through the game's boundless enemies and traps. That's what ninja action is all about."
"Saint Dragon","Tenseiryuu | Tenseiryuu: Saint Dragon","Region Not Set","","Aicom Corporation","NMK Co. Ltd.","1990-10-01","","No","Shooter","","Cyborg Monsters have taken over the galaxy, reducing race after race into slavery. Being designed by man these beings have superior firepower and attack capabilities, and can only really be beaten by one of their own. St. Dragon the Cyborg Warrior chooses to fight back against this tyranny, and that is the role you take in this horizontally scrolling shoot 'em up. Five R-Type-style levels await, with a wide variety of weapons on offer. When you lose a life (even your last life; there are continues on offer as well) you don't lose any of your power-up weaponry, but the restart points are quite far apart. The game's main unique feature is the armoured tail you have, which can be used to ward off attackers and can do considerable damage on its own if well-used."
"Salamander","","Region Not Set","","Konami","Konami","1991-10-01","2","Yes","Shooter","E - Everyone","You've saved the innocent people of Gradius from the vile Bacterions. But now an even deadlier plague has slimed into the neighborhood. It's Zelos, an all-engulfing, planet-eating alien who's hungering to take a bite out of you! Only this time you don't have to rescue the millions of Gradians alone. You can call on a starfighter friend from the planet Latis, who'll fight beside you in his RoadBritish space destroyer. You'll both be gunning for max power-ups, with ripple lasers, plutonic missiles and impregnable force fields. But you better be on target. For this isn't your ordinary space scum. And to crush him you've gotta soar through his guts, blast past his death traps and ultimately blow out his heart. Good luck, Commander. The galaxy's counting on you!"
"Samurai-Ghost","Genpei Toumaden: Kannoni | Samurai Ghost","Region Not Set","","Namco","Now Production Co.","1992-01-01","1","No","Action","E - Everyone","This action platformer features a samurai ghost from the depths of the underworld. In a past war, Kagekiyo managed to defeat the shogun Yoritomo and his clan. However, their evil spirits were not completely destroyed, and now, in the world known as Dark Side, they seek the time of their rebirth. In order to shatter those ambitions, Kagekiyo must make his way across seven zones and head for ""The Heart of the Darkside"" where Yoritomo lies in wait. Use spirit weapons to power up your sword, or other items, such as candles to recover health, and defeat the endless hordes of enemies. Each zone is not only protected by a boss but also includes demons as well as real samurai from 12th-century Japan. Get ready for some intense one-on-one combat action."
"Santatlantean","","Region Not Set","","Aetherbyte Team","Andrew Darovich","2013-12-01","1","No","Action","Not Rated","Jealous of all the time her husband spends drinking sherry and eating biscuits in other people's houses, Mrs Claus decides the only way to be rid of her overweight husband is to put an evil spell on the Christmas decorations and let them do the dirty work for her. As Santa, you must destroy these festive fiends, but beware; evil baubles are lying in wait, candy canes attack without warning and scented candles are out to burn your beard off!

Santatlantean is a festive high-score action shoot 'em up (based on Aetherbyte's Atlantean) which is free to download and play on a PC Engine emulator of your choice (such as Magic Engine, Mednafen or Ootake) or flash card."
"Sekigahara","関ヶ原","Region Not Set","","Tonkin House","Tonkin House","1990-09-14","1","No","Strategy","","AKA: 関ヶ原. A turn-based strategy game based on the famous battle of Sekigahara. This battle decided the major Shogun and concluded the sengoku era."
"Sengoku Mahjong","戦国麻雀","Region Not Set","","Hudson Entertainment, Inc.","Hudson Entertainment, Inc.","1988-07-08","1","No","Puzzle","","AKA: 戦国麻雀. A sengoku era theme Mahjong game as player conquered other shogun opponents by Mahjong."
"Shanghai","上海","Region Not Set","","Hudson Entertainment, Inc.","Activision | 																Hudson Entertainment, Inc.","1987-10-30","1","No","Puzzle","","AKA: 上海. A Mahjong matching game."
"Shinobi","","Region Not Set","","Asmik Ace Entertainment","Dual","1989-12-08","","No","Action | Platform","","Shinobi. It's Japanese for stealth, the perfect description of a Master Ninja. And that's exactly what you are! Armed with throwing stars and finely-honed battle skills, you must defeat the Ring of Five. Fight your way past mercenaries and karate thugs. Take out the meanest martial artists and rescue hostages. But these dangers pale in comparison to your ultimate challenge: A fight to the death against five evil Ninja Assassins whose mastery of the deadly ancient arts may well surpass your own!"
"Shiryou Sensen: War of the Dead","","Region Not Set","","Victor Musical Industries, Inc.","Fun Factory","1989-03-24","1","No","Role-Playing","","Shiryou Sensen: War of the Dead is a post apocalyptic and dark Role Playing/Action game by Victor Musical Industries.

Due to a series of mysterious events, the town of Chany's Hill has been cut off from the rest of the world. People have suddenly gone missing and cannibalistic monsters now roam the land, killing all who cross their path. The protagonist of the game is Laila Arufon, the youngest female member of the S-SWAT (Supernatural and Special Weapon Attack Team). She was born in the small town and has developped strange psychic abilities. Her Psychic Seal (""PS"") and Mind Force (""MF"") powers allow her to increase any weapon destruction power but also to increase her defense capability greatly. Her mission is twofold - she must investigate the mysterious and supernatural incident in Chaneys Hill and to rescue all the remaining survivors she can find and lead them to the town's church.

Laila comes equipped with a combat knife and a Hand Gun (SIG/SAUER P226) - additional weapons appear later in the game including the Assault Rifle (STYER AUG), Grenade launcher (HK MZP1), Flamethrower (M2A1-7), Bazooka (M72A2) and so forth. Although most of the game uses a traditional top-down view, battles quickly drop the game into side-scrolling action phases. There, Laila fights hordes of monsters to gain experience (blue orbs), life (reb orbs), MF points (green orbs) or ammunitions (pink cases). She can also escape at anytime as long as she can reach the edge of the fighting area. The combat items are complemented by more conventional inventory items such as medic packs, psychic pills, keys and so forth. Player's progression is saved through a long password system."
"Shockman","","NTSC","United States of America","NCS Corporation","Hudson Entertainment, Inc.","1992-11-22","2","No","Action","E - Everyone","It's been two years since Arnold and Sonya were made into Shockmen. A message from the professor to return to their bodies has them head to his laboratory, but they are ambushed by a mysterious enemy along the way. After narrowly defeating the enemy, they catch a TV news flash announcing the Ryo Empire invasion. They find that the professor has been abducted and set out to rescue him.

Shockman is a side-view action shooter that has eight stages, including Action Stages, where you jump and use special techniques, and side-scrolling Shooting Stages. This game expands on the well-paced story from the previous version and contains cooperative elements like shared life and a powerful Team Shockbeam that can be used during two-player simultaneous play."
"Shougi Shodan Icchokusen","将棋 初段一直線","Region Not Set","","Home Data Corp.","Home Data","1990-08-10","1","No","Puzzle","","Japanese chess board game playing against different opponents."
"Shougi Shoshisha Muyo","将棋 初心者無用","Region Not Set","","Home Data Corp.","Home Data","1991-11-29","1","No","Puzzle","","Japanese chess board game designed for serious players and not suited for beginner."
"Silent Debuggers","","Region Not Set","","NEC Home Electronics, Ltd.","Data East Corporation","1991-01-01","1","No","Shooter","E - Everyone","Make your way through a dungeon-like space station and defeat the prowling monsters in this real-time first-person shooter. You're a member of the elite Debuggers, a group of warriors who are jacks-of- all-trades. Assigned to inspect an unmanned space station, you have exactly 100 minutes to get in, destroy the monsters lurking in each block, make your way to the lowest level and deactivate the automatic detonator placed there. With each monster that slips by you, the core block becomes harder to survive in, so speed is key in preserving the facility and each separate block. Experience the thrill of survival as the timer ticks away and you uncover the truth of the events that occurred."
"Silent debuggers (JP)","","NTSC-J","Japan","Data East Corporation","Data East Corp.","1991-03-29","1","No","Shooter","Not Rated","No overview is currently available for this title, please feel free to add one."
"Sindibad - Chitei No Dai Meikyu","シンドバット 地底の大魔宮","Region Not Set","","Information Global Service","Information Global Services, Inc.","1990-06-02","1","No","Role-Playing","Not Rated","An role-playing game based on the story of Sinbad the Sailor."
"Sinistron","Violent Soldier","Region Not Set","","Information Global Service","Alfa System","1991-01-01","1","No","Shooter","E - Everyone","Scramble Mode Zeta; A message to Cybernaut Squadron Calisto -- Priority Alpha-San 03... An intersystem intruder has been detected in quadrant FTU-770. Dronecraft sent to get a visual discovered an extremely large monolith, biomorphic in nature. All attempts at contact ended in destruction of drones. Your mission: locate, intercept and enter the Sinistron. Use any means to destroy it!"
"Skweek","","Region Not Set","","Infogrames Entertainment","Victor Musical Industries","1991-08-02","2","No","Action | Puzzle","","Colourful game like a 2D Q*Bert. Run around the level, painting the background blocks as you go and avoiding enemies. There are many traps, sliding blocks, one-way blocks and teleports - also special items such as time-stop and extra firepower to zap the baddies with."
"Sokoban World","Boxy Boy | 倉庫番ワールド","Region Not Set","","Thinking Rabbit","Media Rings Corporation","1990-03-16","1","No","Puzzle","","Pushing around boxes in store rooms may not sound like ideal fodder for a video game. Well, they went and made one anyway. this is one of those brain melting puzzle games that some will love and some will despise. Each level you are presented with a room with boxes and spots, which are where the boxes should end up. You can push the boxes, but not pull them and you really have to plan in advance to stop getting, um...'boxed' in. If you feel you've taken a bit of a wrong turn, you can simply push a button and rewind your moves. But as well as countless levels of box-shoving there's also a level editor that allows you to create your own levels of fun and frustration.

(From The PC Engine Software Bible)"
"Soldier Blade","","NTSC-U","United States of America","Turbo Technologies, Inc.","Hudson Soft","1992-09-01","1","No","Action | Shooter","E - Everyone","Soldier Blade is a 1992 TurboGrafx-16 video game developed by Hudson Soft and released by Turbo Technologies Inc. in the USA on September 1, 1992.

Vertical sci-fi shoot ‘em up from the Hudson stable. Soldier Blade sticks to the tried and tested formula of Hudson’s previous games in the 'series', while throwing in some extra graphical effects. This time, the power up system involves collecting colored pods - you can have three pods in stock at any one time, and the color of the 'active' pod determines your weapon style. You also have the choice of ejecting a pod at any time, which results in a weapon-specific super attack."
"Soldier Blade Special: Caravan Stage","","Region Not Set","","Hudson Entertainment, Inc.","","1992-01-01","1","No","Shooter","Not Rated","Soldier Blade was part of the 8th Caravan Competition organized by Hudson Soft in 1992. A non-commercial and very limited edition of Soldier Blade exists - Soldier Blade Special Version comes as a single HuCard, and offers a 2 and 5 minutes Time Attack modes. Other Special Versions exist (Gunhed and Final Soldier) but Soldier Blade Special Version is probably the most ""common"" one, although extremely rare. It was also the end of an era - Soldier Blade was technically the last Star Soldier game to be featured in the Hudson Soft Caravan Festival."
"Somer Assault","Mesopotamia","Region Not Set","","Atlus U.S.A., Inc.","Atlus U.S.A., Inc.","1992-01-01","","No","Shooter","","Here begins the story from a time and a world not our own ... A sorceress used her evil powers to fulfill her conquest to rule the world. ""Go my dead slaves to trample and rule the world which will belong to us!"" You are the only one who can crush her wretched plans! Each stage is controlled by a boss who portrays a sign of the zodiac. Going through a maze, you have to find and destroy the boss before your time runs out. Save the world!"
"Sonic Spike","","Region Not Set","","Information Global Service","Information Global Services, Inc.","1990-07-27","2","No","Sports","E - Everyone","The action sizzles in Sonic Spike, on the front line of the world's most brutal volleyball game. Blast the ball over the net -- bump, spike, dig, jump, and even quick-fake a return. Orbital lobs soar to the sun; earth-pounding spikes vibrate the ground. Score ... or eat sand! Select and create your own teams from 24 athletes pulled from six nations. Pit gals against guys in a battle of the sexes, or fight the competition of the century with Japan, Australia, Brazil, USA or USSR."
"SonSon II","SonSon 2 | ソンソンII","NTSC-J","","Capcom","Capcom","1989-01-27","1","No","Action | Platform","Not Rated","This platformer sequel to Son Son was only released on the PC Engine in Japan.

Son Son 2 is the direct sequel to Son Son and features an interpretation of the Son Goku character from ancient Chinese novel Journey to the West. Unlike the first game, which played like a ground-based scrolling shoot-'em-up with several floors the character could switch between, Son Son II plays much more like a traditional platformer, specifically Wonder Boy and even more overtly Capcom's earlier arcade game Black Tiger. Son Son attacks with his extendable staff (based on Sun Wukong's Ruyi Jingu Bang weapon) and can defeat enemies to earn coins, which can be spent on upgrades and health refills. The player also needs to find a key on each stage before they can reach the boss.

The goal of the game is to rescue the other members of his party: Xuanzang (Tripitaka), Pigsy and Sandy. They are kidnapped during the opening cutscene by the final boss, who is depicted as a mysterious silhouette.

Son Son II is also one of the earliest Capcom games to use Zenny, their trademark fictional currency."
"Space Harrier","","Region Not Set","","NEC Home Electronics, Ltd.","NEC","1988-12-09","1","No","Shooter","E - Everyone","You are Harrier, the resourceful extra-terrestrial warrior. And space is your battlefield. Your mission is to save the Land of the Dragons from vicious creatures led by the vile and crafty One-Eyed Mammoth. Aided by your only friends, the Dragons, you find yourself attacked again and again. Armed only with an Autolock Energy Launcher and your wits, you must fight off one heavily-armed alien after another. You must use every trick in the book. Every skill at your command. The clashes are thrilling and demanding. The combat scenes are powerful. Can you survive the intense fighting? For your sake, for the sake of the Land of the Dragons, you must!"
"Space Invaders: Fukkatsu no Hi","","Region Not Set","","Taito Corporation","Taito Corporation","1990-03-02","1","No","Shooter","E - Everyone","The first console-exclusive Space Invaders game, featuring classic and enhanced modes. Released exclusively in Japan for the PC Engine.

Space Invaders: Fukkatsu no Hi (""Space Invaders: Day of Resurrection"") is a PC Engine exclusive variant of Taito's classic 1978 space shoot 'em up. As well as including an ""original mode"", which plays identically to the original Arcade version and includes a hidden setting that plays the game in black and white monochrome, Fukkatsu no Hi also includes a ""Space Invaders Plus"" mode which includes more contemporary 16-bit graphics and power-ups earned from destroying UFOs. The player's ship can also take several hits before being destroyed, but generally has less cover to hide behind.

Taito developed Fukkatsu no Hi to be the first console-exclusive version of the game: previous Space Invaders sequels, remakes and spin-offs had all been Arcade games originally and ported to consoles later. It was released a few months before the Mega Drive/Genesis exclusive version of Space Invaders '90 (Space Invaders '91 in the US). Fukkatsu no Hi did not see a release outside of Japan. It also has zero connection with the 1980 Japanese sci-fi movie Fukkatsu no Hi, a.k.a. Virus."
"Space Invaders: The Original Game","","Region Not Set","","Taito Corporation","Taito Corporation","1990-03-02","2","No","Shooter","E - Everyone","Another version of Taito's classic shoot 'em up, featuring authentic versions of the original arcade cabinets, along with multi player modes with cutesy backdrops."
"Special Criminal Investigation","S.C.I.","Region Not Set","","Taito Corporation","Taito Corporation","1991-01-25","1","No","Racing | Shooter","","Sequel to Chase HQ. Catch up with the criminal's vehicle and run them off the road or shoot them until they give up.

(From The PC Engine Software Bible)"
"Spin Pair","","Region Not Set","","Media Rings Corporation","","1990-12-14","2","No","Puzzle","","No overview is currently available for this title, please feel free to add one."
"Spiral Wave","","Region Not Set","","Media Rings Corporation","Media Rings Corporation","1991-12-13","1","No","Action | Shooter","","Space based adventure with Galaxy Force II style into-the-screen action sequences."
"Splatterhouse","","NTSC-U","United States of America","NEC Technologies, Inc.","Namco","1990-08-01","1","No","Action | Fighting","T - Teen","Splatterhouse is a 1990 TurboGrafx-16 video game developed by Namco and released by NEC Technologies Inc. in the USA on August 1, 1990.

Two college students, Rick Taylor and Jennifer Willis, take refuge from a storm in West Mansion, a local landmark known as ""Splatterhouse"" for the rumors of hideous experiments purportedly conducted there by Dr. West, a renowned and missing parapsychologist. At the mansion, the two are attacked by demonic creatures that drag Jennifer inside and fatally wound Rick, leaving him for dead."
"Splatterhouse Chrome","","NTSC","","","","2015-01-01","1","No","Action | Unofficial","E - Everyone","Rom hack of Splatterhouse."
"Stratego","","Region Not Set","","Victor Entertainment","Accolade","1992-07-24","1","No","Puzzle","","A video game adaptation of the famous strategic board game. Find the opponent's flag, and watch out for that spy.

Overview:
Stratego is a board game adaptation that was originally published by Accolade for various home computers in 1990. The game was also localized for a Japanese audience with the PC Engine release, which was published by Victor Entertainment in 1992.

The game closely follows the rules of the classic Stratego board game as conceived by creators Jumbo, which was later licensed by Milton Bradley for North America. The game also offers various different modes, including a campaign mode which involves consecutive maps, as well as the option to change the visual design for the board and the pieces.

Gameplay:
The standard rules of Stratego are as follows-
The player must start the game by placing all forty units in the four rows on their side of the board.
The player can move any of the numbered units or the Spy (S) unit one space. The Flag (F) and Bombs (B) cannot be moved.
No two units can occupy the same space. If an enemy unit and a player's unit meet, the one with the highest number (which correlates to a lower rank) is removed. The winning unit then moves into the empty space. If they have the same number, both are removed.
If a unit touches the enemy's flag, they win the game.
There are special rules governing a few of the units:

The Spy unit will be removed if attacked by anyone. However, they are the only unit that can defeat the highest ranked unit - the Marshall, or #1. They can only do so if they are the attacker, not the defender.
If any unit touches a Bomb, they are removed from the board. The Bomb does not move into the empty space.
The Miner (#8) is the only unit that can destroy a Bomb.
The Scout (#9) can move any number of spaces horizontally and vertically."
"Street Fighter II: Champion Edition","ストリートファイターIIダッシュ -CHAMPION EDITION-","Region Not Set","","Capcom","NEC AVENUE","1993-06-12","2","No","Fighting","","From the corners of the globe come twelve of the toughest fighters to ever prowl the streets. Choose your champion and step into the arena as one of the eight original challengers or as one of the four Grand Masters! Pound your opponent as Balrog and knock them out for the count. Tower over your prey as Sagat and daze them with your awesome Tiger Shot. Slash your opponent with Bison's claw and send them running for cover. Or strike fear into your enemies as Vega, the greatest Grand Master of them all!"
"Strider Hiryu","Strider | Strider Hiryū | Strider Hiryuu","NTSC-J","","NEC Avenue, Ltd.","Capcom","1994-09-22","1","No","Action","Not Rated","Strider, released in Japan as Strider Hiryū (ストライダー飛竜?) is a 1989 side-scrolling platform game released for the CP System arcade hardware by Capcom. It became one of Capcom's early hits before Street Fighter II, revered for its innovative gameplay and multilingual voice clips during cutscenes (presented in English, Japanese, Mandarin, Russian and Spanish). 

Strider is set in a dystopian future in the year 2048, where a mysterious dictator known as the ""Grandmaster"" rules over the world. Hiryu, the youngest ever Super A Ranked[2] member of a organization of high-tech ninja-like agents known as the ""Striders"", is alone tasked with the Grandmaster's assassination. Hiryu begins his mission by infiltrating the Grandmaster's capital at the Kazakh Soviet Socialist Republic. 

NEC Avenue produced a PC Engine version of Strider Hiryu, which was released exclusively in Japan on September 22, 1994. The PC Engine version was released as a CD-ROM² title which requires the Arcade Card expansion. The PC Engine port features an all-new desert stage that was not in the arcade version, as well as newly recorded cut-scenes, music and dialogue, with Japanese voice actor Kaneto Shiozawa as the voice of Hiryu and Kōji Totani as the Grand Master. The PC Engine version is notable for its long development process, having been planned in various formats, including the ill-fated SuperGrafx at one point"
"Strife Sisters","","Other","","Self-Published","","2023-12-08","1","No","Role-Playing","Not Rated","Can Rei and Violet work together to save King Toth from the Evil Zaladin? Will Kingsly be able to bring the girls to work together? Build your army with over 10 different units and fight on 15 unique maps in this action-packed strategy RPG."
"Strip Fighter II","ストリップ・ファイターII","Region Not Set","","Games Express","Games Express","1993-01-01","2","No","Fighting","","Six fighters from around the world fight for supremacy and the prestige of being the strongest and sexiest fighter ever to grace the arena. With special moves and beautiful women, Games Express delivers the most beautiful fighter to PC Engine."
"Super Metal Crusher","スーパーメタルクラッシャー","Region Not Set","","Make","Pack-In-Video Co., Ltd","1991-11-29","2","No","Strategy","","Strategy game where you design a robot by allocating points to various stats, then let it scrap it out with an opponent while you watch.

(From The PC Engine Software Bible)"
"Super Momotarou Dentetsu","スーパー桃太郎電鉄","Region Not Set","","Hudson Entertainment, Inc.","Hudson Entertainment, Inc.","1989-09-15","2","No","Puzzle | Strategy","","Train themed board game featuring the Peachboy character from Japanese folklore.

(From the PC Engine Software Bible)"
"Super Momotarou Dentetsu II","Super Momotaro Densetsu 2 | スーパー桃太郎電鉄II","Region Not Set","","Hudson Entertainment, Inc.","Hudson Entertainment, Inc.","1991-12-20","2","No","Puzzle | Strategy","","Board game sequel, again featuring lots of trains.

(From the PC Engine Software Bible)"
"Super Star Soldier","","NTSC-U","United States of America","NEC Technologies, Inc.","Inter State | 																Kaneko","1991-03-01","1","No","Action | Shooter","E - Everyone","Super Star Soldier is a 1991 TurboGrafx-16 video game developed by Kaneko and Inter State and released by NEC Technologies Inc. in the USA on March 1, 1991.

Move fast and blast! It's a nonstop explosion of fire power and you're streaking through space, right in the middle of it! The Brains Cult you once defeated is back, badder than ever. But your finger's on the trigger of an incredible new techno-attack! Scorch the Scorpion with a nuclear a sting. Fire your heat-seeking sidewinders. Then power-up to launch your doomsday Super Bomb! Blow those Brains out and save the galaxy. Then challenge your friends with a special competition time mode to prove who the Super Star really is!"
"Super Volleyball","","Region Not Set","","NEC Home Electronics, Ltd.","NEC","1990-01-01","1","No","Sports","E - Everyone","Command your team against the best in the world with Super Volleyball, the simulation that gives you ultimate control. You choose the teams, the players and the moves. Keep their defense off balance with a variety of serves, lightning spikes, well-placed slams and player rotations. Be ready to strike back with power blocks and acrobatic saves. You can even create your own team of super players and take them through league competition to become the international champs. For a professional challenge -- and not a walk on the beach -- get set for Super Volleyball."
"Susano O Densetsu","SUSANO-Ō DENSETSU | 凄ノ王伝説 | LEGEND OF SUSANO-Ō","Region Not Set","","Hudson Entertainment, Inc.","Hudson Entertainment, Inc.","1989-04-27","1","No","Role-Playing","","An RPG game."
"Taito Chase H.Q. (JPN)","Chase H.Q.","Region Not Set","","Taito Corporation","Taito Corporation","1988-10-01","1","No","Racing","Not Rated","Es un juego de carreras arcade de 1988 , lanzado por Taito . A veces se lo ve como un sucesor espiritual del Full Throttle anterior de Taito. El jugador asume el papel de un oficial de policía llamado Tony Gibson, miembro del ""Departamento de Investigación Especial de Chase"". Junto con su socio, Raymond Broady, debe dejar de huir de los criminales en persecuciones de alta velocidad en un Porsche 928 negro.

The fastest, most thrilling, 3D driving game yet! Take the wheel of your turbo-charged Porsche as you and your partner go in pursuit of dangerous criminals all driving an evil array of souped-up roadsters. TURBO BOOST! Need to catch up in a hurry? Well, just one press of your Turbo Button will leave your eyes in the back of your head! Barrelling through the city streets, along the roughest of dirt tracks and through busy tunnels - if you can hold the line! The low-life can run, but they can't hide..."
"Takahashi Meijin No Shin Bouken Jima","NEW ADVENTURE ISLAND | 高橋名人の新冒険島","NTSC-J","Japan","Hudson Entertainment, Inc.","Hudson Entertainment, Inc.","1992-06-26","1","No","Action","E10+ - Everyone 10+","Once popular action adventure game originated from NES. As known as Adventure Island."
"Takeda Shingen","","Region Not Set","","Aicom Corporation","Aicom","1989-10-01","1","No","Fighting","","Takeda Shingen is a 2D beat 'em up set in feudal Japan. The action takes place in Sengoku period. The player takes the role of the daimyō Takeda Shingen, who must defeat his adversary Uesugi Kenshin. Gameplay is typical of the genre, similar to King of Dragons or Knights of the Round. Takeda wields a Japanese sword (katana) and dons red armor. He must proceed from left to right and eliminate all enemies and bosses. Sometimes, the daimyō can visit some shops to buy various items."
"Takin' it to the Hoop","","Region Not Set","","NEC Home Electronics, Ltd.","Alcom","1990-01-01","2","No","Sports","E - Everyone","You're a high-scoring point guard capable of awesome vertical leaps and hangtime. Matter of fact, you can do it all! Dribble. Bounce-pass. Fake. Pivot. Jump. Shoot. Play Man or Zone. Drive the lane -- is the defender all over you? Give him a move and jam, slam in his face!"
"TaleSpin","","Region Not Set","","NEC Home Electronics, Ltd.","Radiance Software","1991-10-25","1","No","Platform","E - Everyone","Take off with those high-flying Disney heroes, Captain Baloo and Kit Cloudkicker in the action-packed adventure TaleSpin. Imagine, you're after the lost treasure of Ionia, and the Watusi Witch Doctor is after you! Can you defeat him to go on and defy the dreaded Iron Vulture and make it to the Ice Caves of Thembria? Are you brave enough to challenge Shere Khan for the treasure? Find out by playing TaleSpin, with seven thrilling levels and 150 danger-filled screens!"
"Tatsujin","Truxton","NTSC-J","Japan","Taito Corporation","Toaplan Co., Ltd.","1992-07-24","1","No","Shooter","E10+ - Everyone 10+","Tatsujin is a vertical shooter by Taito and conversion of Toaplan arcade game originally released in 1988. The evil Gidans are about to invade the Borogo system, their armada of giant asteroids are approaching and they have to be stopped. The player must infiltrate and destroy no less than five large enemy facilities and take down swarms of alien ships and all kind of ground units. The space fighter comes equipped with a default Vulcan gun (Power shots) and two more weapons are available for the taking - the blue lock-on lasers (Thunder Laser) and green blasts of energy (Tatsujin Beam). The only way to increase the active weapon's firepower is to collect Power Boosters special flying pods leave behind. Although five boosters are necessary to trigger a power-up upgrade and boost up the strength of the current weapon, special red flashing power icons bring it up to maximum power in no time. Each weapon can be powered up to three times for maximum collateral damage and smart bombs in the shape of monstrous skull-faced energy blasts can be unleashed to kill most enemies on screen. Finally, speed boosters are strategically placed throughout the game to help the player dodge enemy fire more efficiently."
"Tatsunoko Fighter","","Region Not Set","","Tonkin House","Advance Communication Company","1989-10-20","1","No","Platform","","Tatsu no Ko fighter (also known as Dragon Fighter) is a simple platform game published by Tonkin House.

It follows the adventures of a young farmer as he travels across a country full of dangers. He carries around a long stick which he slyly uses to take down his enemies. He has a few more tricks up his sleeves - thanks to his magic book (press 'Run' and select a weapon by pressing 'up' and 'down'), he can also shoot blasts of energy from it. However, this technique depletes some of his magic energy which he has to refill periodically. But his ultimate weapon is the ability to turn into a powerful topless fighter - this technique is however only available for the toughest boss encounters located at the end of each area. In this form, our hero can use a powerful chain-whip (which consumes magic energy) to land more punishing blows than his bare fists. Throughout the game, various enemies drop magic orbs when defeated which range from power-ups (red P), increase max-life (green P), increase magic bar (green M), freeze time clocks, bombs, life potions and so forth. Each defeated enemy also drop money that can later be used to purchase life and magic from town people located at the end of each area. This is also where the stick can be later upgraded into a more lethal spear. Finally, infinite continues are available."
"Terra Cresta II","Terra Cresta II: Mandler no Gyakushuu","Region Not Set","","Nichibutsu","Nihon Bussan Co., Ltd.","1992-11-27","1","No","Shooter","","Vertically scrolling shoot 'em up where you collect modules that can either combine with your ship or fly in formation with you to alter their effectiveness. A nice lesser known gem. Typical vertical shooter that uses a system of power ups in the form of different numbered 'armor' that attach to the ship. The armor serves as power ups, but also as 'hit points' as you loose a piece of armor when hit. Each power up can be used in a formation that can be set up at the start of the game for a large variety of options and firing directions. Instead of the secondary button being a 'kill all' bomb, it sends the 'armor' out into the formation. Some combinations of power ups have different weapon outcomes also, as in 'orbiting' protection options and lasers, etc. When all 5 power ups are collected, the ship becomes a 'flaming phoenix' that shoots in all directions and gives temporary invincibility. While not as polished as more popular shooters, the backgrounds (ground) are very detailed. The music is not 'legendary', but I find myself humming the tunes later, as they are quite catchy. The pace of the game is not as frenetic as some, but certainly not boring or slow. The game does suffer from the old 'loose your power ups and you're screwed' syndrome if you lose a ship, as the later enemies take a good bit of damage before defeat... but there are codes for full power ups and extra lives if you choose."
"THE KUNG FU","China Warrior | Drunken Master","Region Not Set","","Hudson Entertainment, Inc. | 																NEC Home Electronics, Ltd.","Hudson Entertainment, Inc.","1987-11-21","1","No","Fighting","","The object of the game is to walk through each stage while throwing punches and kicks at enemies and objects, which also can be done in midair. There are four stages which are broken down into three stages each, for a total of twelve stages. When Wang gets knocked out, the game starts over at the beginning of the stage in which he got knocked out. Players can memorize the object/enemy pattern in order to get through the stage more easily whenever Wang gets knocked out. At the end of each level, there is a boss fight.

The control was designed to be similar to the arcade game Kung-Fu Master, but with gameplay similar to Gladiator without the sword or shield held in hand. The graphics utilized very large character models that fill up the screen. They were capable of moving without any graphical flickering."
"The Legendary Axe","","NTSC-U","United States of America","NEC Home Electronics (U.S.A.) Inc.","Aicom","1989-08-29","1","No","Platform","E - Everyone","The Legendary Axe is a 1989 TurboGrafx-16 video game developed by Aicom and released by NEC Home Electronics Inc. in the USA on August 29, 1989.

You are Gogan, a muscular powerhouse with enough guts to enter the Pits of Madness. Your mission: rescue the beautiful red-haired Flare. You are strong, but you also have Sting, a sacred axe to help you battle strange creatures and the savage cult of Jagu, fighting through mountain, jungle and cave environments to reach the lovely maiden."
"The New Zealand Story","","Region Not Set","","","Taito Corporation","1990-02-23","1","No","Action | Platform","","Platformer in which you play Tiki the Kiwi, out to rescue your kiwi friends from the nasty animals that have taken them captive. The platforming action requires you to navigate through sets of levels to reach your goals armed with a long-range bow and arrow to defend yourself. You can gain various upgrade items along the way such as a laser gun, fast running shoes and plenty of floating transport like hot air balloons or inflatable ducks to ride around on. But take care as these pop easily, and you yourself can only take a single hit before expiring"
"The Tower of Druaga","Druaga no Tou","NTSC-J","","Namco","Namco","1992-06-25","1","No","Action | Role-Playing","E - Everyone","This PC Engine port of the original Tower of Druaga (ドルアーガの塔, Druaga no Tou) updates the graphics but keeps the story and gameplay: Ishtar sends Gilgamesh up the 60 maze levels of the Druaga's tower to rescue Ki and retrieve the Blue Crystal Rod. He must find each level's key to proceed to the next one."
"Thunder Blade","","Region Not Set","","NEC Home Electronics, Ltd.","Sega","1990-12-07","","No","Shooter","","Adaptation from Sega Coin-Op. You pilot an Helicopter and you must destroy enemy forces. The game originality is the way how view changes from one stage to the other., from a top/3D view, to a back/3D view."
"Tiger Road","Tora e no Michi","Region Not Set","","NEC Home Electronics, Ltd.","Capcom","1990-01-01","1","No","Fighting","E - Everyone","This arcade conversion is a beat 'em up in which you (as Lee Wong) must rescue the village children from the evil Ryo Ken Oh. Many levels are horizontally scrolling, although with high ledges to jump onto and follow for a slightly different path. Magic urns containing improved weapons appear frequently. Most enemies are easy to attack and only need one hit to kill, although they come at you in large hordes. Once you get to the indoor sections you will find big enemies with the ability to kill you with one hit, in sections set on multiple levels complete with stairways."
"Time Cruise","","Region Not Set","","FACE","Sankindo","1992-01-01","1","No","Sports","E - Everyone","Time Cruise is a futuristic pinball game, developed by Sankindo and published by Face, which was released in 1992."
"Time Cruise II","タイムクルーズⅡ","Region Not Set","","FACE","Face","1991-11-08","1","No","Sports","","A second sequel to the pinball game."
"Timeball","Blodia","Region Not Set","","NEC Home Electronics, Ltd.","Hudson Entertainment, Inc.","1990-01-01","1","No","Puzzle","E - Everyone","Get wrapped up in this mind-bending game that will test your mental agility. The action seems simple -- just keep a ball rolling through a winding maze by shifting around pieces of tubing. But the action is intense! Race against time and the track to keep the ball from crashing. There are 100 challenging levels -- plus the unique edit feature lets you build your own puzzles!"
"Titan","タイタン","Region Not Set","","Titus Interactive, S.A..","NAXAT Soft","1991-03-15","1","No","Action | Puzzle","","A twist on the Breakout theme, Titan has you bounce one or many balls around a maze, nudging them to alter direction, to clear away all the blocks."
"Toilet Kids","","Region Not Set","","Media Rings Corporation","Bits Laboratory","1992-03-06","2","Yes","Shooter","Not Rated","Toilet Kids is a vertical shoot 'em up featuring a world filled with scatological enemies and humor. It was released exclusively on the PC Engine.

A young boy is accidentally flushed town the toilet one night, appearing in a mysterious world, and must defeat the world's guardian before he can go home. The game has four stages total, each of which has a different theme, and the player is able to target both air enemies and ground enemies in a system similar to that introduced in Xevious."
"Tongueman's Logic","Tonguemans Logic","Region Not Set","","","","2007-01-01","1","No","Puzzle","Not Rated","A clone of the addictive Picross, Tongueman's Logic presents you with a series of puzzle grids that have to be solved. Each grid has a set of numbers for the columns and rows, telling you how many black squares are there. By cross-referencing these numerical hints and using logic, you have to determine where in the grid they lie. You are able to place both black squares and 'clear' marks that help you keep track of squares that you know will be empty. There are 200 puzzles in total and as you progress the grid sizes get bigger and bigger, making the later ones quite challenging - given that you can only make a limited number of mistakes before it's Game Over."
"Tora E No Michi","Tiger Road | 虎への道","Region Not Set","","Victor Entertainment","Capcom","1990-02-23","1","No","Action","","AKA: Tiger Road or 虎への道. Scrolling action game using a monk character."
"Toy Shop Boys","","Region Not Set","","Victor Interactive Software, Inc.","Mutech","1990-12-14","1","No","Shooter | Platform","E - Everyone","Overhead shoot 'em up featuring all manner of toys as enemies."
"Tricky","","Region Not Set","","","IGS","1991-07-06","","No","Puzzle","","Kicking-things puzzle game that is guaranteed to twist your brain up until it escapes out of your nostrils."
"Tricky Kick","","Region Not Set","","NEC Home Electronics, Ltd.","Information Global Services, Inc.","1990-01-01","1","No","Puzzle","E - Everyone","Flex your thumbs and tease your brain! TRICKY KICK takes brain teasing puzzle gaming into the next dimension. Six different Heroes, trapped in a mixed-up, matched-up world of obstacles, baffle their way through hostile hazards. Weave your way through 120 levels of mind-bending possibilities where wild animals, robots, spooks, and trolls try to keep you from your goal. Designed for puzzlers of all ages, TRICKY KICK will quickly become a game you'll find hard to quit."
"Tsuppari Oozumou: Heisei Ban","つっぱり大相撲平成版","Region Not Set","","Naxat Soft","Tecmo","1993-02-19","","No","Sports","","A Japanese Sumo (wrestling) game."
"Tsuru Teruhito No Jissen Kabushiki Bai Bai Game","都留照人の実戦株式倍バイゲーム","Region Not Set","","Intec Inc.","INTEC","1989-11-01","1","No","Strategy","","A stock trading revenue generation simulation game"
"Turrican","","Region Not Set","","Ballistic","The Code Monkeys Ltd.","1991-08-01","1","No","Adventure","E - Everyone","From beyond the edge of darkness, evil incarnate is back. He is Morgul, master of all the fears and nightmares of mankind. As a world trembles in sleepless terror, a single warrior emerges - you are Turrican! Battle through the five worlds of darkness encountering thunder and storm, mechanical monsters, hidden rooms, awesome end of level guardians, reptillian beasts, and anywhere... the unexpected! Featuring 13 levels with over 1,300 screens, 10 hi-tech weapons systems, multi-directional scrolling, 20 musically excellent soundtracks, countless special effects and bonus features, and 50 different aliens and 8 gigantic end-level monsters."
"TV Sports Basketball","","Region Not Set","","NEC Home Electronics, Ltd.","Cinemaware","1991-01-01","4","No","Sports","E - Everyone","The arena's rockin'. Network cameras are rollin'. It's showtime! Here's ultra-real pro roundball that puts you right on the floor with an awesome on-the-court view and total control. Set your offense. Use your screen to nail a three-pointer. Roll off your pick to hit the jumper. Or post up in the paint and power slam with one second left on the shot clock! Now turn up the heat on defense. Trap and go for the steal! Do it all in the only game for up to five players with action more real than you've ever seen!"
"TV Sports Football","","Region Not Set","","NEC Home Electronics, Ltd.","Cinemaware","1990-12-25","4","No","Sports","E - Everyone","The crowd's roaring. TV cameras are rolling. You're in a pro football war more real than you've ever played. Digitized sound lets you feel every bone-crunching hit. Call all the plays and audibles. Then control a sophisticated offense and slashing, head-bashing defense as TV announcers broadcast the game. It's fast, furious action for up to 5 players! Battle through a full season schedule to the League Championship!"
"TV Sports Hockey","","Region Not Set","","NEC Home Electronics, Ltd.","Cinemaware","1991-01-01","4","No","Sports","E - Everyone","The stadium organ is pumping as you faceoff against international competition. Play any position, even goalie, with total control. Experience all the stick handling, slap shots, body checks and fisticuffs of world class hockey. Make strategic goalie and line changes. If their goon slams you into the boards, drop your gloves and duke it out. Now you're flying down the ice on a power play. You wind up and crank a high, blazing slap shot, but their goalie's reaching up and...Welcome to World War III, hockey style!"
"Ultrabox 4","","Region Not Set","","Victor Musical Industries, Inc.","Fun Project","1991-05-24","1","No","Adventure","Not Rated","No overview is currently available for this title, please feel free to add one."
"Usa Pro Basketball","","Region Not Set","","","","1989-12-01","","No","Sports","","No overview is currently available for this title, please feel free to add one."
"Valkyrie no Densetsu","The Legend Of Valkyrie","Region Not Set","","Namco","Namco","1990-08-09","2","Yes","Action | Adventure","E - Everyone","Valkyrie no Densetsu (translated as: ""Legend of Valkyrie"") is a platform/shooter arcade game that was released by Namco in 1989 only in Japan. It is a sequel to a 1986 Family Computer title titled Valkyrie no Boken: Toki no Kagi Densetsu, also released exclusively in Japan.

The first player controls the eponymous Valkyrie who is not an actual Valkyrie from Norse mythology, but a warrior maiden from the heavens who happens to be named after them, while the second player controls Kurino Sandra, a green lizard who, despite his name, is actually male. 

They must fight their way through eight multi-scrolling stages by firing shots from their sword (Valkyrie) and trident (Sandra) - and most of the enemies will leave gold coins or magic bubbles behind when killed, which can be exchanged for special items with Babasama and Zoul. 

To answer the Nazonazo Phantom and Sphinmoth's questions on the fourth and seventh stages, a knowledge of the two Japanese syllabic writing systems (Hiragana and Katakana) is also essential; if a player does not know, they can only guess. 

Also, if a player wants Babasama to teach them the ""Chameleon"" spell on the fifth stage, they shall have to walk up to a woman in one of the previous stage's interior areas, and speak to her so that she will give them a letter - without it, they cannot give it to Babasama, and he will not teach them the spell as a result. The clock tower at the end of the first stage also looks like a miniature Big Ben."
"Veigues Tactical Gladiator","","Region Not Set","","NEC Home Electronics, Ltd.","Victor Musical Industries","1990-01-01","1","No","Shooter","E - Everyone","For 3 years, alien invaders have been pounding the earth into a smoldering ruin. There isn't a man alive who can stop them. But now, there's Veigues, a devastating fighting machine! Built with captured enemy technology, he's our last desperate hope for survival ... and you're in control! Trash the invaders with the Plazma Cannon! Just keep your firepower hot and fight like there's no tomorrow. Destroy the aliens or there won't be!."
"Victory Run","","Region Not Set","","Hudson Entertainment, Inc.","Hudson Entertainment, Inc.","1991-01-19","1","No","Racing","E - Everyone","Strap on this red turbo-charged beauty and punch it. Barrel through the streets of night-time Paris. Lean into the rolling countryside curves. Sweat the hot Sahara straightaway. The famous Paris to Dakar Road Rally tests driving skills, reaction time and your knowledge of the needs of your machine in various conditions. Great sights! Great sounds! If you've got the skills-hit the road, Jack. The best time wins!"
"Vigilante","","Region Not Set","","NEC Home Electronics, Ltd.","Irem Corp.","1989-01-01","1","No","Action","E - Everyone","Some New York City punks have kidnapped a girl. Your girl. Throwing your muscle around is not your normal style, but these are mean streets! If it has to be you versus these big city greaseballs and junkyard dudes -- bring them on! They won't come at your one at a time, so it's a good thing you can be quick and mean. Go to it, Vigilante! Or never see her smile again."
"Violent Soldier","","Region Not Set","","","","1990-01-01","2","No","Action | Shooter","Not Rated","Sinistron, released as Violent Soldier in Japan, is a side-scrolling, ship based shooter that was released for the TurboGrafx-16 in 1991.

The game is notable, among other things, for the adjustable armored jaws of the player's spacecraft. Opening the invincible jaws of the ship increases the spread of the player's shots but exposes the vulnerable cockpit. Obtaining one weapon upgrade allows the ship's jaws to be set half-way open (a 3-shot spread) or closed (with increased damage), and a second upgrade allows them to be closed, half open, or fully open (a 5 shot spread).

Five power-ups exist in the game. The Vulcan flame cannon, crystal-pulse laser, and CHAOS (homing) missiles are weapon upgrades. There are also speed upgrades and plasma droids, invincible pods which will flank the ship. The plasma droids can absorb enemy pellets and will even damage enemies they come into contact with.

The ship's charge-up attack releases a circular wave of force that will damage all enemies in a radius around the ship.

Sinistron has six stages of quickly increasing difficulty. The last two stages take place inside the Sinistron creature itself. The stages are:

Mechanical Stage
Gas Tunnel Stage
Biological Stage
Deep Space Stage
Organs Stage
Cerebral Cortex Stage"
"Volfied","","Region Not Set","","Taito Corporation","Taito Corporation","1989-12-27","2","No","Puzzle","","The third game in Taito's QIX series, Volfied loses the geometric abstraction of previous games in favor of a more sci-fi look.

Overview:
Volfied is an Arcade title released by Taito in 1989 as the sequel to QIX II. As well as ports for the PC Engine, Genesis and the home computers Atari ST, Amiga and PC, Volfied was also released on the 2005 PS2 compilation Taito Legends and as a Java mobile game in Europe in 2007.

On home consoles in North America, it was marketed under the more familiar QIX brand. It was known as The Jintori ~Volfied 1500 (Japan) and Neo QIX (US) for its PlayStation port, which was part of the Simple budget series. For its North American Sega Genesis release, it was known as Ultimate QIX.

Gameplay:
As with QIX, the goal is to carve out pieces of the playing field by drawing a box that encapsulates a certain percentage of the screen. While drawing these boxes, the player's vehicle is vulnerable to the various enemy craft patrolling the playing field. Areas within the drawn squares turn inert and are inaccessible by enemies. Once the player turns enough of the playing field inert, which is a minimum of 80% for Volfied (up from the 70% needed for QIX), the level is complete and the player earns a bonus based on how far over the minimum percentage amount they managed to achieve. Each screen has one large enemy that cannot be defeated: if the player cuts the field in half with one maneuver, the ""active"" playing field will be whichever side holds the large enemy. Smaller enemies, however, will be destroyed if they are inside the inert area.

Volfied introduces small bonus pods that, once enveloped in a box, confer bonuses and power-ups to the player. The type of power-up they earn is based on the letter on the power-up."
"W Ring: The Double Rings","W Ring","Region Not Set","","Naxat Soft","NAXAT Soft","1990-10-01","1","No","Shooter","","W Ring is a horizontally scrolling shooter in which the player sits in a space ship and shoots a lot of enemies, preferably without being hit by their deadly shots or touch. There are six levels which also scroll slightly up and down and end with a big end boss. Some of those levels are a bit gimmicky, e.g. one level has a lot of water movement in the background which makes it harder to keep an overview and level five is a fast scrolling maze system in which the player needs to take the correct paths to avoid dead ends (and therefore certain death). Of course there are also power ups to collect: depending on their colour, they stand for a different weapon system (overall five) like lasers or rings which circle around the ship and make it harder to crush against the environment. Collecting multiple symbols of the same colour upgrades the current weapon up to two times. The game features three difficulty levels and a rapid fire option."
"Wai Wai Mahjong: Yukai na Janyuu-tachi","わいわい麻雀　～ゆかいな雀友たち～","Region Not Set","","Video System Co., Ltd.","Video System Co., Ltd.","1989-06-19","1","No","Puzzle","","Wai Wai means many people making noise so obviously this is a 4 player Mahjong game playing against many different characters."
"Wallaby!!: Usagi no Kuni no Kangaroo Race","ワラビーウサギの国のカンガルーレース","Region Not Set","","Masaya","NCS Corporation","1990-12-14","1","No","Puzzle | Racing","","Race betting game on rabbits."
"What RPG","","NTSC","","","","2015-01-01","1","No","Role-Playing","E - Everyone","What RPG is a homebrew Role-Playing Game."
"Winning Shot","","Region Not Set","","Data East Corporation","Deco","1989-03-03","","No","Sports","","A golf sim from Data East for the PC Engine. It later received a rerelease on the Wii Shop in Japan.

Winning Shot is a golf game for the PC Engine/Turbogfrafx-16 and was the very first game based on the sport to be released for the system. Up to four human players can play, though because of the nature of golf, each player takes alternating turns depending on their distance from the hole. The game has many similar features to golf games of this era - the player can select which club to use, whether or not to hit the ball at a slight angle to adjust its trajectory and which direction to hit the ball towards, before hitting the requisite power gauge at the right point to send the ball flying as close to the hole as possible."
"Wonder Momo","","Region Not Set","","Namco","Namco","1989-04-21","1","No","Action","","An action game presented as ""hero show"" developed by Namco.

Overview:
Wonder Momo is an action game starring a girl named Momo. The game is actually a tokusatsu ""hero show"", I.E. a stage show with people in costume acting as heroes and villains; such tokusatsu shows were once a popular form of entertainment for children in Japan and generally would feature well-known heroes and villains, such as characters from Kamen Rider. However, based on the appearance of the audience, the ""Wonder Momo"" show seems to be aimed at a slightly different audience. It is being presented at ""Namco Theater"".

In the game's storyline, Momo is a heroine from space who is fighting the evil ""Phantom Warudemon Army"" (Kaijin Gundan Warudemon"" / 怪人軍団ワルデモン).

Gameplay:
The player controls Momo with a traditional 8 way joystick or D-pad, in the case of the home ports. Momo can jump and attack with the respective buttons; she can also high jump by holding up and jump and has several attacks at her disposal. Each stage consists of a backdrop against which Momo will fight a variety of enemies; If the player wanders far enough to either the left of right, they will encounter a curtain. After enough enemies are defeated a boss will appear. A whirlwind will also appear at various points; if Momo makes contact with the tornado, she will turn in to Wonder Momo!"
"World Beach Volley","","Region Not Set","","","","1990-07-27","2","No","Sports","","Cute and colourful volleyball action game."
"World Circuit","ワールドサーキット","Region Not Set","","Namco","Namco","1991-10-19","2","No","Racing","","Overhead Formula-1 racing game."
"World Class Baseball","","Region Not Set","","NEC Home Electronics, Ltd.","Hudson Entertainment, Inc.","1989-01-01","2","No","Sports","E - Everyone","This game belongs in the Baseball Hall of Fame. Nothing takes you out to the ballgame like World Class Baseball! It tests all your baseball knowledge and skills. Bunt. Throw a slider. A change-u. Pick runners off base. Call in a relief pitcher. Hear the roar of the crowd and the crack of the bat. Play another player. Play against the computer. Play the Turbo Champs. Knock the dirt from your spikes. You're up!"
"World Court Tennis","","Region Not Set","","NEC Home Electronics, Ltd.","Namco","1989-01-01","4","No","Sports","E - Everyone","It's your serve. WHOP! The ball clears the net at 100 MPH and raises a little dust just inside the chalkline. An ace? no. WHOP! Your opponent returns with a powerful backhand that kills your plan of charging the net. No matter how you play - with up to 3 friends, singles, doubles, or against the computer - World Court Tennis will tax your endurance and test your skill with action that's fast and furious. Just don't scream at the line judge. He's never wrong."
"World Jockey","ワールドジョッキー","Region Not Set","","Namco","Namco","1991-09-20","1","No","Strategy | Sports","","AKA: ワールドジョッキー. A horse race betting game."
"World Sports Competition","","Region Not Set","","Hudson Entertainment, Inc.","Hudson Entertainment, Inc.","1993-01-01","2","No","Sports","E - Everyone","Top Athletes Battle for Glory!

You create an athlete who runs, jumps, and throws! Aim for the world record...and never give up!

With 18 events to choose from...
With 6 categories, and a total of 18 exciting events, you'll have a wide choice to train for. Then go on to challenge Olympic Mode in your chose event. you too can be a world record holder!

Excitement x 5!
Exciting alone, unbelievable with friends! Up to five players can compete at once, for some serious adrenalin action!"
"Xevious: Fardraut Densetsu","ゼビウス ファードラウト伝説","Region Not Set","","Namco","Namco","1990-06-29","1","No","Shooter","E - Everyone","Improved port of the Arcade shoot 'em up with both air and surface attacks."
"Yo, Bro","","Region Not Set","","NEC Home Electronics, Ltd.","ICOM Simulations, Inc.","1991-12-06","1","No","Action","E - Everyone","Ratz attack! Ratz attack! The city of Los Angeles is being invaded! Only Lil Bro', Camp California's rad skateboarding dude, can save it. The evil Ratz gang is unleashing a barrage of killer creatures and devices. Find incredibly cool weapons to fight back. Wipe out their earthquake machines and nasty man-eating plants with rockets and grenades. Fight off wicked space aliens and launch your bonus attacks. It'll take everything you've got to send the Ratz packing!"
"Youkai Douchuuki","TALES OF THE MONSTER PATH | TALES FROM THE MONSTER PATH | 妖怪道中記","Region Not Set","","Namco","Namco","1988-02-05","1","No","Action","E - Everyone","The player controls a boy named Tarosuke, who travels through ""Jigoku"" (the Japanese concept of Hell) fighting off ""yokai"" (mythical Japanese monsters) on his way to his final fate, as determined by Buddha. He destroys his enemies by firing small Ki bullets, which can be charged to increase their power; however, if overcharged, he is left unable to move or fight for a few seconds. During boss battles, Tarosuke kneels at a shrine to Buddha and prays, summoning ""Monmotaro"" (not to be confused with ""Momotarō""), a spirit which floats in the air and drops energy balls on the boss and any lackeys he has. Once the boss is defeated, Tarosuke goes to the next stage.

Like Clovis from Dragon Buster, Taira no Kagekiyo from Genpei Tōma Den, and Momo Chan from Wonder Momo, Tarosuke has a life bar (labeled as ""POWER"") but only one life; if the meter is empty, the game is over (unless he has a certain item). There are no scoring systems present, but the game utilizes currency (only referred to as ""MONEY"") which is used to buy items, among other things.

There are five stages: Jigoku Iriguchi (Gateway to Hell), Kugyou no Michi (Path of Penance), Yuukai (Ghost Sea), Sabaki no Tani (Valley of Judgment) and Rinnekai (Land of Transmigration). There are multiple paths which can be taken in many stages, which may influence which of the five endings the player gets. One of the paths leads the player to a fairly racy dance hall show, after which he is given a box. If he opens the box, he might get 10,000 in money, or might be turned into an old man until he buys a particular item in a shop (this is based on the tale of Urashima Tarō). There are five different endings depending on what Tarosuke did in the game:

    He goes to Hell.
    He goes to Hungry Ghoul World.
    He goes to Beast World.
    He returns to Human World.
    He goes to Heaven."
"Yuu Yuu Jinsei: Victory Life","遊々人生","Region Not Set","","Hudson Entertainment, Inc.","Takara","1988-04-22","1","No","Puzzle | Life Simulation","","A board game to simulate life. Similar like monopoly."
"Zero4 Champ","ゼロヨンチャンプ","Region Not Set","","Media Rings Corporation","Media Rings Corporation","1991-03-08","1","No","Racing","","This is a one on one racing adventure game. Cover features the Nissan 300Z (Fairlady Z) and Toyota MR2."
"Zipang","ジパング","NTSC-J","Japan","","","1990-12-14","1","No","Puzzle | Strategy | Platform","E - Everyone","Zipang, a peotic name for Japan, is a turbocharged revisioning of the classic Solomon's Key. Includes new levels, and some of your old favorites. This might be more of a sequel to the arcade version, as opposed to the NES version, as this title doesn't include the full secret system found in the NES version."
"Billy&#039;s Bad Day","","NTSC","","","","1970-01-01","2","No","Fighting","Not Rated","Billy D just wants to go home. Unfortunately, the world is out to get him... but he&#039;s not going to take it anymore! Stand up for his rights as a consumer by confronting predatory shopkeepers, vicious gang bangers, entitled vagabonds, braindead fast food lackeys, and a skinhead surplus proprietor! Abandon all social norms as you decline from clean-cut good guy to unwitting bad guy. Win or lose, there&#039;s definitely no going back! ESRB Rating: Not Rated Genre(s): Fighting"
"Bomberman &#039;93","","NTSC-U","United States of America","Turbo Technologies, Inc.","Hudson Soft","1993-03-01","5","No","Action","E - Everyone","Bomberman &#039;93 is a 1993 TurboGrafx-16 video game developed by Hudson Soft and released by Turbo Technologies Inc. in the USA on March 1, 1993. Tension, strategy, action, excitement - Bomberman&#039;s back! You can now battle against up to four computer-controlled maniacs by yourself for the ultimate five Bomberman mode. Choose from seven exciting new stages with loads of new power-up items like worps, conveyer belts, revolving doors and even kicking bombs! Or for portable thrills, go head-to-head against a friend using TurboExpress for non-stop action. The best competitive game is back, and it&#039;s more intense than ever! ESRB Rating: E - Everyone Genre(s): Action"
"Bomberman &#039;94","","NTSC-J","Japan","Hudson Entertainment, Inc.","Hudson Entertainment, Inc.","1993-12-10","5","No","Action","Not Rated","BOMBERMAN has arrived to restore peace on the planet, which has been split into five parts by an evil hand! In addition to the nine members of the Bomber Family, the character ROOI shows up to lend a hand. Jump on the EGGS that appear from destroyed SOFT BLOCKS, and you can ride one of five types of ROOI. Each ROOI has different special abilitiesuse these well and youll ride to victory! Bombs that turn according to arrows and other new gimmicks have been added to BATTLE GAME, increased to ten stages. Tag-team matches are now possible, ensuring that this game will be a blast! Bomberman &#039;94 is a video game from the Bomberman series which was developed and published by Hudson Soft for the PC Engine and released on December 10, 1993 in Japan. It was later re-developed by Westone and re-published by Sega as Mega Bomberman on the Sega Mega Drive/Genesis in 1994 in other areas. The PC Engine Bomberman &#039;94 was later released outside Japan through the Wii&#039;s Virtual Console and the PlayStation 3&#039;s PlayStation Network. The game supports single-player and multi-player modes. In single player, the player navigates several levels of mazes, destroying creatures with bombs. In multi-player mode, players defeat each other with bombs. Bomberman &#039;94 is the final HuCard title to be made and released by Hudson Soft, the original designers of the PC Engine console. ESRB Rating: Not Rated Genre(s): Action"
"Bomberman &#039;93 Special","ボンバーマン93 スペシャルバージョン An extremely rare tournament hu-card that was not commercially distributed","NTSC-J","Japan","HuCard","Hudson Entertainment, Inc.","1992-12-11","5","No","Action | Puzzle","Not Rated","An extremely rare tournament hu-card that was not commercially distributed ESRB Rating: Not Rated Genre(s): Action | Puzzle"
"Bonk 3: Bonk&#039;s Big Adventure","","NTSC-U","United States of America","Turbo Technologies, Inc.","A.I Co., Ltd. | Red Company","1993-08-01","2","Yes","Platform","E - Everyone","Bonk 3: Bonk&#039;s Big Adventure is a 1993 TurboGrafx-16 video game developed by Red Company and A.I and released by Turbo Technologies Inc. in the USA on August 1, 1993. Bonk is back! And he&#039;s bigger and better than ever! Use your head (literally) to traverse 6 wild locations- including a forest grove, an Antarctic ice prison and more! Chomp on blue miracle candy to grow to gigantic proportions and break right through large obstacles. Chomp red candy to shrink to microscopic size and slip right under narrow cracks to discover secret items! Catch the magic flower in each stage to be transported to a bonus round- where you can score more points and earn bonus men! On your way, you will defeat menacing bosses that include acrobatic dinosaur, a sneaky squid and other! Are you ready to save the world, little cave dude!? ESRB Rating: E - Everyone Genre(s): Platform"
"Bonk&#039;s Adventure","","NTSC-U","United States of America","NEC Technologies, Inc.","A.I Co., Ltd. | Atlus Co., Ltd. | Red Company","1990-04-15","1","No","Platform","E - Everyone","Bonk&#039;s Adventure is a 1990 TurboGrafx-16 video game developed by Red Company, Atlus, and A.I and released by NEC Technologies Inc. in the USA on April 15, 1990. Bonk yourself out in this head-buttin&#039;, head-splittin&#039; adventure. As Bonk the Caveman, use your head against Kongo Zilla, Tractorhead and wackiest array of prehistoric foes ever seen. Be sure to eat your meat-and-vegetables as you power-up to battle Evil King Drool himself. It&#039;s a real head-banger! ESRB Rating: E - Everyone Genre(s): Platform"
"Bonk&#039;s Revenge","","NTSC-U","United States of America","NEC Technologies, Inc.","Mutech | Red Company","1991-08-01","1","No","Platform","E - Everyone","Bonk&#039;s Revenge is a 1991 TurboGrafx-16 video game developed by Red Company and Mutech and released by NEC Technologies Inc. in the USA on August 1, 1991. Bonk is back! Last year&#039;s video smash is bashing his way through a totally awesome new adventure! Help that radical cave dude save the Dinosaur Kingdom from the heinous King Drool III. Bigger, badder bosses. More powerful power-ups. More excellent hidden secrets. And more worlds of pre-hysterical action that&#039;ll have you cracking up while you&#039;re out cracking heads. Blast back to the Bonk Age, mankind&#039;s coolest era, and Bonk yourself out! ESRB Rating: E - Everyone Genre(s): Platform"
"Devil&#039;s Crush","","NTSC-U","United States of America","NEC Technologies, Inc.","Compile","1990-09-01","1","No","Action","T - Teen","Devil&#039;s Crush is a 1990 TurboGrafx-16 video game developed by Compile and released by NEC Technologies Inc. in the USA on September 1, 1990. Play video pinball that will set you on fire! Explosive graphics and demonic sound beckon you to the underworld for a devilish pinball simulation. Rebound off the She-Giant. So beautiful when she sleeps. So evil when she awakens. Burn up in the bonus rounds where dragons will roast you, skeletons will toast you and sorcerers will plan a barbecue around you. Finally, if you flip your way past them all, fight the ultimate Armageddon! ESRB Rating: T - Teen Genre(s): Action"
"Disney&#039;s Darkwing Duck","","NTSC","","Turbo Technologies, Inc.","Interactive Designs | Radiance Software","1992-01-01","1","No","Platform","Not Rated","The kingpins of crime are at it again! The mysterious criminal organization F.O.W.L. has hatched a plan to take control of the peaceful city of St. Canard. Six of their most heinous henchmen are running rampant through the city and only the daring Darkwing Duck can bring them to justice! Join Darkwing as he explores the woods to weed out Bushroot&#039;s evil plan. Search the warehouses along the wharf for Mega Volt and pull the plug on an electrifying scheme. Track down all six of FOWL&#039;s crafty criminals and then prepare yourself as Darkwing squares off against the sinister Steelbeak in his fiendish floating fortress! ESRB Rating: Not Rated Genre(s): Platform"
"Dungeons &amp; Dragons: Order of the Griffon","","Region Not Set","","Turbo Technologies, Inc.","Strategic Simulations, Inc.","1992-01-01","1","No","Role-Playing","E - Everyone","The Vampire has escaped and has arisen again just as the Ancient Ones predicted. The Vampire controls bands of monsters who do his destructive bidding. Using the evil Iron Ring, he bends the will of the common people in an attempt to take over the world. Even the great Radlebb Keep has been conquered by the Dark Once and been bent to his evil will. Now, with your character in the Order of the Griffon, we have a chance to defeat the evil Vampire! World peace can be restored! ESRB Rating: E - Everyone Genre(s): Role-Playing"
"Galaga &#039;90","","NTSC-U","United States of America","NEC Home Electronics (U.S.A.) Inc.","Namco","1989-11-01","1","No","Action | Shooter","E - Everyone","Galaga &#039;90 is a 1989 TurboGrafx-16 video game developed by Namco and released by NEC Home Electronics Inc. in the USA on November 1, 1989. Galaga is a smoldering planet that often erupts with angry mutants and misfits. As Galactic commander of the Federal Army, you have the job of making them dead. Not easy! Because they come at you in clusters like swarms of killer bees. This time, you will be flying the awesome Triple Proton Fighter that warps to new dimensions and increased firepower. Galaga goons, your graveyard awaits. ESRB Rating: E - Everyone Genre(s): Action | Shooter"
"J.J. &amp; Jeff","","Region Not Set","","Hudson Entertainment, Inc.","Hudson Entertainment, Inc.","1990-11-30","1","No","Platform","E - Everyone","You can be J.J. Or you can be Jeff. Either way, you're a wacko detective on a kidnap case who stumbles into some hilarious action. Clues and surprises pop up everywhere. Use your head, your foot (kicking things brings great results) and your secret weapon - the spray-can - on 30 different enemies. So grab some french fries for energy and get ready for action! J.J. &amp; Jeff Detective Agency are assigned the task of locating a missing rich man, and you can choose either J.J. or Jeff to go on the mission. Your partner doesn't like this one bit, so he decides to make a nuisance of himself along the way. Similar to Adventure Island, you must make your way through several levels, destroying wildlife along the way, but instead of using a hammer, you have three different ways to kill them: jump on or kick them, or when they are walking on the ground, blow gas out of them. ESRB Rating: E - Everyone Genre(s): Platform"
"Kato Chan &amp; Ken Chan","","Region Not Set","","Hudson Entertainment, Inc.","Hudson Entertainment, Inc.","1987-11-30","1","No","Platform","","Kato &amp; Ken Detective Agency are assigned the task of locating a missing rich man, and you can choose either Kato or Ken to go on the mission. Your partner doesn't like this one bit, so he decides to make a nuisance of himself along the way. Similar to Adventure Island, you must make your way through several levels, destroying wildlife along the way, but instead of using a hammer, you have three different ways to kill them: jump on or kick them, or when they are walking on the ground, blow gas out of them. While scrolling through the level, your vitality will decrease, but it can be restored by collecting fruit and junk food. During your travels, you will also encounter your partner doing things that shouldn't be done in public, but sometimes, he will throw stuff at you to make you lose some of your vitality. The only way that you can deal with him is by kicking him where it hurts. Along the way, you can enter doors. Doing this will give you a hint about the level and your vitality will be increased as well. You can kick certain objects such as lamp posts, trashcans, or thin air to obtain coins, or to make hidden platforms appear. Coins can be used in slot machines that will give you extra vitality, more lives, extra coins, and more. Slot machines only appear when you enter certain doors. Genre(s): Platform"
